[
    {
        "arrival": ", San Jos\u00e9 del Cabo", 
        "consult date": "10/05/2018", 
        "flight duration": "1 days 23 hours 32 minutes", 
        "plane": "Embraer 190", 
        "departure date": "11/12/2018", 
        "stops": "3", 
        "plane code": "E90", 
        "departure": ", Acapulco", 
        "timings": [
            {
                "arrival_airport": "Ciudad de M\u00e9xico, Distrito Federal (MEX-A. Internacional de la Ciudad de M\u00e9xico)", 
                "arrival_time": "16:25", 
                "departure_airport": "Acapulco, Guerrero (ACA-A. Internacional General Juan N. \u00c1lvarez)", 
                "departure_time": "15:08"
            }, 
            {
                "arrival_airport": "San Salvador, El Salvador (SAL-A. Internacional de El Salvador)", 
                "arrival_time": "19:00", 
                "departure_airport": "Ciudad de M\u00e9xico, Distrito Federal (MEX-A. Internacional de la Ciudad de M\u00e9xico)", 
                "departure_time": "17:50"
            }, 
            {
                "arrival_airport": "Houston, TX, Estados Unidos (IAH-A. Intercontinental George Bush)", 
                "arrival_time": "10:25", 
                "departure_airport": "San Salvador, El Salvador (SAL-A. Internacional de El Salvador)", 
                "departure_time": "06:20"
            }, 
            {
                "arrival_airport": "San Jos\u00e9 del Cabo, Baja California Sur (SJD-A. Internacional de Los Cabos)", 
                "arrival_time": "13:40", 
                "departure_airport": "Houston, TX, Estados Unidos (IAH-A. Intercontinental George Bush)", 
                "departure_time": "12:00"
            }
        ], 
        "ticket price": "25723.00", 
        "airline": "Aerolitoral DBA Aeromexico Connect"
    }, 
    {
        "arrival": ", San Jos\u00e9 del Cabo", 
        "consult date": "10/05/2018", 
        "flight duration": "1 days 23 hours 32 minutes", 
        "plane": "Embraer 190", 
        "departure date": "11/12/2018", 
        "stops": "3", 
        "plane code": "E90", 
        "departure": ", Acapulco", 
        "timings": [
            {
                "arrival_airport": "Ciudad de M\u00e9xico, Distrito Federal (MEX-A. Internacional de la Ciudad de M\u00e9xico)", 
                "arrival_time": "16:25", 
                "departure_airport": "Acapulco, Guerrero (ACA-A. Internacional General Juan N. \u00c1lvarez)", 
                "departure_time": "15:08"
            }, 
            {
                "arrival_airport": "Ciudad de Guatemala, Guatemala (GUA-A. Internacional La Aurora)", 
                "arrival_time": "22:45", 
                "departure_airport": "Ciudad de M\u00e9xico, Distrito Federal (MEX-A. Internacional de la Ciudad de M\u00e9xico)", 
                "departure_time": "21:30"
            }, 
            {
                "arrival_airport": "Houston, TX, Estados Unidos (IAH-A. Intercontinental George Bush)", 
                "arrival_time": "10:00", 
                "departure_airport": "Ciudad de Guatemala, Guatemala (GUA-A. Internacional La Aurora)", 
                "departure_time": "06:00"
            }, 
            {
                "arrival_airport": "San Jos\u00e9 del Cabo, Baja California Sur (SJD-A. Internacional de Los Cabos)", 
                "arrival_time": "13:40", 
                "departure_airport": "Houston, TX, Estados Unidos (IAH-A. Intercontinental George Bush)", 
                "departure_time": "12:00"
            }
        ], 
        "ticket price": "33357.00", 
        "airline": "Aerolitoral DBA Aeromexico Connect"
    }, 
    {
        "arrival": ", San Jos\u00e9 del Cabo", 
        "consult date": "10/05/2018", 
        "flight duration": "1 days 19 hours 58 minutes", 
        "plane": "Embraer 190", 
        "departure date": "11/12/2018", 
        "stops": "3", 
        "plane code": "E90", 
        "departure": ", Acapulco", 
        "timings": [
            {
                "arrival_airport": "Ciudad de M\u00e9xico, Distrito Federal (MEX-A. Internacional de la Ciudad de M\u00e9xico)", 
                "arrival_time": "19:55", 
                "departure_airport": "Acapulco, Guerrero (ACA-A. Internacional General Juan N. \u00c1lvarez)", 
                "departure_time": "18:42"
            }, 
            {
                "arrival_airport": "Ciudad de Guatemala, Guatemala (GUA-A. Internacional La Aurora)", 
                "arrival_time": "22:45", 
                "departure_airport": "Ciudad de M\u00e9xico, Distrito Federal (MEX-A. Internacional de la Ciudad de M\u00e9xico)", 
                "departure_time": "21:30"
            }, 
            {
                "arrival_airport": "Houston, TX, Estados Unidos (IAH-A. Intercontinental George Bush)", 
                "arrival_time": "10:00", 
                "departure_airport": "Ciudad de Guatemala, Guatemala (GUA-A. Internacional La Aurora)", 
                "departure_time": "06:00"
            }, 
            {
                "arrival_airport": "San Jos\u00e9 del Cabo, Baja California Sur (SJD-A. Internacional de Los Cabos)", 
                "arrival_time": "13:40", 
                "departure_airport": "Houston, TX, Estados Unidos (IAH-A. Intercontinental George Bush)", 
                "departure_time": "12:00"
            }
        ], 
        "ticket price": "33357.00", 
        "airline": "Aerolitoral DBA Aeromexico Connect"
    }, 
    {
        "arrival": ", San Jos\u00e9 del Cabo", 
        "consult date": "10/05/2018", 
        "flight duration": "0 days 5 hours 41 minutes", 
        "plane": "Embraer 190", 
        "departure date": "11/12/2018", 
        "stops": "1", 
        "plane code": "E90", 
        "departure": ", Acapulco", 
        "timings": [
            {
                "arrival_airport": "Ciudad de M\u00e9xico, Distrito Federal (MEX-A. Internacional de la Ciudad de M\u00e9xico)", 
                "arrival_time": "19:55", 
                "departure_airport": "Acapulco, Guerrero (ACA-A. Internacional General Juan N. \u00c1lvarez)", 
                "departure_time": "18:42"
            }, 
            {
                "arrival_airport": "San Jos\u00e9 del Cabo, Baja California Sur (SJD-A. Internacional de Los Cabos)", 
                "arrival_time": "23:23", 
                "departure_airport": "Ciudad de M\u00e9xico, Distrito Federal (MEX-A. Internacional de la Ciudad de M\u00e9xico)", 
                "departure_time": "21:50"
            }
        ], 
        "ticket price": "5025.75", 
        "airline": "Aeromexico"
    }, 
    {
        "arrival": ", San Jos\u00e9 del Cabo", 
        "consult date": "10/05/2018", 
        "flight duration": "0 days 4 hours 51 minutes", 
        "plane": "Embraer 190", 
        "departure date": "11/12/2018", 
        "stops": "1", 
        "plane code": "E90", 
        "departure": ", Acapulco", 
        "timings": [
            {
                "arrival_airport": "Ciudad de M\u00e9xico, Distrito Federal (MEX-A. Internacional de la Ciudad de M\u00e9xico)", 
                "arrival_time": "13:50", 
                "departure_airport": "Acapulco, Guerrero (ACA-A. Internacional General Juan N. \u00c1lvarez)", 
                "departure_time": "12:33"
            }, 
            {
                "arrival_airport": "San Jos\u00e9 del Cabo, Baja California Sur (SJD-A. Internacional de Los Cabos)", 
                "arrival_time": "16:24", 
                "departure_airport": "Ciudad de M\u00e9xico, Distrito Federal (MEX-A. Internacional de la Ciudad de M\u00e9xico)", 
                "departure_time": "15:00"
            }
        ], 
        "ticket price": "5322.00", 
        "airline": "Aeromexico"
    }
]