[
    {
        "arrival": ", Monterrey", 
        "consult date": "10/05/2018", 
        "flight duration": "0 days 1 hours 55 minutes", 
        "plane": "", 
        "departure date": "22/06/2018", 
        "stops": 0, 
        "plane code": "", 
        "departure": ", Acapulco", 
        "timings": [
            {
                "arrival_airport": "Monterrey, Nuevo Le\u00f3n (MTY-A. Internacional General Mariano Escobedo)", 
                "arrival_time": "15:50", 
                "departure_airport": "Acapulco, Guerrero (ACA-A. Internacional General Juan N. \u00c1lvarez)", 
                "departure_time": "13:55"
            }
        ], 
        "ticket price": "1547.38", 
        "airline": "VivaAerobus"
    }, 
    {
        "arrival": ", Monterrey", 
        "consult date": "10/05/2018", 
        "flight duration": "0 days 6 hours 36 minutes", 
        "plane": "Embraer 190", 
        "departure date": "22/06/2018", 
        "stops": "1", 
        "plane code": "E90", 
        "departure": ", Acapulco", 
        "timings": [
            {
                "arrival_airport": "Ciudad de M\u00e9xico, Distrito Federal (MEX-A. Internacional de la Ciudad de M\u00e9xico)", 
                "arrival_time": "13:50", 
                "departure_airport": "Acapulco, Guerrero (ACA-A. Internacional General Juan N. \u00c1lvarez)", 
                "departure_time": "12:33"
            }, 
            {
                "arrival_airport": "Monterrey, Nuevo Le\u00f3n (MTY-A. Internacional General Mariano Escobedo)", 
                "arrival_time": "19:09", 
                "departure_airport": "Ciudad de M\u00e9xico, Distrito Federal (MEX-A. Internacional de la Ciudad de M\u00e9xico)", 
                "departure_time": "17:30"
            }
        ], 
        "ticket price": "2726.00", 
        "airline": "Aeromexico"
    }, 
    {
        "arrival": ", Monterrey", 
        "consult date": "10/05/2018", 
        "flight duration": "0 days 5 hours 11 minutes", 
        "plane": "Embraer 190", 
        "departure date": "22/06/2018", 
        "stops": "1", 
        "plane code": "E90", 
        "departure": ", Acapulco", 
        "timings": [
            {
                "arrival_airport": "Ciudad de M\u00e9xico, Distrito Federal (MEX-A. Internacional de la Ciudad de M\u00e9xico)", 
                "arrival_time": "19:55", 
                "departure_airport": "Acapulco, Guerrero (ACA-A. Internacional General Juan N. \u00c1lvarez)", 
                "departure_time": "18:42"
            }, 
            {
                "arrival_airport": "Monterrey, Nuevo Le\u00f3n (MTY-A. Internacional General Mariano Escobedo)", 
                "arrival_time": "23:53", 
                "departure_airport": "Ciudad de M\u00e9xico, Distrito Federal (MEX-A. Internacional de la Ciudad de M\u00e9xico)", 
                "departure_time": "22:00"
            }
        ], 
        "ticket price": "2726.00", 
        "airline": "Aeromexico"
    }, 
    {
        "arrival": ", Monterrey", 
        "consult date": "10/05/2018", 
        "flight duration": "0 days 4 hours 7 minutes", 
        "plane": "Embraer 190", 
        "departure date": "22/06/2018", 
        "stops": "1", 
        "plane code": "E90", 
        "departure": ", Acapulco", 
        "timings": [
            {
                "arrival_airport": "Ciudad de M\u00e9xico, Distrito Federal (MEX-A. Internacional de la Ciudad de M\u00e9xico)", 
                "arrival_time": "13:50", 
                "departure_airport": "Acapulco, Guerrero (ACA-A. Internacional General Juan N. \u00c1lvarez)", 
                "departure_time": "12:33"
            }, 
            {
                "arrival_airport": "Monterrey, Nuevo Le\u00f3n (MTY-A. Internacional General Mariano Escobedo)", 
                "arrival_time": "16:40", 
                "departure_airport": "Ciudad de M\u00e9xico, Distrito Federal (MEX-A. Internacional de la Ciudad de M\u00e9xico)", 
                "departure_time": "15:00"
            }
        ], 
        "ticket price": "2726.00", 
        "airline": "Aeromexico"
    }, 
    {
        "arrival": ", Monterrey", 
        "consult date": "10/05/2018", 
        "flight duration": "0 days 4 hours 1 minutes", 
        "plane": "Embraer 190", 
        "departure date": "22/06/2018", 
        "stops": "1", 
        "plane code": "E90", 
        "departure": ", Acapulco", 
        "timings": [
            {
                "arrival_airport": "Ciudad de M\u00e9xico, Distrito Federal (MEX-A. Internacional de la Ciudad de M\u00e9xico)", 
                "arrival_time": "16:25", 
                "departure_airport": "Acapulco, Guerrero (ACA-A. Internacional General Juan N. \u00c1lvarez)", 
                "departure_time": "15:08"
            }, 
            {
                "arrival_airport": "Monterrey, Nuevo Le\u00f3n (MTY-A. Internacional General Mariano Escobedo)", 
                "arrival_time": "19:09", 
                "departure_airport": "Ciudad de M\u00e9xico, Distrito Federal (MEX-A. Internacional de la Ciudad de M\u00e9xico)", 
                "departure_time": "17:30"
            }
        ], 
        "ticket price": "2726.00", 
        "airline": "Aeromexico"
    }, 
    {
        "arrival": ", Monterrey", 
        "consult date": "10/05/2018", 
        "flight duration": "1 days 12 hours 25 minutes", 
        "plane": "", 
        "departure date": "22/06/2018", 
        "stops": "1", 
        "plane code": "", 
        "departure": ", Acapulco", 
        "timings": [
            {
                "arrival_airport": "Ciudad de M\u00e9xico, Distrito Federal (MEX-A. Internacional de la Ciudad de M\u00e9xico)", 
                "arrival_time": "20:10", 
                "departure_airport": "Acapulco, Guerrero (ACA-A. Internacional General Juan N. \u00c1lvarez)", 
                "departure_time": "19:00"
            }, 
            {
                "arrival_airport": "Monterrey, Nuevo Le\u00f3n (MTY-A. Internacional General Mariano Escobedo)", 
                "arrival_time": "07:25", 
                "departure_airport": "Ciudad de M\u00e9xico, Distrito Federal (MEX-A. Internacional de la Ciudad de M\u00e9xico)", 
                "departure_time": "05:50"
            }
        ], 
        "ticket price": "2868.84", 
        "airline": "Interjet"
    }, 
    {
        "arrival": ", Monterrey", 
        "consult date": "10/05/2018", 
        "flight duration": "1 days 11 hours 40 minutes", 
        "plane": "", 
        "departure date": "22/06/2018", 
        "stops": "1", 
        "plane code": "", 
        "departure": ", Acapulco", 
        "timings": [
            {
                "arrival_airport": "Ciudad de M\u00e9xico, Distrito Federal (MEX-A. Internacional de la Ciudad de M\u00e9xico)", 
                "arrival_time": "20:10", 
                "departure_airport": "Acapulco, Guerrero (ACA-A. Internacional General Juan N. \u00c1lvarez)", 
                "departure_time": "19:00"
            }, 
            {
                "arrival_airport": "Monterrey, Nuevo Le\u00f3n (MTY-A. Internacional General Mariano Escobedo)", 
                "arrival_time": "06:40", 
                "departure_airport": "Ciudad de M\u00e9xico, Distrito Federal (MEX-A. Internacional de la Ciudad de M\u00e9xico)", 
                "departure_time": "05:05"
            }
        ], 
        "ticket price": "2868.84", 
        "airline": "Interjet"
    }, 
    {
        "arrival": ", Monterrey", 
        "consult date": "10/05/2018", 
        "flight duration": "0 days 6 hours 41 minutes", 
        "plane": "Embraer 190", 
        "departure date": "22/06/2018", 
        "stops": "1", 
        "plane code": "E90", 
        "departure": ", Acapulco", 
        "timings": [
            {
                "arrival_airport": "Ciudad de M\u00e9xico, Distrito Federal (MEX-A. Internacional de la Ciudad de M\u00e9xico)", 
                "arrival_time": "16:25", 
                "departure_airport": "Acapulco, Guerrero (ACA-A. Internacional General Juan N. \u00c1lvarez)", 
                "departure_time": "15:08"
            }, 
            {
                "arrival_airport": "Monterrey, Nuevo Le\u00f3n (MTY-A. Internacional General Mariano Escobedo)", 
                "arrival_time": "21:49", 
                "departure_airport": "Ciudad de M\u00e9xico, Distrito Federal (MEX-A. Internacional de la Ciudad de M\u00e9xico)", 
                "departure_time": "20:00"
            }
        ], 
        "ticket price": "3074.00", 
        "airline": "Aeromexico"
    }, 
    {
        "arrival": ", Monterrey", 
        "consult date": "10/05/2018", 
        "flight duration": "0 days 5 hours 12 minutes", 
        "plane": "Embraer 190", 
        "departure date": "22/06/2018", 
        "stops": "1", 
        "plane code": "E90", 
        "departure": ", Acapulco", 
        "timings": [
            {
                "arrival_airport": "Ciudad de M\u00e9xico, Distrito Federal (MEX-A. Internacional de la Ciudad de M\u00e9xico)", 
                "arrival_time": "13:50", 
                "departure_airport": "Acapulco, Guerrero (ACA-A. Internacional General Juan N. \u00c1lvarez)", 
                "departure_time": "12:33"
            }, 
            {
                "arrival_airport": "Monterrey, Nuevo Le\u00f3n (MTY-A. Internacional General Mariano Escobedo)", 
                "arrival_time": "17:45", 
                "departure_airport": "Ciudad de M\u00e9xico, Distrito Federal (MEX-A. Internacional de la Ciudad de M\u00e9xico)", 
                "departure_time": "16:00"
            }
        ], 
        "ticket price": "3074.00", 
        "airline": "Aeromexico"
    }, 
    {
        "arrival": ", Monterrey", 
        "consult date": "10/05/2018", 
        "flight duration": "1 days 14 hours 50 minutes", 
        "plane": "", 
        "departure date": "22/06/2018", 
        "stops": "1", 
        "plane code": "", 
        "departure": ", Acapulco", 
        "timings": [
            {
                "arrival_airport": "Ciudad de M\u00e9xico, Distrito Federal (MEX-A. Internacional de la Ciudad de M\u00e9xico)", 
                "arrival_time": "17:05", 
                "departure_airport": "Acapulco, Guerrero (ACA-A. Internacional General Juan N. \u00c1lvarez)", 
                "departure_time": "15:50"
            }, 
            {
                "arrival_airport": "Monterrey, Nuevo Le\u00f3n (MTY-A. Internacional General Mariano Escobedo)", 
                "arrival_time": "06:40", 
                "departure_airport": "Ciudad de M\u00e9xico, Distrito Federal (MEX-A. Internacional de la Ciudad de M\u00e9xico)", 
                "departure_time": "05:05"
            }
        ], 
        "ticket price": "3140.28", 
        "airline": "Interjet"
    }, 
    {
        "arrival": ", Monterrey", 
        "consult date": "10/05/2018", 
        "flight duration": "1 days 12 hours 45 minutes", 
        "plane": "", 
        "departure date": "22/06/2018", 
        "stops": "1", 
        "plane code": "", 
        "departure": ", Acapulco", 
        "timings": [
            {
                "arrival_airport": "Ciudad de M\u00e9xico, Distrito Federal (MEX-A. Internacional de la Ciudad de M\u00e9xico)", 
                "arrival_time": "20:10", 
                "departure_airport": "Acapulco, Guerrero (ACA-A. Internacional General Juan N. \u00c1lvarez)", 
                "departure_time": "19:00"
            }, 
            {
                "arrival_airport": "Monterrey, Nuevo Le\u00f3n (MTY-A. Internacional General Mariano Escobedo)", 
                "arrival_time": "07:45", 
                "departure_airport": "Ciudad de M\u00e9xico, Distrito Federal (MEX-A. Internacional de la Ciudad de M\u00e9xico)", 
                "departure_time": "06:05"
            }
        ], 
        "ticket price": "3411.43", 
        "airline": "Interjet"
    }, 
    {
        "arrival": ", Monterrey", 
        "consult date": "10/05/2018", 
        "flight duration": "0 days 3 hours 31 minutes", 
        "plane": "Embraer 190", 
        "departure date": "22/06/2018", 
        "stops": "1", 
        "plane code": "E90", 
        "departure": ", Acapulco", 
        "timings": [
            {
                "arrival_airport": "Ciudad de M\u00e9xico, Distrito Federal (MEX-A. Internacional de la Ciudad de M\u00e9xico)", 
                "arrival_time": "16:25", 
                "departure_airport": "Acapulco, Guerrero (ACA-A. Internacional General Juan N. \u00c1lvarez)", 
                "departure_time": "15:08"
            }, 
            {
                "arrival_airport": "Monterrey, Nuevo Le\u00f3n (MTY-A. Internacional General Mariano Escobedo)", 
                "arrival_time": "18:39", 
                "departure_airport": "Ciudad de M\u00e9xico, Distrito Federal (MEX-A. Internacional de la Ciudad de M\u00e9xico)", 
                "departure_time": "17:00"
            }
        ], 
        "ticket price": "3422.00", 
        "airline": "Aeromexico"
    }, 
    {
        "arrival": ", Monterrey", 
        "consult date": "10/05/2018", 
        "flight duration": "0 days 6 hours 6 minutes", 
        "plane": "Embraer 190", 
        "departure date": "22/06/2018", 
        "stops": "1", 
        "plane code": "E90", 
        "departure": ", Acapulco", 
        "timings": [
            {
                "arrival_airport": "Ciudad de M\u00e9xico, Distrito Federal (MEX-A. Internacional de la Ciudad de M\u00e9xico)", 
                "arrival_time": "13:50", 
                "departure_airport": "Acapulco, Guerrero (ACA-A. Internacional General Juan N. \u00c1lvarez)", 
                "departure_time": "12:33"
            }, 
            {
                "arrival_airport": "Monterrey, Nuevo Le\u00f3n (MTY-A. Internacional General Mariano Escobedo)", 
                "arrival_time": "18:39", 
                "departure_airport": "Ciudad de M\u00e9xico, Distrito Federal (MEX-A. Internacional de la Ciudad de M\u00e9xico)", 
                "departure_time": "17:00"
            }
        ], 
        "ticket price": "3422.00", 
        "airline": "Aeromexico"
    }, 
    {
        "arrival": ", Monterrey", 
        "consult date": "10/05/2018", 
        "flight duration": "0 days 6 hours 14 minutes", 
        "plane": "ATR 72", 
        "departure date": "22/06/2018", 
        "stops": "1", 
        "plane code": "AT7", 
        "departure": ", Acapulco", 
        "timings": [
            {
                "arrival_airport": "Ciudad de M\u00e9xico, Distrito Federal (MEX-A. Internacional de la Ciudad de M\u00e9xico)", 
                "arrival_time": "13:45", 
                "departure_airport": "Acapulco, Guerrero (ACA-A. Internacional General Juan N. \u00c1lvarez)", 
                "departure_time": "12:25"
            }, 
            {
                "arrival_airport": "Monterrey, Nuevo Le\u00f3n (MTY-A. Internacional General Mariano Escobedo)", 
                "arrival_time": "18:39", 
                "departure_airport": "Ciudad de M\u00e9xico, Distrito Federal (MEX-A. Internacional de la Ciudad de M\u00e9xico)", 
                "departure_time": "17:00"
            }
        ], 
        "ticket price": "3813.00", 
        "airline": ""
    }, 
    {
        "arrival": ", Monterrey", 
        "consult date": "10/05/2018", 
        "flight duration": "0 days 6 hours 44 minutes", 
        "plane": "ATR 72", 
        "departure date": "22/06/2018", 
        "stops": "1", 
        "plane code": "AT7", 
        "departure": ", Acapulco", 
        "timings": [
            {
                "arrival_airport": "Ciudad de M\u00e9xico, Distrito Federal (MEX-A. Internacional de la Ciudad de M\u00e9xico)", 
                "arrival_time": "13:45", 
                "departure_airport": "Acapulco, Guerrero (ACA-A. Internacional General Juan N. \u00c1lvarez)", 
                "departure_time": "12:25"
            }, 
            {
                "arrival_airport": "Monterrey, Nuevo Le\u00f3n (MTY-A. Internacional General Mariano Escobedo)", 
                "arrival_time": "19:09", 
                "departure_airport": "Ciudad de M\u00e9xico, Distrito Federal (MEX-A. Internacional de la Ciudad de M\u00e9xico)", 
                "departure_time": "17:30"
            }
        ], 
        "ticket price": "3813.00", 
        "airline": ""
    }, 
    {
        "arrival": ", Monterrey", 
        "consult date": "10/05/2018", 
        "flight duration": "0 days 5 hours 20 minutes", 
        "plane": "ATR 72", 
        "departure date": "22/06/2018", 
        "stops": "1", 
        "plane code": "AT7", 
        "departure": ", Acapulco", 
        "timings": [
            {
                "arrival_airport": "Ciudad de M\u00e9xico, Distrito Federal (MEX-A. Internacional de la Ciudad de M\u00e9xico)", 
                "arrival_time": "13:45", 
                "departure_airport": "Acapulco, Guerrero (ACA-A. Internacional General Juan N. \u00c1lvarez)", 
                "departure_time": "12:25"
            }, 
            {
                "arrival_airport": "Monterrey, Nuevo Le\u00f3n (MTY-A. Internacional General Mariano Escobedo)", 
                "arrival_time": "17:45", 
                "departure_airport": "Ciudad de M\u00e9xico, Distrito Federal (MEX-A. Internacional de la Ciudad de M\u00e9xico)", 
                "departure_time": "16:00"
            }
        ], 
        "ticket price": "3813.00", 
        "airline": ""
    }, 
    {
        "arrival": ", Monterrey", 
        "consult date": "10/05/2018", 
        "flight duration": "0 days 4 hours 15 minutes", 
        "plane": "ATR 72", 
        "departure date": "22/06/2018", 
        "stops": "1", 
        "plane code": "AT7", 
        "departure": ", Acapulco", 
        "timings": [
            {
                "arrival_airport": "Ciudad de M\u00e9xico, Distrito Federal (MEX-A. Internacional de la Ciudad de M\u00e9xico)", 
                "arrival_time": "13:45", 
                "departure_airport": "Acapulco, Guerrero (ACA-A. Internacional General Juan N. \u00c1lvarez)", 
                "departure_time": "12:25"
            }, 
            {
                "arrival_airport": "Monterrey, Nuevo Le\u00f3n (MTY-A. Internacional General Mariano Escobedo)", 
                "arrival_time": "16:40", 
                "departure_airport": "Ciudad de M\u00e9xico, Distrito Federal (MEX-A. Internacional de la Ciudad de M\u00e9xico)", 
                "departure_time": "15:00"
            }
        ], 
        "ticket price": "3813.00", 
        "airline": ""
    }, 
    {
        "arrival": ", Monterrey", 
        "consult date": "10/05/2018", 
        "flight duration": "0 days 7 hours 8 minutes", 
        "plane": "ATR 72", 
        "departure date": "22/06/2018", 
        "stops": "1", 
        "plane code": "AT7", 
        "departure": ", Acapulco", 
        "timings": [
            {
                "arrival_airport": "Ciudad de M\u00e9xico, Distrito Federal (MEX-A. Internacional de la Ciudad de M\u00e9xico)", 
                "arrival_time": "18:10", 
                "departure_airport": "Acapulco, Guerrero (ACA-A. Internacional General Juan N. \u00c1lvarez)", 
                "departure_time": "16:45"
            }, 
            {
                "arrival_airport": "Monterrey, Nuevo Le\u00f3n (MTY-A. Internacional General Mariano Escobedo)", 
                "arrival_time": "23:53", 
                "departure_airport": "Ciudad de M\u00e9xico, Distrito Federal (MEX-A. Internacional de la Ciudad de M\u00e9xico)", 
                "departure_time": "22:00"
            }
        ], 
        "ticket price": "3813.00", 
        "airline": ""
    }, 
    {
        "arrival": ", Monterrey", 
        "consult date": "10/05/2018", 
        "flight duration": "0 days 4 hours 34 minutes", 
        "plane": "Embraer 190", 
        "departure date": "22/06/2018", 
        "stops": "1", 
        "plane code": "E90", 
        "departure": ", Acapulco", 
        "timings": [
            {
                "arrival_airport": "Ciudad de M\u00e9xico, Distrito Federal (MEX-A. Internacional de la Ciudad de M\u00e9xico)", 
                "arrival_time": "16:25", 
                "departure_airport": "Acapulco, Guerrero (ACA-A. Internacional General Juan N. \u00c1lvarez)", 
                "departure_time": "15:08"
            }, 
            {
                "arrival_airport": "Monterrey, Nuevo Le\u00f3n (MTY-A. Internacional General Mariano Escobedo)", 
                "arrival_time": "19:42", 
                "departure_airport": "Ciudad de M\u00e9xico, Distrito Federal (MEX-A. Internacional de la Ciudad de M\u00e9xico)", 
                "departure_time": "18:05"
            }
        ], 
        "ticket price": "4118.00", 
        "airline": "Aeromexico"
    }, 
    {
        "arrival": ", Monterrey", 
        "consult date": "10/05/2018", 
        "flight duration": "0 days 7 hours 9 minutes", 
        "plane": "Embraer 190", 
        "departure date": "22/06/2018", 
        "stops": "1", 
        "plane code": "E90", 
        "departure": ", Acapulco", 
        "timings": [
            {
                "arrival_airport": "Ciudad de M\u00e9xico, Distrito Federal (MEX-A. Internacional de la Ciudad de M\u00e9xico)", 
                "arrival_time": "13:50", 
                "departure_airport": "Acapulco, Guerrero (ACA-A. Internacional General Juan N. \u00c1lvarez)", 
                "departure_time": "12:33"
            }, 
            {
                "arrival_airport": "Monterrey, Nuevo Le\u00f3n (MTY-A. Internacional General Mariano Escobedo)", 
                "arrival_time": "19:42", 
                "departure_airport": "Ciudad de M\u00e9xico, Distrito Federal (MEX-A. Internacional de la Ciudad de M\u00e9xico)", 
                "departure_time": "18:05"
            }
        ], 
        "ticket price": "4118.00", 
        "airline": "Aeromexico"
    }, 
    {
        "arrival": ", Monterrey", 
        "consult date": "10/05/2018", 
        "flight duration": "0 days 7 hours 36 minutes", 
        "plane": "Embraer 190", 
        "departure date": "22/06/2018", 
        "stops": "1", 
        "plane code": "E90", 
        "departure": ", Acapulco", 
        "timings": [
            {
                "arrival_airport": "Ciudad de M\u00e9xico, Distrito Federal (MEX-A. Internacional de la Ciudad de M\u00e9xico)", 
                "arrival_time": "16:25", 
                "departure_airport": "Acapulco, Guerrero (ACA-A. Internacional General Juan N. \u00c1lvarez)", 
                "departure_time": "15:08"
            }, 
            {
                "arrival_airport": "Monterrey, Nuevo Le\u00f3n (MTY-A. Internacional General Mariano Escobedo)", 
                "arrival_time": "22:44", 
                "departure_airport": "Ciudad de M\u00e9xico, Distrito Federal (MEX-A. Internacional de la Ciudad de M\u00e9xico)", 
                "departure_time": "21:00"
            }
        ], 
        "ticket price": "4118.00", 
        "airline": "Aeromexico"
    }, 
    {
        "arrival": ", Monterrey", 
        "consult date": "10/05/2018", 
        "flight duration": "0 days 4 hours 2 minutes", 
        "plane": "Embraer 190", 
        "departure date": "22/06/2018", 
        "stops": "1", 
        "plane code": "E90", 
        "departure": ", Acapulco", 
        "timings": [
            {
                "arrival_airport": "Ciudad de M\u00e9xico, Distrito Federal (MEX-A. Internacional de la Ciudad de M\u00e9xico)", 
                "arrival_time": "19:55", 
                "departure_airport": "Acapulco, Guerrero (ACA-A. Internacional General Juan N. \u00c1lvarez)", 
                "departure_time": "18:42"
            }, 
            {
                "arrival_airport": "Monterrey, Nuevo Le\u00f3n (MTY-A. Internacional General Mariano Escobedo)", 
                "arrival_time": "22:44", 
                "departure_airport": "Ciudad de M\u00e9xico, Distrito Federal (MEX-A. Internacional de la Ciudad de M\u00e9xico)", 
                "departure_time": "21:00"
            }
        ], 
        "ticket price": "4118.00", 
        "airline": "Aeromexico"
    }, 
    {
        "arrival": ", Monterrey", 
        "consult date": "10/05/2018", 
        "flight duration": "0 days 6 hours 20 minutes", 
        "plane": "", 
        "departure date": "22/06/2018", 
        "stops": "1", 
        "plane code": "", 
        "departure": ", Acapulco", 
        "timings": [
            {
                "arrival_airport": "Ciudad de M\u00e9xico, Distrito Federal (MEX-A. Internacional de la Ciudad de M\u00e9xico)", 
                "arrival_time": "17:05", 
                "departure_airport": "Acapulco, Guerrero (ACA-A. Internacional General Juan N. \u00c1lvarez)", 
                "departure_time": "15:50"
            }, 
            {
                "arrival_airport": "Monterrey, Nuevo Le\u00f3n (MTY-A. Internacional General Mariano Escobedo)", 
                "arrival_time": "22:10", 
                "departure_airport": "Ciudad de M\u00e9xico, Distrito Federal (MEX-A. Internacional de la Ciudad de M\u00e9xico)", 
                "departure_time": "20:35"
            }
        ], 
        "ticket price": "4225.17", 
        "airline": "Interjet"
    }, 
    {
        "arrival": ", Monterrey", 
        "consult date": "10/05/2018", 
        "flight duration": "0 days 5 hours 35 minutes", 
        "plane": "", 
        "departure date": "22/06/2018", 
        "stops": "1", 
        "plane code": "", 
        "departure": ", Acapulco", 
        "timings": [
            {
                "arrival_airport": "Ciudad de M\u00e9xico, Distrito Federal (MEX-A. Internacional de la Ciudad de M\u00e9xico)", 
                "arrival_time": "17:05", 
                "departure_airport": "Acapulco, Guerrero (ACA-A. Internacional General Juan N. \u00c1lvarez)", 
                "departure_time": "15:50"
            }, 
            {
                "arrival_airport": "Monterrey, Nuevo Le\u00f3n (MTY-A. Internacional General Mariano Escobedo)", 
                "arrival_time": "21:25", 
                "departure_airport": "Ciudad de M\u00e9xico, Distrito Federal (MEX-A. Internacional de la Ciudad de M\u00e9xico)", 
                "departure_time": "19:50"
            }
        ], 
        "ticket price": "4225.17", 
        "airline": "Interjet"
    }, 
    {
        "arrival": ", Monterrey", 
        "consult date": "10/05/2018", 
        "flight duration": "0 days 6 hours 50 minutes", 
        "plane": "", 
        "departure date": "22/06/2018", 
        "stops": "1", 
        "plane code": "", 
        "departure": ", Acapulco", 
        "timings": [
            {
                "arrival_airport": "Ciudad de M\u00e9xico, Distrito Federal (MEX-A. Internacional de la Ciudad de M\u00e9xico)", 
                "arrival_time": "17:05", 
                "departure_airport": "Acapulco, Guerrero (ACA-A. Internacional General Juan N. \u00c1lvarez)", 
                "departure_time": "15:50"
            }, 
            {
                "arrival_airport": "Monterrey, Nuevo Le\u00f3n (MTY-A. Internacional General Mariano Escobedo)", 
                "arrival_time": "22:40", 
                "departure_airport": "Ciudad de M\u00e9xico, Distrito Federal (MEX-A. Internacional de la Ciudad de M\u00e9xico)", 
                "departure_time": "21:05"
            }
        ], 
        "ticket price": "4225.17", 
        "airline": "Interjet"
    }, 
    {
        "arrival": ", Monterrey", 
        "consult date": "10/05/2018", 
        "flight duration": "1 days 14 hours 0 minutes", 
        "plane": "", 
        "departure date": "22/06/2018", 
        "stops": "1", 
        "plane code": "", 
        "departure": ", Acapulco", 
        "timings": [
            {
                "arrival_airport": "Ciudad de M\u00e9xico, Distrito Federal (MEX-A. Internacional de la Ciudad de M\u00e9xico)", 
                "arrival_time": "20:10", 
                "departure_airport": "Acapulco, Guerrero (ACA-A. Internacional General Juan N. \u00c1lvarez)", 
                "departure_time": "19:00"
            }, 
            {
                "arrival_airport": "Monterrey, Nuevo Le\u00f3n (MTY-A. Internacional General Mariano Escobedo)", 
                "arrival_time": "09:00", 
                "departure_airport": "Ciudad de M\u00e9xico, Distrito Federal (MEX-A. Internacional de la Ciudad de M\u00e9xico)", 
                "departure_time": "07:20"
            }
        ], 
        "ticket price": "4249.53", 
        "airline": "Interjet"
    }, 
    {
        "arrival": ", Monterrey", 
        "consult date": "10/05/2018", 
        "flight duration": "0 days 5 hours 40 minutes", 
        "plane": "Embraer 190", 
        "departure date": "22/06/2018", 
        "stops": "1", 
        "plane code": "E90", 
        "departure": ", Acapulco", 
        "timings": [
            {
                "arrival_airport": "Ciudad de M\u00e9xico, Distrito Federal (MEX-A. Internacional de la Ciudad de M\u00e9xico)", 
                "arrival_time": "16:25", 
                "departure_airport": "Acapulco, Guerrero (ACA-A. Internacional General Juan N. \u00c1lvarez)", 
                "departure_time": "15:08"
            }, 
            {
                "arrival_airport": "Monterrey, Nuevo Le\u00f3n (MTY-A. Internacional General Mariano Escobedo)", 
                "arrival_time": "20:48", 
                "departure_airport": "Ciudad de M\u00e9xico, Distrito Federal (MEX-A. Internacional de la Ciudad de M\u00e9xico)", 
                "departure_time": "19:05"
            }
        ], 
        "ticket price": "4814.00", 
        "airline": "Aeromexico"
    }
]