[
    {
        "arrival": ", Veracruz", 
        "consult date": "10/05/2018", 
        "flight duration": "0 days 10 hours 49 minutes", 
        "plane": "EMBRAER 170", 
        "departure date": "29/07/2018", 
        "stops": "2", 
        "plane code": "E70", 
        "departure": ", Acapulco", 
        "timings": [
            {
                "arrival_airport": "Ciudad de M\u00e9xico, Distrito Federal (MEX-A. Internacional de la Ciudad de M\u00e9xico)", 
                "arrival_time": "09:25", 
                "departure_airport": "Acapulco, Guerrero (ACA-A. Internacional General Juan N. \u00c1lvarez)", 
                "departure_time": "08:12"
            }, 
            {
                "arrival_airport": "Monterrey, Nuevo Le\u00f3n (MTY-A. Internacional General Mariano Escobedo)", 
                "arrival_time": "12:55", 
                "departure_airport": "Ciudad de M\u00e9xico, Distrito Federal (MEX-A. Internacional de la Ciudad de M\u00e9xico)", 
                "departure_time": "11:10"
            }, 
            {
                "arrival_airport": "Veracruz, Veracruz (VER-A. Internacional General Heriberto Jara)", 
                "arrival_time": "19:01", 
                "departure_airport": "Monterrey, Nuevo Le\u00f3n (MTY-A. Internacional General Mariano Escobedo)", 
                "departure_time": "17:30"
            }
        ], 
        "ticket price": "11343.00", 
        "airline": "Aeromexico"
    }, 
    {
        "arrival": ", Veracruz", 
        "consult date": "10/05/2018", 
        "flight duration": "0 days 10 hours 49 minutes", 
        "plane": "EMBRAER 170", 
        "departure date": "29/07/2018", 
        "stops": "2", 
        "plane code": "E70", 
        "departure": ", Acapulco", 
        "timings": [
            {
                "arrival_airport": "Ciudad de M\u00e9xico, Distrito Federal (MEX-A. Internacional de la Ciudad de M\u00e9xico)", 
                "arrival_time": "09:25", 
                "departure_airport": "Acapulco, Guerrero (ACA-A. Internacional General Juan N. \u00c1lvarez)", 
                "departure_time": "08:12"
            }, 
            {
                "arrival_airport": "Monterrey, Nuevo Le\u00f3n (MTY-A. Internacional General Mariano Escobedo)", 
                "arrival_time": "14:40", 
                "departure_airport": "Ciudad de M\u00e9xico, Distrito Federal (MEX-A. Internacional de la Ciudad de M\u00e9xico)", 
                "departure_time": "13:00"
            }, 
            {
                "arrival_airport": "Veracruz, Veracruz (VER-A. Internacional General Heriberto Jara)", 
                "arrival_time": "19:01", 
                "departure_airport": "Monterrey, Nuevo Le\u00f3n (MTY-A. Internacional General Mariano Escobedo)", 
                "departure_time": "17:30"
            }
        ], 
        "ticket price": "11343.00", 
        "airline": "Aeromexico"
    }, 
    {
        "arrival": ", Veracruz", 
        "consult date": "10/05/2018", 
        "flight duration": "0 days 10 hours 49 minutes", 
        "plane": "EMBRAER 170", 
        "departure date": "29/07/2018", 
        "stops": "2", 
        "plane code": "E70", 
        "departure": ", Acapulco", 
        "timings": [
            {
                "arrival_airport": "Ciudad de M\u00e9xico, Distrito Federal (MEX-A. Internacional de la Ciudad de M\u00e9xico)", 
                "arrival_time": "09:25", 
                "departure_airport": "Acapulco, Guerrero (ACA-A. Internacional General Juan N. \u00c1lvarez)", 
                "departure_time": "08:12"
            }, 
            {
                "arrival_airport": "Monterrey, Nuevo Le\u00f3n (MTY-A. Internacional General Mariano Escobedo)", 
                "arrival_time": "13:51", 
                "departure_airport": "Ciudad de M\u00e9xico, Distrito Federal (MEX-A. Internacional de la Ciudad de M\u00e9xico)", 
                "departure_time": "12:00"
            }, 
            {
                "arrival_airport": "Veracruz, Veracruz (VER-A. Internacional General Heriberto Jara)", 
                "arrival_time": "19:01", 
                "departure_airport": "Monterrey, Nuevo Le\u00f3n (MTY-A. Internacional General Mariano Escobedo)", 
                "departure_time": "17:30"
            }
        ], 
        "ticket price": "11343.00", 
        "airline": "Aeromexico"
    }, 
    {
        "arrival": ", Veracruz", 
        "consult date": "10/05/2018", 
        "flight duration": "0 days 7 hours 8 minutes", 
        "plane": "EMBRAER 170", 
        "departure date": "29/07/2018", 
        "stops": "2", 
        "plane code": "E70", 
        "departure": ", Acapulco", 
        "timings": [
            {
                "arrival_airport": "Ciudad de M\u00e9xico, Distrito Federal (MEX-A. Internacional de la Ciudad de M\u00e9xico)", 
                "arrival_time": "13:10", 
                "departure_airport": "Acapulco, Guerrero (ACA-A. Internacional General Juan N. \u00c1lvarez)", 
                "departure_time": "11:53"
            }, 
            {
                "arrival_airport": "Monterrey, Nuevo Le\u00f3n (MTY-A. Internacional General Mariano Escobedo)", 
                "arrival_time": "15:43", 
                "departure_airport": "Ciudad de M\u00e9xico, Distrito Federal (MEX-A. Internacional de la Ciudad de M\u00e9xico)", 
                "departure_time": "14:00"
            }, 
            {
                "arrival_airport": "Veracruz, Veracruz (VER-A. Internacional General Heriberto Jara)", 
                "arrival_time": "19:01", 
                "departure_airport": "Monterrey, Nuevo Le\u00f3n (MTY-A. Internacional General Mariano Escobedo)", 
                "departure_time": "17:30"
            }
        ], 
        "ticket price": "11343.00", 
        "airline": "Aeromexico"
    }, 
    {
        "arrival": ", Veracruz", 
        "consult date": "10/05/2018", 
        "flight duration": "0 days 10 hours 49 minutes", 
        "plane": "EMBRAER 170", 
        "departure date": "29/07/2018", 
        "stops": "2", 
        "plane code": "E70", 
        "departure": ", Acapulco", 
        "timings": [
            {
                "arrival_airport": "Ciudad de M\u00e9xico, Distrito Federal (MEX-A. Internacional de la Ciudad de M\u00e9xico)", 
                "arrival_time": "09:25", 
                "departure_airport": "Acapulco, Guerrero (ACA-A. Internacional General Juan N. \u00c1lvarez)", 
                "departure_time": "08:12"
            }, 
            {
                "arrival_airport": "Monterrey, Nuevo Le\u00f3n (MTY-A. Internacional General Mariano Escobedo)", 
                "arrival_time": "15:43", 
                "departure_airport": "Ciudad de M\u00e9xico, Distrito Federal (MEX-A. Internacional de la Ciudad de M\u00e9xico)", 
                "departure_time": "14:00"
            }, 
            {
                "arrival_airport": "Veracruz, Veracruz (VER-A. Internacional General Heriberto Jara)", 
                "arrival_time": "19:01", 
                "departure_airport": "Monterrey, Nuevo Le\u00f3n (MTY-A. Internacional General Mariano Escobedo)", 
                "departure_time": "17:30"
            }
        ], 
        "ticket price": "11343.00", 
        "airline": "Aeromexico"
    }, 
    {
        "arrival": ", Veracruz", 
        "consult date": "10/05/2018", 
        "flight duration": "0 days 7 hours 8 minutes", 
        "plane": "EMBRAER 170", 
        "departure date": "29/07/2018", 
        "stops": "2", 
        "plane code": "E70", 
        "departure": ", Acapulco", 
        "timings": [
            {
                "arrival_airport": "Ciudad de M\u00e9xico, Distrito Federal (MEX-A. Internacional de la Ciudad de M\u00e9xico)", 
                "arrival_time": "13:10", 
                "departure_airport": "Acapulco, Guerrero (ACA-A. Internacional General Juan N. \u00c1lvarez)", 
                "departure_time": "11:53"
            }, 
            {
                "arrival_airport": "Monterrey, Nuevo Le\u00f3n (MTY-A. Internacional General Mariano Escobedo)", 
                "arrival_time": "16:40", 
                "departure_airport": "Ciudad de M\u00e9xico, Distrito Federal (MEX-A. Internacional de la Ciudad de M\u00e9xico)", 
                "departure_time": "15:00"
            }, 
            {
                "arrival_airport": "Veracruz, Veracruz (VER-A. Internacional General Heriberto Jara)", 
                "arrival_time": "19:01", 
                "departure_airport": "Monterrey, Nuevo Le\u00f3n (MTY-A. Internacional General Mariano Escobedo)", 
                "departure_time": "17:30"
            }
        ], 
        "ticket price": "11343.00", 
        "airline": "Aeromexico"
    }, 
    {
        "arrival": ", Veracruz", 
        "consult date": "10/05/2018", 
        "flight duration": "0 days 7 hours 25 minutes", 
        "plane": "ATR 72", 
        "departure date": "29/07/2018", 
        "stops": "1", 
        "plane code": "AT7", 
        "departure": ", Acapulco", 
        "timings": [
            {
                "arrival_airport": "Ciudad de M\u00e9xico, Distrito Federal (MEX-A. Internacional de la Ciudad de M\u00e9xico)", 
                "arrival_time": "10:55", 
                "departure_airport": "Acapulco, Guerrero (ACA-A. Internacional General Juan N. \u00c1lvarez)", 
                "departure_time": "09:40"
            }, 
            {
                "arrival_airport": "Veracruz, Veracruz (VER-A. Internacional General Heriberto Jara)", 
                "arrival_time": "17:05", 
                "departure_airport": "Ciudad de M\u00e9xico, Distrito Federal (MEX-A. Internacional de la Ciudad de M\u00e9xico)", 
                "departure_time": "15:45"
            }
        ], 
        "ticket price": "4594.00", 
        "airline": "Aeromar Airlines"
    }, 
    {
        "arrival": ", Veracruz", 
        "consult date": "10/05/2018", 
        "flight duration": "0 days 5 hours 0 minutes", 
        "plane": "", 
        "departure date": "29/07/2018", 
        "stops": "1", 
        "plane code": "", 
        "departure": ", Acapulco", 
        "timings": [
            {
                "arrival_airport": "Ciudad de M\u00e9xico, Distrito Federal (MEX-A. Internacional de la Ciudad de M\u00e9xico)", 
                "arrival_time": "16:55", 
                "departure_airport": "Acapulco, Guerrero (ACA-A. Internacional General Juan N. \u00c1lvarez)", 
                "departure_time": "15:40"
            }, 
            {
                "arrival_airport": "Veracruz, Veracruz (VER-A. Internacional General Heriberto Jara)", 
                "arrival_time": "20:40", 
                "departure_airport": "Ciudad de M\u00e9xico, Distrito Federal (MEX-A. Internacional de la Ciudad de M\u00e9xico)", 
                "departure_time": "19:40"
            }
        ], 
        "ticket price": "5680.68", 
        "airline": "Interjet"
    }, 
    {
        "arrival": ", Veracruz", 
        "consult date": "10/05/2018", 
        "flight duration": "0 days 6 hours 30 minutes", 
        "plane": "", 
        "departure date": "29/07/2018", 
        "stops": "1", 
        "plane code": "", 
        "departure": ", Acapulco", 
        "timings": [
            {
                "arrival_airport": "Ciudad de M\u00e9xico, Distrito Federal (MEX-A. Internacional de la Ciudad de M\u00e9xico)", 
                "arrival_time": "15:25", 
                "departure_airport": "Acapulco, Guerrero (ACA-A. Internacional General Juan N. \u00c1lvarez)", 
                "departure_time": "14:10"
            }, 
            {
                "arrival_airport": "Veracruz, Veracruz (VER-A. Internacional General Heriberto Jara)", 
                "arrival_time": "20:40", 
                "departure_airport": "Ciudad de M\u00e9xico, Distrito Federal (MEX-A. Internacional de la Ciudad de M\u00e9xico)", 
                "departure_time": "19:40"
            }
        ], 
        "ticket price": "5680.68", 
        "airline": "Interjet"
    }, 
    {
        "arrival": ", Veracruz", 
        "consult date": "10/05/2018", 
        "flight duration": "0 days 4 hours 28 minutes", 
        "plane": "Embraer 190", 
        "departure date": "29/07/2018", 
        "stops": "1", 
        "plane code": "E90", 
        "departure": ", Acapulco", 
        "timings": [
            {
                "arrival_airport": "Ciudad de M\u00e9xico, Distrito Federal (MEX-A. Internacional de la Ciudad de M\u00e9xico)", 
                "arrival_time": "16:20", 
                "departure_airport": "Acapulco, Guerrero (ACA-A. Internacional General Juan N. \u00c1lvarez)", 
                "departure_time": "15:03"
            }, 
            {
                "arrival_airport": "Veracruz, Veracruz (VER-A. Internacional General Heriberto Jara)", 
                "arrival_time": "19:31", 
                "departure_airport": "Ciudad de M\u00e9xico, Distrito Federal (MEX-A. Internacional de la Ciudad de M\u00e9xico)", 
                "departure_time": "18:30"
            }
        ], 
        "ticket price": "5959.00", 
        "airline": "Aeromexico"
    }, 
    {
        "arrival": ", Veracruz", 
        "consult date": "10/05/2018", 
        "flight duration": "0 days 5 hours 49 minutes", 
        "plane": "EMBRAER 170", 
        "departure date": "29/07/2018", 
        "stops": "1", 
        "plane code": "E70", 
        "departure": ", Acapulco", 
        "timings": [
            {
                "arrival_airport": "Ciudad de M\u00e9xico, Distrito Federal (MEX-A. Internacional de la Ciudad de M\u00e9xico)", 
                "arrival_time": "13:10", 
                "departure_airport": "Acapulco, Guerrero (ACA-A. Internacional General Juan N. \u00c1lvarez)", 
                "departure_time": "11:53"
            }, 
            {
                "arrival_airport": "Veracruz, Veracruz (VER-A. Internacional General Heriberto Jara)", 
                "arrival_time": "17:42", 
                "departure_airport": "Ciudad de M\u00e9xico, Distrito Federal (MEX-A. Internacional de la Ciudad de M\u00e9xico)", 
                "departure_time": "16:40"
            }
        ], 
        "ticket price": "5959.00", 
        "airline": "Aeromexico"
    }, 
    {
        "arrival": ", Veracruz", 
        "consult date": "10/05/2018", 
        "flight duration": "0 days 3 hours 57 minutes", 
        "plane": "EMBRAER 170", 
        "departure date": "29/07/2018", 
        "stops": "1", 
        "plane code": "E70", 
        "departure": ", Acapulco", 
        "timings": [
            {
                "arrival_airport": "Ciudad de M\u00e9xico, Distrito Federal (MEX-A. Internacional de la Ciudad de M\u00e9xico)", 
                "arrival_time": "13:10", 
                "departure_airport": "Acapulco, Guerrero (ACA-A. Internacional General Juan N. \u00c1lvarez)", 
                "departure_time": "11:53"
            }, 
            {
                "arrival_airport": "Veracruz, Veracruz (VER-A. Internacional General Heriberto Jara)", 
                "arrival_time": "15:50", 
                "departure_airport": "Ciudad de M\u00e9xico, Distrito Federal (MEX-A. Internacional de la Ciudad de M\u00e9xico)", 
                "departure_time": "14:45"
            }
        ], 
        "ticket price": "5959.00", 
        "airline": "Aeromexico"
    }, 
    {
        "arrival": ", Veracruz", 
        "consult date": "10/05/2018", 
        "flight duration": "0 days 4 hours 47 minutes", 
        "plane": "EMBRAER 170", 
        "departure date": "29/07/2018", 
        "stops": "1", 
        "plane code": "E70", 
        "departure": ", Acapulco", 
        "timings": [
            {
                "arrival_airport": "Ciudad de M\u00e9xico, Distrito Federal (MEX-A. Internacional de la Ciudad de M\u00e9xico)", 
                "arrival_time": "09:25", 
                "departure_airport": "Acapulco, Guerrero (ACA-A. Internacional General Juan N. \u00c1lvarez)", 
                "departure_time": "08:12"
            }, 
            {
                "arrival_airport": "Veracruz, Veracruz (VER-A. Internacional General Heriberto Jara)", 
                "arrival_time": "12:59", 
                "departure_airport": "Ciudad de M\u00e9xico, Distrito Federal (MEX-A. Internacional de la Ciudad de M\u00e9xico)", 
                "departure_time": "11:50"
            }
        ], 
        "ticket price": "5959.00", 
        "airline": "Aeromexico"
    }, 
    {
        "arrival": ", Veracruz", 
        "consult date": "10/05/2018", 
        "flight duration": "0 days 3 hours 27 minutes", 
        "plane": "Embraer 190", 
        "departure date": "29/07/2018", 
        "stops": "1", 
        "plane code": "E90", 
        "departure": ", Acapulco", 
        "timings": [
            {
                "arrival_airport": "Ciudad de M\u00e9xico, Distrito Federal (MEX-A. Internacional de la Ciudad de M\u00e9xico)", 
                "arrival_time": "20:10", 
                "departure_airport": "Acapulco, Guerrero (ACA-A. Internacional General Juan N. \u00c1lvarez)", 
                "departure_time": "18:57"
            }, 
            {
                "arrival_airport": "Veracruz, Veracruz (VER-A. Internacional General Heriberto Jara)", 
                "arrival_time": "22:24", 
                "departure_airport": "Ciudad de M\u00e9xico, Distrito Federal (MEX-A. Internacional de la Ciudad de M\u00e9xico)", 
                "departure_time": "21:30"
            }
        ], 
        "ticket price": "5959.00", 
        "airline": "Aeromexico"
    }, 
    {
        "arrival": ", Veracruz", 
        "consult date": "10/05/2018", 
        "flight duration": "0 days 6 hours 10 minutes", 
        "plane": "ATR 72", 
        "departure date": "29/07/2018", 
        "stops": "1", 
        "plane code": "AT7", 
        "departure": ", Acapulco", 
        "timings": [
            {
                "arrival_airport": "Ciudad de M\u00e9xico, Distrito Federal (MEX-A. Internacional de la Ciudad de M\u00e9xico)", 
                "arrival_time": "10:55", 
                "departure_airport": "Acapulco, Guerrero (ACA-A. Internacional General Juan N. \u00c1lvarez)", 
                "departure_time": "09:40"
            }, 
            {
                "arrival_airport": "Veracruz, Veracruz (VER-A. Internacional General Heriberto Jara)", 
                "arrival_time": "15:50", 
                "departure_airport": "Ciudad de M\u00e9xico, Distrito Federal (MEX-A. Internacional de la Ciudad de M\u00e9xico)", 
                "departure_time": "14:45"
            }
        ], 
        "ticket price": "9160.00", 
        "airline": ""
    }
]