[
    {
        "arrival": ", Guadalajara", 
        "consult date": "10/05/2018", 
        "flight duration": "0 days 1 hours 35 minutes", 
        "plane": "ATR 72", 
        "departure date": "18/08/2018", 
        "stops": 0, 
        "plane code": "AT7", 
        "departure": ", Acapulco", 
        "timings": [
            {
                "arrival_airport": "Guadalajara, Jalisco (GDL-Don Miguel Hidalgo y Costilla Intl.)", 
                "arrival_time": "14:35", 
                "departure_airport": "Acapulco, Guerrero (ACA-A. Internacional General Juan N. \u00c1lvarez)", 
                "departure_time": "13:00"
            }
        ], 
        "ticket price": "2229.00", 
        "airline": "Aeromar Airlines"
    }, 
    {
        "arrival": ", Guadalajara", 
        "consult date": "10/05/2018", 
        "flight duration": "0 days 6 hours 30 minutes", 
        "plane": "ATR 72", 
        "departure date": "18/08/2018", 
        "stops": "1", 
        "plane code": "AT7", 
        "departure": ", Acapulco", 
        "timings": [
            {
                "arrival_airport": "Ciudad de M\u00e9xico, Distrito Federal (MEX-A. Internacional de la Ciudad de M\u00e9xico)", 
                "arrival_time": "10:55", 
                "departure_airport": "Acapulco, Guerrero (ACA-A. Internacional General Juan N. \u00c1lvarez)", 
                "departure_time": "09:40"
            }, 
            {
                "arrival_airport": "Guadalajara, Jalisco (GDL-Don Miguel Hidalgo y Costilla Intl.)", 
                "arrival_time": "16:10", 
                "departure_airport": "Ciudad de M\u00e9xico, Distrito Federal (MEX-A. Internacional de la Ciudad de M\u00e9xico)", 
                "departure_time": "14:30"
            }
        ], 
        "ticket price": "4279.00", 
        "airline": "Aeromar Airlines"
    }, 
    {
        "arrival": ", Guadalajara", 
        "consult date": "10/05/2018", 
        "flight duration": "0 days 6 hours 25 minutes", 
        "plane": "", 
        "departure date": "18/08/2018", 
        "stops": "1", 
        "plane code": "", 
        "departure": ", Acapulco", 
        "timings": [
            {
                "arrival_airport": "Ciudad de M\u00e9xico, Distrito Federal (MEX-A. Internacional de la Ciudad de M\u00e9xico)", 
                "arrival_time": "14:50", 
                "departure_airport": "Acapulco, Guerrero (ACA-A. Internacional General Juan N. \u00c1lvarez)", 
                "departure_time": "13:35"
            }, 
            {
                "arrival_airport": "Guadalajara, Jalisco (GDL-Don Miguel Hidalgo y Costilla Intl.)", 
                "arrival_time": "20:00", 
                "departure_airport": "Ciudad de M\u00e9xico, Distrito Federal (MEX-A. Internacional de la Ciudad de M\u00e9xico)", 
                "departure_time": "18:45"
            }
        ], 
        "ticket price": "5470.20", 
        "airline": "Interjet"
    }, 
    {
        "arrival": ", Guadalajara", 
        "consult date": "10/05/2018", 
        "flight duration": "0 days 4 hours 20 minutes", 
        "plane": "", 
        "departure date": "18/08/2018", 
        "stops": "1", 
        "plane code": "", 
        "departure": ", Acapulco", 
        "timings": [
            {
                "arrival_airport": "Ciudad de M\u00e9xico, Distrito Federal (MEX-A. Internacional de la Ciudad de M\u00e9xico)", 
                "arrival_time": "16:55", 
                "departure_airport": "Acapulco, Guerrero (ACA-A. Internacional General Juan N. \u00c1lvarez)", 
                "departure_time": "15:40"
            }, 
            {
                "arrival_airport": "Guadalajara, Jalisco (GDL-Don Miguel Hidalgo y Costilla Intl.)", 
                "arrival_time": "20:00", 
                "departure_airport": "Ciudad de M\u00e9xico, Distrito Federal (MEX-A. Internacional de la Ciudad de M\u00e9xico)", 
                "departure_time": "18:45"
            }
        ], 
        "ticket price": "5470.20", 
        "airline": "Interjet"
    }, 
    {
        "arrival": ", Guadalajara", 
        "consult date": "10/05/2018", 
        "flight duration": "0 days 5 hours 30 minutes", 
        "plane": "", 
        "departure date": "18/08/2018", 
        "stops": "1", 
        "plane code": "", 
        "departure": ", Acapulco", 
        "timings": [
            {
                "arrival_airport": "Ciudad de M\u00e9xico, Distrito Federal (MEX-A. Internacional de la Ciudad de M\u00e9xico)", 
                "arrival_time": "16:55", 
                "departure_airport": "Acapulco, Guerrero (ACA-A. Internacional General Juan N. \u00c1lvarez)", 
                "departure_time": "15:40"
            }, 
            {
                "arrival_airport": "Guadalajara, Jalisco (GDL-Don Miguel Hidalgo y Costilla Intl.)", 
                "arrival_time": "21:10", 
                "departure_airport": "Ciudad de M\u00e9xico, Distrito Federal (MEX-A. Internacional de la Ciudad de M\u00e9xico)", 
                "departure_time": "19:50"
            }
        ], 
        "ticket price": "5470.20", 
        "airline": "Interjet"
    }, 
    {
        "arrival": ", Guadalajara", 
        "consult date": "10/05/2018", 
        "flight duration": "0 days 5 hours 0 minutes", 
        "plane": "", 
        "departure date": "18/08/2018", 
        "stops": "1", 
        "plane code": "", 
        "departure": ", Acapulco", 
        "timings": [
            {
                "arrival_airport": "Ciudad de M\u00e9xico, Distrito Federal (MEX-A. Internacional de la Ciudad de M\u00e9xico)", 
                "arrival_time": "14:50", 
                "departure_airport": "Acapulco, Guerrero (ACA-A. Internacional General Juan N. \u00c1lvarez)", 
                "departure_time": "13:35"
            }, 
            {
                "arrival_airport": "Guadalajara, Jalisco (GDL-Don Miguel Hidalgo y Costilla Intl.)", 
                "arrival_time": "18:35", 
                "departure_airport": "Ciudad de M\u00e9xico, Distrito Federal (MEX-A. Internacional de la Ciudad de M\u00e9xico)", 
                "departure_time": "17:15"
            }
        ], 
        "ticket price": "5470.20", 
        "airline": "Interjet"
    }, 
    {
        "arrival": ", Guadalajara", 
        "consult date": "10/05/2018", 
        "flight duration": "0 days 7 hours 35 minutes", 
        "plane": "", 
        "departure date": "18/08/2018", 
        "stops": "1", 
        "plane code": "", 
        "departure": ", Acapulco", 
        "timings": [
            {
                "arrival_airport": "Ciudad de M\u00e9xico, Distrito Federal (MEX-A. Internacional de la Ciudad de M\u00e9xico)", 
                "arrival_time": "14:50", 
                "departure_airport": "Acapulco, Guerrero (ACA-A. Internacional General Juan N. \u00c1lvarez)", 
                "departure_time": "13:35"
            }, 
            {
                "arrival_airport": "Guadalajara, Jalisco (GDL-Don Miguel Hidalgo y Costilla Intl.)", 
                "arrival_time": "21:10", 
                "departure_airport": "Ciudad de M\u00e9xico, Distrito Federal (MEX-A. Internacional de la Ciudad de M\u00e9xico)", 
                "departure_time": "19:50"
            }
        ], 
        "ticket price": "5470.20", 
        "airline": "Interjet"
    }, 
    {
        "arrival": ", Guadalajara", 
        "consult date": "10/05/2018", 
        "flight duration": "0 days 5 hours 9 minutes", 
        "plane": "Embraer 190", 
        "departure date": "18/08/2018", 
        "stops": "1", 
        "plane code": "E90", 
        "departure": ", Acapulco", 
        "timings": [
            {
                "arrival_airport": "Ciudad de M\u00e9xico, Distrito Federal (MEX-A. Internacional de la Ciudad de M\u00e9xico)", 
                "arrival_time": "16:25", 
                "departure_airport": "Acapulco, Guerrero (ACA-A. Internacional General Juan N. \u00c1lvarez)", 
                "departure_time": "15:08"
            }, 
            {
                "arrival_airport": "Guadalajara, Jalisco (GDL-Don Miguel Hidalgo y Costilla Intl.)", 
                "arrival_time": "20:17", 
                "departure_airport": "Ciudad de M\u00e9xico, Distrito Federal (MEX-A. Internacional de la Ciudad de M\u00e9xico)", 
                "departure_time": "19:05"
            }
        ], 
        "ticket price": "5946.00", 
        "airline": "Aeromexico"
    }, 
    {
        "arrival": ", Guadalajara", 
        "consult date": "10/05/2018", 
        "flight duration": "0 days 6 hours 19 minutes", 
        "plane": "Embraer 190", 
        "departure date": "18/08/2018", 
        "stops": "1", 
        "plane code": "E90", 
        "departure": ", Acapulco", 
        "timings": [
            {
                "arrival_airport": "Ciudad de M\u00e9xico, Distrito Federal (MEX-A. Internacional de la Ciudad de M\u00e9xico)", 
                "arrival_time": "16:25", 
                "departure_airport": "Acapulco, Guerrero (ACA-A. Internacional General Juan N. \u00c1lvarez)", 
                "departure_time": "15:08"
            }, 
            {
                "arrival_airport": "Guadalajara, Jalisco (GDL-Don Miguel Hidalgo y Costilla Intl.)", 
                "arrival_time": "21:27", 
                "departure_airport": "Ciudad de M\u00e9xico, Distrito Federal (MEX-A. Internacional de la Ciudad de M\u00e9xico)", 
                "departure_time": "20:00"
            }
        ], 
        "ticket price": "5946.00", 
        "airline": "Aeromexico"
    }, 
    {
        "arrival": ", Guadalajara", 
        "consult date": "10/05/2018", 
        "flight duration": "0 days 4 hours 11 minutes", 
        "plane": "Embraer 190", 
        "departure date": "18/08/2018", 
        "stops": "1", 
        "plane code": "E90", 
        "departure": ", Acapulco", 
        "timings": [
            {
                "arrival_airport": "Ciudad de M\u00e9xico, Distrito Federal (MEX-A. Internacional de la Ciudad de M\u00e9xico)", 
                "arrival_time": "16:25", 
                "departure_airport": "Acapulco, Guerrero (ACA-A. Internacional General Juan N. \u00c1lvarez)", 
                "departure_time": "15:08"
            }, 
            {
                "arrival_airport": "Guadalajara, Jalisco (GDL-Don Miguel Hidalgo y Costilla Intl.)", 
                "arrival_time": "19:19", 
                "departure_airport": "Ciudad de M\u00e9xico, Distrito Federal (MEX-A. Internacional de la Ciudad de M\u00e9xico)", 
                "departure_time": "18:00"
            }
        ], 
        "ticket price": "5946.00", 
        "airline": "Aeromexico"
    }, 
    {
        "arrival": ", Guadalajara", 
        "consult date": "10/05/2018", 
        "flight duration": "0 days 6 hours 10 minutes", 
        "plane": "EMBRAER 170", 
        "departure date": "18/08/2018", 
        "stops": "1", 
        "plane code": "E70", 
        "departure": ", Acapulco", 
        "timings": [
            {
                "arrival_airport": "Ciudad de M\u00e9xico, Distrito Federal (MEX-A. Internacional de la Ciudad de M\u00e9xico)", 
                "arrival_time": "13:25", 
                "departure_airport": "Acapulco, Guerrero (ACA-A. Internacional General Juan N. \u00c1lvarez)", 
                "departure_time": "12:08"
            }, 
            {
                "arrival_airport": "Guadalajara, Jalisco (GDL-Don Miguel Hidalgo y Costilla Intl.)", 
                "arrival_time": "18:18", 
                "departure_airport": "Ciudad de M\u00e9xico, Distrito Federal (MEX-A. Internacional de la Ciudad de M\u00e9xico)", 
                "departure_time": "17:00"
            }
        ], 
        "ticket price": "5946.00", 
        "airline": "Aeromexico"
    }, 
    {
        "arrival": ", Guadalajara", 
        "consult date": "10/05/2018", 
        "flight duration": "0 days 3 hours 44 minutes", 
        "plane": "EMBRAER 170", 
        "departure date": "18/08/2018", 
        "stops": "1", 
        "plane code": "E70", 
        "departure": ", Acapulco", 
        "timings": [
            {
                "arrival_airport": "Ciudad de M\u00e9xico, Distrito Federal (MEX-A. Internacional de la Ciudad de M\u00e9xico)", 
                "arrival_time": "19:55", 
                "departure_airport": "Acapulco, Guerrero (ACA-A. Internacional General Juan N. \u00c1lvarez)", 
                "departure_time": "18:42"
            }, 
            {
                "arrival_airport": "Guadalajara, Jalisco (GDL-Don Miguel Hidalgo y Costilla Intl.)", 
                "arrival_time": "22:26", 
                "departure_airport": "Ciudad de M\u00e9xico, Distrito Federal (MEX-A. Internacional de la Ciudad de M\u00e9xico)", 
                "departure_time": "21:00"
            }
        ], 
        "ticket price": "5946.00", 
        "airline": "Aeromexico"
    }, 
    {
        "arrival": ", Guadalajara", 
        "consult date": "10/05/2018", 
        "flight duration": "0 days 5 hours 11 minutes", 
        "plane": "EMBRAER 170", 
        "departure date": "18/08/2018", 
        "stops": "1", 
        "plane code": "E70", 
        "departure": ", Acapulco", 
        "timings": [
            {
                "arrival_airport": "Ciudad de M\u00e9xico, Distrito Federal (MEX-A. Internacional de la Ciudad de M\u00e9xico)", 
                "arrival_time": "13:25", 
                "departure_airport": "Acapulco, Guerrero (ACA-A. Internacional General Juan N. \u00c1lvarez)", 
                "departure_time": "12:08"
            }, 
            {
                "arrival_airport": "Guadalajara, Jalisco (GDL-Don Miguel Hidalgo y Costilla Intl.)", 
                "arrival_time": "17:19", 
                "departure_airport": "Ciudad de M\u00e9xico, Distrito Federal (MEX-A. Internacional de la Ciudad de M\u00e9xico)", 
                "departure_time": "16:00"
            }
        ], 
        "ticket price": "5946.00", 
        "airline": "Aeromexico"
    }, 
    {
        "arrival": ", Guadalajara", 
        "consult date": "10/05/2018", 
        "flight duration": "0 days 4 hours 53 minutes", 
        "plane": "EMBRAER 170", 
        "departure date": "18/08/2018", 
        "stops": "1", 
        "plane code": "E70", 
        "departure": ", Acapulco", 
        "timings": [
            {
                "arrival_airport": "Ciudad de M\u00e9xico, Distrito Federal (MEX-A. Internacional de la Ciudad de M\u00e9xico)", 
                "arrival_time": "19:55", 
                "departure_airport": "Acapulco, Guerrero (ACA-A. Internacional General Juan N. \u00c1lvarez)", 
                "departure_time": "18:42"
            }, 
            {
                "arrival_airport": "Guadalajara, Jalisco (GDL-Don Miguel Hidalgo y Costilla Intl.)", 
                "arrival_time": "23:35", 
                "departure_airport": "Ciudad de M\u00e9xico, Distrito Federal (MEX-A. Internacional de la Ciudad de M\u00e9xico)", 
                "departure_time": "22:00"
            }
        ], 
        "ticket price": "5946.00", 
        "airline": "Aeromexico"
    }, 
    {
        "arrival": ", Guadalajara", 
        "consult date": "10/05/2018", 
        "flight duration": "0 days 7 hours 11 minutes", 
        "plane": "EMBRAER 170", 
        "departure date": "18/08/2018", 
        "stops": "1", 
        "plane code": "E70", 
        "departure": ", Acapulco", 
        "timings": [
            {
                "arrival_airport": "Ciudad de M\u00e9xico, Distrito Federal (MEX-A. Internacional de la Ciudad de M\u00e9xico)", 
                "arrival_time": "13:25", 
                "departure_airport": "Acapulco, Guerrero (ACA-A. Internacional General Juan N. \u00c1lvarez)", 
                "departure_time": "12:08"
            }, 
            {
                "arrival_airport": "Guadalajara, Jalisco (GDL-Don Miguel Hidalgo y Costilla Intl.)", 
                "arrival_time": "19:19", 
                "departure_airport": "Ciudad de M\u00e9xico, Distrito Federal (MEX-A. Internacional de la Ciudad de M\u00e9xico)", 
                "departure_time": "18:00"
            }
        ], 
        "ticket price": "5946.00", 
        "airline": "Aeromexico"
    }, 
    {
        "arrival": ", Guadalajara", 
        "consult date": "10/05/2018", 
        "flight duration": "0 days 4 hours 5 minutes", 
        "plane": "EMBRAER 170", 
        "departure date": "18/08/2018", 
        "stops": "1", 
        "plane code": "E70", 
        "departure": ", Acapulco", 
        "timings": [
            {
                "arrival_airport": "Ciudad de M\u00e9xico, Distrito Federal (MEX-A. Internacional de la Ciudad de M\u00e9xico)", 
                "arrival_time": "13:25", 
                "departure_airport": "Acapulco, Guerrero (ACA-A. Internacional General Juan N. \u00c1lvarez)", 
                "departure_time": "12:08"
            }, 
            {
                "arrival_airport": "Guadalajara, Jalisco (GDL-Don Miguel Hidalgo y Costilla Intl.)", 
                "arrival_time": "16:13", 
                "departure_airport": "Ciudad de M\u00e9xico, Distrito Federal (MEX-A. Internacional de la Ciudad de M\u00e9xico)", 
                "departure_time": "14:50"
            }
        ], 
        "ticket price": "5946.00", 
        "airline": "Aeromexico"
    }, 
    {
        "arrival": ", Guadalajara", 
        "consult date": "10/05/2018", 
        "flight duration": "0 days 3 hours 15 minutes", 
        "plane": "EMBRAER 170", 
        "departure date": "18/08/2018", 
        "stops": "1", 
        "plane code": "E70", 
        "departure": ", Acapulco", 
        "timings": [
            {
                "arrival_airport": "Ciudad de M\u00e9xico, Distrito Federal (MEX-A. Internacional de la Ciudad de M\u00e9xico)", 
                "arrival_time": "13:25", 
                "departure_airport": "Acapulco, Guerrero (ACA-A. Internacional General Juan N. \u00c1lvarez)", 
                "departure_time": "12:08"
            }, 
            {
                "arrival_airport": "Guadalajara, Jalisco (GDL-Don Miguel Hidalgo y Costilla Intl.)", 
                "arrival_time": "15:23", 
                "departure_airport": "Ciudad de M\u00e9xico, Distrito Federal (MEX-A. Internacional de la Ciudad de M\u00e9xico)", 
                "departure_time": "14:00"
            }
        ], 
        "ticket price": "5946.00", 
        "airline": "Aeromexico"
    }, 
    {
        "arrival": ", Guadalajara", 
        "consult date": "10/05/2018", 
        "flight duration": "0 days 3 hours 10 minutes", 
        "plane": "Embraer 190", 
        "departure date": "18/08/2018", 
        "stops": "1", 
        "plane code": "E90", 
        "departure": ", Acapulco", 
        "timings": [
            {
                "arrival_airport": "Ciudad de M\u00e9xico, Distrito Federal (MEX-A. Internacional de la Ciudad de M\u00e9xico)", 
                "arrival_time": "16:25", 
                "departure_airport": "Acapulco, Guerrero (ACA-A. Internacional General Juan N. \u00c1lvarez)", 
                "departure_time": "15:08"
            }, 
            {
                "arrival_airport": "Guadalajara, Jalisco (GDL-Don Miguel Hidalgo y Costilla Intl.)", 
                "arrival_time": "18:18", 
                "departure_airport": "Ciudad de M\u00e9xico, Distrito Federal (MEX-A. Internacional de la Ciudad de M\u00e9xico)", 
                "departure_time": "17:00"
            }
        ], 
        "ticket price": "5946.00", 
        "airline": "Aeromexico"
    }, 
    {
        "arrival": ", Guadalajara", 
        "consult date": "10/05/2018", 
        "flight duration": "0 days 7 hours 18 minutes", 
        "plane": "Embraer 190", 
        "departure date": "18/08/2018", 
        "stops": "1", 
        "plane code": "E90", 
        "departure": ", Acapulco", 
        "timings": [
            {
                "arrival_airport": "Ciudad de M\u00e9xico, Distrito Federal (MEX-A. Internacional de la Ciudad de M\u00e9xico)", 
                "arrival_time": "16:25", 
                "departure_airport": "Acapulco, Guerrero (ACA-A. Internacional General Juan N. \u00c1lvarez)", 
                "departure_time": "15:08"
            }, 
            {
                "arrival_airport": "Guadalajara, Jalisco (GDL-Don Miguel Hidalgo y Costilla Intl.)", 
                "arrival_time": "22:26", 
                "departure_airport": "Ciudad de M\u00e9xico, Distrito Federal (MEX-A. Internacional de la Ciudad de M\u00e9xico)", 
                "departure_time": "21:00"
            }
        ], 
        "ticket price": "5946.00", 
        "airline": "Aeromexico"
    }, 
    {
        "arrival": ", Guadalajara", 
        "consult date": "10/05/2018", 
        "flight duration": "0 days 5 hours 55 minutes", 
        "plane": "ATR 72", 
        "departure date": "18/08/2018", 
        "stops": "1", 
        "plane code": "AT7", 
        "departure": ", Acapulco", 
        "timings": [
            {
                "arrival_airport": "Ciudad de M\u00e9xico, Distrito Federal (MEX-A. Internacional de la Ciudad de M\u00e9xico)", 
                "arrival_time": "18:10", 
                "departure_airport": "Acapulco, Guerrero (ACA-A. Internacional General Juan N. \u00c1lvarez)", 
                "departure_time": "16:45"
            }, 
            {
                "arrival_airport": "Guadalajara, Jalisco (GDL-Don Miguel Hidalgo y Costilla Intl.)", 
                "arrival_time": "22:40", 
                "departure_airport": "Ciudad de M\u00e9xico, Distrito Federal (MEX-A. Internacional de la Ciudad de M\u00e9xico)", 
                "departure_time": "21:00"
            }
        ], 
        "ticket price": "8739.00", 
        "airline": "Aeromar Airlines"
    }, 
    {
        "arrival": ", Guadalajara", 
        "consult date": "10/05/2018", 
        "flight duration": "0 days 6 hours 33 minutes", 
        "plane": "ATR 72", 
        "departure date": "18/08/2018", 
        "stops": "1", 
        "plane code": "AT7", 
        "departure": ", Acapulco", 
        "timings": [
            {
                "arrival_airport": "Ciudad de M\u00e9xico, Distrito Federal (MEX-A. Internacional de la Ciudad de M\u00e9xico)", 
                "arrival_time": "10:55", 
                "departure_airport": "Acapulco, Guerrero (ACA-A. Internacional General Juan N. \u00c1lvarez)", 
                "departure_time": "09:40"
            }, 
            {
                "arrival_airport": "Guadalajara, Jalisco (GDL-Don Miguel Hidalgo y Costilla Intl.)", 
                "arrival_time": "16:13", 
                "departure_airport": "Ciudad de M\u00e9xico, Distrito Federal (MEX-A. Internacional de la Ciudad de M\u00e9xico)", 
                "departure_time": "14:50"
            }
        ], 
        "ticket price": "8754.00", 
        "airline": ""
    }, 
    {
        "arrival": ", Guadalajara", 
        "consult date": "10/05/2018", 
        "flight duration": "0 days 4 hours 48 minutes", 
        "plane": "ATR 72", 
        "departure date": "18/08/2018", 
        "stops": "1", 
        "plane code": "AT7", 
        "departure": ", Acapulco", 
        "timings": [
            {
                "arrival_airport": "Ciudad de M\u00e9xico, Distrito Federal (MEX-A. Internacional de la Ciudad de M\u00e9xico)", 
                "arrival_time": "10:55", 
                "departure_airport": "Acapulco, Guerrero (ACA-A. Internacional General Juan N. \u00c1lvarez)", 
                "departure_time": "09:40"
            }, 
            {
                "arrival_airport": "Guadalajara, Jalisco (GDL-Don Miguel Hidalgo y Costilla Intl.)", 
                "arrival_time": "14:28", 
                "departure_airport": "Ciudad de M\u00e9xico, Distrito Federal (MEX-A. Internacional de la Ciudad de M\u00e9xico)", 
                "departure_time": "13:00"
            }
        ], 
        "ticket price": "8754.00", 
        "airline": ""
    }, 
    {
        "arrival": ", Guadalajara", 
        "consult date": "10/05/2018", 
        "flight duration": "0 days 5 hours 43 minutes", 
        "plane": "ATR 72", 
        "departure date": "18/08/2018", 
        "stops": "1", 
        "plane code": "AT7", 
        "departure": ", Acapulco", 
        "timings": [
            {
                "arrival_airport": "Ciudad de M\u00e9xico, Distrito Federal (MEX-A. Internacional de la Ciudad de M\u00e9xico)", 
                "arrival_time": "10:55", 
                "departure_airport": "Acapulco, Guerrero (ACA-A. Internacional General Juan N. \u00c1lvarez)", 
                "departure_time": "09:40"
            }, 
            {
                "arrival_airport": "Guadalajara, Jalisco (GDL-Don Miguel Hidalgo y Costilla Intl.)", 
                "arrival_time": "15:23", 
                "departure_airport": "Ciudad de M\u00e9xico, Distrito Federal (MEX-A. Internacional de la Ciudad de M\u00e9xico)", 
                "departure_time": "14:00"
            }
        ], 
        "ticket price": "8754.00", 
        "airline": ""
    }
]