[
    {
        "arrival": ", Monterrey", 
        "consult date": "10/05/2018", 
        "flight duration": "0 days 11 hours 28 minutes", 
        "plane": "Embraer 190", 
        "departure date": "13/06/2018", 
        "stops": "2", 
        "plane code": "E90", 
        "departure": ", Ciudad Obreg\u00f3n", 
        "timings": [
            {
                "arrival_airport": "Ciudad de M\u00e9xico, Distrito Federal (MEX-A. Internacional de la Ciudad de M\u00e9xico)", 
                "arrival_time": "11:45", 
                "departure_airport": "Ciudad Obreg\u00f3n, Sonora (CEN-A. Internacional de Ciudad Obreg\u00f3n)", 
                "departure_time": "07:26"
            }, 
            {
                "arrival_airport": "Le\u00f3n, Guanajuato (BJX-Del Baj\u00edo)", 
                "arrival_time": "16:34", 
                "departure_airport": "Ciudad de M\u00e9xico, Distrito Federal (MEX-A. Internacional de la Ciudad de M\u00e9xico)", 
                "departure_time": "15:30"
            }, 
            {
                "arrival_airport": "Monterrey, Nuevo Le\u00f3n (MTY-A. Internacional General Mariano Escobedo)", 
                "arrival_time": "20:54", 
                "departure_airport": "Le\u00f3n, Guanajuato (BJX-Del Baj\u00edo)", 
                "departure_time": "19:30"
            }
        ], 
        "ticket price": "10848.00", 
        "airline": "Aeromexico"
    }, 
    {
        "arrival": ", Monterrey", 
        "consult date": "10/05/2018", 
        "flight duration": "0 days 5 hours 14 minutes", 
        "plane": "Embraer 190", 
        "departure date": "13/06/2018", 
        "stops": "1", 
        "plane code": "E90", 
        "departure": ", Ciudad Obreg\u00f3n", 
        "timings": [
            {
                "arrival_airport": "Ciudad de M\u00e9xico, Distrito Federal (MEX-A. Internacional de la Ciudad de M\u00e9xico)", 
                "arrival_time": "11:45", 
                "departure_airport": "Ciudad Obreg\u00f3n, Sonora (CEN-A. Internacional de Ciudad Obreg\u00f3n)", 
                "departure_time": "07:26"
            }, 
            {
                "arrival_airport": "Monterrey, Nuevo Le\u00f3n (MTY-A. Internacional General Mariano Escobedo)", 
                "arrival_time": "14:40", 
                "departure_airport": "Ciudad de M\u00e9xico, Distrito Federal (MEX-A. Internacional de la Ciudad de M\u00e9xico)", 
                "departure_time": "13:00"
            }
        ], 
        "ticket price": "4713.00", 
        "airline": "Aeromexico"
    }, 
    {
        "arrival": ", Monterrey", 
        "consult date": "10/05/2018", 
        "flight duration": "0 days 6 hours 17 minutes", 
        "plane": "Embraer 190", 
        "departure date": "13/06/2018", 
        "stops": "1", 
        "plane code": "E90", 
        "departure": ", Ciudad Obreg\u00f3n", 
        "timings": [
            {
                "arrival_airport": "Ciudad de M\u00e9xico, Distrito Federal (MEX-A. Internacional de la Ciudad de M\u00e9xico)", 
                "arrival_time": "11:45", 
                "departure_airport": "Ciudad Obreg\u00f3n, Sonora (CEN-A. Internacional de Ciudad Obreg\u00f3n)", 
                "departure_time": "07:26"
            }, 
            {
                "arrival_airport": "Monterrey, Nuevo Le\u00f3n (MTY-A. Internacional General Mariano Escobedo)", 
                "arrival_time": "15:43", 
                "departure_airport": "Ciudad de M\u00e9xico, Distrito Federal (MEX-A. Internacional de la Ciudad de M\u00e9xico)", 
                "departure_time": "14:00"
            }
        ], 
        "ticket price": "4713.00", 
        "airline": "Aeromexico"
    }, 
    {
        "arrival": ", Monterrey", 
        "consult date": "10/05/2018", 
        "flight duration": "0 days 7 hours 14 minutes", 
        "plane": "Embraer 190", 
        "departure date": "13/06/2018", 
        "stops": "1", 
        "plane code": "E90", 
        "departure": ", Ciudad Obreg\u00f3n", 
        "timings": [
            {
                "arrival_airport": "Ciudad de M\u00e9xico, Distrito Federal (MEX-A. Internacional de la Ciudad de M\u00e9xico)", 
                "arrival_time": "11:45", 
                "departure_airport": "Ciudad Obreg\u00f3n, Sonora (CEN-A. Internacional de Ciudad Obreg\u00f3n)", 
                "departure_time": "07:26"
            }, 
            {
                "arrival_airport": "Monterrey, Nuevo Le\u00f3n (MTY-A. Internacional General Mariano Escobedo)", 
                "arrival_time": "16:40", 
                "departure_airport": "Ciudad de M\u00e9xico, Distrito Federal (MEX-A. Internacional de la Ciudad de M\u00e9xico)", 
                "departure_time": "15:00"
            }
        ], 
        "ticket price": "5177.00", 
        "airline": "Aeromexico"
    }, 
    {
        "arrival": ", Monterrey", 
        "consult date": "10/05/2018", 
        "flight duration": "0 days 11 hours 40 minutes", 
        "plane": "", 
        "departure date": "13/06/2018", 
        "stops": "1", 
        "plane code": "", 
        "departure": ", Ciudad Obreg\u00f3n", 
        "timings": [
            {
                "arrival_airport": "Ciudad de M\u00e9xico, Distrito Federal (MEX-A. Internacional de la Ciudad de M\u00e9xico)", 
                "arrival_time": "13:10", 
                "departure_airport": "Ciudad Obreg\u00f3n, Sonora (CEN-A. Internacional de Ciudad Obreg\u00f3n)", 
                "departure_time": "09:00"
            }, 
            {
                "arrival_airport": "Monterrey, Nuevo Le\u00f3n (MTY-A. Internacional General Mariano Escobedo)", 
                "arrival_time": "22:40", 
                "departure_airport": "Ciudad de M\u00e9xico, Distrito Federal (MEX-A. Internacional de la Ciudad de M\u00e9xico)", 
                "departure_time": "21:05"
            }
        ], 
        "ticket price": "5222.77", 
        "airline": "Interjet"
    }, 
    {
        "arrival": ", Monterrey", 
        "consult date": "10/05/2018", 
        "flight duration": "0 days 7 hours 30 minutes", 
        "plane": "", 
        "departure date": "13/06/2018", 
        "stops": "1", 
        "plane code": "", 
        "departure": ", Ciudad Obreg\u00f3n", 
        "timings": [
            {
                "arrival_airport": "Ciudad de M\u00e9xico, Distrito Federal (MEX-A. Internacional de la Ciudad de M\u00e9xico)", 
                "arrival_time": "13:10", 
                "departure_airport": "Ciudad Obreg\u00f3n, Sonora (CEN-A. Internacional de Ciudad Obreg\u00f3n)", 
                "departure_time": "09:00"
            }, 
            {
                "arrival_airport": "Monterrey, Nuevo Le\u00f3n (MTY-A. Internacional General Mariano Escobedo)", 
                "arrival_time": "18:30", 
                "departure_airport": "Ciudad de M\u00e9xico, Distrito Federal (MEX-A. Internacional de la Ciudad de M\u00e9xico)", 
                "departure_time": "16:50"
            }
        ], 
        "ticket price": "5222.77", 
        "airline": "Interjet"
    }, 
    {
        "arrival": ", Monterrey", 
        "consult date": "10/05/2018", 
        "flight duration": "0 days 11 hours 10 minutes", 
        "plane": "", 
        "departure date": "13/06/2018", 
        "stops": "1", 
        "plane code": "", 
        "departure": ", Ciudad Obreg\u00f3n", 
        "timings": [
            {
                "arrival_airport": "Ciudad de M\u00e9xico, Distrito Federal (MEX-A. Internacional de la Ciudad de M\u00e9xico)", 
                "arrival_time": "13:10", 
                "departure_airport": "Ciudad Obreg\u00f3n, Sonora (CEN-A. Internacional de Ciudad Obreg\u00f3n)", 
                "departure_time": "09:00"
            }, 
            {
                "arrival_airport": "Monterrey, Nuevo Le\u00f3n (MTY-A. Internacional General Mariano Escobedo)", 
                "arrival_time": "22:10", 
                "departure_airport": "Ciudad de M\u00e9xico, Distrito Federal (MEX-A. Internacional de la Ciudad de M\u00e9xico)", 
                "departure_time": "20:35"
            }
        ], 
        "ticket price": "5222.77", 
        "airline": "Interjet"
    }, 
    {
        "arrival": ", Monterrey", 
        "consult date": "10/05/2018", 
        "flight duration": "0 days 10 hours 25 minutes", 
        "plane": "", 
        "departure date": "13/06/2018", 
        "stops": "1", 
        "plane code": "", 
        "departure": ", Ciudad Obreg\u00f3n", 
        "timings": [
            {
                "arrival_airport": "Ciudad de M\u00e9xico, Distrito Federal (MEX-A. Internacional de la Ciudad de M\u00e9xico)", 
                "arrival_time": "13:10", 
                "departure_airport": "Ciudad Obreg\u00f3n, Sonora (CEN-A. Internacional de Ciudad Obreg\u00f3n)", 
                "departure_time": "09:00"
            }, 
            {
                "arrival_airport": "Monterrey, Nuevo Le\u00f3n (MTY-A. Internacional General Mariano Escobedo)", 
                "arrival_time": "21:25", 
                "departure_airport": "Ciudad de M\u00e9xico, Distrito Federal (MEX-A. Internacional de la Ciudad de M\u00e9xico)", 
                "departure_time": "19:50"
            }
        ], 
        "ticket price": "5222.77", 
        "airline": "Interjet"
    }, 
    {
        "arrival": ", Monterrey", 
        "consult date": "10/05/2018", 
        "flight duration": "0 days 6 hours 25 minutes", 
        "plane": "", 
        "departure date": "13/06/2018", 
        "stops": "1", 
        "plane code": "", 
        "departure": ", Ciudad Obreg\u00f3n", 
        "timings": [
            {
                "arrival_airport": "Ciudad de M\u00e9xico, Distrito Federal (MEX-A. Internacional de la Ciudad de M\u00e9xico)", 
                "arrival_time": "13:10", 
                "departure_airport": "Ciudad Obreg\u00f3n, Sonora (CEN-A. Internacional de Ciudad Obreg\u00f3n)", 
                "departure_time": "09:00"
            }, 
            {
                "arrival_airport": "Monterrey, Nuevo Le\u00f3n (MTY-A. Internacional General Mariano Escobedo)", 
                "arrival_time": "17:25", 
                "departure_airport": "Ciudad de M\u00e9xico, Distrito Federal (MEX-A. Internacional de la Ciudad de M\u00e9xico)", 
                "departure_time": "15:50"
            }
        ], 
        "ticket price": "5222.77", 
        "airline": "Interjet"
    }, 
    {
        "arrival": ", Monterrey", 
        "consult date": "10/05/2018", 
        "flight duration": "0 days 8 hours 19 minutes", 
        "plane": "Embraer 190", 
        "departure date": "13/06/2018", 
        "stops": "1", 
        "plane code": "E90", 
        "departure": ", Ciudad Obreg\u00f3n", 
        "timings": [
            {
                "arrival_airport": "Ciudad de M\u00e9xico, Distrito Federal (MEX-A. Internacional de la Ciudad de M\u00e9xico)", 
                "arrival_time": "11:45", 
                "departure_airport": "Ciudad Obreg\u00f3n, Sonora (CEN-A. Internacional de Ciudad Obreg\u00f3n)", 
                "departure_time": "07:26"
            }, 
            {
                "arrival_airport": "Monterrey, Nuevo Le\u00f3n (MTY-A. Internacional General Mariano Escobedo)", 
                "arrival_time": "17:45", 
                "departure_airport": "Ciudad de M\u00e9xico, Distrito Federal (MEX-A. Internacional de la Ciudad de M\u00e9xico)", 
                "departure_time": "16:00"
            }
        ], 
        "ticket price": "5757.00", 
        "airline": "Aeromexico"
    }, 
    {
        "arrival": ", Monterrey", 
        "consult date": "10/05/2018", 
        "flight duration": "0 days 7 hours 43 minutes", 
        "plane": "Embraer 190", 
        "departure date": "13/06/2018", 
        "stops": "2", 
        "plane code": "E90", 
        "departure": ", Ciudad Obreg\u00f3n", 
        "timings": [
            {
                "arrival_airport": "Ciudad de M\u00e9xico, Distrito Federal (MEX-A. Internacional de la Ciudad de M\u00e9xico)", 
                "arrival_time": "11:45", 
                "departure_airport": "Ciudad Obreg\u00f3n, Sonora (CEN-A. Internacional de Ciudad Obreg\u00f3n)", 
                "departure_time": "07:26"
            }, 
            {
                "arrival_airport": "Guadalajara, Jalisco (GDL-Don Miguel Hidalgo y Costilla Intl.)", 
                "arrival_time": "14:28", 
                "departure_airport": "Ciudad de M\u00e9xico, Distrito Federal (MEX-A. Internacional de la Ciudad de M\u00e9xico)", 
                "departure_time": "13:00"
            }, 
            {
                "arrival_airport": "Monterrey, Nuevo Le\u00f3n (MTY-A. Internacional General Mariano Escobedo)", 
                "arrival_time": "17:09", 
                "departure_airport": "Guadalajara, Jalisco (GDL-Don Miguel Hidalgo y Costilla Intl.)", 
                "departure_time": "15:38"
            }
        ], 
        "ticket price": "9631.00", 
        "airline": "Aeromexico"
    }
]