[
    {
        "arrival": ", Ciudad de M\u00e9xico", 
        "consult date": "10/05/2018", 
        "flight duration": "0 days 2 hours 21 minutes", 
        "plane": "Embraer 190", 
        "departure date": "17/07/2018", 
        "stops": 0, 
        "plane code": "E90", 
        "departure": ", Ciudad Obreg\u00f3n", 
        "timings": [
            {
                "arrival_airport": "Ciudad de M\u00e9xico, Distrito Federal (MEX-A. Internacional de la Ciudad de M\u00e9xico)", 
                "arrival_time": "23:30", 
                "departure_airport": "Ciudad Obreg\u00f3n, Sonora (CEN-A. Internacional de Ciudad Obreg\u00f3n)", 
                "departure_time": "19:09"
            }
        ], 
        "ticket price": "1691.00", 
        "airline": "Aeromexico"
    }, 
    {
        "arrival": ", Ciudad de M\u00e9xico", 
        "consult date": "10/05/2018", 
        "flight duration": "0 days 2 hours 21 minutes", 
        "plane": "Embraer 190", 
        "departure date": "17/07/2018", 
        "stops": 0, 
        "plane code": "E90", 
        "departure": ", Ciudad Obreg\u00f3n", 
        "timings": [
            {
                "arrival_airport": "Ciudad de M\u00e9xico, Distrito Federal (MEX-A. Internacional de la Ciudad de M\u00e9xico)", 
                "arrival_time": "11:35", 
                "departure_airport": "Ciudad Obreg\u00f3n, Sonora (CEN-A. Internacional de Ciudad Obreg\u00f3n)", 
                "departure_time": "07:14"
            }
        ], 
        "ticket price": "1691.00", 
        "airline": "Aeromexico"
    }, 
    {
        "arrival": ", Ciudad de M\u00e9xico", 
        "consult date": "10/05/2018", 
        "flight duration": "0 days 2 hours 10 minutes", 
        "plane": "", 
        "departure date": "17/07/2018", 
        "stops": 0, 
        "plane code": "", 
        "departure": ", Ciudad Obreg\u00f3n", 
        "timings": [
            {
                "arrival_airport": "Ciudad de M\u00e9xico, Distrito Federal (MEX-A. Internacional de la Ciudad de M\u00e9xico)", 
                "arrival_time": "13:10", 
                "departure_airport": "Ciudad Obreg\u00f3n, Sonora (CEN-A. Internacional de Ciudad Obreg\u00f3n)", 
                "departure_time": "09:00"
            }
        ], 
        "ticket price": "1838.88", 
        "airline": "Interjet"
    }
]