[
    {
        "arrival": ", Hermosillo", 
        "consult date": "10/05/2018", 
        "flight duration": "0 days 0 hours 50 minutes", 
        "plane": "", 
        "departure date": "21/11/2018", 
        "stops": 0, 
        "plane code": "", 
        "departure": ", Ciudad Obreg\u00f3n", 
        "timings": [
            {
                "arrival_airport": "Hermosillo, Sonora (HMO-A. Internacional General Ignacio Pesqueira Garc\u00eda)", 
                "arrival_time": "07:50", 
                "departure_airport": "Ciudad Obreg\u00f3n, Sonora (CEN-A. Internacional de Ciudad Obreg\u00f3n)", 
                "departure_time": "07:00"
            }
        ], 
        "ticket price": "1370.90", 
        "airline": "Calafia Airlines"
    }, 
    {
        "arrival": ", Hermosillo", 
        "consult date": "10/05/2018", 
        "flight duration": "0 days 8 hours 5 minutes", 
        "plane": "", 
        "departure date": "21/11/2018", 
        "stops": "1", 
        "plane code": "", 
        "departure": ", Ciudad Obreg\u00f3n", 
        "timings": [
            {
                "arrival_airport": "Ciudad de M\u00e9xico, Distrito Federal (MEX-A. Internacional de la Ciudad de M\u00e9xico)", 
                "arrival_time": "13:10", 
                "departure_airport": "Ciudad Obreg\u00f3n, Sonora (CEN-A. Internacional de Ciudad Obreg\u00f3n)", 
                "departure_time": "09:00"
            }, 
            {
                "arrival_airport": "Hermosillo, Sonora (HMO-A. Internacional General Ignacio Pesqueira Garc\u00eda)", 
                "arrival_time": "17:05", 
                "departure_airport": "Ciudad de M\u00e9xico, Distrito Federal (MEX-A. Internacional de la Ciudad de M\u00e9xico)", 
                "departure_time": "16:15"
            }
        ], 
        "ticket price": "1661.91", 
        "airline": "Interjet"
    }, 
    {
        "arrival": ", Hermosillo", 
        "consult date": "10/05/2018", 
        "flight duration": "0 days 10 hours 3 minutes", 
        "plane": "", 
        "departure date": "21/11/2018", 
        "stops": "1", 
        "plane code": "", 
        "departure": ", Ciudad Obreg\u00f3n", 
        "timings": [
            {
                "arrival_airport": "Guadalajara, Jalisco (GDL-Don Miguel Hidalgo y Costilla Intl.)", 
                "arrival_time": "00:57", 
                "departure_airport": "Ciudad Obreg\u00f3n, Sonora (CEN-A. Internacional de Ciudad Obreg\u00f3n)", 
                "departure_time": "21:03"
            }, 
            {
                "arrival_airport": "Hermosillo, Sonora (HMO-A. Internacional General Ignacio Pesqueira Garc\u00eda)", 
                "arrival_time": "07:06", 
                "departure_airport": "Guadalajara, Jalisco (GDL-Don Miguel Hidalgo y Costilla Intl.)", 
                "departure_time": "06:45"
            }
        ], 
        "ticket price": "2286.00", 
        "airline": "Volaris"
    }
]