[
    {
        "arrival": ", Tijuana", 
        "consult date": "10/05/2018", 
        "flight duration": "0 days 7 hours 37 minutes", 
        "plane": "Embraer 190", 
        "departure date": "21/09/2018", 
        "stops": "1", 
        "plane code": "E90", 
        "departure": ", Ciudad Ju\u00e1rez", 
        "timings": [
            {
                "arrival_airport": "Monterrey, Nuevo Le\u00f3n (MTY-A. Internacional General Mariano Escobedo)", 
                "arrival_time": "12:26", 
                "departure_airport": "Ciudad Ju\u00e1rez, Chihuahua (CJS-A. Internacional Abraham Gonz\u00e1lez)", 
                "departure_time": "09:44"
            }, 
            {
                "arrival_airport": "Tijuana, Baja California Norte (TIJ-A. Internacional General Abelardo L. Rodr\u00edguez)", 
                "arrival_time": "16:21", 
                "departure_airport": "Monterrey, Nuevo Le\u00f3n (MTY-A. Internacional General Mariano Escobedo)", 
                "departure_time": "15:22"
            }
        ], 
        "ticket price": "10240.00", 
        "airline": "Aeromexico"
    }, 
    {
        "arrival": ", Tijuana", 
        "consult date": "10/05/2018", 
        "flight duration": "0 days 12 hours 47 minutes", 
        "plane": "Embraer 190", 
        "departure date": "21/09/2018", 
        "stops": "2", 
        "plane code": "E90", 
        "departure": ", Ciudad Ju\u00e1rez", 
        "timings": [
            {
                "arrival_airport": "Ciudad de M\u00e9xico, Distrito Federal (MEX-A. Internacional de la Ciudad de M\u00e9xico)", 
                "arrival_time": "14:25", 
                "departure_airport": "Ciudad Ju\u00e1rez, Chihuahua (CJS-A. Internacional Abraham Gonz\u00e1lez)", 
                "departure_time": "10:46"
            }, 
            {
                "arrival_airport": "Guadalajara, Jalisco (GDL-Don Miguel Hidalgo y Costilla Intl.)", 
                "arrival_time": "19:17", 
                "departure_airport": "Ciudad de M\u00e9xico, Distrito Federal (MEX-A. Internacional de la Ciudad de M\u00e9xico)", 
                "departure_time": "18:00"
            }, 
            {
                "arrival_airport": "Tijuana, Baja California Norte (TIJ-A. Internacional General Abelardo L. Rodr\u00edguez)", 
                "arrival_time": "22:33", 
                "departure_airport": "Guadalajara, Jalisco (GDL-Don Miguel Hidalgo y Costilla Intl.)", 
                "departure_time": "21:30"
            }
        ], 
        "ticket price": "10936.00", 
        "airline": "Aeromexico"
    }, 
    {
        "arrival": ", Tijuana", 
        "consult date": "10/05/2018", 
        "flight duration": "0 days 12 hours 47 minutes", 
        "plane": "Embraer 190", 
        "departure date": "21/09/2018", 
        "stops": "2", 
        "plane code": "E90", 
        "departure": ", Ciudad Ju\u00e1rez", 
        "timings": [
            {
                "arrival_airport": "Ciudad de M\u00e9xico, Distrito Federal (MEX-A. Internacional de la Ciudad de M\u00e9xico)", 
                "arrival_time": "14:25", 
                "departure_airport": "Ciudad Ju\u00e1rez, Chihuahua (CJS-A. Internacional Abraham Gonz\u00e1lez)", 
                "departure_time": "10:46"
            }, 
            {
                "arrival_airport": "Guadalajara, Jalisco (GDL-Don Miguel Hidalgo y Costilla Intl.)", 
                "arrival_time": "18:16", 
                "departure_airport": "Ciudad de M\u00e9xico, Distrito Federal (MEX-A. Internacional de la Ciudad de M\u00e9xico)", 
                "departure_time": "17:00"
            }, 
            {
                "arrival_airport": "Tijuana, Baja California Norte (TIJ-A. Internacional General Abelardo L. Rodr\u00edguez)", 
                "arrival_time": "22:33", 
                "departure_airport": "Guadalajara, Jalisco (GDL-Don Miguel Hidalgo y Costilla Intl.)", 
                "departure_time": "21:30"
            }
        ], 
        "ticket price": "10936.00", 
        "airline": "Aeromexico"
    }, 
    {
        "arrival": ", Tijuana", 
        "consult date": "10/05/2018", 
        "flight duration": "0 days 12 hours 47 minutes", 
        "plane": "Embraer 190", 
        "departure date": "21/09/2018", 
        "stops": "2", 
        "plane code": "E90", 
        "departure": ", Ciudad Ju\u00e1rez", 
        "timings": [
            {
                "arrival_airport": "Ciudad de M\u00e9xico, Distrito Federal (MEX-A. Internacional de la Ciudad de M\u00e9xico)", 
                "arrival_time": "14:25", 
                "departure_airport": "Ciudad Ju\u00e1rez, Chihuahua (CJS-A. Internacional Abraham Gonz\u00e1lez)", 
                "departure_time": "10:46"
            }, 
            {
                "arrival_airport": "Guadalajara, Jalisco (GDL-Don Miguel Hidalgo y Costilla Intl.)", 
                "arrival_time": "20:20", 
                "departure_airport": "Ciudad de M\u00e9xico, Distrito Federal (MEX-A. Internacional de la Ciudad de M\u00e9xico)", 
                "departure_time": "19:00"
            }, 
            {
                "arrival_airport": "Tijuana, Baja California Norte (TIJ-A. Internacional General Abelardo L. Rodr\u00edguez)", 
                "arrival_time": "22:33", 
                "departure_airport": "Guadalajara, Jalisco (GDL-Don Miguel Hidalgo y Costilla Intl.)", 
                "departure_time": "21:30"
            }
        ], 
        "ticket price": "10936.00", 
        "airline": "Aeromexico"
    }, 
    {
        "arrival": ", Tijuana", 
        "consult date": "10/05/2018", 
        "flight duration": "0 days 10 hours 2 minutes", 
        "plane": "Embraer 190", 
        "departure date": "21/09/2018", 
        "stops": "2", 
        "plane code": "E90", 
        "departure": ", Ciudad Ju\u00e1rez", 
        "timings": [
            {
                "arrival_airport": "Ciudad de M\u00e9xico, Distrito Federal (MEX-A. Internacional de la Ciudad de M\u00e9xico)", 
                "arrival_time": "17:10", 
                "departure_airport": "Ciudad Ju\u00e1rez, Chihuahua (CJS-A. Internacional Abraham Gonz\u00e1lez)", 
                "departure_time": "13:31"
            }, 
            {
                "arrival_airport": "Guadalajara, Jalisco (GDL-Don Miguel Hidalgo y Costilla Intl.)", 
                "arrival_time": "20:20", 
                "departure_airport": "Ciudad de M\u00e9xico, Distrito Federal (MEX-A. Internacional de la Ciudad de M\u00e9xico)", 
                "departure_time": "19:00"
            }, 
            {
                "arrival_airport": "Tijuana, Baja California Norte (TIJ-A. Internacional General Abelardo L. Rodr\u00edguez)", 
                "arrival_time": "22:33", 
                "departure_airport": "Guadalajara, Jalisco (GDL-Don Miguel Hidalgo y Costilla Intl.)", 
                "departure_time": "21:30"
            }
        ], 
        "ticket price": "10936.00", 
        "airline": "Aeromexico"
    }, 
    {
        "arrival": ", Tijuana", 
        "consult date": "10/05/2018", 
        "flight duration": "0 days 12 hours 47 minutes", 
        "plane": "Embraer 190", 
        "departure date": "21/09/2018", 
        "stops": "2", 
        "plane code": "E90", 
        "departure": ", Ciudad Ju\u00e1rez", 
        "timings": [
            {
                "arrival_airport": "Ciudad de M\u00e9xico, Distrito Federal (MEX-A. Internacional de la Ciudad de M\u00e9xico)", 
                "arrival_time": "14:25", 
                "departure_airport": "Ciudad Ju\u00e1rez, Chihuahua (CJS-A. Internacional Abraham Gonz\u00e1lez)", 
                "departure_time": "10:46"
            }, 
            {
                "arrival_airport": "Guadalajara, Jalisco (GDL-Don Miguel Hidalgo y Costilla Intl.)", 
                "arrival_time": "17:25", 
                "departure_airport": "Ciudad de M\u00e9xico, Distrito Federal (MEX-A. Internacional de la Ciudad de M\u00e9xico)", 
                "departure_time": "16:05"
            }, 
            {
                "arrival_airport": "Tijuana, Baja California Norte (TIJ-A. Internacional General Abelardo L. Rodr\u00edguez)", 
                "arrival_time": "22:33", 
                "departure_airport": "Guadalajara, Jalisco (GDL-Don Miguel Hidalgo y Costilla Intl.)", 
                "departure_time": "21:30"
            }
        ], 
        "ticket price": "10936.00", 
        "airline": "Aeromexico"
    }, 
    {
        "arrival": ", Tijuana", 
        "consult date": "10/05/2018", 
        "flight duration": "0 days 10 hours 2 minutes", 
        "plane": "Embraer 190", 
        "departure date": "21/09/2018", 
        "stops": "2", 
        "plane code": "E90", 
        "departure": ", Ciudad Ju\u00e1rez", 
        "timings": [
            {
                "arrival_airport": "Ciudad de M\u00e9xico, Distrito Federal (MEX-A. Internacional de la Ciudad de M\u00e9xico)", 
                "arrival_time": "17:10", 
                "departure_airport": "Ciudad Ju\u00e1rez, Chihuahua (CJS-A. Internacional Abraham Gonz\u00e1lez)", 
                "departure_time": "13:31"
            }, 
            {
                "arrival_airport": "Guadalajara, Jalisco (GDL-Don Miguel Hidalgo y Costilla Intl.)", 
                "arrival_time": "19:17", 
                "departure_airport": "Ciudad de M\u00e9xico, Distrito Federal (MEX-A. Internacional de la Ciudad de M\u00e9xico)", 
                "departure_time": "18:00"
            }, 
            {
                "arrival_airport": "Tijuana, Baja California Norte (TIJ-A. Internacional General Abelardo L. Rodr\u00edguez)", 
                "arrival_time": "22:33", 
                "departure_airport": "Guadalajara, Jalisco (GDL-Don Miguel Hidalgo y Costilla Intl.)", 
                "departure_time": "21:30"
            }
        ], 
        "ticket price": "10936.00", 
        "airline": "Aeromexico"
    }, 
    {
        "arrival": ", Tijuana", 
        "consult date": "10/05/2018", 
        "flight duration": "0 days 13 hours 49 minutes", 
        "plane": "Embraer 190", 
        "departure date": "21/09/2018", 
        "stops": "2", 
        "plane code": "E90", 
        "departure": ", Ciudad Ju\u00e1rez", 
        "timings": [
            {
                "arrival_airport": "Monterrey, Nuevo Le\u00f3n (MTY-A. Internacional General Mariano Escobedo)", 
                "arrival_time": "12:26", 
                "departure_airport": "Ciudad Ju\u00e1rez, Chihuahua (CJS-A. Internacional Abraham Gonz\u00e1lez)", 
                "departure_time": "09:44"
            }, 
            {
                "arrival_airport": "Guadalajara, Jalisco (GDL-Don Miguel Hidalgo y Costilla Intl.)", 
                "arrival_time": "17:30", 
                "departure_airport": "Monterrey, Nuevo Le\u00f3n (MTY-A. Internacional General Mariano Escobedo)", 
                "departure_time": "16:00"
            }, 
            {
                "arrival_airport": "Tijuana, Baja California Norte (TIJ-A. Internacional General Abelardo L. Rodr\u00edguez)", 
                "arrival_time": "22:33", 
                "departure_airport": "Guadalajara, Jalisco (GDL-Don Miguel Hidalgo y Costilla Intl.)", 
                "departure_time": "21:30"
            }
        ], 
        "ticket price": "10937.00", 
        "airline": "Aeromexico"
    }, 
    {
        "arrival": ", Tijuana", 
        "consult date": "10/05/2018", 
        "flight duration": "0 days 12 hours 41 minutes", 
        "plane": "Embraer 190", 
        "departure date": "21/09/2018", 
        "stops": "2", 
        "plane code": "E90", 
        "departure": ", Ciudad Ju\u00e1rez", 
        "timings": [
            {
                "arrival_airport": "Monterrey, Nuevo Le\u00f3n (MTY-A. Internacional General Mariano Escobedo)", 
                "arrival_time": "12:26", 
                "departure_airport": "Ciudad Ju\u00e1rez, Chihuahua (CJS-A. Internacional Abraham Gonz\u00e1lez)", 
                "departure_time": "09:44"
            }, 
            {
                "arrival_airport": "Ciudad de M\u00e9xico, Distrito Federal (MEX-A. Internacional de la Ciudad de M\u00e9xico)", 
                "arrival_time": "15:15", 
                "departure_airport": "Monterrey, Nuevo Le\u00f3n (MTY-A. Internacional General Mariano Escobedo)", 
                "departure_time": "13:41"
            }, 
            {
                "arrival_airport": "Tijuana, Baja California Norte (TIJ-A. Internacional General Abelardo L. Rodr\u00edguez)", 
                "arrival_time": "21:25", 
                "departure_airport": "Ciudad de M\u00e9xico, Distrito Federal (MEX-A. Internacional de la Ciudad de M\u00e9xico)", 
                "departure_time": "19:50"
            }
        ], 
        "ticket price": "11382.00", 
        "airline": "Aeromexico"
    }, 
    {
        "arrival": ", Tijuana", 
        "consult date": "10/05/2018", 
        "flight duration": "0 days 12 hours 41 minutes", 
        "plane": "Embraer 190", 
        "departure date": "21/09/2018", 
        "stops": "2", 
        "plane code": "E90", 
        "departure": ", Ciudad Ju\u00e1rez", 
        "timings": [
            {
                "arrival_airport": "Monterrey, Nuevo Le\u00f3n (MTY-A. Internacional General Mariano Escobedo)", 
                "arrival_time": "12:26", 
                "departure_airport": "Ciudad Ju\u00e1rez, Chihuahua (CJS-A. Internacional Abraham Gonz\u00e1lez)", 
                "departure_time": "09:44"
            }, 
            {
                "arrival_airport": "Ciudad de M\u00e9xico, Distrito Federal (MEX-A. Internacional de la Ciudad de M\u00e9xico)", 
                "arrival_time": "18:50", 
                "departure_airport": "Monterrey, Nuevo Le\u00f3n (MTY-A. Internacional General Mariano Escobedo)", 
                "departure_time": "17:20"
            }, 
            {
                "arrival_airport": "Tijuana, Baja California Norte (TIJ-A. Internacional General Abelardo L. Rodr\u00edguez)", 
                "arrival_time": "21:25", 
                "departure_airport": "Ciudad de M\u00e9xico, Distrito Federal (MEX-A. Internacional de la Ciudad de M\u00e9xico)", 
                "departure_time": "19:50"
            }
        ], 
        "ticket price": "11382.00", 
        "airline": "Aeromexico"
    }, 
    {
        "arrival": ", Tijuana", 
        "consult date": "10/05/2018", 
        "flight duration": "0 days 12 hours 41 minutes", 
        "plane": "Embraer 190", 
        "departure date": "21/09/2018", 
        "stops": "2", 
        "plane code": "E90", 
        "departure": ", Ciudad Ju\u00e1rez", 
        "timings": [
            {
                "arrival_airport": "Monterrey, Nuevo Le\u00f3n (MTY-A. Internacional General Mariano Escobedo)", 
                "arrival_time": "12:26", 
                "departure_airport": "Ciudad Ju\u00e1rez, Chihuahua (CJS-A. Internacional Abraham Gonz\u00e1lez)", 
                "departure_time": "09:44"
            }, 
            {
                "arrival_airport": "Ciudad de M\u00e9xico, Distrito Federal (MEX-A. Internacional de la Ciudad de M\u00e9xico)", 
                "arrival_time": "17:00", 
                "departure_airport": "Monterrey, Nuevo Le\u00f3n (MTY-A. Internacional General Mariano Escobedo)", 
                "departure_time": "15:24"
            }, 
            {
                "arrival_airport": "Tijuana, Baja California Norte (TIJ-A. Internacional General Abelardo L. Rodr\u00edguez)", 
                "arrival_time": "21:25", 
                "departure_airport": "Ciudad de M\u00e9xico, Distrito Federal (MEX-A. Internacional de la Ciudad de M\u00e9xico)", 
                "departure_time": "19:50"
            }
        ], 
        "ticket price": "11382.00", 
        "airline": "Aeromexico"
    }, 
    {
        "arrival": ", Tijuana", 
        "consult date": "10/05/2018", 
        "flight duration": "0 days 12 hours 41 minutes", 
        "plane": "Embraer 190", 
        "departure date": "21/09/2018", 
        "stops": "2", 
        "plane code": "E90", 
        "departure": ", Ciudad Ju\u00e1rez", 
        "timings": [
            {
                "arrival_airport": "Monterrey, Nuevo Le\u00f3n (MTY-A. Internacional General Mariano Escobedo)", 
                "arrival_time": "12:26", 
                "departure_airport": "Ciudad Ju\u00e1rez, Chihuahua (CJS-A. Internacional Abraham Gonz\u00e1lez)", 
                "departure_time": "09:44"
            }, 
            {
                "arrival_airport": "Ciudad de M\u00e9xico, Distrito Federal (MEX-A. Internacional de la Ciudad de M\u00e9xico)", 
                "arrival_time": "17:55", 
                "departure_airport": "Monterrey, Nuevo Le\u00f3n (MTY-A. Internacional General Mariano Escobedo)", 
                "departure_time": "16:20"
            }, 
            {
                "arrival_airport": "Tijuana, Baja California Norte (TIJ-A. Internacional General Abelardo L. Rodr\u00edguez)", 
                "arrival_time": "21:25", 
                "departure_airport": "Ciudad de M\u00e9xico, Distrito Federal (MEX-A. Internacional de la Ciudad de M\u00e9xico)", 
                "departure_time": "19:50"
            }
        ], 
        "ticket price": "11382.00", 
        "airline": "Aeromexico"
    }, 
    {
        "arrival": ", Tijuana", 
        "consult date": "10/05/2018", 
        "flight duration": "0 days 12 hours 41 minutes", 
        "plane": "Embraer 190", 
        "departure date": "21/09/2018", 
        "stops": "2", 
        "plane code": "E90", 
        "departure": ", Ciudad Ju\u00e1rez", 
        "timings": [
            {
                "arrival_airport": "Monterrey, Nuevo Le\u00f3n (MTY-A. Internacional General Mariano Escobedo)", 
                "arrival_time": "12:26", 
                "departure_airport": "Ciudad Ju\u00e1rez, Chihuahua (CJS-A. Internacional Abraham Gonz\u00e1lez)", 
                "departure_time": "09:44"
            }, 
            {
                "arrival_airport": "Ciudad de M\u00e9xico, Distrito Federal (MEX-A. Internacional de la Ciudad de M\u00e9xico)", 
                "arrival_time": "16:00", 
                "departure_airport": "Monterrey, Nuevo Le\u00f3n (MTY-A. Internacional General Mariano Escobedo)", 
                "departure_time": "14:27"
            }, 
            {
                "arrival_airport": "Tijuana, Baja California Norte (TIJ-A. Internacional General Abelardo L. Rodr\u00edguez)", 
                "arrival_time": "21:25", 
                "departure_airport": "Ciudad de M\u00e9xico, Distrito Federal (MEX-A. Internacional de la Ciudad de M\u00e9xico)", 
                "departure_time": "19:50"
            }
        ], 
        "ticket price": "11382.00", 
        "airline": "Aeromexico"
    }, 
    {
        "arrival": ", Tijuana", 
        "consult date": "10/05/2018", 
        "flight duration": "0 days 13 hours 0 minutes", 
        "plane": "Embraer 190", 
        "departure date": "21/09/2018", 
        "stops": "2", 
        "plane code": "E90", 
        "departure": ", Ciudad Ju\u00e1rez", 
        "timings": [
            {
                "arrival_airport": "Ciudad de M\u00e9xico, Distrito Federal (MEX-A. Internacional de la Ciudad de M\u00e9xico)", 
                "arrival_time": "14:25", 
                "departure_airport": "Ciudad Ju\u00e1rez, Chihuahua (CJS-A. Internacional Abraham Gonz\u00e1lez)", 
                "departure_time": "10:46"
            }, 
            {
                "arrival_airport": "Le\u00f3n, Guanajuato (BJX-Del Baj\u00edo)", 
                "arrival_time": "16:40", 
                "departure_airport": "Ciudad de M\u00e9xico, Distrito Federal (MEX-A. Internacional de la Ciudad de M\u00e9xico)", 
                "departure_time": "15:30"
            }, 
            {
                "arrival_airport": "Tijuana, Baja California Norte (TIJ-A. Internacional General Abelardo L. Rodr\u00edguez)", 
                "arrival_time": "22:46", 
                "departure_airport": "Le\u00f3n, Guanajuato (BJX-Del Baj\u00edo)", 
                "departure_time": "21:30"
            }
        ], 
        "ticket price": "12062.00", 
        "airline": "Aeromexico"
    }, 
    {
        "arrival": ", Tijuana", 
        "consult date": "10/05/2018", 
        "flight duration": "0 days 2 hours 1 minutes", 
        "plane": "", 
        "departure date": "21/09/2018", 
        "stops": 0, 
        "plane code": "", 
        "departure": ", Ciudad Ju\u00e1rez", 
        "timings": [
            {
                "arrival_airport": "Tijuana, Baja California Norte (TIJ-A. Internacional General Abelardo L. Rodr\u00edguez)", 
                "arrival_time": "21:07", 
                "departure_airport": "Ciudad Ju\u00e1rez, Chihuahua (CJS-A. Internacional Abraham Gonz\u00e1lez)", 
                "departure_time": "20:06"
            }
        ], 
        "ticket price": "2824.00", 
        "airline": "Volaris"
    }, 
    {
        "arrival": ", Tijuana", 
        "consult date": "10/05/2018", 
        "flight duration": "0 days 11 hours 21 minutes", 
        "plane": "", 
        "departure date": "21/09/2018", 
        "stops": "1", 
        "plane code": "", 
        "departure": ", Ciudad Ju\u00e1rez", 
        "timings": [
            {
                "arrival_airport": "Guadalajara, Jalisco (GDL-Don Miguel Hidalgo y Costilla Intl.)", 
                "arrival_time": "23:02", 
                "departure_airport": "Ciudad Ju\u00e1rez, Chihuahua (CJS-A. Internacional Abraham Gonz\u00e1lez)", 
                "departure_time": "19:47"
            }, 
            {
                "arrival_airport": "Tijuana, Baja California Norte (TIJ-A. Internacional General Abelardo L. Rodr\u00edguez)", 
                "arrival_time": "06:08", 
                "departure_airport": "Guadalajara, Jalisco (GDL-Don Miguel Hidalgo y Costilla Intl.)", 
                "departure_time": "05:00"
            }
        ], 
        "ticket price": "4573.00", 
        "airline": "Volaris"
    }, 
    {
        "arrival": ", Tijuana", 
        "consult date": "10/05/2018", 
        "flight duration": "0 days 15 hours 45 minutes", 
        "plane": "", 
        "departure date": "21/09/2018", 
        "stops": "1", 
        "plane code": "", 
        "departure": ", Ciudad Ju\u00e1rez", 
        "timings": [
            {
                "arrival_airport": "Ciudad de M\u00e9xico, Distrito Federal (MEX-A. Internacional de la Ciudad de M\u00e9xico)", 
                "arrival_time": "12:15", 
                "departure_airport": "Ciudad Ju\u00e1rez, Chihuahua (CJS-A. Internacional Abraham Gonz\u00e1lez)", 
                "departure_time": "08:50"
            }, 
            {
                "arrival_airport": "Tijuana, Baja California Norte (TIJ-A. Internacional General Abelardo L. Rodr\u00edguez)", 
                "arrival_time": "23:35", 
                "departure_airport": "Ciudad de M\u00e9xico, Distrito Federal (MEX-A. Internacional de la Ciudad de M\u00e9xico)", 
                "departure_time": "22:00"
            }
        ], 
        "ticket price": "4575.58", 
        "airline": "Interjet"
    }, 
    {
        "arrival": ", Tijuana", 
        "consult date": "10/05/2018", 
        "flight duration": "0 days 14 hours 0 minutes", 
        "plane": "", 
        "departure date": "21/09/2018", 
        "stops": "1", 
        "plane code": "", 
        "departure": ", Ciudad Ju\u00e1rez", 
        "timings": [
            {
                "arrival_airport": "Ciudad de M\u00e9xico, Distrito Federal (MEX-A. Internacional de la Ciudad de M\u00e9xico)", 
                "arrival_time": "22:45", 
                "departure_airport": "Ciudad Ju\u00e1rez, Chihuahua (CJS-A. Internacional Abraham Gonz\u00e1lez)", 
                "departure_time": "19:15"
            }, 
            {
                "arrival_airport": "Tijuana, Baja California Norte (TIJ-A. Internacional General Abelardo L. Rodr\u00edguez)", 
                "arrival_time": "08:15", 
                "departure_airport": "Ciudad de M\u00e9xico, Distrito Federal (MEX-A. Internacional de la Ciudad de M\u00e9xico)", 
                "departure_time": "06:35"
            }
        ], 
        "ticket price": "4761.68", 
        "airline": "Interjet"
    }, 
    {
        "arrival": ", Tijuana", 
        "consult date": "10/05/2018", 
        "flight duration": "0 days 9 hours 6 minutes", 
        "plane": "Embraer 190", 
        "departure date": "21/09/2018", 
        "stops": "1", 
        "plane code": "E90", 
        "departure": ", Ciudad Ju\u00e1rez", 
        "timings": [
            {
                "arrival_airport": "Ciudad de M\u00e9xico, Distrito Federal (MEX-A. Internacional de la Ciudad de M\u00e9xico)", 
                "arrival_time": "09:40", 
                "departure_airport": "Ciudad Ju\u00e1rez, Chihuahua (CJS-A. Internacional Abraham Gonz\u00e1lez)", 
                "departure_time": "06:04"
            }, 
            {
                "arrival_airport": "Tijuana, Baja California Norte (TIJ-A. Internacional General Abelardo L. Rodr\u00edguez)", 
                "arrival_time": "14:10", 
                "departure_airport": "Ciudad de M\u00e9xico, Distrito Federal (MEX-A. Internacional de la Ciudad de M\u00e9xico)", 
                "departure_time": "12:20"
            }
        ], 
        "ticket price": "5368.00", 
        "airline": "Aeromexico"
    }, 
    {
        "arrival": ", Tijuana", 
        "consult date": "10/05/2018", 
        "flight duration": "0 days 11 hours 4 minutes", 
        "plane": "Embraer 190", 
        "departure date": "21/09/2018", 
        "stops": "1", 
        "plane code": "E90", 
        "departure": ", Ciudad Ju\u00e1rez", 
        "timings": [
            {
                "arrival_airport": "Ciudad de M\u00e9xico, Distrito Federal (MEX-A. Internacional de la Ciudad de M\u00e9xico)", 
                "arrival_time": "17:10", 
                "departure_airport": "Ciudad Ju\u00e1rez, Chihuahua (CJS-A. Internacional Abraham Gonz\u00e1lez)", 
                "departure_time": "13:31"
            }, 
            {
                "arrival_airport": "Tijuana, Baja California Norte (TIJ-A. Internacional General Abelardo L. Rodr\u00edguez)", 
                "arrival_time": "23:35", 
                "departure_airport": "Ciudad de M\u00e9xico, Distrito Federal (MEX-A. Internacional de la Ciudad de M\u00e9xico)", 
                "departure_time": "21:55"
            }
        ], 
        "ticket price": "5368.00", 
        "airline": "Aeromexico"
    }, 
    {
        "arrival": ", Tijuana", 
        "consult date": "10/05/2018", 
        "flight duration": "0 days 12 hours 0 minutes", 
        "plane": "Embraer 190", 
        "departure date": "21/09/2018", 
        "stops": "2", 
        "plane code": "E90", 
        "departure": ", Ciudad Ju\u00e1rez", 
        "timings": [
            {
                "arrival_airport": "Ciudad de M\u00e9xico, Distrito Federal (MEX-A. Internacional de la Ciudad de M\u00e9xico)", 
                "arrival_time": "17:10", 
                "departure_airport": "Ciudad Ju\u00e1rez, Chihuahua (CJS-A. Internacional Abraham Gonz\u00e1lez)", 
                "departure_time": "13:31"
            }, 
            {
                "arrival_airport": "Durango, Durango (DGO-A. Internacional Guadalupe Victoria de Durango)", 
                "arrival_time": "23:17", 
                "departure_airport": "Ciudad de M\u00e9xico, Distrito Federal (MEX-A. Internacional de la Ciudad de M\u00e9xico)", 
                "departure_time": "21:35"
            }, 
            {
                "arrival_airport": "Tijuana, Baja California Norte (TIJ-A. Internacional General Abelardo L. Rodr\u00edguez)", 
                "arrival_time": "00:31", 
                "departure_airport": "Durango, Durango (DGO-A. Internacional Guadalupe Victoria de Durango)", 
                "departure_time": "23:48"
            }
        ], 
        "ticket price": "5368.00", 
        "airline": "Aeromexico"
    }, 
    {
        "arrival": ", Tijuana", 
        "consult date": "10/05/2018", 
        "flight duration": "0 days 8 hours 54 minutes", 
        "plane": "Embraer 190", 
        "departure date": "21/09/2018", 
        "stops": "1", 
        "plane code": "E90", 
        "departure": ", Ciudad Ju\u00e1rez", 
        "timings": [
            {
                "arrival_airport": "Ciudad de M\u00e9xico, Distrito Federal (MEX-A. Internacional de la Ciudad de M\u00e9xico)", 
                "arrival_time": "17:10", 
                "departure_airport": "Ciudad Ju\u00e1rez, Chihuahua (CJS-A. Internacional Abraham Gonz\u00e1lez)", 
                "departure_time": "13:31"
            }, 
            {
                "arrival_airport": "Tijuana, Baja California Norte (TIJ-A. Internacional General Abelardo L. Rodr\u00edguez)", 
                "arrival_time": "21:25", 
                "departure_airport": "Ciudad de M\u00e9xico, Distrito Federal (MEX-A. Internacional de la Ciudad de M\u00e9xico)", 
                "departure_time": "19:50"
            }
        ], 
        "ticket price": "5368.00", 
        "airline": "Aeromexico"
    }, 
    {
        "arrival": ", Tijuana", 
        "consult date": "10/05/2018", 
        "flight duration": "0 days 6 hours 30 minutes", 
        "plane": "", 
        "departure date": "21/09/2018", 
        "stops": "1", 
        "plane code": "", 
        "departure": ", Ciudad Ju\u00e1rez", 
        "timings": [
            {
                "arrival_airport": "Guadalajara, Jalisco (GDL-Don Miguel Hidalgo y Costilla Intl.)", 
                "arrival_time": "11:37", 
                "departure_airport": "Ciudad Ju\u00e1rez, Chihuahua (CJS-A. Internacional Abraham Gonz\u00e1lez)", 
                "departure_time": "08:22"
            }, 
            {
                "arrival_airport": "Tijuana, Baja California Norte (TIJ-A. Internacional General Abelardo L. Rodr\u00edguez)", 
                "arrival_time": "13:52", 
                "departure_airport": "Guadalajara, Jalisco (GDL-Don Miguel Hidalgo y Costilla Intl.)", 
                "departure_time": "12:44"
            }
        ], 
        "ticket price": "5413.00", 
        "airline": "Volaris"
    }, 
    {
        "arrival": ", Tijuana", 
        "consult date": "10/05/2018", 
        "flight duration": "0 days 11 hours 8 minutes", 
        "plane": "", 
        "departure date": "21/09/2018", 
        "stops": "1", 
        "plane code": "", 
        "departure": ", Ciudad Ju\u00e1rez", 
        "timings": [
            {
                "arrival_airport": "Guadalajara, Jalisco (GDL-Don Miguel Hidalgo y Costilla Intl.)", 
                "arrival_time": "11:37", 
                "departure_airport": "Ciudad Ju\u00e1rez, Chihuahua (CJS-A. Internacional Abraham Gonz\u00e1lez)", 
                "departure_time": "08:22"
            }, 
            {
                "arrival_airport": "Tijuana, Baja California Norte (TIJ-A. Internacional General Abelardo L. Rodr\u00edguez)", 
                "arrival_time": "18:30", 
                "departure_airport": "Guadalajara, Jalisco (GDL-Don Miguel Hidalgo y Costilla Intl.)", 
                "departure_time": "17:22"
            }
        ], 
        "ticket price": "5413.00", 
        "airline": "Volaris"
    }, 
    {
        "arrival": ", Tijuana", 
        "consult date": "10/05/2018", 
        "flight duration": "0 days 9 hours 4 minutes", 
        "plane": "", 
        "departure date": "21/09/2018", 
        "stops": "1", 
        "plane code": "", 
        "departure": ", Ciudad Ju\u00e1rez", 
        "timings": [
            {
                "arrival_airport": "Guadalajara, Jalisco (GDL-Don Miguel Hidalgo y Costilla Intl.)", 
                "arrival_time": "11:37", 
                "departure_airport": "Ciudad Ju\u00e1rez, Chihuahua (CJS-A. Internacional Abraham Gonz\u00e1lez)", 
                "departure_time": "08:22"
            }, 
            {
                "arrival_airport": "Tijuana, Baja California Norte (TIJ-A. Internacional General Abelardo L. Rodr\u00edguez)", 
                "arrival_time": "16:26", 
                "departure_airport": "Guadalajara, Jalisco (GDL-Don Miguel Hidalgo y Costilla Intl.)", 
                "departure_time": "15:18"
            }
        ], 
        "ticket price": "5413.00", 
        "airline": "Volaris"
    }, 
    {
        "arrival": ", Tijuana", 
        "consult date": "10/05/2018", 
        "flight duration": "0 days 12 hours 5 minutes", 
        "plane": "", 
        "departure date": "21/09/2018", 
        "stops": "1", 
        "plane code": "", 
        "departure": ", Ciudad Ju\u00e1rez", 
        "timings": [
            {
                "arrival_airport": "Ciudad de M\u00e9xico, Distrito Federal (MEX-A. Internacional de la Ciudad de M\u00e9xico)", 
                "arrival_time": "09:30", 
                "departure_airport": "Ciudad Ju\u00e1rez, Chihuahua (CJS-A. Internacional Abraham Gonz\u00e1lez)", 
                "departure_time": "06:00"
            }, 
            {
                "arrival_airport": "Tijuana, Baja California Norte (TIJ-A. Internacional General Abelardo L. Rodr\u00edguez)", 
                "arrival_time": "17:05", 
                "departure_airport": "Ciudad de M\u00e9xico, Distrito Federal (MEX-A. Internacional de la Ciudad de M\u00e9xico)", 
                "departure_time": "15:25"
            }
        ], 
        "ticket price": "6714.22", 
        "airline": "Interjet"
    }, 
    {
        "arrival": ", Tijuana", 
        "consult date": "10/05/2018", 
        "flight duration": "0 days 9 hours 15 minutes", 
        "plane": "", 
        "departure date": "21/09/2018", 
        "stops": "1", 
        "plane code": "", 
        "departure": ", Ciudad Ju\u00e1rez", 
        "timings": [
            {
                "arrival_airport": "Ciudad de M\u00e9xico, Distrito Federal (MEX-A. Internacional de la Ciudad de M\u00e9xico)", 
                "arrival_time": "12:15", 
                "departure_airport": "Ciudad Ju\u00e1rez, Chihuahua (CJS-A. Internacional Abraham Gonz\u00e1lez)", 
                "departure_time": "08:50"
            }, 
            {
                "arrival_airport": "Tijuana, Baja California Norte (TIJ-A. Internacional General Abelardo L. Rodr\u00edguez)", 
                "arrival_time": "17:05", 
                "departure_airport": "Ciudad de M\u00e9xico, Distrito Federal (MEX-A. Internacional de la Ciudad de M\u00e9xico)", 
                "departure_time": "15:25"
            }
        ], 
        "ticket price": "6714.22", 
        "airline": "Interjet"
    }
]