[
    {
        "arrival": ", Acapulco", 
        "consult date": "10/05/2018", 
        "flight duration": "0 days 11 hours 30 minutes", 
        "plane": "", 
        "departure date": "18/11/2018", 
        "stops": "1", 
        "plane code": "", 
        "departure": ", Ciudad Ju\u00e1rez", 
        "timings": [
            {
                "arrival_airport": "Ciudad de M\u00e9xico, Distrito Federal (MEX-A. Internacional de la Ciudad de M\u00e9xico)", 
                "arrival_time": "09:30", 
                "departure_airport": "Ciudad Ju\u00e1rez, Chihuahua (CJS-A. Internacional Abraham Gonz\u00e1lez)", 
                "departure_time": "06:00"
            }, 
            {
                "arrival_airport": "Acapulco, Guerrero (ACA-A. Internacional General Juan N. \u00c1lvarez)", 
                "arrival_time": "18:30", 
                "departure_airport": "Ciudad de M\u00e9xico, Distrito Federal (MEX-A. Internacional de la Ciudad de M\u00e9xico)", 
                "departure_time": "17:30"
            }
        ], 
        "ticket price": "2196.95", 
        "airline": "Interjet"
    }, 
    {
        "arrival": ", Acapulco", 
        "consult date": "10/05/2018", 
        "flight duration": "0 days 4 hours 55 minutes", 
        "plane": "", 
        "departure date": "18/11/2018", 
        "stops": "1", 
        "plane code": "", 
        "departure": ", Ciudad Ju\u00e1rez", 
        "timings": [
            {
                "arrival_airport": "Ciudad de M\u00e9xico, Distrito Federal (MEX-A. Internacional de la Ciudad de M\u00e9xico)", 
                "arrival_time": "09:30", 
                "departure_airport": "Ciudad Ju\u00e1rez, Chihuahua (CJS-A. Internacional Abraham Gonz\u00e1lez)", 
                "departure_time": "06:00"
            }, 
            {
                "arrival_airport": "Acapulco, Guerrero (ACA-A. Internacional General Juan N. \u00c1lvarez)", 
                "arrival_time": "11:55", 
                "departure_airport": "Ciudad de M\u00e9xico, Distrito Federal (MEX-A. Internacional de la Ciudad de M\u00e9xico)", 
                "departure_time": "11:00"
            }
        ], 
        "ticket price": "2392.96", 
        "airline": "Interjet"
    }, 
    {
        "arrival": ", Acapulco", 
        "consult date": "10/05/2018", 
        "flight duration": "0 days 7 hours 28 minutes", 
        "plane": "EMBRAER 170", 
        "departure date": "18/11/2018", 
        "stops": "2", 
        "plane code": "E70", 
        "departure": ", Ciudad Ju\u00e1rez", 
        "timings": [
            {
                "arrival_airport": "Monterrey, Nuevo Le\u00f3n (MTY-A. Internacional General Mariano Escobedo)", 
                "arrival_time": "12:23", 
                "departure_airport": "Ciudad Ju\u00e1rez, Chihuahua (CJS-A. Internacional Abraham Gonz\u00e1lez)", 
                "departure_time": "09:44"
            }, 
            {
                "arrival_airport": "Ciudad de M\u00e9xico, Distrito Federal (MEX-A. Internacional de la Ciudad de M\u00e9xico)", 
                "arrival_time": "15:15", 
                "departure_airport": "Monterrey, Nuevo Le\u00f3n (MTY-A. Internacional General Mariano Escobedo)", 
                "departure_time": "13:42"
            }, 
            {
                "arrival_airport": "Acapulco, Guerrero (ACA-A. Internacional General Juan N. \u00c1lvarez)", 
                "arrival_time": "18:12", 
                "departure_airport": "Ciudad de M\u00e9xico, Distrito Federal (MEX-A. Internacional de la Ciudad de M\u00e9xico)", 
                "departure_time": "17:10"
            }
        ], 
        "ticket price": "2981.00", 
        "airline": "Aeromexico"
    }, 
    {
        "arrival": ", Acapulco", 
        "consult date": "10/05/2018", 
        "flight duration": "0 days 7 hours 28 minutes", 
        "plane": "EMBRAER 170", 
        "departure date": "18/11/2018", 
        "stops": "2", 
        "plane code": "E70", 
        "departure": ", Ciudad Ju\u00e1rez", 
        "timings": [
            {
                "arrival_airport": "Monterrey, Nuevo Le\u00f3n (MTY-A. Internacional General Mariano Escobedo)", 
                "arrival_time": "12:23", 
                "departure_airport": "Ciudad Ju\u00e1rez, Chihuahua (CJS-A. Internacional Abraham Gonz\u00e1lez)", 
                "departure_time": "09:44"
            }, 
            {
                "arrival_airport": "Ciudad de M\u00e9xico, Distrito Federal (MEX-A. Internacional de la Ciudad de M\u00e9xico)", 
                "arrival_time": "16:00", 
                "departure_airport": "Monterrey, Nuevo Le\u00f3n (MTY-A. Internacional General Mariano Escobedo)", 
                "departure_time": "14:26"
            }, 
            {
                "arrival_airport": "Acapulco, Guerrero (ACA-A. Internacional General Juan N. \u00c1lvarez)", 
                "arrival_time": "18:12", 
                "departure_airport": "Ciudad de M\u00e9xico, Distrito Federal (MEX-A. Internacional de la Ciudad de M\u00e9xico)", 
                "departure_time": "17:10"
            }
        ], 
        "ticket price": "2981.00", 
        "airline": "Aeromexico"
    }, 
    {
        "arrival": ", Acapulco", 
        "consult date": "10/05/2018", 
        "flight duration": "0 days 4 hours 36 minutes", 
        "plane": "Embraer 190", 
        "departure date": "18/11/2018", 
        "stops": "1", 
        "plane code": "E90", 
        "departure": ", Ciudad Ju\u00e1rez", 
        "timings": [
            {
                "arrival_airport": "Ciudad de M\u00e9xico, Distrito Federal (MEX-A. Internacional de la Ciudad de M\u00e9xico)", 
                "arrival_time": "09:35", 
                "departure_airport": "Ciudad Ju\u00e1rez, Chihuahua (CJS-A. Internacional Abraham Gonz\u00e1lez)", 
                "departure_time": "06:02"
            }, 
            {
                "arrival_airport": "Acapulco, Guerrero (ACA-A. Internacional General Juan N. \u00c1lvarez)", 
                "arrival_time": "11:38", 
                "departure_airport": "Ciudad de M\u00e9xico, Distrito Federal (MEX-A. Internacional de la Ciudad de M\u00e9xico)", 
                "departure_time": "10:30"
            }
        ], 
        "ticket price": "3357.00", 
        "airline": "Aeromexico"
    }, 
    {
        "arrival": ", Acapulco", 
        "consult date": "10/05/2018", 
        "flight duration": "0 days 6 hours 21 minutes", 
        "plane": "Embraer 190", 
        "departure date": "18/11/2018", 
        "stops": "1", 
        "plane code": "E90", 
        "departure": ", Ciudad Ju\u00e1rez", 
        "timings": [
            {
                "arrival_airport": "Ciudad de M\u00e9xico, Distrito Federal (MEX-A. Internacional de la Ciudad de M\u00e9xico)", 
                "arrival_time": "14:25", 
                "departure_airport": "Ciudad Ju\u00e1rez, Chihuahua (CJS-A. Internacional Abraham Gonz\u00e1lez)", 
                "departure_time": "10:51"
            }, 
            {
                "arrival_airport": "Acapulco, Guerrero (ACA-A. Internacional General Juan N. \u00c1lvarez)", 
                "arrival_time": "18:12", 
                "departure_airport": "Ciudad de M\u00e9xico, Distrito Federal (MEX-A. Internacional de la Ciudad de M\u00e9xico)", 
                "departure_time": "17:10"
            }
        ], 
        "ticket price": "3357.00", 
        "airline": "Aeromexico"
    }, 
    {
        "arrival": ", Acapulco", 
        "consult date": "10/05/2018", 
        "flight duration": "0 days 7 hours 31 minutes", 
        "plane": "Embraer 190", 
        "departure date": "18/11/2018", 
        "stops": "1", 
        "plane code": "E90", 
        "departure": ", Ciudad Ju\u00e1rez", 
        "timings": [
            {
                "arrival_airport": "Ciudad de M\u00e9xico, Distrito Federal (MEX-A. Internacional de la Ciudad de M\u00e9xico)", 
                "arrival_time": "09:35", 
                "departure_airport": "Ciudad Ju\u00e1rez, Chihuahua (CJS-A. Internacional Abraham Gonz\u00e1lez)", 
                "departure_time": "06:02"
            }, 
            {
                "arrival_airport": "Acapulco, Guerrero (ACA-A. Internacional General Juan N. \u00c1lvarez)", 
                "arrival_time": "14:33", 
                "departure_airport": "Ciudad de M\u00e9xico, Distrito Federal (MEX-A. Internacional de la Ciudad de M\u00e9xico)", 
                "departure_time": "13:25"
            }
        ], 
        "ticket price": "3357.00", 
        "airline": "Aeromexico"
    }, 
    {
        "arrival": ", Acapulco", 
        "consult date": "10/05/2018", 
        "flight duration": "0 days 5 hours 3 minutes", 
        "plane": "Embraer 190", 
        "departure date": "18/11/2018", 
        "stops": "1", 
        "plane code": "E90", 
        "departure": ", Ciudad Ju\u00e1rez", 
        "timings": [
            {
                "arrival_airport": "Ciudad de M\u00e9xico, Distrito Federal (MEX-A. Internacional de la Ciudad de M\u00e9xico)", 
                "arrival_time": "09:35", 
                "departure_airport": "Ciudad Ju\u00e1rez, Chihuahua (CJS-A. Internacional Abraham Gonz\u00e1lez)", 
                "departure_time": "06:02"
            }, 
            {
                "arrival_airport": "Acapulco, Guerrero (ACA-A. Internacional General Juan N. \u00c1lvarez)", 
                "arrival_time": "12:05", 
                "departure_airport": "Ciudad de M\u00e9xico, Distrito Federal (MEX-A. Internacional de la Ciudad de M\u00e9xico)", 
                "departure_time": "10:50"
            }
        ], 
        "ticket price": "4040.00", 
        "airline": "Aerolitoral DBA Aeromexico Connect"
    }
]