[
    {
        "arrival": ", Canc\u00fan", 
        "consult date": "10/05/2018", 
        "flight duration": "0 days 16 hours 5 minutes", 
        "plane": "", 
        "departure date": "13/11/2018", 
        "stops": "1", 
        "plane code": "", 
        "departure": ", Ciudad Ju\u00e1rez", 
        "timings": [
            {
                "arrival_airport": "Ciudad de M\u00e9xico, Distrito Federal (MEX-A. Internacional de la Ciudad de M\u00e9xico)", 
                "arrival_time": "09:30", 
                "departure_airport": "Ciudad Ju\u00e1rez, Chihuahua (CJS-A. Internacional Abraham Gonz\u00e1lez)", 
                "departure_time": "06:00"
            }, 
            {
                "arrival_airport": "Canc\u00fan, Quintana Roo (CUN-Aeropuerto Internacional de Canc\u00fan)", 
                "arrival_time": "23:05", 
                "departure_airport": "Ciudad de M\u00e9xico, Distrito Federal (MEX-A. Internacional de la Ciudad de M\u00e9xico)", 
                "departure_time": "21:00"
            }
        ], 
        "ticket price": "2572.20", 
        "airline": "Interjet"
    }, 
    {
        "arrival": ", Canc\u00fan", 
        "consult date": "10/05/2018", 
        "flight duration": "0 days 9 hours 40 minutes", 
        "plane": "", 
        "departure date": "13/11/2018", 
        "stops": "1", 
        "plane code": "", 
        "departure": ", Ciudad Ju\u00e1rez", 
        "timings": [
            {
                "arrival_airport": "Ciudad de M\u00e9xico, Distrito Federal (MEX-A. Internacional de la Ciudad de M\u00e9xico)", 
                "arrival_time": "09:30", 
                "departure_airport": "Ciudad Ju\u00e1rez, Chihuahua (CJS-A. Internacional Abraham Gonz\u00e1lez)", 
                "departure_time": "06:00"
            }, 
            {
                "arrival_airport": "Canc\u00fan, Quintana Roo (CUN-Aeropuerto Internacional de Canc\u00fan)", 
                "arrival_time": "16:40", 
                "departure_airport": "Ciudad de M\u00e9xico, Distrito Federal (MEX-A. Internacional de la Ciudad de M\u00e9xico)", 
                "departure_time": "14:35"
            }
        ], 
        "ticket price": "2773.60", 
        "airline": "Interjet"
    }, 
    {
        "arrival": ", Canc\u00fan", 
        "consult date": "10/05/2018", 
        "flight duration": "0 days 5 hours 58 minutes", 
        "plane": "Embraer 190", 
        "departure date": "13/11/2018", 
        "stops": "1", 
        "plane code": "E90", 
        "departure": ", Ciudad Ju\u00e1rez", 
        "timings": [
            {
                "arrival_airport": "Ciudad de M\u00e9xico, Distrito Federal (MEX-A. Internacional de la Ciudad de M\u00e9xico)", 
                "arrival_time": "14:25", 
                "departure_airport": "Ciudad Ju\u00e1rez, Chihuahua (CJS-A. Internacional Abraham Gonz\u00e1lez)", 
                "departure_time": "10:46"
            }, 
            {
                "arrival_airport": "Canc\u00fan, Quintana Roo (CUN-Aeropuerto Internacional de Canc\u00fan)", 
                "arrival_time": "17:44", 
                "departure_airport": "Ciudad de M\u00e9xico, Distrito Federal (MEX-A. Internacional de la Ciudad de M\u00e9xico)", 
                "departure_time": "15:25"
            }
        ], 
        "ticket price": "3035.00", 
        "airline": "Aeromexico"
    }, 
    {
        "arrival": ", Canc\u00fan", 
        "consult date": "10/05/2018", 
        "flight duration": "0 days 8 hours 14 minutes", 
        "plane": "Embraer 190", 
        "departure date": "13/11/2018", 
        "stops": "1", 
        "plane code": "E90", 
        "departure": ", Ciudad Ju\u00e1rez", 
        "timings": [
            {
                "arrival_airport": "Ciudad de M\u00e9xico, Distrito Federal (MEX-A. Internacional de la Ciudad de M\u00e9xico)", 
                "arrival_time": "14:25", 
                "departure_airport": "Ciudad Ju\u00e1rez, Chihuahua (CJS-A. Internacional Abraham Gonz\u00e1lez)", 
                "departure_time": "10:46"
            }, 
            {
                "arrival_airport": "Canc\u00fan, Quintana Roo (CUN-Aeropuerto Internacional de Canc\u00fan)", 
                "arrival_time": "20:00", 
                "departure_airport": "Ciudad de M\u00e9xico, Distrito Federal (MEX-A. Internacional de la Ciudad de M\u00e9xico)", 
                "departure_time": "17:45"
            }
        ], 
        "ticket price": "3035.00", 
        "airline": "Aeromexico"
    }, 
    {
        "arrival": ", Canc\u00fan", 
        "consult date": "10/05/2018", 
        "flight duration": "0 days 7 hours 8 minutes", 
        "plane": "Embraer 190", 
        "departure date": "13/11/2018", 
        "stops": "1", 
        "plane code": "E90", 
        "departure": ", Ciudad Ju\u00e1rez", 
        "timings": [
            {
                "arrival_airport": "Ciudad de M\u00e9xico, Distrito Federal (MEX-A. Internacional de la Ciudad de M\u00e9xico)", 
                "arrival_time": "14:25", 
                "departure_airport": "Ciudad Ju\u00e1rez, Chihuahua (CJS-A. Internacional Abraham Gonz\u00e1lez)", 
                "departure_time": "10:46"
            }, 
            {
                "arrival_airport": "Canc\u00fan, Quintana Roo (CUN-Aeropuerto Internacional de Canc\u00fan)", 
                "arrival_time": "18:54", 
                "departure_airport": "Ciudad de M\u00e9xico, Distrito Federal (MEX-A. Internacional de la Ciudad de M\u00e9xico)", 
                "departure_time": "16:40"
            }
        ], 
        "ticket price": "3035.00", 
        "airline": "Aeromexico"
    }, 
    {
        "arrival": ", Canc\u00fan", 
        "consult date": "10/05/2018", 
        "flight duration": "0 days 9 hours 5 minutes", 
        "plane": "Embraer 190", 
        "departure date": "13/11/2018", 
        "stops": "1", 
        "plane code": "E90", 
        "departure": ", Ciudad Ju\u00e1rez", 
        "timings": [
            {
                "arrival_airport": "Ciudad de M\u00e9xico, Distrito Federal (MEX-A. Internacional de la Ciudad de M\u00e9xico)", 
                "arrival_time": "14:25", 
                "departure_airport": "Ciudad Ju\u00e1rez, Chihuahua (CJS-A. Internacional Abraham Gonz\u00e1lez)", 
                "departure_time": "10:46"
            }, 
            {
                "arrival_airport": "Canc\u00fan, Quintana Roo (CUN-Aeropuerto Internacional de Canc\u00fan)", 
                "arrival_time": "20:51", 
                "departure_airport": "Ciudad de M\u00e9xico, Distrito Federal (MEX-A. Internacional de la Ciudad de M\u00e9xico)", 
                "departure_time": "18:30"
            }
        ], 
        "ticket price": "3035.00", 
        "airline": "Aeromexico"
    }, 
    {
        "arrival": ", Canc\u00fan", 
        "consult date": "10/05/2018", 
        "flight duration": "0 days 9 hours 10 minutes", 
        "plane": "", 
        "departure date": "13/11/2018", 
        "stops": "1", 
        "plane code": "", 
        "departure": ", Ciudad Ju\u00e1rez", 
        "timings": [
            {
                "arrival_airport": "Ciudad de M\u00e9xico, Distrito Federal (MEX-A. Internacional de la Ciudad de M\u00e9xico)", 
                "arrival_time": "09:30", 
                "departure_airport": "Ciudad Ju\u00e1rez, Chihuahua (CJS-A. Internacional Abraham Gonz\u00e1lez)", 
                "departure_time": "06:00"
            }, 
            {
                "arrival_airport": "Canc\u00fan, Quintana Roo (CUN-Aeropuerto Internacional de Canc\u00fan)", 
                "arrival_time": "16:10", 
                "departure_airport": "Ciudad de M\u00e9xico, Distrito Federal (MEX-A. Internacional de la Ciudad de M\u00e9xico)", 
                "departure_time": "14:05"
            }
        ], 
        "ticket price": "3188.87", 
        "airline": "Interjet"
    }, 
    {
        "arrival": ", Canc\u00fan", 
        "consult date": "10/05/2018", 
        "flight duration": "0 days 12 hours 50 minutes", 
        "plane": "", 
        "departure date": "13/11/2018", 
        "stops": "1", 
        "plane code": "", 
        "departure": ", Ciudad Ju\u00e1rez", 
        "timings": [
            {
                "arrival_airport": "Ciudad de M\u00e9xico, Distrito Federal (MEX-A. Internacional de la Ciudad de M\u00e9xico)", 
                "arrival_time": "09:30", 
                "departure_airport": "Ciudad Ju\u00e1rez, Chihuahua (CJS-A. Internacional Abraham Gonz\u00e1lez)", 
                "departure_time": "06:00"
            }, 
            {
                "arrival_airport": "Canc\u00fan, Quintana Roo (CUN-Aeropuerto Internacional de Canc\u00fan)", 
                "arrival_time": "19:50", 
                "departure_airport": "Ciudad de M\u00e9xico, Distrito Federal (MEX-A. Internacional de la Ciudad de M\u00e9xico)", 
                "departure_time": "17:45"
            }
        ], 
        "ticket price": "3188.87", 
        "airline": "Interjet"
    }, 
    {
        "arrival": ", Canc\u00fan", 
        "consult date": "10/05/2018", 
        "flight duration": "0 days 10 hours 30 minutes", 
        "plane": "", 
        "departure date": "13/11/2018", 
        "stops": "1", 
        "plane code": "", 
        "departure": ", Ciudad Ju\u00e1rez", 
        "timings": [
            {
                "arrival_airport": "Ciudad de M\u00e9xico, Distrito Federal (MEX-A. Internacional de la Ciudad de M\u00e9xico)", 
                "arrival_time": "09:30", 
                "departure_airport": "Ciudad Ju\u00e1rez, Chihuahua (CJS-A. Internacional Abraham Gonz\u00e1lez)", 
                "departure_time": "06:00"
            }, 
            {
                "arrival_airport": "Canc\u00fan, Quintana Roo (CUN-Aeropuerto Internacional de Canc\u00fan)", 
                "arrival_time": "17:30", 
                "departure_airport": "Ciudad de M\u00e9xico, Distrito Federal (MEX-A. Internacional de la Ciudad de M\u00e9xico)", 
                "departure_time": "15:25"
            }
        ], 
        "ticket price": "3188.87", 
        "airline": "Interjet"
    }, 
    {
        "arrival": ", Canc\u00fan", 
        "consult date": "10/05/2018", 
        "flight duration": "0 days 11 hours 55 minutes", 
        "plane": "", 
        "departure date": "13/11/2018", 
        "stops": "1", 
        "plane code": "", 
        "departure": ", Ciudad Ju\u00e1rez", 
        "timings": [
            {
                "arrival_airport": "Ciudad de M\u00e9xico, Distrito Federal (MEX-A. Internacional de la Ciudad de M\u00e9xico)", 
                "arrival_time": "09:30", 
                "departure_airport": "Ciudad Ju\u00e1rez, Chihuahua (CJS-A. Internacional Abraham Gonz\u00e1lez)", 
                "departure_time": "06:00"
            }, 
            {
                "arrival_airport": "Canc\u00fan, Quintana Roo (CUN-Aeropuerto Internacional de Canc\u00fan)", 
                "arrival_time": "18:55", 
                "departure_airport": "Ciudad de M\u00e9xico, Distrito Federal (MEX-A. Internacional de la Ciudad de M\u00e9xico)", 
                "departure_time": "16:50"
            }
        ], 
        "ticket price": "3188.87", 
        "airline": "Interjet"
    }, 
    {
        "arrival": ", Canc\u00fan", 
        "consult date": "10/05/2018", 
        "flight duration": "1 days 11 hours 35 minutes", 
        "plane": "", 
        "departure date": "13/11/2018", 
        "stops": "1", 
        "plane code": "", 
        "departure": ", Ciudad Ju\u00e1rez", 
        "timings": [
            {
                "arrival_airport": "Ciudad de M\u00e9xico, Distrito Federal (MEX-A. Internacional de la Ciudad de M\u00e9xico)", 
                "arrival_time": "22:45", 
                "departure_airport": "Ciudad Ju\u00e1rez, Chihuahua (CJS-A. Internacional Abraham Gonz\u00e1lez)", 
                "departure_time": "19:15"
            }, 
            {
                "arrival_airport": "Canc\u00fan, Quintana Roo (CUN-Aeropuerto Internacional de Canc\u00fan)", 
                "arrival_time": "07:50", 
                "departure_airport": "Ciudad de M\u00e9xico, Distrito Federal (MEX-A. Internacional de la Ciudad de M\u00e9xico)", 
                "departure_time": "05:45"
            }
        ], 
        "ticket price": "3413.15", 
        "airline": "Interjet"
    }, 
    {
        "arrival": ", Canc\u00fan", 
        "consult date": "10/05/2018", 
        "flight duration": "0 days 6 hours 5 minutes", 
        "plane": "", 
        "departure date": "13/11/2018", 
        "stops": "1", 
        "plane code": "", 
        "departure": ", Ciudad Ju\u00e1rez", 
        "timings": [
            {
                "arrival_airport": "Ciudad de M\u00e9xico, Distrito Federal (MEX-A. Internacional de la Ciudad de M\u00e9xico)", 
                "arrival_time": "09:30", 
                "departure_airport": "Ciudad Ju\u00e1rez, Chihuahua (CJS-A. Internacional Abraham Gonz\u00e1lez)", 
                "departure_time": "06:00"
            }, 
            {
                "arrival_airport": "Canc\u00fan, Quintana Roo (CUN-Aeropuerto Internacional de Canc\u00fan)", 
                "arrival_time": "13:05", 
                "departure_airport": "Ciudad de M\u00e9xico, Distrito Federal (MEX-A. Internacional de la Ciudad de M\u00e9xico)", 
                "departure_time": "11:00"
            }
        ], 
        "ticket price": "3511.75", 
        "airline": "Interjet"
    }, 
    {
        "arrival": ", Canc\u00fan", 
        "consult date": "10/05/2018", 
        "flight duration": "0 days 15 hours 30 minutes", 
        "plane": "", 
        "departure date": "13/11/2018", 
        "stops": "1", 
        "plane code": "", 
        "departure": ", Ciudad Ju\u00e1rez", 
        "timings": [
            {
                "arrival_airport": "Ciudad de M\u00e9xico, Distrito Federal (MEX-A. Internacional de la Ciudad de M\u00e9xico)", 
                "arrival_time": "09:30", 
                "departure_airport": "Ciudad Ju\u00e1rez, Chihuahua (CJS-A. Internacional Abraham Gonz\u00e1lez)", 
                "departure_time": "06:00"
            }, 
            {
                "arrival_airport": "Canc\u00fan, Quintana Roo (CUN-Aeropuerto Internacional de Canc\u00fan)", 
                "arrival_time": "22:30", 
                "departure_airport": "Ciudad de M\u00e9xico, Distrito Federal (MEX-A. Internacional de la Ciudad de M\u00e9xico)", 
                "departure_time": "20:25"
            }
        ], 
        "ticket price": "3511.75", 
        "airline": "Interjet"
    }, 
    {
        "arrival": ", Canc\u00fan", 
        "consult date": "10/05/2018", 
        "flight duration": "0 days 6 hours 55 minutes", 
        "plane": "", 
        "departure date": "13/11/2018", 
        "stops": "1", 
        "plane code": "", 
        "departure": ", Ciudad Ju\u00e1rez", 
        "timings": [
            {
                "arrival_airport": "Ciudad de M\u00e9xico, Distrito Federal (MEX-A. Internacional de la Ciudad de M\u00e9xico)", 
                "arrival_time": "09:30", 
                "departure_airport": "Ciudad Ju\u00e1rez, Chihuahua (CJS-A. Internacional Abraham Gonz\u00e1lez)", 
                "departure_time": "06:00"
            }, 
            {
                "arrival_airport": "Canc\u00fan, Quintana Roo (CUN-Aeropuerto Internacional de Canc\u00fan)", 
                "arrival_time": "13:55", 
                "departure_airport": "Ciudad de M\u00e9xico, Distrito Federal (MEX-A. Internacional de la Ciudad de M\u00e9xico)", 
                "departure_time": "11:50"
            }
        ], 
        "ticket price": "3511.75", 
        "airline": "Interjet"
    }, 
    {
        "arrival": ", Canc\u00fan", 
        "consult date": "10/05/2018", 
        "flight duration": "0 days 10 hours 48 minutes", 
        "plane": "", 
        "departure date": "13/11/2018", 
        "stops": "1", 
        "plane code": "", 
        "departure": ", Ciudad Ju\u00e1rez", 
        "timings": [
            {
                "arrival_airport": "Guadalajara, Jalisco (GDL-Don Miguel Hidalgo y Costilla Intl.)", 
                "arrival_time": "11:37", 
                "departure_airport": "Ciudad Ju\u00e1rez, Chihuahua (CJS-A. Internacional Abraham Gonz\u00e1lez)", 
                "departure_time": "08:22"
            }, 
            {
                "arrival_airport": "Canc\u00fan, Quintana Roo (CUN-Aeropuerto Internacional de Canc\u00fan)", 
                "arrival_time": "20:10", 
                "departure_airport": "Guadalajara, Jalisco (GDL-Don Miguel Hidalgo y Costilla Intl.)", 
                "departure_time": "17:20"
            }
        ], 
        "ticket price": "4321.00", 
        "airline": "Volaris"
    }, 
    {
        "arrival": ", Canc\u00fan", 
        "consult date": "10/05/2018", 
        "flight duration": "1 days 12 hours 13 minutes", 
        "plane": "", 
        "departure date": "13/11/2018", 
        "stops": "1", 
        "plane code": "", 
        "departure": ", Ciudad Ju\u00e1rez", 
        "timings": [
            {
                "arrival_airport": "Guadalajara, Jalisco (GDL-Don Miguel Hidalgo y Costilla Intl.)", 
                "arrival_time": "23:02", 
                "departure_airport": "Ciudad Ju\u00e1rez, Chihuahua (CJS-A. Internacional Abraham Gonz\u00e1lez)", 
                "departure_time": "19:47"
            }, 
            {
                "arrival_airport": "Canc\u00fan, Quintana Roo (CUN-Aeropuerto Internacional de Canc\u00fan)", 
                "arrival_time": "09:00", 
                "departure_airport": "Guadalajara, Jalisco (GDL-Don Miguel Hidalgo y Costilla Intl.)", 
                "departure_time": "06:10"
            }
        ], 
        "ticket price": "4321.00", 
        "airline": "Volaris"
    }, 
    {
        "arrival": ", Canc\u00fan", 
        "consult date": "10/05/2018", 
        "flight duration": "0 days 8 hours 36 minutes", 
        "plane": "", 
        "departure date": "13/11/2018", 
        "stops": "1", 
        "plane code": "", 
        "departure": ", Ciudad Ju\u00e1rez", 
        "timings": [
            {
                "arrival_airport": "Guadalajara, Jalisco (GDL-Don Miguel Hidalgo y Costilla Intl.)", 
                "arrival_time": "11:37", 
                "departure_airport": "Ciudad Ju\u00e1rez, Chihuahua (CJS-A. Internacional Abraham Gonz\u00e1lez)", 
                "departure_time": "08:22"
            }, 
            {
                "arrival_airport": "Canc\u00fan, Quintana Roo (CUN-Aeropuerto Internacional de Canc\u00fan)", 
                "arrival_time": "17:58", 
                "departure_airport": "Guadalajara, Jalisco (GDL-Don Miguel Hidalgo y Costilla Intl.)", 
                "departure_time": "15:08"
            }
        ], 
        "ticket price": "4321.00", 
        "airline": "Volaris"
    }, 
    {
        "arrival": ", Canc\u00fan", 
        "consult date": "10/05/2018", 
        "flight duration": "1 days 14 hours 50 minutes", 
        "plane": "", 
        "departure date": "13/11/2018", 
        "stops": "1", 
        "plane code": "", 
        "departure": ", Ciudad Ju\u00e1rez", 
        "timings": [
            {
                "arrival_airport": "Ciudad de M\u00e9xico, Distrito Federal (MEX-A. Internacional de la Ciudad de M\u00e9xico)", 
                "arrival_time": "22:45", 
                "departure_airport": "Ciudad Ju\u00e1rez, Chihuahua (CJS-A. Internacional Abraham Gonz\u00e1lez)", 
                "departure_time": "19:15"
            }, 
            {
                "arrival_airport": "Canc\u00fan, Quintana Roo (CUN-Aeropuerto Internacional de Canc\u00fan)", 
                "arrival_time": "11:05", 
                "departure_airport": "Ciudad de M\u00e9xico, Distrito Federal (MEX-A. Internacional de la Ciudad de M\u00e9xico)", 
                "departure_time": "08:55"
            }
        ], 
        "ticket price": "4618.93", 
        "airline": "Interjet"
    }, 
    {
        "arrival": ", Canc\u00fan", 
        "consult date": "10/05/2018", 
        "flight duration": "0 days 9 hours 16 minutes", 
        "plane": "Embraer 190", 
        "departure date": "13/11/2018", 
        "stops": "2", 
        "plane code": "E90", 
        "departure": ", Ciudad Ju\u00e1rez", 
        "timings": [
            {
                "arrival_airport": "Monterrey, Nuevo Le\u00f3n (MTY-A. Internacional General Mariano Escobedo)", 
                "arrival_time": "12:26", 
                "departure_airport": "Ciudad Ju\u00e1rez, Chihuahua (CJS-A. Internacional Abraham Gonz\u00e1lez)", 
                "departure_time": "09:44"
            }, 
            {
                "arrival_airport": "Ciudad de M\u00e9xico, Distrito Federal (MEX-A. Internacional de la Ciudad de M\u00e9xico)", 
                "arrival_time": "16:00", 
                "departure_airport": "Monterrey, Nuevo Le\u00f3n (MTY-A. Internacional General Mariano Escobedo)", 
                "departure_time": "14:27"
            }, 
            {
                "arrival_airport": "Canc\u00fan, Quintana Roo (CUN-Aeropuerto Internacional de Canc\u00fan)", 
                "arrival_time": "20:00", 
                "departure_airport": "Ciudad de M\u00e9xico, Distrito Federal (MEX-A. Internacional de la Ciudad de M\u00e9xico)", 
                "departure_time": "17:45"
            }
        ], 
        "ticket price": "4721.00", 
        "airline": "Aeromexico"
    }, 
    {
        "arrival": ", Canc\u00fan", 
        "consult date": "10/05/2018", 
        "flight duration": "0 days 9 hours 16 minutes", 
        "plane": "Embraer 190", 
        "departure date": "13/11/2018", 
        "stops": "2", 
        "plane code": "E90", 
        "departure": ", Ciudad Ju\u00e1rez", 
        "timings": [
            {
                "arrival_airport": "Monterrey, Nuevo Le\u00f3n (MTY-A. Internacional General Mariano Escobedo)", 
                "arrival_time": "12:26", 
                "departure_airport": "Ciudad Ju\u00e1rez, Chihuahua (CJS-A. Internacional Abraham Gonz\u00e1lez)", 
                "departure_time": "09:44"
            }, 
            {
                "arrival_airport": "Ciudad de M\u00e9xico, Distrito Federal (MEX-A. Internacional de la Ciudad de M\u00e9xico)", 
                "arrival_time": "17:00", 
                "departure_airport": "Monterrey, Nuevo Le\u00f3n (MTY-A. Internacional General Mariano Escobedo)", 
                "departure_time": "15:24"
            }, 
            {
                "arrival_airport": "Canc\u00fan, Quintana Roo (CUN-Aeropuerto Internacional de Canc\u00fan)", 
                "arrival_time": "20:00", 
                "departure_airport": "Ciudad de M\u00e9xico, Distrito Federal (MEX-A. Internacional de la Ciudad de M\u00e9xico)", 
                "departure_time": "17:45"
            }
        ], 
        "ticket price": "4721.00", 
        "airline": "Aeromexico"
    }, 
    {
        "arrival": ", Canc\u00fan", 
        "consult date": "10/05/2018", 
        "flight duration": "0 days 9 hours 16 minutes", 
        "plane": "Embraer 190", 
        "departure date": "13/11/2018", 
        "stops": "2", 
        "plane code": "E90", 
        "departure": ", Ciudad Ju\u00e1rez", 
        "timings": [
            {
                "arrival_airport": "Monterrey, Nuevo Le\u00f3n (MTY-A. Internacional General Mariano Escobedo)", 
                "arrival_time": "12:26", 
                "departure_airport": "Ciudad Ju\u00e1rez, Chihuahua (CJS-A. Internacional Abraham Gonz\u00e1lez)", 
                "departure_time": "09:44"
            }, 
            {
                "arrival_airport": "Ciudad de M\u00e9xico, Distrito Federal (MEX-A. Internacional de la Ciudad de M\u00e9xico)", 
                "arrival_time": "15:15", 
                "departure_airport": "Monterrey, Nuevo Le\u00f3n (MTY-A. Internacional General Mariano Escobedo)", 
                "departure_time": "13:41"
            }, 
            {
                "arrival_airport": "Canc\u00fan, Quintana Roo (CUN-Aeropuerto Internacional de Canc\u00fan)", 
                "arrival_time": "20:00", 
                "departure_airport": "Ciudad de M\u00e9xico, Distrito Federal (MEX-A. Internacional de la Ciudad de M\u00e9xico)", 
                "departure_time": "17:45"
            }
        ], 
        "ticket price": "4721.00", 
        "airline": "Aeromexico"
    }, 
    {
        "arrival": ", Canc\u00fan", 
        "consult date": "10/05/2018", 
        "flight duration": "0 days 8 hours 10 minutes", 
        "plane": "Embraer 190", 
        "departure date": "13/11/2018", 
        "stops": "2", 
        "plane code": "E90", 
        "departure": ", Ciudad Ju\u00e1rez", 
        "timings": [
            {
                "arrival_airport": "Monterrey, Nuevo Le\u00f3n (MTY-A. Internacional General Mariano Escobedo)", 
                "arrival_time": "12:26", 
                "departure_airport": "Ciudad Ju\u00e1rez, Chihuahua (CJS-A. Internacional Abraham Gonz\u00e1lez)", 
                "departure_time": "09:44"
            }, 
            {
                "arrival_airport": "Ciudad de M\u00e9xico, Distrito Federal (MEX-A. Internacional de la Ciudad de M\u00e9xico)", 
                "arrival_time": "16:00", 
                "departure_airport": "Monterrey, Nuevo Le\u00f3n (MTY-A. Internacional General Mariano Escobedo)", 
                "departure_time": "14:27"
            }, 
            {
                "arrival_airport": "Canc\u00fan, Quintana Roo (CUN-Aeropuerto Internacional de Canc\u00fan)", 
                "arrival_time": "18:54", 
                "departure_airport": "Ciudad de M\u00e9xico, Distrito Federal (MEX-A. Internacional de la Ciudad de M\u00e9xico)", 
                "departure_time": "16:40"
            }
        ], 
        "ticket price": "4721.00", 
        "airline": "Aeromexico"
    }, 
    {
        "arrival": ", Canc\u00fan", 
        "consult date": "10/05/2018", 
        "flight duration": "0 days 10 hours 7 minutes", 
        "plane": "Embraer 190", 
        "departure date": "13/11/2018", 
        "stops": "2", 
        "plane code": "E90", 
        "departure": ", Ciudad Ju\u00e1rez", 
        "timings": [
            {
                "arrival_airport": "Monterrey, Nuevo Le\u00f3n (MTY-A. Internacional General Mariano Escobedo)", 
                "arrival_time": "12:26", 
                "departure_airport": "Ciudad Ju\u00e1rez, Chihuahua (CJS-A. Internacional Abraham Gonz\u00e1lez)", 
                "departure_time": "09:44"
            }, 
            {
                "arrival_airport": "Ciudad de M\u00e9xico, Distrito Federal (MEX-A. Internacional de la Ciudad de M\u00e9xico)", 
                "arrival_time": "15:15", 
                "departure_airport": "Monterrey, Nuevo Le\u00f3n (MTY-A. Internacional General Mariano Escobedo)", 
                "departure_time": "13:41"
            }, 
            {
                "arrival_airport": "Canc\u00fan, Quintana Roo (CUN-Aeropuerto Internacional de Canc\u00fan)", 
                "arrival_time": "20:51", 
                "departure_airport": "Ciudad de M\u00e9xico, Distrito Federal (MEX-A. Internacional de la Ciudad de M\u00e9xico)", 
                "departure_time": "18:30"
            }
        ], 
        "ticket price": "4721.00", 
        "airline": "Aeromexico"
    }, 
    {
        "arrival": ", Canc\u00fan", 
        "consult date": "10/05/2018", 
        "flight duration": "0 days 10 hours 7 minutes", 
        "plane": "Embraer 190", 
        "departure date": "13/11/2018", 
        "stops": "2", 
        "plane code": "E90", 
        "departure": ", Ciudad Ju\u00e1rez", 
        "timings": [
            {
                "arrival_airport": "Monterrey, Nuevo Le\u00f3n (MTY-A. Internacional General Mariano Escobedo)", 
                "arrival_time": "12:26", 
                "departure_airport": "Ciudad Ju\u00e1rez, Chihuahua (CJS-A. Internacional Abraham Gonz\u00e1lez)", 
                "departure_time": "09:44"
            }, 
            {
                "arrival_airport": "Ciudad de M\u00e9xico, Distrito Federal (MEX-A. Internacional de la Ciudad de M\u00e9xico)", 
                "arrival_time": "16:00", 
                "departure_airport": "Monterrey, Nuevo Le\u00f3n (MTY-A. Internacional General Mariano Escobedo)", 
                "departure_time": "14:27"
            }, 
            {
                "arrival_airport": "Canc\u00fan, Quintana Roo (CUN-Aeropuerto Internacional de Canc\u00fan)", 
                "arrival_time": "20:51", 
                "departure_airport": "Ciudad de M\u00e9xico, Distrito Federal (MEX-A. Internacional de la Ciudad de M\u00e9xico)", 
                "departure_time": "18:30"
            }
        ], 
        "ticket price": "4721.00", 
        "airline": "Aeromexico"
    }, 
    {
        "arrival": ", Canc\u00fan", 
        "consult date": "10/05/2018", 
        "flight duration": "0 days 8 hours 10 minutes", 
        "plane": "Embraer 190", 
        "departure date": "13/11/2018", 
        "stops": "2", 
        "plane code": "E90", 
        "departure": ", Ciudad Ju\u00e1rez", 
        "timings": [
            {
                "arrival_airport": "Monterrey, Nuevo Le\u00f3n (MTY-A. Internacional General Mariano Escobedo)", 
                "arrival_time": "12:26", 
                "departure_airport": "Ciudad Ju\u00e1rez, Chihuahua (CJS-A. Internacional Abraham Gonz\u00e1lez)", 
                "departure_time": "09:44"
            }, 
            {
                "arrival_airport": "Ciudad de M\u00e9xico, Distrito Federal (MEX-A. Internacional de la Ciudad de M\u00e9xico)", 
                "arrival_time": "15:15", 
                "departure_airport": "Monterrey, Nuevo Le\u00f3n (MTY-A. Internacional General Mariano Escobedo)", 
                "departure_time": "13:41"
            }, 
            {
                "arrival_airport": "Canc\u00fan, Quintana Roo (CUN-Aeropuerto Internacional de Canc\u00fan)", 
                "arrival_time": "18:54", 
                "departure_airport": "Ciudad de M\u00e9xico, Distrito Federal (MEX-A. Internacional de la Ciudad de M\u00e9xico)", 
                "departure_time": "16:40"
            }
        ], 
        "ticket price": "4721.00", 
        "airline": "Aeromexico"
    }, 
    {
        "arrival": ", Canc\u00fan", 
        "consult date": "10/05/2018", 
        "flight duration": "1 days 8 hours 9 minutes", 
        "plane": "Embraer 190", 
        "departure date": "13/11/2018", 
        "stops": "1", 
        "plane code": "E90", 
        "departure": ", Ciudad Ju\u00e1rez", 
        "timings": [
            {
                "arrival_airport": "Ciudad de M\u00e9xico, Distrito Federal (MEX-A. Internacional de la Ciudad de M\u00e9xico)", 
                "arrival_time": "22:30", 
                "departure_airport": "Ciudad Ju\u00e1rez, Chihuahua (CJS-A. Internacional Abraham Gonz\u00e1lez)", 
                "departure_time": "18:51"
            }, 
            {
                "arrival_airport": "Canc\u00fan, Quintana Roo (CUN-Aeropuerto Internacional de Canc\u00fan)", 
                "arrival_time": "04:00", 
                "departure_airport": "Ciudad de M\u00e9xico, Distrito Federal (MEX-A. Internacional de la Ciudad de M\u00e9xico)", 
                "departure_time": "01:45"
            }
        ], 
        "ticket price": "4949.00", 
        "airline": "Aeromexico"
    }, 
    {
        "arrival": ", Canc\u00fan", 
        "consult date": "10/05/2018", 
        "flight duration": "0 days 6 hours 54 minutes", 
        "plane": "EMBRAER 170", 
        "departure date": "13/11/2018", 
        "stops": "2", 
        "plane code": "E70", 
        "departure": ", Ciudad Ju\u00e1rez", 
        "timings": [
            {
                "arrival_airport": "Monterrey, Nuevo Le\u00f3n (MTY-A. Internacional General Mariano Escobedo)", 
                "arrival_time": "17:35", 
                "departure_airport": "Ciudad Ju\u00e1rez, Chihuahua (CJS-A. Internacional Abraham Gonz\u00e1lez)", 
                "departure_time": "14:53"
            }, 
            {
                "arrival_airport": "Ciudad de M\u00e9xico, Distrito Federal (MEX-A. Internacional de la Ciudad de M\u00e9xico)", 
                "arrival_time": "19:50", 
                "departure_airport": "Monterrey, Nuevo Le\u00f3n (MTY-A. Internacional General Mariano Escobedo)", 
                "departure_time": "18:13"
            }, 
            {
                "arrival_airport": "Canc\u00fan, Quintana Roo (CUN-Aeropuerto Internacional de Canc\u00fan)", 
                "arrival_time": "22:47", 
                "departure_airport": "Ciudad de M\u00e9xico, Distrito Federal (MEX-A. Internacional de la Ciudad de M\u00e9xico)", 
                "departure_time": "20:30"
            }
        ], 
        "ticket price": "5127.00", 
        "airline": "Aeromexico"
    }, 
    {
        "arrival": ", Canc\u00fan", 
        "consult date": "10/05/2018", 
        "flight duration": "0 days 8 hours 46 minutes", 
        "plane": "Embraer 190", 
        "departure date": "13/11/2018", 
        "stops": "1", 
        "plane code": "E90", 
        "departure": ", Ciudad Ju\u00e1rez", 
        "timings": [
            {
                "arrival_airport": "Ciudad de M\u00e9xico, Distrito Federal (MEX-A. Internacional de la Ciudad de M\u00e9xico)", 
                "arrival_time": "09:40", 
                "departure_airport": "Ciudad Ju\u00e1rez, Chihuahua (CJS-A. Internacional Abraham Gonz\u00e1lez)", 
                "departure_time": "06:04"
            }, 
            {
                "arrival_airport": "Canc\u00fan, Quintana Roo (CUN-Aeropuerto Internacional de Canc\u00fan)", 
                "arrival_time": "15:50", 
                "departure_airport": "Ciudad de M\u00e9xico, Distrito Federal (MEX-A. Internacional de la Ciudad de M\u00e9xico)", 
                "departure_time": "13:25"
            }
        ], 
        "ticket price": "5355.00", 
        "airline": "Aeromexico"
    }, 
    {
        "arrival": ", Canc\u00fan", 
        "consult date": "10/05/2018", 
        "flight duration": "1 days 8 hours 11 minutes", 
        "plane": "EMBRAER 170", 
        "departure date": "13/11/2018", 
        "stops": "2", 
        "plane code": "E70", 
        "departure": ", Ciudad Ju\u00e1rez", 
        "timings": [
            {
                "arrival_airport": "Monterrey, Nuevo Le\u00f3n (MTY-A. Internacional General Mariano Escobedo)", 
                "arrival_time": "17:35", 
                "departure_airport": "Ciudad Ju\u00e1rez, Chihuahua (CJS-A. Internacional Abraham Gonz\u00e1lez)", 
                "departure_time": "14:53"
            }, 
            {
                "arrival_airport": "Ciudad de M\u00e9xico, Distrito Federal (MEX-A. Internacional de la Ciudad de M\u00e9xico)", 
                "arrival_time": "20:55", 
                "departure_airport": "Monterrey, Nuevo Le\u00f3n (MTY-A. Internacional General Mariano Escobedo)", 
                "departure_time": "19:13"
            }, 
            {
                "arrival_airport": "Canc\u00fan, Quintana Roo (CUN-Aeropuerto Internacional de Canc\u00fan)", 
                "arrival_time": "00:04", 
                "departure_airport": "Ciudad de M\u00e9xico, Distrito Federal (MEX-A. Internacional de la Ciudad de M\u00e9xico)", 
                "departure_time": "21:45"
            }
        ], 
        "ticket price": "5649.00", 
        "airline": "Aeromexico"
    }, 
    {
        "arrival": ", Canc\u00fan", 
        "consult date": "10/05/2018", 
        "flight duration": "1 days 12 hours 7 minutes", 
        "plane": "EMBRAER 170", 
        "departure date": "13/11/2018", 
        "stops": "2", 
        "plane code": "E70", 
        "departure": ", Ciudad Ju\u00e1rez", 
        "timings": [
            {
                "arrival_airport": "Monterrey, Nuevo Le\u00f3n (MTY-A. Internacional General Mariano Escobedo)", 
                "arrival_time": "17:35", 
                "departure_airport": "Ciudad Ju\u00e1rez, Chihuahua (CJS-A. Internacional Abraham Gonz\u00e1lez)", 
                "departure_time": "14:53"
            }, 
            {
                "arrival_airport": "Ciudad de M\u00e9xico, Distrito Federal (MEX-A. Internacional de la Ciudad de M\u00e9xico)", 
                "arrival_time": "21:45", 
                "departure_airport": "Monterrey, Nuevo Le\u00f3n (MTY-A. Internacional General Mariano Escobedo)", 
                "departure_time": "20:12"
            }, 
            {
                "arrival_airport": "Canc\u00fan, Quintana Roo (CUN-Aeropuerto Internacional de Canc\u00fan)", 
                "arrival_time": "04:00", 
                "departure_airport": "Ciudad de M\u00e9xico, Distrito Federal (MEX-A. Internacional de la Ciudad de M\u00e9xico)", 
                "departure_time": "01:45"
            }
        ], 
        "ticket price": "5649.00", 
        "airline": "Aeromexico"
    }, 
    {
        "arrival": ", Canc\u00fan", 
        "consult date": "10/05/2018", 
        "flight duration": "1 days 8 hours 11 minutes", 
        "plane": "EMBRAER 170", 
        "departure date": "13/11/2018", 
        "stops": "2", 
        "plane code": "E70", 
        "departure": ", Ciudad Ju\u00e1rez", 
        "timings": [
            {
                "arrival_airport": "Monterrey, Nuevo Le\u00f3n (MTY-A. Internacional General Mariano Escobedo)", 
                "arrival_time": "17:35", 
                "departure_airport": "Ciudad Ju\u00e1rez, Chihuahua (CJS-A. Internacional Abraham Gonz\u00e1lez)", 
                "departure_time": "14:53"
            }, 
            {
                "arrival_airport": "Ciudad de M\u00e9xico, Distrito Federal (MEX-A. Internacional de la Ciudad de M\u00e9xico)", 
                "arrival_time": "19:50", 
                "departure_airport": "Monterrey, Nuevo Le\u00f3n (MTY-A. Internacional General Mariano Escobedo)", 
                "departure_time": "18:13"
            }, 
            {
                "arrival_airport": "Canc\u00fan, Quintana Roo (CUN-Aeropuerto Internacional de Canc\u00fan)", 
                "arrival_time": "00:04", 
                "departure_airport": "Ciudad de M\u00e9xico, Distrito Federal (MEX-A. Internacional de la Ciudad de M\u00e9xico)", 
                "departure_time": "21:45"
            }
        ], 
        "ticket price": "5649.00", 
        "airline": "Aeromexico"
    }, 
    {
        "arrival": ", Canc\u00fan", 
        "consult date": "10/05/2018", 
        "flight duration": "1 days 12 hours 7 minutes", 
        "plane": "EMBRAER 170", 
        "departure date": "13/11/2018", 
        "stops": "2", 
        "plane code": "E70", 
        "departure": ", Ciudad Ju\u00e1rez", 
        "timings": [
            {
                "arrival_airport": "Monterrey, Nuevo Le\u00f3n (MTY-A. Internacional General Mariano Escobedo)", 
                "arrival_time": "17:35", 
                "departure_airport": "Ciudad Ju\u00e1rez, Chihuahua (CJS-A. Internacional Abraham Gonz\u00e1lez)", 
                "departure_time": "14:53"
            }, 
            {
                "arrival_airport": "Ciudad de M\u00e9xico, Distrito Federal (MEX-A. Internacional de la Ciudad de M\u00e9xico)", 
                "arrival_time": "20:55", 
                "departure_airport": "Monterrey, Nuevo Le\u00f3n (MTY-A. Internacional General Mariano Escobedo)", 
                "departure_time": "19:13"
            }, 
            {
                "arrival_airport": "Canc\u00fan, Quintana Roo (CUN-Aeropuerto Internacional de Canc\u00fan)", 
                "arrival_time": "04:00", 
                "departure_airport": "Ciudad de M\u00e9xico, Distrito Federal (MEX-A. Internacional de la Ciudad de M\u00e9xico)", 
                "departure_time": "01:45"
            }
        ], 
        "ticket price": "5649.00", 
        "airline": "Aeromexico"
    }, 
    {
        "arrival": ", Canc\u00fan", 
        "consult date": "10/05/2018", 
        "flight duration": "1 days 12 hours 7 minutes", 
        "plane": "EMBRAER 170", 
        "departure date": "13/11/2018", 
        "stops": "2", 
        "plane code": "E70", 
        "departure": ", Ciudad Ju\u00e1rez", 
        "timings": [
            {
                "arrival_airport": "Monterrey, Nuevo Le\u00f3n (MTY-A. Internacional General Mariano Escobedo)", 
                "arrival_time": "17:35", 
                "departure_airport": "Ciudad Ju\u00e1rez, Chihuahua (CJS-A. Internacional Abraham Gonz\u00e1lez)", 
                "departure_time": "14:53"
            }, 
            {
                "arrival_airport": "Ciudad de M\u00e9xico, Distrito Federal (MEX-A. Internacional de la Ciudad de M\u00e9xico)", 
                "arrival_time": "23:15", 
                "departure_airport": "Monterrey, Nuevo Le\u00f3n (MTY-A. Internacional General Mariano Escobedo)", 
                "departure_time": "21:37"
            }, 
            {
                "arrival_airport": "Canc\u00fan, Quintana Roo (CUN-Aeropuerto Internacional de Canc\u00fan)", 
                "arrival_time": "04:00", 
                "departure_airport": "Ciudad de M\u00e9xico, Distrito Federal (MEX-A. Internacional de la Ciudad de M\u00e9xico)", 
                "departure_time": "01:45"
            }
        ], 
        "ticket price": "5649.00", 
        "airline": "Aeromexico"
    }, 
    {
        "arrival": ", Canc\u00fan", 
        "consult date": "10/05/2018", 
        "flight duration": "0 days 6 hours 38 minutes", 
        "plane": "Embraer 190", 
        "departure date": "13/11/2018", 
        "stops": "1", 
        "plane code": "E90", 
        "departure": ", Ciudad Ju\u00e1rez", 
        "timings": [
            {
                "arrival_airport": "Ciudad de M\u00e9xico, Distrito Federal (MEX-A. Internacional de la Ciudad de M\u00e9xico)", 
                "arrival_time": "09:40", 
                "departure_airport": "Ciudad Ju\u00e1rez, Chihuahua (CJS-A. Internacional Abraham Gonz\u00e1lez)", 
                "departure_time": "06:04"
            }, 
            {
                "arrival_airport": "Canc\u00fan, Quintana Roo (CUN-Aeropuerto Internacional de Canc\u00fan)", 
                "arrival_time": "13:42", 
                "departure_airport": "Ciudad de M\u00e9xico, Distrito Federal (MEX-A. Internacional de la Ciudad de M\u00e9xico)", 
                "departure_time": "11:25"
            }
        ], 
        "ticket price": "6283.00", 
        "airline": "Aeromexico"
    }, 
    {
        "arrival": ", Canc\u00fan", 
        "consult date": "10/05/2018", 
        "flight duration": "0 days 7 hours 35 minutes", 
        "plane": "Embraer 190", 
        "departure date": "13/11/2018", 
        "stops": "1", 
        "plane code": "E90", 
        "departure": ", Ciudad Ju\u00e1rez", 
        "timings": [
            {
                "arrival_airport": "Ciudad de M\u00e9xico, Distrito Federal (MEX-A. Internacional de la Ciudad de M\u00e9xico)", 
                "arrival_time": "09:40", 
                "departure_airport": "Ciudad Ju\u00e1rez, Chihuahua (CJS-A. Internacional Abraham Gonz\u00e1lez)", 
                "departure_time": "06:04"
            }, 
            {
                "arrival_airport": "Canc\u00fan, Quintana Roo (CUN-Aeropuerto Internacional de Canc\u00fan)", 
                "arrival_time": "14:39", 
                "departure_airport": "Ciudad de M\u00e9xico, Distrito Federal (MEX-A. Internacional de la Ciudad de M\u00e9xico)", 
                "departure_time": "12:10"
            }
        ], 
        "ticket price": "6283.00", 
        "airline": "Aeromexico"
    }
]