[
    {
        "arrival": ", Hermosillo", 
        "consult date": "10/05/2018", 
        "flight duration": "0 days 8 hours 17 minutes", 
        "plane": "Embraer 190", 
        "departure date": "15/08/2018", 
        "stops": "1", 
        "plane code": "E90", 
        "departure": ", Ciudad Ju\u00e1rez", 
        "timings": [
            {
                "arrival_airport": "Monterrey, Nuevo Le\u00f3n (MTY-A. Internacional General Mariano Escobedo)", 
                "arrival_time": "12:26", 
                "departure_airport": "Ciudad Ju\u00e1rez, Chihuahua (CJS-A. Internacional Abraham Gonz\u00e1lez)", 
                "departure_time": "09:44"
            }, 
            {
                "arrival_airport": "Hermosillo, Sonora (HMO-A. Internacional General Ignacio Pesqueira Garc\u00eda)", 
                "arrival_time": "17:01", 
                "departure_airport": "Monterrey, Nuevo Le\u00f3n (MTY-A. Internacional General Mariano Escobedo)", 
                "departure_time": "17:00"
            }
        ], 
        "ticket price": "2292.00", 
        "airline": "Aeromexico"
    }, 
    {
        "arrival": ", Hermosillo", 
        "consult date": "10/05/2018", 
        "flight duration": "0 days 13 hours 5 minutes", 
        "plane": "", 
        "departure date": "15/08/2018", 
        "stops": "1", 
        "plane code": "", 
        "departure": ", Ciudad Ju\u00e1rez", 
        "timings": [
            {
                "arrival_airport": "Ciudad de M\u00e9xico, Distrito Federal (MEX-A. Internacional de la Ciudad de M\u00e9xico)", 
                "arrival_time": "22:45", 
                "departure_airport": "Ciudad Ju\u00e1rez, Chihuahua (CJS-A. Internacional Abraham Gonz\u00e1lez)", 
                "departure_time": "19:15"
            }, 
            {
                "arrival_airport": "Hermosillo, Sonora (HMO-A. Internacional General Ignacio Pesqueira Garc\u00eda)", 
                "arrival_time": "07:20", 
                "departure_airport": "Ciudad de M\u00e9xico, Distrito Federal (MEX-A. Internacional de la Ciudad de M\u00e9xico)", 
                "departure_time": "06:35"
            }
        ], 
        "ticket price": "2673.27", 
        "airline": "Interjet"
    }, 
    {
        "arrival": ", Hermosillo", 
        "consult date": "10/05/2018", 
        "flight duration": "0 days 12 hours 5 minutes", 
        "plane": "", 
        "departure date": "15/08/2018", 
        "stops": "1", 
        "plane code": "", 
        "departure": ", Ciudad Ju\u00e1rez", 
        "timings": [
            {
                "arrival_airport": "Ciudad de M\u00e9xico, Distrito Federal (MEX-A. Internacional de la Ciudad de M\u00e9xico)", 
                "arrival_time": "09:30", 
                "departure_airport": "Ciudad Ju\u00e1rez, Chihuahua (CJS-A. Internacional Abraham Gonz\u00e1lez)", 
                "departure_time": "06:00"
            }, 
            {
                "arrival_airport": "Hermosillo, Sonora (HMO-A. Internacional General Ignacio Pesqueira Garc\u00eda)", 
                "arrival_time": "17:05", 
                "departure_airport": "Ciudad de M\u00e9xico, Distrito Federal (MEX-A. Internacional de la Ciudad de M\u00e9xico)", 
                "departure_time": "16:15"
            }
        ], 
        "ticket price": "2808.88", 
        "airline": "Interjet"
    }, 
    {
        "arrival": ", Hermosillo", 
        "consult date": "10/05/2018", 
        "flight duration": "0 days 9 hours 15 minutes", 
        "plane": "", 
        "departure date": "15/08/2018", 
        "stops": "1", 
        "plane code": "", 
        "departure": ", Ciudad Ju\u00e1rez", 
        "timings": [
            {
                "arrival_airport": "Ciudad de M\u00e9xico, Distrito Federal (MEX-A. Internacional de la Ciudad de M\u00e9xico)", 
                "arrival_time": "12:15", 
                "departure_airport": "Ciudad Ju\u00e1rez, Chihuahua (CJS-A. Internacional Abraham Gonz\u00e1lez)", 
                "departure_time": "08:50"
            }, 
            {
                "arrival_airport": "Hermosillo, Sonora (HMO-A. Internacional General Ignacio Pesqueira Garc\u00eda)", 
                "arrival_time": "17:05", 
                "departure_airport": "Ciudad de M\u00e9xico, Distrito Federal (MEX-A. Internacional de la Ciudad de M\u00e9xico)", 
                "departure_time": "16:15"
            }
        ], 
        "ticket price": "2959.68", 
        "airline": "Interjet"
    }, 
    {
        "arrival": ", Hermosillo", 
        "consult date": "10/05/2018", 
        "flight duration": "0 days 12 hours 34 minutes", 
        "plane": "", 
        "departure date": "15/08/2018", 
        "stops": "1", 
        "plane code": "", 
        "departure": ", Ciudad Ju\u00e1rez", 
        "timings": [
            {
                "arrival_airport": "Guadalajara, Jalisco (GDL-Don Miguel Hidalgo y Costilla Intl.)", 
                "arrival_time": "22:47", 
                "departure_airport": "Ciudad Ju\u00e1rez, Chihuahua (CJS-A. Internacional Abraham Gonz\u00e1lez)", 
                "departure_time": "19:32"
            }, 
            {
                "arrival_airport": "Hermosillo, Sonora (HMO-A. Internacional General Ignacio Pesqueira Garc\u00eda)", 
                "arrival_time": "07:06", 
                "departure_airport": "Guadalajara, Jalisco (GDL-Don Miguel Hidalgo y Costilla Intl.)", 
                "departure_time": "06:45"
            }
        ], 
        "ticket price": "3481.00", 
        "airline": "Volaris"
    }, 
    {
        "arrival": ", Hermosillo", 
        "consult date": "10/05/2018", 
        "flight duration": "0 days 11 hours 5 minutes", 
        "plane": "", 
        "departure date": "15/08/2018", 
        "stops": "1", 
        "plane code": "", 
        "departure": ", Ciudad Ju\u00e1rez", 
        "timings": [
            {
                "arrival_airport": "Guadalajara, Jalisco (GDL-Don Miguel Hidalgo y Costilla Intl.)", 
                "arrival_time": "11:37", 
                "departure_airport": "Ciudad Ju\u00e1rez, Chihuahua (CJS-A. Internacional Abraham Gonz\u00e1lez)", 
                "departure_time": "08:22"
            }, 
            {
                "arrival_airport": "Hermosillo, Sonora (HMO-A. Internacional General Ignacio Pesqueira Garc\u00eda)", 
                "arrival_time": "18:27", 
                "departure_airport": "Guadalajara, Jalisco (GDL-Don Miguel Hidalgo y Costilla Intl.)", 
                "departure_time": "18:06"
            }
        ], 
        "ticket price": "4441.00", 
        "airline": "Volaris"
    }
]