[
    {
        "arrival": ", M\u00e9rida", 
        "consult date": "10/05/2018", 
        "flight duration": "0 days 9 hours 3 minutes", 
        "plane": "Embraer 190", 
        "departure date": "26/08/2018", 
        "stops": "1", 
        "plane code": "E90", 
        "departure": ", Ciudad Ju\u00e1rez", 
        "timings": [
            {
                "arrival_airport": "Ciudad de M\u00e9xico, Distrito Federal (MEX-A. Internacional de la Ciudad de M\u00e9xico)", 
                "arrival_time": "17:20", 
                "departure_airport": "Ciudad Ju\u00e1rez, Chihuahua (CJS-A. Internacional Abraham Gonz\u00e1lez)", 
                "departure_time": "13:44"
            }, 
            {
                "arrival_airport": "M\u00e9rida, Yucat\u00e1n (MID-A. Internacional Manuel Crescencio Rej\u00f3n)", 
                "arrival_time": "23:47", 
                "departure_airport": "Ciudad de M\u00e9xico, Distrito Federal (MEX-A. Internacional de la Ciudad de M\u00e9xico)", 
                "departure_time": "21:55"
            }
        ], 
        "ticket price": "10248.00", 
        "airline": "Aeromexico"
    }, 
    {
        "arrival": ", M\u00e9rida", 
        "consult date": "10/05/2018", 
        "flight duration": "0 days 7 hours 49 minutes", 
        "plane": "Embraer 190", 
        "departure date": "26/08/2018", 
        "stops": "1", 
        "plane code": "E90", 
        "departure": ", Ciudad Ju\u00e1rez", 
        "timings": [
            {
                "arrival_airport": "Ciudad de M\u00e9xico, Distrito Federal (MEX-A. Internacional de la Ciudad de M\u00e9xico)", 
                "arrival_time": "09:35", 
                "departure_airport": "Ciudad Ju\u00e1rez, Chihuahua (CJS-A. Internacional Abraham Gonz\u00e1lez)", 
                "departure_time": "06:02"
            }, 
            {
                "arrival_airport": "M\u00e9rida, Yucat\u00e1n (MID-A. Internacional Manuel Crescencio Rej\u00f3n)", 
                "arrival_time": "14:51", 
                "departure_airport": "Ciudad de M\u00e9xico, Distrito Federal (MEX-A. Internacional de la Ciudad de M\u00e9xico)", 
                "departure_time": "12:45"
            }
        ], 
        "ticket price": "10248.00", 
        "airline": "Aeromexico"
    }, 
    {
        "arrival": ", M\u00e9rida", 
        "consult date": "10/05/2018", 
        "flight duration": "0 days 5 hours 53 minutes", 
        "plane": "Embraer 190", 
        "departure date": "26/08/2018", 
        "stops": "1", 
        "plane code": "E90", 
        "departure": ", Ciudad Ju\u00e1rez", 
        "timings": [
            {
                "arrival_airport": "Ciudad de M\u00e9xico, Distrito Federal (MEX-A. Internacional de la Ciudad de M\u00e9xico)", 
                "arrival_time": "17:20", 
                "departure_airport": "Ciudad Ju\u00e1rez, Chihuahua (CJS-A. Internacional Abraham Gonz\u00e1lez)", 
                "departure_time": "13:44"
            }, 
            {
                "arrival_airport": "M\u00e9rida, Yucat\u00e1n (MID-A. Internacional Manuel Crescencio Rej\u00f3n)", 
                "arrival_time": "20:37", 
                "departure_airport": "Ciudad de M\u00e9xico, Distrito Federal (MEX-A. Internacional de la Ciudad de M\u00e9xico)", 
                "departure_time": "18:40"
            }
        ], 
        "ticket price": "10248.00", 
        "airline": "Aeromexico"
    }, 
    {
        "arrival": ", M\u00e9rida", 
        "consult date": "10/05/2018", 
        "flight duration": "0 days 5 hours 58 minutes", 
        "plane": "Embraer 190", 
        "departure date": "26/08/2018", 
        "stops": "1", 
        "plane code": "E90", 
        "departure": ", Ciudad Ju\u00e1rez", 
        "timings": [
            {
                "arrival_airport": "Ciudad de M\u00e9xico, Distrito Federal (MEX-A. Internacional de la Ciudad de M\u00e9xico)", 
                "arrival_time": "14:25", 
                "departure_airport": "Ciudad Ju\u00e1rez, Chihuahua (CJS-A. Internacional Abraham Gonz\u00e1lez)", 
                "departure_time": "10:51"
            }, 
            {
                "arrival_airport": "M\u00e9rida, Yucat\u00e1n (MID-A. Internacional Manuel Crescencio Rej\u00f3n)", 
                "arrival_time": "17:49", 
                "departure_airport": "Ciudad de M\u00e9xico, Distrito Federal (MEX-A. Internacional de la Ciudad de M\u00e9xico)", 
                "departure_time": "15:50"
            }
        ], 
        "ticket price": "10248.00", 
        "airline": "Aeromexico"
    }, 
    {
        "arrival": ", M\u00e9rida", 
        "consult date": "10/05/2018", 
        "flight duration": "0 days 13 hours 15 minutes", 
        "plane": "", 
        "departure date": "26/08/2018", 
        "stops": "1", 
        "plane code": "", 
        "departure": ", Ciudad Ju\u00e1rez", 
        "timings": [
            {
                "arrival_airport": "Ciudad de M\u00e9xico, Distrito Federal (MEX-A. Internacional de la Ciudad de M\u00e9xico)", 
                "arrival_time": "09:30", 
                "departure_airport": "Ciudad Ju\u00e1rez, Chihuahua (CJS-A. Internacional Abraham Gonz\u00e1lez)", 
                "departure_time": "06:00"
            }, 
            {
                "arrival_airport": "M\u00e9rida, Yucat\u00e1n (MID-A. Internacional Manuel Crescencio Rej\u00f3n)", 
                "arrival_time": "20:15", 
                "departure_airport": "Ciudad de M\u00e9xico, Distrito Federal (MEX-A. Internacional de la Ciudad de M\u00e9xico)", 
                "departure_time": "18:25"
            }
        ], 
        "ticket price": "10519.68", 
        "airline": "Interjet"
    }, 
    {
        "arrival": ", M\u00e9rida", 
        "consult date": "10/05/2018", 
        "flight duration": "0 days 5 hours 50 minutes", 
        "plane": "", 
        "departure date": "26/08/2018", 
        "stops": "1", 
        "plane code": "", 
        "departure": ", Ciudad Ju\u00e1rez", 
        "timings": [
            {
                "arrival_airport": "Ciudad de M\u00e9xico, Distrito Federal (MEX-A. Internacional de la Ciudad de M\u00e9xico)", 
                "arrival_time": "09:30", 
                "departure_airport": "Ciudad Ju\u00e1rez, Chihuahua (CJS-A. Internacional Abraham Gonz\u00e1lez)", 
                "departure_time": "06:00"
            }, 
            {
                "arrival_airport": "M\u00e9rida, Yucat\u00e1n (MID-A. Internacional Manuel Crescencio Rej\u00f3n)", 
                "arrival_time": "12:50", 
                "departure_airport": "Ciudad de M\u00e9xico, Distrito Federal (MEX-A. Internacional de la Ciudad de M\u00e9xico)", 
                "departure_time": "11:10"
            }
        ], 
        "ticket price": "10519.68", 
        "airline": "Interjet"
    }, 
    {
        "arrival": ", M\u00e9rida", 
        "consult date": "10/05/2018", 
        "flight duration": "0 days 11 hours 50 minutes", 
        "plane": "", 
        "departure date": "26/08/2018", 
        "stops": "1", 
        "plane code": "", 
        "departure": ", Ciudad Ju\u00e1rez", 
        "timings": [
            {
                "arrival_airport": "Ciudad de M\u00e9xico, Distrito Federal (MEX-A. Internacional de la Ciudad de M\u00e9xico)", 
                "arrival_time": "12:15", 
                "departure_airport": "Ciudad Ju\u00e1rez, Chihuahua (CJS-A. Internacional Abraham Gonz\u00e1lez)", 
                "departure_time": "08:50"
            }, 
            {
                "arrival_airport": "M\u00e9rida, Yucat\u00e1n (MID-A. Internacional Manuel Crescencio Rej\u00f3n)", 
                "arrival_time": "21:40", 
                "departure_airport": "Ciudad de M\u00e9xico, Distrito Federal (MEX-A. Internacional de la Ciudad de M\u00e9xico)", 
                "departure_time": "19:50"
            }
        ], 
        "ticket price": "11561.34", 
        "airline": "Interjet"
    }, 
    {
        "arrival": ", M\u00e9rida", 
        "consult date": "10/05/2018", 
        "flight duration": "0 days 8 hours 35 minutes", 
        "plane": "", 
        "departure date": "26/08/2018", 
        "stops": "1", 
        "plane code": "", 
        "departure": ", Ciudad Ju\u00e1rez", 
        "timings": [
            {
                "arrival_airport": "Ciudad de M\u00e9xico, Distrito Federal (MEX-A. Internacional de la Ciudad de M\u00e9xico)", 
                "arrival_time": "12:15", 
                "departure_airport": "Ciudad Ju\u00e1rez, Chihuahua (CJS-A. Internacional Abraham Gonz\u00e1lez)", 
                "departure_time": "08:50"
            }, 
            {
                "arrival_airport": "M\u00e9rida, Yucat\u00e1n (MID-A. Internacional Manuel Crescencio Rej\u00f3n)", 
                "arrival_time": "18:25", 
                "departure_airport": "Ciudad de M\u00e9xico, Distrito Federal (MEX-A. Internacional de la Ciudad de M\u00e9xico)", 
                "departure_time": "16:35"
            }
        ], 
        "ticket price": "11561.34", 
        "airline": "Interjet"
    }, 
    {
        "arrival": ", M\u00e9rida", 
        "consult date": "10/05/2018", 
        "flight duration": "0 days 10 hours 25 minutes", 
        "plane": "", 
        "departure date": "26/08/2018", 
        "stops": "1", 
        "plane code": "", 
        "departure": ", Ciudad Ju\u00e1rez", 
        "timings": [
            {
                "arrival_airport": "Ciudad de M\u00e9xico, Distrito Federal (MEX-A. Internacional de la Ciudad de M\u00e9xico)", 
                "arrival_time": "12:15", 
                "departure_airport": "Ciudad Ju\u00e1rez, Chihuahua (CJS-A. Internacional Abraham Gonz\u00e1lez)", 
                "departure_time": "08:50"
            }, 
            {
                "arrival_airport": "M\u00e9rida, Yucat\u00e1n (MID-A. Internacional Manuel Crescencio Rej\u00f3n)", 
                "arrival_time": "20:15", 
                "departure_airport": "Ciudad de M\u00e9xico, Distrito Federal (MEX-A. Internacional de la Ciudad de M\u00e9xico)", 
                "departure_time": "18:25"
            }
        ], 
        "ticket price": "12264.30", 
        "airline": "Interjet"
    }, 
    {
        "arrival": ", M\u00e9rida", 
        "consult date": "10/05/2018", 
        "flight duration": "0 days 17 hours 36 minutes", 
        "plane": "Embraer 190", 
        "departure date": "26/08/2018", 
        "stops": "3", 
        "plane code": "E90", 
        "departure": ", Ciudad Ju\u00e1rez", 
        "timings": [
            {
                "arrival_airport": "Ciudad de M\u00e9xico, Distrito Federal (MEX-A. Internacional de la Ciudad de M\u00e9xico)", 
                "arrival_time": "22:30", 
                "departure_airport": "Ciudad Ju\u00e1rez, Chihuahua (CJS-A. Internacional Abraham Gonz\u00e1lez)", 
                "departure_time": "18:56"
            }, 
            {
                "arrival_airport": "Nueva York, NY, Estados Unidos (JFK-A. Internacional John F. Kennedy)", 
                "arrival_time": "06:00", 
                "departure_airport": "Ciudad de M\u00e9xico, Distrito Federal (MEX-A. Internacional de la Ciudad de M\u00e9xico)", 
                "departure_time": "23:55"
            }, 
            {
                "arrival_airport": "Miami, FL, Estados Unidos (MIA-A. Internacional de Miami)", 
                "arrival_time": "11:09", 
                "departure_airport": "Nueva York, NY, Estados Unidos (JFK-A. Internacional John F. Kennedy)", 
                "departure_time": "07:55"
            }, 
            {
                "arrival_airport": "M\u00e9rida, Yucat\u00e1n (MID-A. Internacional Manuel Crescencio Rej\u00f3n)", 
                "arrival_time": "13:32", 
                "departure_airport": "Miami, FL, Estados Unidos (MIA-A. Internacional de Miami)", 
                "departure_time": "12:15"
            }
        ], 
        "ticket price": "129948.00", 
        "airline": "Aerolitoral DBA Aeromexico Connect"
    }, 
    {
        "arrival": ", M\u00e9rida", 
        "consult date": "10/05/2018", 
        "flight duration": "0 days 6 hours 27 minutes", 
        "plane": "Embraer 190", 
        "departure date": "26/08/2018", 
        "stops": "1", 
        "plane code": "E90", 
        "departure": ", Ciudad Ju\u00e1rez", 
        "timings": [
            {
                "arrival_airport": "Ciudad de M\u00e9xico, Distrito Federal (MEX-A. Internacional de la Ciudad de M\u00e9xico)", 
                "arrival_time": "09:35", 
                "departure_airport": "Ciudad Ju\u00e1rez, Chihuahua (CJS-A. Internacional Abraham Gonz\u00e1lez)", 
                "departure_time": "06:02"
            }, 
            {
                "arrival_airport": "M\u00e9rida, Yucat\u00e1n (MID-A. Internacional Manuel Crescencio Rej\u00f3n)", 
                "arrival_time": "13:29", 
                "departure_airport": "Ciudad de M\u00e9xico, Distrito Federal (MEX-A. Internacional de la Ciudad de M\u00e9xico)", 
                "departure_time": "11:35"
            }
        ], 
        "ticket price": "13388.00", 
        "airline": "Aeromexico"
    }, 
    {
        "arrival": ", M\u00e9rida", 
        "consult date": "10/05/2018", 
        "flight duration": "0 days 8 hours 46 minutes", 
        "plane": "Embraer 190", 
        "departure date": "26/08/2018", 
        "stops": "1", 
        "plane code": "E90", 
        "departure": ", Ciudad Ju\u00e1rez", 
        "timings": [
            {
                "arrival_airport": "Ciudad de M\u00e9xico, Distrito Federal (MEX-A. Internacional de la Ciudad de M\u00e9xico)", 
                "arrival_time": "14:25", 
                "departure_airport": "Ciudad Ju\u00e1rez, Chihuahua (CJS-A. Internacional Abraham Gonz\u00e1lez)", 
                "departure_time": "10:51"
            }, 
            {
                "arrival_airport": "M\u00e9rida, Yucat\u00e1n (MID-A. Internacional Manuel Crescencio Rej\u00f3n)", 
                "arrival_time": "20:37", 
                "departure_airport": "Ciudad de M\u00e9xico, Distrito Federal (MEX-A. Internacional de la Ciudad de M\u00e9xico)", 
                "departure_time": "18:40"
            }
        ], 
        "ticket price": "14380.00", 
        "airline": "Aeromexico"
    }, 
    {
        "arrival": ", M\u00e9rida", 
        "consult date": "10/05/2018", 
        "flight duration": "0 days 13 hours 3 minutes", 
        "plane": "EMBRAER 170", 
        "departure date": "26/08/2018", 
        "stops": "2", 
        "plane code": "E70", 
        "departure": ", Ciudad Ju\u00e1rez", 
        "timings": [
            {
                "arrival_airport": "Monterrey, Nuevo Le\u00f3n (MTY-A. Internacional General Mariano Escobedo)", 
                "arrival_time": "12:23", 
                "departure_airport": "Ciudad Ju\u00e1rez, Chihuahua (CJS-A. Internacional Abraham Gonz\u00e1lez)", 
                "departure_time": "09:44"
            }, 
            {
                "arrival_airport": "Ciudad de M\u00e9xico, Distrito Federal (MEX-A. Internacional de la Ciudad de M\u00e9xico)", 
                "arrival_time": "17:55", 
                "departure_airport": "Monterrey, Nuevo Le\u00f3n (MTY-A. Internacional General Mariano Escobedo)", 
                "departure_time": "16:18"
            }, 
            {
                "arrival_airport": "M\u00e9rida, Yucat\u00e1n (MID-A. Internacional Manuel Crescencio Rej\u00f3n)", 
                "arrival_time": "23:47", 
                "departure_airport": "Ciudad de M\u00e9xico, Distrito Federal (MEX-A. Internacional de la Ciudad de M\u00e9xico)", 
                "departure_time": "21:55"
            }
        ], 
        "ticket price": "17541.00", 
        "airline": "Aeromexico"
    }, 
    {
        "arrival": ", M\u00e9rida", 
        "consult date": "10/05/2018", 
        "flight duration": "0 days 9 hours 53 minutes", 
        "plane": "EMBRAER 170", 
        "departure date": "26/08/2018", 
        "stops": "2", 
        "plane code": "E70", 
        "departure": ", Ciudad Ju\u00e1rez", 
        "timings": [
            {
                "arrival_airport": "Monterrey, Nuevo Le\u00f3n (MTY-A. Internacional General Mariano Escobedo)", 
                "arrival_time": "12:23", 
                "departure_airport": "Ciudad Ju\u00e1rez, Chihuahua (CJS-A. Internacional Abraham Gonz\u00e1lez)", 
                "departure_time": "09:44"
            }, 
            {
                "arrival_airport": "Ciudad de M\u00e9xico, Distrito Federal (MEX-A. Internacional de la Ciudad de M\u00e9xico)", 
                "arrival_time": "16:45", 
                "departure_airport": "Monterrey, Nuevo Le\u00f3n (MTY-A. Internacional General Mariano Escobedo)", 
                "departure_time": "15:15"
            }, 
            {
                "arrival_airport": "M\u00e9rida, Yucat\u00e1n (MID-A. Internacional Manuel Crescencio Rej\u00f3n)", 
                "arrival_time": "20:37", 
                "departure_airport": "Ciudad de M\u00e9xico, Distrito Federal (MEX-A. Internacional de la Ciudad de M\u00e9xico)", 
                "departure_time": "18:40"
            }
        ], 
        "ticket price": "17541.00", 
        "airline": "Aeromexico"
    }, 
    {
        "arrival": ", M\u00e9rida", 
        "consult date": "10/05/2018", 
        "flight duration": "0 days 9 hours 53 minutes", 
        "plane": "EMBRAER 170", 
        "departure date": "26/08/2018", 
        "stops": "2", 
        "plane code": "E70", 
        "departure": ", Ciudad Ju\u00e1rez", 
        "timings": [
            {
                "arrival_airport": "Monterrey, Nuevo Le\u00f3n (MTY-A. Internacional General Mariano Escobedo)", 
                "arrival_time": "12:23", 
                "departure_airport": "Ciudad Ju\u00e1rez, Chihuahua (CJS-A. Internacional Abraham Gonz\u00e1lez)", 
                "departure_time": "09:44"
            }, 
            {
                "arrival_airport": "Ciudad de M\u00e9xico, Distrito Federal (MEX-A. Internacional de la Ciudad de M\u00e9xico)", 
                "arrival_time": "17:55", 
                "departure_airport": "Monterrey, Nuevo Le\u00f3n (MTY-A. Internacional General Mariano Escobedo)", 
                "departure_time": "16:18"
            }, 
            {
                "arrival_airport": "M\u00e9rida, Yucat\u00e1n (MID-A. Internacional Manuel Crescencio Rej\u00f3n)", 
                "arrival_time": "20:37", 
                "departure_airport": "Ciudad de M\u00e9xico, Distrito Federal (MEX-A. Internacional de la Ciudad de M\u00e9xico)", 
                "departure_time": "18:40"
            }
        ], 
        "ticket price": "17541.00", 
        "airline": "Aeromexico"
    }, 
    {
        "arrival": ", M\u00e9rida", 
        "consult date": "10/05/2018", 
        "flight duration": "0 days 9 hours 53 minutes", 
        "plane": "EMBRAER 170", 
        "departure date": "26/08/2018", 
        "stops": "2", 
        "plane code": "E70", 
        "departure": ", Ciudad Ju\u00e1rez", 
        "timings": [
            {
                "arrival_airport": "Monterrey, Nuevo Le\u00f3n (MTY-A. Internacional General Mariano Escobedo)", 
                "arrival_time": "12:23", 
                "departure_airport": "Ciudad Ju\u00e1rez, Chihuahua (CJS-A. Internacional Abraham Gonz\u00e1lez)", 
                "departure_time": "09:44"
            }, 
            {
                "arrival_airport": "Ciudad de M\u00e9xico, Distrito Federal (MEX-A. Internacional de la Ciudad de M\u00e9xico)", 
                "arrival_time": "15:15", 
                "departure_airport": "Monterrey, Nuevo Le\u00f3n (MTY-A. Internacional General Mariano Escobedo)", 
                "departure_time": "13:42"
            }, 
            {
                "arrival_airport": "M\u00e9rida, Yucat\u00e1n (MID-A. Internacional Manuel Crescencio Rej\u00f3n)", 
                "arrival_time": "20:37", 
                "departure_airport": "Ciudad de M\u00e9xico, Distrito Federal (MEX-A. Internacional de la Ciudad de M\u00e9xico)", 
                "departure_time": "18:40"
            }
        ], 
        "ticket price": "17541.00", 
        "airline": "Aeromexico"
    }, 
    {
        "arrival": ", M\u00e9rida", 
        "consult date": "10/05/2018", 
        "flight duration": "0 days 9 hours 53 minutes", 
        "plane": "EMBRAER 170", 
        "departure date": "26/08/2018", 
        "stops": "2", 
        "plane code": "E70", 
        "departure": ", Ciudad Ju\u00e1rez", 
        "timings": [
            {
                "arrival_airport": "Monterrey, Nuevo Le\u00f3n (MTY-A. Internacional General Mariano Escobedo)", 
                "arrival_time": "12:23", 
                "departure_airport": "Ciudad Ju\u00e1rez, Chihuahua (CJS-A. Internacional Abraham Gonz\u00e1lez)", 
                "departure_time": "09:44"
            }, 
            {
                "arrival_airport": "Ciudad de M\u00e9xico, Distrito Federal (MEX-A. Internacional de la Ciudad de M\u00e9xico)", 
                "arrival_time": "16:00", 
                "departure_airport": "Monterrey, Nuevo Le\u00f3n (MTY-A. Internacional General Mariano Escobedo)", 
                "departure_time": "14:26"
            }, 
            {
                "arrival_airport": "M\u00e9rida, Yucat\u00e1n (MID-A. Internacional Manuel Crescencio Rej\u00f3n)", 
                "arrival_time": "20:37", 
                "departure_airport": "Ciudad de M\u00e9xico, Distrito Federal (MEX-A. Internacional de la Ciudad de M\u00e9xico)", 
                "departure_time": "18:40"
            }
        ], 
        "ticket price": "17541.00", 
        "airline": "Aeromexico"
    }, 
    {
        "arrival": ", M\u00e9rida", 
        "consult date": "10/05/2018", 
        "flight duration": "0 days 13 hours 3 minutes", 
        "plane": "EMBRAER 170", 
        "departure date": "26/08/2018", 
        "stops": "2", 
        "plane code": "E70", 
        "departure": ", Ciudad Ju\u00e1rez", 
        "timings": [
            {
                "arrival_airport": "Monterrey, Nuevo Le\u00f3n (MTY-A. Internacional General Mariano Escobedo)", 
                "arrival_time": "12:23", 
                "departure_airport": "Ciudad Ju\u00e1rez, Chihuahua (CJS-A. Internacional Abraham Gonz\u00e1lez)", 
                "departure_time": "09:44"
            }, 
            {
                "arrival_airport": "Ciudad de M\u00e9xico, Distrito Federal (MEX-A. Internacional de la Ciudad de M\u00e9xico)", 
                "arrival_time": "18:50", 
                "departure_airport": "Monterrey, Nuevo Le\u00f3n (MTY-A. Internacional General Mariano Escobedo)", 
                "departure_time": "17:15"
            }, 
            {
                "arrival_airport": "M\u00e9rida, Yucat\u00e1n (MID-A. Internacional Manuel Crescencio Rej\u00f3n)", 
                "arrival_time": "23:47", 
                "departure_airport": "Ciudad de M\u00e9xico, Distrito Federal (MEX-A. Internacional de la Ciudad de M\u00e9xico)", 
                "departure_time": "21:55"
            }
        ], 
        "ticket price": "21508.00", 
        "airline": "Aeromexico"
    }, 
    {
        "arrival": ", M\u00e9rida", 
        "consult date": "10/05/2018", 
        "flight duration": "0 days 13 hours 45 minutes", 
        "plane": "", 
        "departure date": "26/08/2018", 
        "stops": "1", 
        "plane code": "", 
        "departure": ", Ciudad Ju\u00e1rez", 
        "timings": [
            {
                "arrival_airport": "Ciudad de M\u00e9xico, Distrito Federal (MEX-A. Internacional de la Ciudad de M\u00e9xico)", 
                "arrival_time": "22:45", 
                "departure_airport": "Ciudad Ju\u00e1rez, Chihuahua (CJS-A. Internacional Abraham Gonz\u00e1lez)", 
                "departure_time": "19:15"
            }, 
            {
                "arrival_airport": "M\u00e9rida, Yucat\u00e1n (MID-A. Internacional Manuel Crescencio Rej\u00f3n)", 
                "arrival_time": "10:00", 
                "departure_airport": "Ciudad de M\u00e9xico, Distrito Federal (MEX-A. Internacional de la Ciudad de M\u00e9xico)", 
                "departure_time": "08:20"
            }
        ], 
        "ticket price": "7382.97", 
        "airline": "Interjet"
    }, 
    {
        "arrival": ", M\u00e9rida", 
        "consult date": "10/05/2018", 
        "flight duration": "0 days 11 hours 30 minutes", 
        "plane": "", 
        "departure date": "26/08/2018", 
        "stops": "1", 
        "plane code": "", 
        "departure": ", Ciudad Ju\u00e1rez", 
        "timings": [
            {
                "arrival_airport": "Ciudad de M\u00e9xico, Distrito Federal (MEX-A. Internacional de la Ciudad de M\u00e9xico)", 
                "arrival_time": "22:45", 
                "departure_airport": "Ciudad Ju\u00e1rez, Chihuahua (CJS-A. Internacional Abraham Gonz\u00e1lez)", 
                "departure_time": "19:15"
            }, 
            {
                "arrival_airport": "M\u00e9rida, Yucat\u00e1n (MID-A. Internacional Manuel Crescencio Rej\u00f3n)", 
                "arrival_time": "07:45", 
                "departure_airport": "Ciudad de M\u00e9xico, Distrito Federal (MEX-A. Internacional de la Ciudad de M\u00e9xico)", 
                "departure_time": "05:55"
            }
        ], 
        "ticket price": "7382.97", 
        "airline": "Interjet"
    }, 
    {
        "arrival": ", M\u00e9rida", 
        "consult date": "10/05/2018", 
        "flight duration": "0 days 7 hours 5 minutes", 
        "plane": "EMBRAER 170", 
        "departure date": "26/08/2018", 
        "stops": "2", 
        "plane code": "E70", 
        "departure": ", Ciudad Ju\u00e1rez", 
        "timings": [
            {
                "arrival_airport": "Monterrey, Nuevo Le\u00f3n (MTY-A. Internacional General Mariano Escobedo)", 
                "arrival_time": "12:23", 
                "departure_airport": "Ciudad Ju\u00e1rez, Chihuahua (CJS-A. Internacional Abraham Gonz\u00e1lez)", 
                "departure_time": "09:44"
            }, 
            {
                "arrival_airport": "Ciudad de M\u00e9xico, Distrito Federal (MEX-A. Internacional de la Ciudad de M\u00e9xico)", 
                "arrival_time": "15:15", 
                "departure_airport": "Monterrey, Nuevo Le\u00f3n (MTY-A. Internacional General Mariano Escobedo)", 
                "departure_time": "13:42"
            }, 
            {
                "arrival_airport": "M\u00e9rida, Yucat\u00e1n (MID-A. Internacional Manuel Crescencio Rej\u00f3n)", 
                "arrival_time": "17:49", 
                "departure_airport": "Ciudad de M\u00e9xico, Distrito Federal (MEX-A. Internacional de la Ciudad de M\u00e9xico)", 
                "departure_time": "15:50"
            }
        ], 
        "ticket price": "9440.00", 
        "airline": "Aeromexico"
    }, 
    {
        "arrival": ", M\u00e9rida", 
        "consult date": "10/05/2018", 
        "flight duration": "0 days 11 hours 25 minutes", 
        "plane": "", 
        "departure date": "26/08/2018", 
        "stops": "1", 
        "plane code": "", 
        "departure": ", Ciudad Ju\u00e1rez", 
        "timings": [
            {
                "arrival_airport": "Ciudad de M\u00e9xico, Distrito Federal (MEX-A. Internacional de la Ciudad de M\u00e9xico)", 
                "arrival_time": "09:30", 
                "departure_airport": "Ciudad Ju\u00e1rez, Chihuahua (CJS-A. Internacional Abraham Gonz\u00e1lez)", 
                "departure_time": "06:00"
            }, 
            {
                "arrival_airport": "M\u00e9rida, Yucat\u00e1n (MID-A. Internacional Manuel Crescencio Rej\u00f3n)", 
                "arrival_time": "18:25", 
                "departure_airport": "Ciudad de M\u00e9xico, Distrito Federal (MEX-A. Internacional de la Ciudad de M\u00e9xico)", 
                "departure_time": "16:35"
            }
        ], 
        "ticket price": "9816.72", 
        "airline": "Interjet"
    }, 
    {
        "arrival": ", M\u00e9rida", 
        "consult date": "10/05/2018", 
        "flight duration": "0 days 14 hours 40 minutes", 
        "plane": "", 
        "departure date": "26/08/2018", 
        "stops": "1", 
        "plane code": "", 
        "departure": ", Ciudad Ju\u00e1rez", 
        "timings": [
            {
                "arrival_airport": "Ciudad de M\u00e9xico, Distrito Federal (MEX-A. Internacional de la Ciudad de M\u00e9xico)", 
                "arrival_time": "09:30", 
                "departure_airport": "Ciudad Ju\u00e1rez, Chihuahua (CJS-A. Internacional Abraham Gonz\u00e1lez)", 
                "departure_time": "06:00"
            }, 
            {
                "arrival_airport": "M\u00e9rida, Yucat\u00e1n (MID-A. Internacional Manuel Crescencio Rej\u00f3n)", 
                "arrival_time": "21:40", 
                "departure_airport": "Ciudad de M\u00e9xico, Distrito Federal (MEX-A. Internacional de la Ciudad de M\u00e9xico)", 
                "departure_time": "19:50"
            }
        ], 
        "ticket price": "9816.72", 
        "airline": "Interjet"
    }
]