[
    {
        "arrival": ", Puerto Escondido", 
        "consult date": "10/05/2018", 
        "flight duration": "0 days 4 hours 20 minutes", 
        "plane": "", 
        "departure date": "22/10/2018", 
        "stops": "1", 
        "plane code": "", 
        "departure": ", Ciudad del Carmen", 
        "timings": [
            {
                "arrival_airport": "Ciudad de M\u00e9xico, Distrito Federal (MEX-A. Internacional de la Ciudad de M\u00e9xico)", 
                "arrival_time": "10:35", 
                "departure_airport": "Ciudad del Carmen, Campeche (CME-A. Internacional Ciudad del Carmen)", 
                "departure_time": "08:45"
            }, 
            {
                "arrival_airport": "Puerto Escondido, Oaxaca (PXM-A. Internacional de Puerto Escondido)", 
                "arrival_time": "13:05", 
                "departure_airport": "Ciudad de M\u00e9xico, Distrito Federal (MEX-A. Internacional de la Ciudad de M\u00e9xico)", 
                "departure_time": "12:00"
            }
        ], 
        "ticket price": "6104.43", 
        "airline": "Interjet"
    }
]