[
    {
        "arrival": ", Veracruz", 
        "consult date": "10/05/2018", 
        "flight duration": "0 days 5 hours 5 minutes", 
        "plane": "", 
        "departure date": "07/12/2018", 
        "stops": "1", 
        "plane code": "", 
        "departure": ", Ciudad del Carmen", 
        "timings": [
            {
                "arrival_airport": "Ciudad de M\u00e9xico, Distrito Federal (MEX-A. Internacional de la Ciudad de M\u00e9xico)", 
                "arrival_time": "09:20", 
                "departure_airport": "Ciudad del Carmen, Campeche (CME-A. Internacional Ciudad del Carmen)", 
                "departure_time": "07:30"
            }, 
            {
                "arrival_airport": "Veracruz, Veracruz (VER-A. Internacional General Heriberto Jara)", 
                "arrival_time": "12:35", 
                "departure_airport": "Ciudad de M\u00e9xico, Distrito Federal (MEX-A. Internacional de la Ciudad de M\u00e9xico)", 
                "departure_time": "11:40"
            }
        ], 
        "ticket price": "2442.50", 
        "airline": "Interjet"
    }, 
    {
        "arrival": ", Veracruz", 
        "consult date": "10/05/2018", 
        "flight duration": "0 days 9 hours 0 minutes", 
        "plane": "", 
        "departure date": "07/12/2018", 
        "stops": "1", 
        "plane code": "", 
        "departure": ", Ciudad del Carmen", 
        "timings": [
            {
                "arrival_airport": "Ciudad de M\u00e9xico, Distrito Federal (MEX-A. Internacional de la Ciudad de M\u00e9xico)", 
                "arrival_time": "09:20", 
                "departure_airport": "Ciudad del Carmen, Campeche (CME-A. Internacional Ciudad del Carmen)", 
                "departure_time": "07:30"
            }, 
            {
                "arrival_airport": "Veracruz, Veracruz (VER-A. Internacional General Heriberto Jara)", 
                "arrival_time": "16:30", 
                "departure_airport": "Ciudad de M\u00e9xico, Distrito Federal (MEX-A. Internacional de la Ciudad de M\u00e9xico)", 
                "departure_time": "15:35"
            }
        ], 
        "ticket price": "2679.50", 
        "airline": "Interjet"
    }, 
    {
        "arrival": ", Veracruz", 
        "consult date": "10/05/2018", 
        "flight duration": "1 days 14 hours 15 minutes", 
        "plane": "", 
        "departure date": "07/12/2018", 
        "stops": "1", 
        "plane code": "", 
        "departure": ", Ciudad del Carmen", 
        "timings": [
            {
                "arrival_airport": "Ciudad de M\u00e9xico, Distrito Federal (MEX-A. Internacional de la Ciudad de M\u00e9xico)", 
                "arrival_time": "19:00", 
                "departure_airport": "Ciudad del Carmen, Campeche (CME-A. Internacional Ciudad del Carmen)", 
                "departure_time": "17:10"
            }, 
            {
                "arrival_airport": "Veracruz, Veracruz (VER-A. Internacional General Heriberto Jara)", 
                "arrival_time": "07:25", 
                "departure_airport": "Ciudad de M\u00e9xico, Distrito Federal (MEX-A. Internacional de la Ciudad de M\u00e9xico)", 
                "departure_time": "06:30"
            }
        ], 
        "ticket price": "4047.79", 
        "airline": "Interjet"
    }, 
    {
        "arrival": ", Veracruz", 
        "consult date": "10/05/2018", 
        "flight duration": "0 days 3 hours 34 minutes", 
        "plane": "Embraer 190", 
        "departure date": "07/12/2018", 
        "stops": "1", 
        "plane code": "E90", 
        "departure": ", Ciudad del Carmen", 
        "timings": [
            {
                "arrival_airport": "Ciudad de M\u00e9xico, Distrito Federal (MEX-A. Internacional de la Ciudad de M\u00e9xico)", 
                "arrival_time": "20:45", 
                "departure_airport": "Ciudad del Carmen, Campeche (CME-A. Internacional Ciudad del Carmen)", 
                "departure_time": "18:50"
            }, 
            {
                "arrival_airport": "Veracruz, Veracruz (VER-A. Internacional General Heriberto Jara)", 
                "arrival_time": "22:24", 
                "departure_airport": "Ciudad de M\u00e9xico, Distrito Federal (MEX-A. Internacional de la Ciudad de M\u00e9xico)", 
                "departure_time": "21:30"
            }
        ], 
        "ticket price": "4268.88", 
        "airline": "Aeromexico"
    }, 
    {
        "arrival": ", Veracruz", 
        "consult date": "10/05/2018", 
        "flight duration": "0 days 7 hours 30 minutes", 
        "plane": "Embraer 190", 
        "departure date": "07/12/2018", 
        "stops": "1", 
        "plane code": "E90", 
        "departure": ", Ciudad del Carmen", 
        "timings": [
            {
                "arrival_airport": "Ciudad de M\u00e9xico, Distrito Federal (MEX-A. Internacional de la Ciudad de M\u00e9xico)", 
                "arrival_time": "10:15", 
                "departure_airport": "Ciudad del Carmen, Campeche (CME-A. Internacional Ciudad del Carmen)", 
                "departure_time": "08:20"
            }, 
            {
                "arrival_airport": "Veracruz, Veracruz (VER-A. Internacional General Heriberto Jara)", 
                "arrival_time": "15:50", 
                "departure_airport": "Ciudad de M\u00e9xico, Distrito Federal (MEX-A. Internacional de la Ciudad de M\u00e9xico)", 
                "departure_time": "14:45"
            }
        ], 
        "ticket price": "4920.63", 
        "airline": "Aeromexico"
    }, 
    {
        "arrival": ", Veracruz", 
        "consult date": "10/05/2018", 
        "flight duration": "0 days 4 hours 50 minutes", 
        "plane": "Embraer 190", 
        "departure date": "07/12/2018", 
        "stops": "1", 
        "plane code": "E90", 
        "departure": ", Ciudad del Carmen", 
        "timings": [
            {
                "arrival_airport": "Ciudad de M\u00e9xico, Distrito Federal (MEX-A. Internacional de la Ciudad de M\u00e9xico)", 
                "arrival_time": "10:15", 
                "departure_airport": "Ciudad del Carmen, Campeche (CME-A. Internacional Ciudad del Carmen)", 
                "departure_time": "08:20"
            }, 
            {
                "arrival_airport": "Veracruz, Veracruz (VER-A. Internacional General Heriberto Jara)", 
                "arrival_time": "13:10", 
                "departure_airport": "Ciudad de M\u00e9xico, Distrito Federal (MEX-A. Internacional de la Ciudad de M\u00e9xico)", 
                "departure_time": "12:05"
            }
        ], 
        "ticket price": "4920.63", 
        "airline": "Aeromexico"
    }
]