[
    {
        "arrival": ", Canc\u00fan", 
        "consult date": "10/05/2018", 
        "flight duration": "0 days 13 hours 45 minutes", 
        "plane": "", 
        "departure date": "11/08/2018", 
        "stops": "1", 
        "plane code": "", 
        "departure": ", Ciudad del Carmen", 
        "timings": [
            {
                "arrival_airport": "Ciudad de M\u00e9xico, Distrito Federal (MEX-A. Internacional de la Ciudad de M\u00e9xico)", 
                "arrival_time": "10:35", 
                "departure_airport": "Ciudad del Carmen, Campeche (CME-A. Internacional Ciudad del Carmen)", 
                "departure_time": "08:45"
            }, 
            {
                "arrival_airport": "Canc\u00fan, Quintana Roo (CUN-Aeropuerto Internacional de Canc\u00fan)", 
                "arrival_time": "22:30", 
                "departure_airport": "Ciudad de M\u00e9xico, Distrito Federal (MEX-A. Internacional de la Ciudad de M\u00e9xico)", 
                "departure_time": "20:25"
            }
        ], 
        "ticket price": "4150.90", 
        "airline": "Interjet"
    }, 
    {
        "arrival": ", Canc\u00fan", 
        "consult date": "10/05/2018", 
        "flight duration": "0 days 8 hours 15 minutes", 
        "plane": "", 
        "departure date": "11/08/2018", 
        "stops": "1", 
        "plane code": "", 
        "departure": ", Ciudad del Carmen", 
        "timings": [
            {
                "arrival_airport": "Ciudad de M\u00e9xico, Distrito Federal (MEX-A. Internacional de la Ciudad de M\u00e9xico)", 
                "arrival_time": "10:35", 
                "departure_airport": "Ciudad del Carmen, Campeche (CME-A. Internacional Ciudad del Carmen)", 
                "departure_time": "08:45"
            }, 
            {
                "arrival_airport": "Canc\u00fan, Quintana Roo (CUN-Aeropuerto Internacional de Canc\u00fan)", 
                "arrival_time": "17:00", 
                "departure_airport": "Ciudad de M\u00e9xico, Distrito Federal (MEX-A. Internacional de la Ciudad de M\u00e9xico)", 
                "departure_time": "14:55"
            }
        ], 
        "ticket price": "4436.61", 
        "airline": "Interjet"
    }, 
    {
        "arrival": ", Canc\u00fan", 
        "consult date": "10/05/2018", 
        "flight duration": "0 days 14 hours 20 minutes", 
        "plane": "", 
        "departure date": "11/08/2018", 
        "stops": "1", 
        "plane code": "", 
        "departure": ", Ciudad del Carmen", 
        "timings": [
            {
                "arrival_airport": "Ciudad de M\u00e9xico, Distrito Federal (MEX-A. Internacional de la Ciudad de M\u00e9xico)", 
                "arrival_time": "10:35", 
                "departure_airport": "Ciudad del Carmen, Campeche (CME-A. Internacional Ciudad del Carmen)", 
                "departure_time": "08:45"
            }, 
            {
                "arrival_airport": "Canc\u00fan, Quintana Roo (CUN-Aeropuerto Internacional de Canc\u00fan)", 
                "arrival_time": "23:05", 
                "departure_airport": "Ciudad de M\u00e9xico, Distrito Federal (MEX-A. Internacional de la Ciudad de M\u00e9xico)", 
                "departure_time": "21:00"
            }
        ], 
        "ticket price": "4436.61", 
        "airline": "Interjet"
    }, 
    {
        "arrival": ", Canc\u00fan", 
        "consult date": "10/05/2018", 
        "flight duration": "0 days 8 hours 45 minutes", 
        "plane": "", 
        "departure date": "11/08/2018", 
        "stops": "1", 
        "plane code": "", 
        "departure": ", Ciudad del Carmen", 
        "timings": [
            {
                "arrival_airport": "Ciudad de M\u00e9xico, Distrito Federal (MEX-A. Internacional de la Ciudad de M\u00e9xico)", 
                "arrival_time": "10:35", 
                "departure_airport": "Ciudad del Carmen, Campeche (CME-A. Internacional Ciudad del Carmen)", 
                "departure_time": "08:45"
            }, 
            {
                "arrival_airport": "Canc\u00fan, Quintana Roo (CUN-Aeropuerto Internacional de Canc\u00fan)", 
                "arrival_time": "17:30", 
                "departure_airport": "Ciudad de M\u00e9xico, Distrito Federal (MEX-A. Internacional de la Ciudad de M\u00e9xico)", 
                "departure_time": "15:25"
            }
        ], 
        "ticket price": "4436.61", 
        "airline": "Interjet"
    }, 
    {
        "arrival": ", Canc\u00fan", 
        "consult date": "10/05/2018", 
        "flight duration": "0 days 7 hours 28 minutes", 
        "plane": "Embraer 190", 
        "departure date": "11/08/2018", 
        "stops": "1", 
        "plane code": "E90", 
        "departure": ", Ciudad del Carmen", 
        "timings": [
            {
                "arrival_airport": "Ciudad de M\u00e9xico, Distrito Federal (MEX-A. Internacional de la Ciudad de M\u00e9xico)", 
                "arrival_time": "10:15", 
                "departure_airport": "Ciudad del Carmen, Campeche (CME-A. Internacional Ciudad del Carmen)", 
                "departure_time": "08:20"
            }, 
            {
                "arrival_airport": "Canc\u00fan, Quintana Roo (CUN-Aeropuerto Internacional de Canc\u00fan)", 
                "arrival_time": "15:48", 
                "departure_airport": "Ciudad de M\u00e9xico, Distrito Federal (MEX-A. Internacional de la Ciudad de M\u00e9xico)", 
                "departure_time": "13:30"
            }
        ], 
        "ticket price": "4446.00", 
        "airline": "Aeromexico"
    }, 
    {
        "arrival": ", Canc\u00fan", 
        "consult date": "10/05/2018", 
        "flight duration": "0 days 11 hours 5 minutes", 
        "plane": "", 
        "departure date": "11/08/2018", 
        "stops": "1", 
        "plane code": "", 
        "departure": ", Ciudad del Carmen", 
        "timings": [
            {
                "arrival_airport": "Ciudad de M\u00e9xico, Distrito Federal (MEX-A. Internacional de la Ciudad de M\u00e9xico)", 
                "arrival_time": "10:35", 
                "departure_airport": "Ciudad del Carmen, Campeche (CME-A. Internacional Ciudad del Carmen)", 
                "departure_time": "08:45"
            }, 
            {
                "arrival_airport": "Canc\u00fan, Quintana Roo (CUN-Aeropuerto Internacional de Canc\u00fan)", 
                "arrival_time": "19:50", 
                "departure_airport": "Ciudad de M\u00e9xico, Distrito Federal (MEX-A. Internacional de la Ciudad de M\u00e9xico)", 
                "departure_time": "17:45"
            }
        ], 
        "ticket price": "4722.33", 
        "airline": "Interjet"
    }, 
    {
        "arrival": ", Canc\u00fan", 
        "consult date": "10/05/2018", 
        "flight duration": "0 days 10 hours 10 minutes", 
        "plane": "", 
        "departure date": "11/08/2018", 
        "stops": "1", 
        "plane code": "", 
        "departure": ", Ciudad del Carmen", 
        "timings": [
            {
                "arrival_airport": "Ciudad de M\u00e9xico, Distrito Federal (MEX-A. Internacional de la Ciudad de M\u00e9xico)", 
                "arrival_time": "10:35", 
                "departure_airport": "Ciudad del Carmen, Campeche (CME-A. Internacional Ciudad del Carmen)", 
                "departure_time": "08:45"
            }, 
            {
                "arrival_airport": "Canc\u00fan, Quintana Roo (CUN-Aeropuerto Internacional de Canc\u00fan)", 
                "arrival_time": "18:55", 
                "departure_airport": "Ciudad de M\u00e9xico, Distrito Federal (MEX-A. Internacional de la Ciudad de M\u00e9xico)", 
                "departure_time": "16:50"
            }
        ], 
        "ticket price": "4722.33", 
        "airline": "Interjet"
    }, 
    {
        "arrival": ", Canc\u00fan", 
        "consult date": "10/05/2018", 
        "flight duration": "0 days 6 hours 24 minutes", 
        "plane": "Embraer 190", 
        "departure date": "11/08/2018", 
        "stops": "1", 
        "plane code": "E90", 
        "departure": ", Ciudad del Carmen", 
        "timings": [
            {
                "arrival_airport": "Ciudad de M\u00e9xico, Distrito Federal (MEX-A. Internacional de la Ciudad de M\u00e9xico)", 
                "arrival_time": "10:15", 
                "departure_airport": "Ciudad del Carmen, Campeche (CME-A. Internacional Ciudad del Carmen)", 
                "departure_time": "08:20"
            }, 
            {
                "arrival_airport": "Canc\u00fan, Quintana Roo (CUN-Aeropuerto Internacional de Canc\u00fan)", 
                "arrival_time": "14:44", 
                "departure_airport": "Ciudad de M\u00e9xico, Distrito Federal (MEX-A. Internacional de la Ciudad de M\u00e9xico)", 
                "departure_time": "12:15"
            }
        ], 
        "ticket price": "4736.00", 
        "airline": "Aeromexico"
    }, 
    {
        "arrival": ", Canc\u00fan", 
        "consult date": "10/05/2018", 
        "flight duration": "0 days 8 hours 9 minutes", 
        "plane": "Embraer 190", 
        "departure date": "11/08/2018", 
        "stops": "1", 
        "plane code": "E90", 
        "departure": ", Ciudad del Carmen", 
        "timings": [
            {
                "arrival_airport": "Ciudad de M\u00e9xico, Distrito Federal (MEX-A. Internacional de la Ciudad de M\u00e9xico)", 
                "arrival_time": "10:15", 
                "departure_airport": "Ciudad del Carmen, Campeche (CME-A. Internacional Ciudad del Carmen)", 
                "departure_time": "08:20"
            }, 
            {
                "arrival_airport": "Canc\u00fan, Quintana Roo (CUN-Aeropuerto Internacional de Canc\u00fan)", 
                "arrival_time": "16:29", 
                "departure_airport": "Ciudad de M\u00e9xico, Distrito Federal (MEX-A. Internacional de la Ciudad de M\u00e9xico)", 
                "departure_time": "14:15"
            }
        ], 
        "ticket price": "4736.00", 
        "airline": "Aeromexico"
    }, 
    {
        "arrival": ", Canc\u00fan", 
        "consult date": "10/05/2018", 
        "flight duration": "0 days 5 hours 9 minutes", 
        "plane": "Embraer 190", 
        "departure date": "11/08/2018", 
        "stops": "1", 
        "plane code": "E90", 
        "departure": ", Ciudad del Carmen", 
        "timings": [
            {
                "arrival_airport": "Ciudad de M\u00e9xico, Distrito Federal (MEX-A. Internacional de la Ciudad de M\u00e9xico)", 
                "arrival_time": "20:45", 
                "departure_airport": "Ciudad del Carmen, Campeche (CME-A. Internacional Ciudad del Carmen)", 
                "departure_time": "18:50"
            }, 
            {
                "arrival_airport": "Canc\u00fan, Quintana Roo (CUN-Aeropuerto Internacional de Canc\u00fan)", 
                "arrival_time": "23:59", 
                "departure_airport": "Ciudad de M\u00e9xico, Distrito Federal (MEX-A. Internacional de la Ciudad de M\u00e9xico)", 
                "departure_time": "21:45"
            }
        ], 
        "ticket price": "4736.00", 
        "airline": "Aeromexico"
    }, 
    {
        "arrival": ", Canc\u00fan", 
        "consult date": "10/05/2018", 
        "flight duration": "0 days 7 hours 25 minutes", 
        "plane": "", 
        "departure date": "11/08/2018", 
        "stops": "1", 
        "plane code": "", 
        "departure": ", Ciudad del Carmen", 
        "timings": [
            {
                "arrival_airport": "Ciudad de M\u00e9xico, Distrito Federal (MEX-A. Internacional de la Ciudad de M\u00e9xico)", 
                "arrival_time": "10:35", 
                "departure_airport": "Ciudad del Carmen, Campeche (CME-A. Internacional Ciudad del Carmen)", 
                "departure_time": "08:45"
            }, 
            {
                "arrival_airport": "Canc\u00fan, Quintana Roo (CUN-Aeropuerto Internacional de Canc\u00fan)", 
                "arrival_time": "16:10", 
                "departure_airport": "Ciudad de M\u00e9xico, Distrito Federal (MEX-A. Internacional de la Ciudad de M\u00e9xico)", 
                "departure_time": "14:05"
            }
        ], 
        "ticket price": "5293.75", 
        "airline": "Interjet"
    }, 
    {
        "arrival": ", Canc\u00fan", 
        "consult date": "10/05/2018", 
        "flight duration": "0 days 6 hours 35 minutes", 
        "plane": "", 
        "departure date": "11/08/2018", 
        "stops": "1", 
        "plane code": "", 
        "departure": ", Ciudad del Carmen", 
        "timings": [
            {
                "arrival_airport": "Ciudad de M\u00e9xico, Distrito Federal (MEX-A. Internacional de la Ciudad de M\u00e9xico)", 
                "arrival_time": "10:35", 
                "departure_airport": "Ciudad del Carmen, Campeche (CME-A. Internacional Ciudad del Carmen)", 
                "departure_time": "08:45"
            }, 
            {
                "arrival_airport": "Canc\u00fan, Quintana Roo (CUN-Aeropuerto Internacional de Canc\u00fan)", 
                "arrival_time": "15:20", 
                "departure_airport": "Ciudad de M\u00e9xico, Distrito Federal (MEX-A. Internacional de la Ciudad de M\u00e9xico)", 
                "departure_time": "13:15"
            }
        ], 
        "ticket price": "5579.46", 
        "airline": "Interjet"
    }, 
    {
        "arrival": ", Canc\u00fan", 
        "consult date": "10/05/2018", 
        "flight duration": "0 days 5 hours 10 minutes", 
        "plane": "", 
        "departure date": "11/08/2018", 
        "stops": "1", 
        "plane code": "", 
        "departure": ", Ciudad del Carmen", 
        "timings": [
            {
                "arrival_airport": "Ciudad de M\u00e9xico, Distrito Federal (MEX-A. Internacional de la Ciudad de M\u00e9xico)", 
                "arrival_time": "10:35", 
                "departure_airport": "Ciudad del Carmen, Campeche (CME-A. Internacional Ciudad del Carmen)", 
                "departure_time": "08:45"
            }, 
            {
                "arrival_airport": "Canc\u00fan, Quintana Roo (CUN-Aeropuerto Internacional de Canc\u00fan)", 
                "arrival_time": "13:55", 
                "departure_airport": "Ciudad de M\u00e9xico, Distrito Federal (MEX-A. Internacional de la Ciudad de M\u00e9xico)", 
                "departure_time": "11:50"
            }
        ], 
        "ticket price": "6150.89", 
        "airline": "Interjet"
    }, 
    {
        "arrival": ", Canc\u00fan", 
        "consult date": "10/05/2018", 
        "flight duration": "0 days 5 hours 22 minutes", 
        "plane": "Embraer 190", 
        "departure date": "11/08/2018", 
        "stops": "1", 
        "plane code": "E90", 
        "departure": ", Ciudad del Carmen", 
        "timings": [
            {
                "arrival_airport": "Ciudad de M\u00e9xico, Distrito Federal (MEX-A. Internacional de la Ciudad de M\u00e9xico)", 
                "arrival_time": "10:15", 
                "departure_airport": "Ciudad del Carmen, Campeche (CME-A. Internacional Ciudad del Carmen)", 
                "departure_time": "08:20"
            }, 
            {
                "arrival_airport": "Canc\u00fan, Quintana Roo (CUN-Aeropuerto Internacional de Canc\u00fan)", 
                "arrival_time": "13:42", 
                "departure_airport": "Ciudad de M\u00e9xico, Distrito Federal (MEX-A. Internacional de la Ciudad de M\u00e9xico)", 
                "departure_time": "11:20"
            }
        ], 
        "ticket price": "6360.00", 
        "airline": "Aeromexico"
    }
]