[
    {
        "arrival": ", Ciudad de M\u00e9xico", 
        "consult date": "10/05/2018", 
        "flight duration": "0 days 2 hours 3 minutes", 
        "plane": "Embraer 190", 
        "departure date": "05/12/2018", 
        "stops": 0, 
        "plane code": "E90", 
        "departure": ", Campeche", 
        "timings": [
            {
                "arrival_airport": "Ciudad de M\u00e9xico, Distrito Federal (MEX-A. Internacional de la Ciudad de M\u00e9xico)", 
                "arrival_time": "23:05", 
                "departure_airport": "Campeche, Campeche (CPE-A. Internacional Ing. Alberto Acuna Ongay)", 
                "departure_time": "21:02"
            }
        ], 
        "ticket price": "2648.00", 
        "airline": "Aeromexico"
    }, 
    {
        "arrival": ", Ciudad de M\u00e9xico", 
        "consult date": "10/05/2018", 
        "flight duration": "0 days 1 hours 44 minutes", 
        "plane": "", 
        "departure date": "05/12/2018", 
        "stops": 0, 
        "plane code": "", 
        "departure": ", Campeche", 
        "timings": [
            {
                "arrival_airport": "Ciudad de M\u00e9xico, Distrito Federal (MEX-A. Internacional de la Ciudad de M\u00e9xico)", 
                "arrival_time": "06:45", 
                "departure_airport": "Campeche, Campeche (CPE-A. Internacional Ing. Alberto Acuna Ongay)", 
                "departure_time": "05:01"
            }
        ], 
        "ticket price": "3301.00", 
        "airline": "Interjet"
    }, 
    {
        "arrival": ", Ciudad de M\u00e9xico", 
        "consult date": "10/05/2018", 
        "flight duration": "0 days 2 hours 3 minutes", 
        "plane": "Embraer 190", 
        "departure date": "05/12/2018", 
        "stops": 0, 
        "plane code": "E90", 
        "departure": ", Campeche", 
        "timings": [
            {
                "arrival_airport": "Ciudad de M\u00e9xico, Distrito Federal (MEX-A. Internacional de la Ciudad de M\u00e9xico)", 
                "arrival_time": "10:30", 
                "departure_airport": "Campeche, Campeche (CPE-A. Internacional Ing. Alberto Acuna Ongay)", 
                "departure_time": "08:27"
            }
        ], 
        "ticket price": "4330.00", 
        "airline": "Aeromexico"
    }
]