[
    {
        "arrival": ", Tijuana", 
        "consult date": "10/05/2018", 
        "flight duration": "0 days 10 hours 23 minutes", 
        "plane": "Embraer 190", 
        "departure date": "31/07/2018", 
        "stops": "1", 
        "plane code": "E90", 
        "departure": ", Campeche", 
        "timings": [
            {
                "arrival_airport": "Ciudad de M\u00e9xico, Distrito Federal (MEX-A. Internacional de la Ciudad de M\u00e9xico)", 
                "arrival_time": "10:30", 
                "departure_airport": "Campeche, Campeche (CPE-A. Internacional Ing. Alberto Acuna Ongay)", 
                "departure_time": "08:27"
            }, 
            {
                "arrival_airport": "Tijuana, Baja California Norte (TIJ-A. Internacional General Abelardo L. Rodr\u00edguez)", 
                "arrival_time": "16:50", 
                "departure_airport": "Ciudad de M\u00e9xico, Distrito Federal (MEX-A. Internacional de la Ciudad de M\u00e9xico)", 
                "departure_time": "15:00"
            }
        ], 
        "ticket price": "3304.00", 
        "airline": "Aeromexico"
    }, 
    {
        "arrival": ", Tijuana", 
        "consult date": "10/05/2018", 
        "flight duration": "0 days 14 hours 4 minutes", 
        "plane": "", 
        "departure date": "31/07/2018", 
        "stops": "1", 
        "plane code": "", 
        "departure": ", Campeche", 
        "timings": [
            {
                "arrival_airport": "Ciudad de M\u00e9xico, Distrito Federal (MEX-A. Internacional de la Ciudad de M\u00e9xico)", 
                "arrival_time": "06:45", 
                "departure_airport": "Campeche, Campeche (CPE-A. Internacional Ing. Alberto Acuna Ongay)", 
                "departure_time": "05:01"
            }, 
            {
                "arrival_airport": "Tijuana, Baja California Norte (TIJ-A. Internacional General Abelardo L. Rodr\u00edguez)", 
                "arrival_time": "17:05", 
                "departure_airport": "Ciudad de M\u00e9xico, Distrito Federal (MEX-A. Internacional de la Ciudad de M\u00e9xico)", 
                "departure_time": "15:25"
            }
        ], 
        "ticket price": "4102.08", 
        "airline": "Interjet"
    }, 
    {
        "arrival": ", Tijuana", 
        "consult date": "10/05/2018", 
        "flight duration": "0 days 15 hours 39 minutes", 
        "plane": "", 
        "departure date": "31/07/2018", 
        "stops": "1", 
        "plane code": "", 
        "departure": ", Campeche", 
        "timings": [
            {
                "arrival_airport": "Ciudad de M\u00e9xico, Distrito Federal (MEX-A. Internacional de la Ciudad de M\u00e9xico)", 
                "arrival_time": "06:45", 
                "departure_airport": "Campeche, Campeche (CPE-A. Internacional Ing. Alberto Acuna Ongay)", 
                "departure_time": "05:01"
            }, 
            {
                "arrival_airport": "Tijuana, Baja California Norte (TIJ-A. Internacional General Abelardo L. Rodr\u00edguez)", 
                "arrival_time": "18:40", 
                "departure_airport": "Ciudad de M\u00e9xico, Distrito Federal (MEX-A. Internacional de la Ciudad de M\u00e9xico)", 
                "departure_time": "17:00"
            }
        ], 
        "ticket price": "4102.08", 
        "airline": "Interjet"
    }, 
    {
        "arrival": ", Tijuana", 
        "consult date": "10/05/2018", 
        "flight duration": "0 days 16 hours 21 minutes", 
        "plane": "Embraer 190", 
        "departure date": "31/07/2018", 
        "stops": "2", 
        "plane code": "E90", 
        "departure": ", Campeche", 
        "timings": [
            {
                "arrival_airport": "Ciudad de M\u00e9xico, Distrito Federal (MEX-A. Internacional de la Ciudad de M\u00e9xico)", 
                "arrival_time": "10:30", 
                "departure_airport": "Campeche, Campeche (CPE-A. Internacional Ing. Alberto Acuna Ongay)", 
                "departure_time": "08:27"
            }, 
            {
                "arrival_airport": "Le\u00f3n, Guanajuato (BJX-Del Baj\u00edo)", 
                "arrival_time": "16:34", 
                "departure_airport": "Ciudad de M\u00e9xico, Distrito Federal (MEX-A. Internacional de la Ciudad de M\u00e9xico)", 
                "departure_time": "15:30"
            }, 
            {
                "arrival_airport": "Tijuana, Baja California Norte (TIJ-A. Internacional General Abelardo L. Rodr\u00edguez)", 
                "arrival_time": "22:48", 
                "departure_airport": "Le\u00f3n, Guanajuato (BJX-Del Baj\u00edo)", 
                "departure_time": "21:30"
            }
        ], 
        "ticket price": "4452.00", 
        "airline": "Aeromexico"
    }, 
    {
        "arrival": ", Tijuana", 
        "consult date": "10/05/2018", 
        "flight duration": "0 days 7 hours 51 minutes", 
        "plane": "Embraer 190", 
        "departure date": "31/07/2018", 
        "stops": "1", 
        "plane code": "E90", 
        "departure": ", Campeche", 
        "timings": [
            {
                "arrival_airport": "Ciudad de M\u00e9xico, Distrito Federal (MEX-A. Internacional de la Ciudad de M\u00e9xico)", 
                "arrival_time": "10:30", 
                "departure_airport": "Campeche, Campeche (CPE-A. Internacional Ing. Alberto Acuna Ongay)", 
                "departure_time": "08:27"
            }, 
            {
                "arrival_airport": "Tijuana, Baja California Norte (TIJ-A. Internacional General Abelardo L. Rodr\u00edguez)", 
                "arrival_time": "14:18", 
                "departure_airport": "Ciudad de M\u00e9xico, Distrito Federal (MEX-A. Internacional de la Ciudad de M\u00e9xico)", 
                "departure_time": "12:15"
            }
        ], 
        "ticket price": "4864.00", 
        "airline": "Aeromexico"
    }
]