[
    {
        "arrival": ", Oaxaca", 
        "consult date": "10/05/2018", 
        "flight duration": "0 days 8 hours 54 minutes", 
        "plane": "", 
        "departure date": "07/11/2018", 
        "stops": "1", 
        "plane code": "", 
        "departure": ", Campeche", 
        "timings": [
            {
                "arrival_airport": "Ciudad de M\u00e9xico, Distrito Federal (MEX-A. Internacional de la Ciudad de M\u00e9xico)", 
                "arrival_time": "06:45", 
                "departure_airport": "Campeche, Campeche (CPE-A. Internacional Ing. Alberto Acuna Ongay)", 
                "departure_time": "05:01"
            }, 
            {
                "arrival_airport": "Oaxaca, Oaxaca (OAX-A. Internacional Xoxocotl\u00e1n)", 
                "arrival_time": "13:55", 
                "departure_airport": "Ciudad de M\u00e9xico, Distrito Federal (MEX-A. Internacional de la Ciudad de M\u00e9xico)", 
                "departure_time": "12:55"
            }
        ], 
        "ticket price": "6694.00", 
        "airline": "Interjet"
    }, 
    {
        "arrival": ", Oaxaca", 
        "consult date": "10/05/2018", 
        "flight duration": "0 days 6 hours 56 minutes", 
        "plane": "Embraer 190", 
        "departure date": "07/11/2018", 
        "stops": "1", 
        "plane code": "E90", 
        "departure": ", Campeche", 
        "timings": [
            {
                "arrival_airport": "Ciudad de M\u00e9xico, Distrito Federal (MEX-A. Internacional de la Ciudad de M\u00e9xico)", 
                "arrival_time": "10:30", 
                "departure_airport": "Campeche, Campeche (CPE-A. Internacional Ing. Alberto Acuna Ongay)", 
                "departure_time": "08:27"
            }, 
            {
                "arrival_airport": "Oaxaca, Oaxaca (OAX-A. Internacional Xoxocotl\u00e1n)", 
                "arrival_time": "15:23", 
                "departure_airport": "Ciudad de M\u00e9xico, Distrito Federal (MEX-A. Internacional de la Ciudad de M\u00e9xico)", 
                "departure_time": "14:10"
            }
        ], 
        "ticket price": "6766.00", 
        "airline": "Aeromexico"
    }
]