[
    {
        "arrival": ", La Paz", 
        "consult date": "10/05/2018", 
        "flight duration": "0 days 9 hours 20 minutes", 
        "plane": "Embraer 190", 
        "departure date": "20/11/2018", 
        "stops": "1", 
        "plane code": "E90", 
        "departure": ", Campeche", 
        "timings": [
            {
                "arrival_airport": "Ciudad de M\u00e9xico, Distrito Federal (MEX-A. Internacional de la Ciudad de M\u00e9xico)", 
                "arrival_time": "10:40", 
                "departure_airport": "Campeche, Campeche (CPE-A. Internacional Ing. Alberto Acuna Ongay)", 
                "departure_time": "08:42"
            }, 
            {
                "arrival_airport": "La Paz, Baja California Sur (LAP-A. Internacional Manuel M\u00e1rquez de Le\u00f3n)", 
                "arrival_time": "17:02", 
                "departure_airport": "Ciudad de M\u00e9xico, Distrito Federal (MEX-A. Internacional de la Ciudad de M\u00e9xico)", 
                "departure_time": "15:35"
            }
        ], 
        "ticket price": "2636.00", 
        "airline": "Aeromexico"
    }
]