[
    {
        "arrival": ", Guadalajara", 
        "consult date": "10/05/2018", 
        "flight duration": "0 days 9 hours 55 minutes", 
        "plane": "", 
        "departure date": "01/09/2018", 
        "stops": "1", 
        "plane code": "", 
        "departure": ", Chetumal", 
        "timings": [
            {
                "arrival_airport": "Ciudad de M\u00e9xico, Distrito Federal (MEX-A. Internacional de la Ciudad de M\u00e9xico)", 
                "arrival_time": "08:15", 
                "departure_airport": "Chetumal, Quintana Roo (CTM-A. Internacional de Chetumal)", 
                "departure_time": "06:00"
            }, 
            {
                "arrival_airport": "Guadalajara, Jalisco (GDL-Don Miguel Hidalgo y Costilla Intl.)", 
                "arrival_time": "15:55", 
                "departure_airport": "Ciudad de M\u00e9xico, Distrito Federal (MEX-A. Internacional de la Ciudad de M\u00e9xico)", 
                "departure_time": "14:45"
            }
        ], 
        "ticket price": "6765.87", 
        "airline": "Interjet"
    }, 
    {
        "arrival": ", Guadalajara", 
        "consult date": "10/05/2018", 
        "flight duration": "0 days 8 hours 15 minutes", 
        "plane": "", 
        "departure date": "01/09/2018", 
        "stops": "1", 
        "plane code": "", 
        "departure": ", Chetumal", 
        "timings": [
            {
                "arrival_airport": "Ciudad de M\u00e9xico, Distrito Federal (MEX-A. Internacional de la Ciudad de M\u00e9xico)", 
                "arrival_time": "08:15", 
                "departure_airport": "Chetumal, Quintana Roo (CTM-A. Internacional de Chetumal)", 
                "departure_time": "06:00"
            }, 
            {
                "arrival_airport": "Guadalajara, Jalisco (GDL-Don Miguel Hidalgo y Costilla Intl.)", 
                "arrival_time": "14:15", 
                "departure_airport": "Ciudad de M\u00e9xico, Distrito Federal (MEX-A. Internacional de la Ciudad de M\u00e9xico)", 
                "departure_time": "13:00"
            }
        ], 
        "ticket price": "6765.87", 
        "airline": "Interjet"
    }, 
    {
        "arrival": ", Guadalajara", 
        "consult date": "10/05/2018", 
        "flight duration": "0 days 14 hours 0 minutes", 
        "plane": "", 
        "departure date": "01/09/2018", 
        "stops": "1", 
        "plane code": "", 
        "departure": ", Chetumal", 
        "timings": [
            {
                "arrival_airport": "Ciudad de M\u00e9xico, Distrito Federal (MEX-A. Internacional de la Ciudad de M\u00e9xico)", 
                "arrival_time": "08:15", 
                "departure_airport": "Chetumal, Quintana Roo (CTM-A. Internacional de Chetumal)", 
                "departure_time": "06:00"
            }, 
            {
                "arrival_airport": "Guadalajara, Jalisco (GDL-Don Miguel Hidalgo y Costilla Intl.)", 
                "arrival_time": "20:00", 
                "departure_airport": "Ciudad de M\u00e9xico, Distrito Federal (MEX-A. Internacional de la Ciudad de M\u00e9xico)", 
                "departure_time": "18:45"
            }
        ], 
        "ticket price": "7510.29", 
        "airline": "Interjet"
    }, 
    {
        "arrival": ", Guadalajara", 
        "consult date": "10/05/2018", 
        "flight duration": "0 days 10 hours 30 minutes", 
        "plane": "", 
        "departure date": "01/09/2018", 
        "stops": "1", 
        "plane code": "", 
        "departure": ", Chetumal", 
        "timings": [
            {
                "arrival_airport": "Ciudad de M\u00e9xico, Distrito Federal (MEX-A. Internacional de la Ciudad de M\u00e9xico)", 
                "arrival_time": "13:45", 
                "departure_airport": "Chetumal, Quintana Roo (CTM-A. Internacional de Chetumal)", 
                "departure_time": "11:30"
            }, 
            {
                "arrival_airport": "Guadalajara, Jalisco (GDL-Don Miguel Hidalgo y Costilla Intl.)", 
                "arrival_time": "22:00", 
                "departure_airport": "Ciudad de M\u00e9xico, Distrito Federal (MEX-A. Internacional de la Ciudad de M\u00e9xico)", 
                "departure_time": "20:40"
            }
        ], 
        "ticket price": "8056.65", 
        "airline": "Interjet"
    }, 
    {
        "arrival": ", Guadalajara", 
        "consult date": "10/05/2018", 
        "flight duration": "0 days 8 hours 30 minutes", 
        "plane": "", 
        "departure date": "01/09/2018", 
        "stops": "1", 
        "plane code": "", 
        "departure": ", Chetumal", 
        "timings": [
            {
                "arrival_airport": "Ciudad de M\u00e9xico, Distrito Federal (MEX-A. Internacional de la Ciudad de M\u00e9xico)", 
                "arrival_time": "13:45", 
                "departure_airport": "Chetumal, Quintana Roo (CTM-A. Internacional de Chetumal)", 
                "departure_time": "11:30"
            }, 
            {
                "arrival_airport": "Guadalajara, Jalisco (GDL-Don Miguel Hidalgo y Costilla Intl.)", 
                "arrival_time": "20:00", 
                "departure_airport": "Ciudad de M\u00e9xico, Distrito Federal (MEX-A. Internacional de la Ciudad de M\u00e9xico)", 
                "departure_time": "18:45"
            }
        ], 
        "ticket price": "8056.65", 
        "airline": "Interjet"
    }, 
    {
        "arrival": ", Guadalajara", 
        "consult date": "10/05/2018", 
        "flight duration": "0 days 13 hours 40 minutes", 
        "plane": "", 
        "departure date": "01/09/2018", 
        "stops": "1", 
        "plane code": "", 
        "departure": ", Chetumal", 
        "timings": [
            {
                "arrival_airport": "Ciudad de M\u00e9xico, Distrito Federal (MEX-A. Internacional de la Ciudad de M\u00e9xico)", 
                "arrival_time": "08:15", 
                "departure_airport": "Chetumal, Quintana Roo (CTM-A. Internacional de Chetumal)", 
                "departure_time": "06:00"
            }, 
            {
                "arrival_airport": "Guadalajara, Jalisco (GDL-Don Miguel Hidalgo y Costilla Intl.)", 
                "arrival_time": "19:40", 
                "departure_airport": "Ciudad de M\u00e9xico, Distrito Federal (MEX-A. Internacional de la Ciudad de M\u00e9xico)", 
                "departure_time": "18:25"
            }
        ], 
        "ticket price": "8647.74", 
        "airline": "Interjet"
    }, 
    {
        "arrival": ", Guadalajara", 
        "consult date": "10/05/2018", 
        "flight duration": "0 days 7 hours 20 minutes", 
        "plane": "", 
        "departure date": "01/09/2018", 
        "stops": "1", 
        "plane code": "", 
        "departure": ", Chetumal", 
        "timings": [
            {
                "arrival_airport": "Ciudad de M\u00e9xico, Distrito Federal (MEX-A. Internacional de la Ciudad de M\u00e9xico)", 
                "arrival_time": "08:15", 
                "departure_airport": "Chetumal, Quintana Roo (CTM-A. Internacional de Chetumal)", 
                "departure_time": "06:00"
            }, 
            {
                "arrival_airport": "Guadalajara, Jalisco (GDL-Don Miguel Hidalgo y Costilla Intl.)", 
                "arrival_time": "13:20", 
                "departure_airport": "Ciudad de M\u00e9xico, Distrito Federal (MEX-A. Internacional de la Ciudad de M\u00e9xico)", 
                "departure_time": "12:05"
            }
        ], 
        "ticket price": "8647.74", 
        "airline": "Interjet"
    }, 
    {
        "arrival": ", Guadalajara", 
        "consult date": "10/05/2018", 
        "flight duration": "0 days 8 hours 10 minutes", 
        "plane": "", 
        "departure date": "01/09/2018", 
        "stops": "1", 
        "plane code": "", 
        "departure": ", Chetumal", 
        "timings": [
            {
                "arrival_airport": "Ciudad de M\u00e9xico, Distrito Federal (MEX-A. Internacional de la Ciudad de M\u00e9xico)", 
                "arrival_time": "13:45", 
                "departure_airport": "Chetumal, Quintana Roo (CTM-A. Internacional de Chetumal)", 
                "departure_time": "11:30"
            }, 
            {
                "arrival_airport": "Guadalajara, Jalisco (GDL-Don Miguel Hidalgo y Costilla Intl.)", 
                "arrival_time": "19:40", 
                "departure_airport": "Ciudad de M\u00e9xico, Distrito Federal (MEX-A. Internacional de la Ciudad de M\u00e9xico)", 
                "departure_time": "18:25"
            }
        ], 
        "ticket price": "9194.10", 
        "airline": "Interjet"
    }
]