[
    {
        "arrival": ", Tampico", 
        "consult date": "10/05/2018", 
        "flight duration": "0 days 12 hours 50 minutes", 
        "plane": "Embraer 190", 
        "departure date": "31/08/2018", 
        "stops": "3", 
        "plane code": "E90", 
        "departure": ", Culiac\u00e1n", 
        "timings": [
            {
                "arrival_airport": "Ciudad de M\u00e9xico, Distrito Federal (MEX-A. Internacional de la Ciudad de M\u00e9xico)", 
                "arrival_time": "09:00", 
                "departure_airport": "Culiac\u00e1n, Sinaloa (CUL-A. Internacional Federal de Bachigualato)", 
                "departure_time": "06:01"
            }, 
            {
                "arrival_airport": "Austin, TX, Estados Unidos (AUS-A. Internacional de Austin-Bergstrom)", 
                "arrival_time": "12:26", 
                "departure_airport": "Ciudad de M\u00e9xico, Distrito Federal (MEX-A. Internacional de la Ciudad de M\u00e9xico)", 
                "departure_time": "10:05"
            }, 
            {
                "arrival_airport": "Houston, TX, Estados Unidos (IAH-A. Intercontinental George Bush)", 
                "arrival_time": "15:14", 
                "departure_airport": "Austin, TX, Estados Unidos (AUS-A. Internacional de Austin-Bergstrom)", 
                "departure_time": "14:15"
            }, 
            {
                "arrival_airport": "Tampico, Tamaulipas (TAM-A. Internacional General Francisco Javier Mina)", 
                "arrival_time": "19:51", 
                "departure_airport": "Houston, TX, Estados Unidos (IAH-A. Intercontinental George Bush)", 
                "departure_time": "18:05"
            }
        ], 
        "ticket price": "100188.00", 
        "airline": "Aerolitoral DBA Aeromexico Connect"
    }, 
    {
        "arrival": ", Tampico", 
        "consult date": "10/05/2018", 
        "flight duration": "0 days 12 hours 50 minutes", 
        "plane": "Embraer 190", 
        "departure date": "31/08/2018", 
        "stops": "3", 
        "plane code": "E90", 
        "departure": ", Culiac\u00e1n", 
        "timings": [
            {
                "arrival_airport": "Ciudad de M\u00e9xico, Distrito Federal (MEX-A. Internacional de la Ciudad de M\u00e9xico)", 
                "arrival_time": "09:00", 
                "departure_airport": "Culiac\u00e1n, Sinaloa (CUL-A. Internacional Federal de Bachigualato)", 
                "departure_time": "06:01"
            }, 
            {
                "arrival_airport": "Austin, TX, Estados Unidos (AUS-A. Internacional de Austin-Bergstrom)", 
                "arrival_time": "12:26", 
                "departure_airport": "Ciudad de M\u00e9xico, Distrito Federal (MEX-A. Internacional de la Ciudad de M\u00e9xico)", 
                "departure_time": "10:05"
            }, 
            {
                "arrival_airport": "Houston, TX, Estados Unidos (IAH-A. Intercontinental George Bush)", 
                "arrival_time": "16:59", 
                "departure_airport": "Austin, TX, Estados Unidos (AUS-A. Internacional de Austin-Bergstrom)", 
                "departure_time": "16:00"
            }, 
            {
                "arrival_airport": "Tampico, Tamaulipas (TAM-A. Internacional General Francisco Javier Mina)", 
                "arrival_time": "19:51", 
                "departure_airport": "Houston, TX, Estados Unidos (IAH-A. Intercontinental George Bush)", 
                "departure_time": "18:05"
            }
        ], 
        "ticket price": "100188.00", 
        "airline": "Aerolitoral DBA Aeromexico Connect"
    }, 
    {
        "arrival": ", Tampico", 
        "consult date": "10/05/2018", 
        "flight duration": "0 days 6 hours 1 minutes", 
        "plane": "Embraer 190", 
        "departure date": "31/08/2018", 
        "stops": "1", 
        "plane code": "E90", 
        "departure": ", Culiac\u00e1n", 
        "timings": [
            {
                "arrival_airport": "Ciudad de M\u00e9xico, Distrito Federal (MEX-A. Internacional de la Ciudad de M\u00e9xico)", 
                "arrival_time": "09:00", 
                "departure_airport": "Culiac\u00e1n, Sinaloa (CUL-A. Internacional Federal de Bachigualato)", 
                "departure_time": "06:01"
            }, 
            {
                "arrival_airport": "Tampico, Tamaulipas (TAM-A. Internacional General Francisco Javier Mina)", 
                "arrival_time": "13:02", 
                "departure_airport": "Ciudad de M\u00e9xico, Distrito Federal (MEX-A. Internacional de la Ciudad de M\u00e9xico)", 
                "departure_time": "11:55"
            }
        ], 
        "ticket price": "11319.00", 
        "airline": "Aeromexico"
    }, 
    {
        "arrival": ", Tampico", 
        "consult date": "10/05/2018", 
        "flight duration": "0 days 7 hours 54 minutes", 
        "plane": "Embraer 190", 
        "departure date": "31/08/2018", 
        "stops": "1", 
        "plane code": "E90", 
        "departure": ", Culiac\u00e1n", 
        "timings": [
            {
                "arrival_airport": "Ciudad de M\u00e9xico, Distrito Federal (MEX-A. Internacional de la Ciudad de M\u00e9xico)", 
                "arrival_time": "12:20", 
                "departure_airport": "Culiac\u00e1n, Sinaloa (CUL-A. Internacional Federal de Bachigualato)", 
                "departure_time": "09:24"
            }, 
            {
                "arrival_airport": "Tampico, Tamaulipas (TAM-A. Internacional General Francisco Javier Mina)", 
                "arrival_time": "18:18", 
                "departure_airport": "Ciudad de M\u00e9xico, Distrito Federal (MEX-A. Internacional de la Ciudad de M\u00e9xico)", 
                "departure_time": "17:10"
            }
        ], 
        "ticket price": "13059.00", 
        "airline": "Aeromexico"
    }, 
    {
        "arrival": ", Tampico", 
        "consult date": "10/05/2018", 
        "flight duration": "0 days 7 hours 31 minutes", 
        "plane": "Embraer 190", 
        "departure date": "31/08/2018", 
        "stops": "1", 
        "plane code": "E90", 
        "departure": ", Culiac\u00e1n", 
        "timings": [
            {
                "arrival_airport": "Ciudad de M\u00e9xico, Distrito Federal (MEX-A. Internacional de la Ciudad de M\u00e9xico)", 
                "arrival_time": "17:20", 
                "departure_airport": "Culiac\u00e1n, Sinaloa (CUL-A. Internacional Federal de Bachigualato)", 
                "departure_time": "14:21"
            }, 
            {
                "arrival_airport": "Tampico, Tamaulipas (TAM-A. Internacional General Francisco Javier Mina)", 
                "arrival_time": "22:52", 
                "departure_airport": "Ciudad de M\u00e9xico, Distrito Federal (MEX-A. Internacional de la Ciudad de M\u00e9xico)", 
                "departure_time": "21:45"
            }
        ], 
        "ticket price": "13059.00", 
        "airline": "Aeromexico"
    }, 
    {
        "arrival": ", Tampico", 
        "consult date": "10/05/2018", 
        "flight duration": "0 days 12 hours 50 minutes", 
        "plane": "Embraer 190", 
        "departure date": "31/08/2018", 
        "stops": "3", 
        "plane code": "E90", 
        "departure": ", Culiac\u00e1n", 
        "timings": [
            {
                "arrival_airport": "Ciudad de M\u00e9xico, Distrito Federal (MEX-A. Internacional de la Ciudad de M\u00e9xico)", 
                "arrival_time": "09:00", 
                "departure_airport": "Culiac\u00e1n, Sinaloa (CUL-A. Internacional Federal de Bachigualato)", 
                "departure_time": "06:01"
            }, 
            {
                "arrival_airport": "Austin, TX, Estados Unidos (AUS-A. Internacional de Austin-Bergstrom)", 
                "arrival_time": "12:26", 
                "departure_airport": "Ciudad de M\u00e9xico, Distrito Federal (MEX-A. Internacional de la Ciudad de M\u00e9xico)", 
                "departure_time": "10:05"
            }, 
            {
                "arrival_airport": "Houston, TX, Estados Unidos (IAH-A. Intercontinental George Bush)", 
                "arrival_time": "15:14", 
                "departure_airport": "Austin, TX, Estados Unidos (AUS-A. Internacional de Austin-Bergstrom)", 
                "departure_time": "14:15"
            }, 
            {
                "arrival_airport": "Tampico, Tamaulipas (TAM-A. Internacional General Francisco Javier Mina)", 
                "arrival_time": "19:51", 
                "departure_airport": "Houston, TX, Estados Unidos (IAH-A. Intercontinental George Bush)", 
                "departure_time": "18:05"
            }
        ], 
        "ticket price": "169212.00", 
        "airline": "Aerolitoral DBA Aeromexico Connect"
    }, 
    {
        "arrival": ", Tampico", 
        "consult date": "10/05/2018", 
        "flight duration": "0 days 12 hours 50 minutes", 
        "plane": "Embraer 190", 
        "departure date": "31/08/2018", 
        "stops": "3", 
        "plane code": "E90", 
        "departure": ", Culiac\u00e1n", 
        "timings": [
            {
                "arrival_airport": "Ciudad de M\u00e9xico, Distrito Federal (MEX-A. Internacional de la Ciudad de M\u00e9xico)", 
                "arrival_time": "09:00", 
                "departure_airport": "Culiac\u00e1n, Sinaloa (CUL-A. Internacional Federal de Bachigualato)", 
                "departure_time": "06:01"
            }, 
            {
                "arrival_airport": "Austin, TX, Estados Unidos (AUS-A. Internacional de Austin-Bergstrom)", 
                "arrival_time": "12:26", 
                "departure_airport": "Ciudad de M\u00e9xico, Distrito Federal (MEX-A. Internacional de la Ciudad de M\u00e9xico)", 
                "departure_time": "10:05"
            }, 
            {
                "arrival_airport": "Houston, TX, Estados Unidos (IAH-A. Intercontinental George Bush)", 
                "arrival_time": "16:59", 
                "departure_airport": "Austin, TX, Estados Unidos (AUS-A. Internacional de Austin-Bergstrom)", 
                "departure_time": "16:00"
            }, 
            {
                "arrival_airport": "Tampico, Tamaulipas (TAM-A. Internacional General Francisco Javier Mina)", 
                "arrival_time": "19:51", 
                "departure_airport": "Houston, TX, Estados Unidos (IAH-A. Intercontinental George Bush)", 
                "departure_time": "18:05"
            }
        ], 
        "ticket price": "169212.00", 
        "airline": "Aerolitoral DBA Aeromexico Connect"
    }, 
    {
        "arrival": ", Tampico", 
        "consult date": "10/05/2018", 
        "flight duration": "1 days 12 hours 45 minutes", 
        "plane": "", 
        "departure date": "31/08/2018", 
        "stops": "1", 
        "plane code": "", 
        "departure": ", Culiac\u00e1n", 
        "timings": [
            {
                "arrival_airport": "Ciudad de M\u00e9xico, Distrito Federal (MEX-A. Internacional de la Ciudad de M\u00e9xico)", 
                "arrival_time": "22:15", 
                "departure_airport": "Culiac\u00e1n, Sinaloa (CUL-A. Internacional Federal de Bachigualato)", 
                "departure_time": "19:15"
            }, 
            {
                "arrival_airport": "Tampico, Tamaulipas (TAM-A. Internacional General Francisco Javier Mina)", 
                "arrival_time": "09:00", 
                "departure_airport": "Ciudad de M\u00e9xico, Distrito Federal (MEX-A. Internacional de la Ciudad de M\u00e9xico)", 
                "departure_time": "08:00"
            }
        ], 
        "ticket price": "5130.00", 
        "airline": "Interjet"
    }, 
    {
        "arrival": ", Tampico", 
        "consult date": "10/05/2018", 
        "flight duration": "0 days 7 hours 25 minutes", 
        "plane": "", 
        "departure date": "31/08/2018", 
        "stops": "1", 
        "plane code": "", 
        "departure": ", Culiac\u00e1n", 
        "timings": [
            {
                "arrival_airport": "Ciudad de M\u00e9xico, Distrito Federal (MEX-A. Internacional de la Ciudad de M\u00e9xico)", 
                "arrival_time": "11:30", 
                "departure_airport": "Culiac\u00e1n, Sinaloa (CUL-A. Internacional Federal de Bachigualato)", 
                "departure_time": "08:40"
            }, 
            {
                "arrival_airport": "Tampico, Tamaulipas (TAM-A. Internacional General Francisco Javier Mina)", 
                "arrival_time": "17:05", 
                "departure_airport": "Ciudad de M\u00e9xico, Distrito Federal (MEX-A. Internacional de la Ciudad de M\u00e9xico)", 
                "departure_time": "16:00"
            }
        ], 
        "ticket price": "5340.00", 
        "airline": "Interjet"
    }, 
    {
        "arrival": ", Tampico", 
        "consult date": "10/05/2018", 
        "flight duration": "0 days 11 hours 5 minutes", 
        "plane": "", 
        "departure date": "31/08/2018", 
        "stops": "1", 
        "plane code": "", 
        "departure": ", Culiac\u00e1n", 
        "timings": [
            {
                "arrival_airport": "Ciudad de M\u00e9xico, Distrito Federal (MEX-A. Internacional de la Ciudad de M\u00e9xico)", 
                "arrival_time": "11:30", 
                "departure_airport": "Culiac\u00e1n, Sinaloa (CUL-A. Internacional Federal de Bachigualato)", 
                "departure_time": "08:40"
            }, 
            {
                "arrival_airport": "Tampico, Tamaulipas (TAM-A. Internacional General Francisco Javier Mina)", 
                "arrival_time": "20:45", 
                "departure_airport": "Ciudad de M\u00e9xico, Distrito Federal (MEX-A. Internacional de la Ciudad de M\u00e9xico)", 
                "departure_time": "19:35"
            }
        ], 
        "ticket price": "5340.00", 
        "airline": "Interjet"
    }, 
    {
        "arrival": ", Tampico", 
        "consult date": "10/05/2018", 
        "flight duration": "0 days 12 hours 50 minutes", 
        "plane": "Embraer 190", 
        "departure date": "31/08/2018", 
        "stops": "3", 
        "plane code": "E90", 
        "departure": ", Culiac\u00e1n", 
        "timings": [
            {
                "arrival_airport": "Ciudad de M\u00e9xico, Distrito Federal (MEX-A. Internacional de la Ciudad de M\u00e9xico)", 
                "arrival_time": "09:00", 
                "departure_airport": "Culiac\u00e1n, Sinaloa (CUL-A. Internacional Federal de Bachigualato)", 
                "departure_time": "06:01"
            }, 
            {
                "arrival_airport": "San Antonio, TX, Estados Unidos (SAT-A. Internacional de San Antonio)", 
                "arrival_time": "12:00", 
                "departure_airport": "Ciudad de M\u00e9xico, Distrito Federal (MEX-A. Internacional de la Ciudad de M\u00e9xico)", 
                "departure_time": "09:50"
            }, 
            {
                "arrival_airport": "Houston, TX, Estados Unidos (IAH-A. Intercontinental George Bush)", 
                "arrival_time": "17:20", 
                "departure_airport": "San Antonio, TX, Estados Unidos (SAT-A. Internacional de San Antonio)", 
                "departure_time": "16:20"
            }, 
            {
                "arrival_airport": "Tampico, Tamaulipas (TAM-A. Internacional General Francisco Javier Mina)", 
                "arrival_time": "19:51", 
                "departure_airport": "Houston, TX, Estados Unidos (IAH-A. Intercontinental George Bush)", 
                "departure_time": "18:05"
            }
        ], 
        "ticket price": "70797.00", 
        "airline": "Aerolitoral DBA Aeromexico Connect"
    }, 
    {
        "arrival": ", Tampico", 
        "consult date": "10/05/2018", 
        "flight duration": "0 days 12 hours 50 minutes", 
        "plane": "Embraer 190", 
        "departure date": "31/08/2018", 
        "stops": "3", 
        "plane code": "E90", 
        "departure": ", Culiac\u00e1n", 
        "timings": [
            {
                "arrival_airport": "Ciudad de M\u00e9xico, Distrito Federal (MEX-A. Internacional de la Ciudad de M\u00e9xico)", 
                "arrival_time": "09:00", 
                "departure_airport": "Culiac\u00e1n, Sinaloa (CUL-A. Internacional Federal de Bachigualato)", 
                "departure_time": "06:01"
            }, 
            {
                "arrival_airport": "San Antonio, TX, Estados Unidos (SAT-A. Internacional de San Antonio)", 
                "arrival_time": "12:00", 
                "departure_airport": "Ciudad de M\u00e9xico, Distrito Federal (MEX-A. Internacional de la Ciudad de M\u00e9xico)", 
                "departure_time": "09:50"
            }, 
            {
                "arrival_airport": "Houston, TX, Estados Unidos (IAH-A. Intercontinental George Bush)", 
                "arrival_time": "15:15", 
                "departure_airport": "San Antonio, TX, Estados Unidos (SAT-A. Internacional de San Antonio)", 
                "departure_time": "14:15"
            }, 
            {
                "arrival_airport": "Tampico, Tamaulipas (TAM-A. Internacional General Francisco Javier Mina)", 
                "arrival_time": "19:51", 
                "departure_airport": "Houston, TX, Estados Unidos (IAH-A. Intercontinental George Bush)", 
                "departure_time": "18:05"
            }
        ], 
        "ticket price": "70797.00", 
        "airline": "Aerolitoral DBA Aeromexico Connect"
    }
]