[
    {
        "arrival": ", Chihuahua", 
        "consult date": "10/05/2018", 
        "flight duration": "0 days 8 hours 22 minutes", 
        "plane": "Embraer 190", 
        "departure date": "15/07/2018", 
        "stops": "1", 
        "plane code": "E90", 
        "departure": ", Culiac\u00e1n", 
        "timings": [
            {
                "arrival_airport": "Ciudad de M\u00e9xico, Distrito Federal (MEX-A. Internacional de la Ciudad de M\u00e9xico)", 
                "arrival_time": "08:55", 
                "departure_airport": "Culiac\u00e1n, Sinaloa (CUL-A. Internacional Federal de Bachigualato)", 
                "departure_time": "06:00"
            }, 
            {
                "arrival_airport": "Chihuahua, Chihuahua (CUU-A. Internacional General Roberto Fierro Villalobos)", 
                "arrival_time": "14:22", 
                "departure_airport": "Ciudad de M\u00e9xico, Distrito Federal (MEX-A. Internacional de la Ciudad de M\u00e9xico)", 
                "departure_time": "13:00"
            }
        ], 
        "ticket price": "13776.00", 
        "airline": "Aeromexico"
    }, 
    {
        "arrival": ", Chihuahua", 
        "consult date": "10/05/2018", 
        "flight duration": "0 days 5 hours 5 minutes", 
        "plane": "Embraer 190", 
        "departure date": "15/07/2018", 
        "stops": "1", 
        "plane code": "E90", 
        "departure": ", Culiac\u00e1n", 
        "timings": [
            {
                "arrival_airport": "Ciudad de M\u00e9xico, Distrito Federal (MEX-A. Internacional de la Ciudad de M\u00e9xico)", 
                "arrival_time": "17:15", 
                "departure_airport": "Culiac\u00e1n, Sinaloa (CUL-A. Internacional Federal de Bachigualato)", 
                "departure_time": "14:20"
            }, 
            {
                "arrival_airport": "Chihuahua, Chihuahua (CUU-A. Internacional General Roberto Fierro Villalobos)", 
                "arrival_time": "19:25", 
                "departure_airport": "Ciudad de M\u00e9xico, Distrito Federal (MEX-A. Internacional de la Ciudad de M\u00e9xico)", 
                "departure_time": "18:15"
            }
        ], 
        "ticket price": "13776.00", 
        "airline": "Aeromexico"
    }, 
    {
        "arrival": ", Chihuahua", 
        "consult date": "10/05/2018", 
        "flight duration": "0 days 7 hours 1 minutes", 
        "plane": "Embraer 190", 
        "departure date": "15/07/2018", 
        "stops": "1", 
        "plane code": "E90", 
        "departure": ", Culiac\u00e1n", 
        "timings": [
            {
                "arrival_airport": "Ciudad de M\u00e9xico, Distrito Federal (MEX-A. Internacional de la Ciudad de M\u00e9xico)", 
                "arrival_time": "12:30", 
                "departure_airport": "Culiac\u00e1n, Sinaloa (CUL-A. Internacional Federal de Bachigualato)", 
                "departure_time": "09:36"
            }, 
            {
                "arrival_airport": "Chihuahua, Chihuahua (CUU-A. Internacional General Roberto Fierro Villalobos)", 
                "arrival_time": "16:37", 
                "departure_airport": "Ciudad de M\u00e9xico, Distrito Federal (MEX-A. Internacional de la Ciudad de M\u00e9xico)", 
                "departure_time": "15:15"
            }
        ], 
        "ticket price": "13776.00", 
        "airline": "Aeromexico"
    }, 
    {
        "arrival": ", Chihuahua", 
        "consult date": "10/05/2018", 
        "flight duration": "0 days 8 hours 47 minutes", 
        "plane": "Embraer 190", 
        "departure date": "15/07/2018", 
        "stops": "1", 
        "plane code": "E90", 
        "departure": ", Culiac\u00e1n", 
        "timings": [
            {
                "arrival_airport": "Ciudad de M\u00e9xico, Distrito Federal (MEX-A. Internacional de la Ciudad de M\u00e9xico)", 
                "arrival_time": "17:15", 
                "departure_airport": "Culiac\u00e1n, Sinaloa (CUL-A. Internacional Federal de Bachigualato)", 
                "departure_time": "14:20"
            }, 
            {
                "arrival_airport": "Chihuahua, Chihuahua (CUU-A. Internacional General Roberto Fierro Villalobos)", 
                "arrival_time": "23:07", 
                "departure_airport": "Ciudad de M\u00e9xico, Distrito Federal (MEX-A. Internacional de la Ciudad de M\u00e9xico)", 
                "departure_time": "21:45"
            }
        ], 
        "ticket price": "13776.00", 
        "airline": "Aeromexico"
    }, 
    {
        "arrival": ", Chihuahua", 
        "consult date": "10/05/2018", 
        "flight duration": "0 days 1 hours 0 minutes", 
        "plane": "", 
        "departure date": "15/07/2018", 
        "stops": 0, 
        "plane code": "", 
        "departure": ", Culiac\u00e1n", 
        "timings": [
            {
                "arrival_airport": "Chihuahua, Chihuahua (CUU-A. Internacional General Roberto Fierro Villalobos)", 
                "arrival_time": "11:45", 
                "departure_airport": "Culiac\u00e1n, Sinaloa (CUL-A. Internacional Federal de Bachigualato)", 
                "departure_time": "10:45"
            }
        ], 
        "ticket price": "7598.00", 
        "airline": "Interjet"
    }
]