[
    {
        "arrival": ", Huatulco", 
        "consult date": "10/05/2018", 
        "flight duration": "0 days 7 hours 50 minutes", 
        "plane": "", 
        "departure date": "08/12/2018", 
        "stops": "1", 
        "plane code": "", 
        "departure": ", Culiac\u00e1n", 
        "timings": [
            {
                "arrival_airport": "Ciudad de M\u00e9xico, Distrito Federal (MEX-A. Internacional de la Ciudad de M\u00e9xico)", 
                "arrival_time": "11:30", 
                "departure_airport": "Culiac\u00e1n, Sinaloa (CUL-A. Internacional Federal de Bachigualato)", 
                "departure_time": "08:40"
            }, 
            {
                "arrival_airport": "Huatulco, Oaxaca (HUX-A. Internacional Bah\u00edas de Huatulco)", 
                "arrival_time": "17:30", 
                "departure_airport": "Ciudad de M\u00e9xico, Distrito Federal (MEX-A. Internacional de la Ciudad de M\u00e9xico)", 
                "departure_time": "16:20"
            }
        ], 
        "ticket price": "2060.01", 
        "airline": "Interjet"
    }, 
    {
        "arrival": ", Huatulco", 
        "consult date": "10/05/2018", 
        "flight duration": "1 days 13 hours 50 minutes", 
        "plane": "", 
        "departure date": "08/12/2018", 
        "stops": "1", 
        "plane code": "", 
        "departure": ", Culiac\u00e1n", 
        "timings": [
            {
                "arrival_airport": "Ciudad de M\u00e9xico, Distrito Federal (MEX-A. Internacional de la Ciudad de M\u00e9xico)", 
                "arrival_time": "22:15", 
                "departure_airport": "Culiac\u00e1n, Sinaloa (CUL-A. Internacional Federal de Bachigualato)", 
                "departure_time": "19:15"
            }, 
            {
                "arrival_airport": "Huatulco, Oaxaca (HUX-A. Internacional Bah\u00edas de Huatulco)", 
                "arrival_time": "10:05", 
                "departure_airport": "Ciudad de M\u00e9xico, Distrito Federal (MEX-A. Internacional de la Ciudad de M\u00e9xico)", 
                "departure_time": "08:55"
            }
        ], 
        "ticket price": "2566.00", 
        "airline": "Interjet"
    }, 
    {
        "arrival": ", Huatulco", 
        "consult date": "10/05/2018", 
        "flight duration": "0 days 8 hours 1 minutes", 
        "plane": "Embraer 190", 
        "departure date": "08/12/2018", 
        "stops": "1", 
        "plane code": "E90", 
        "departure": ", Culiac\u00e1n", 
        "timings": [
            {
                "arrival_airport": "Ciudad de M\u00e9xico, Distrito Federal (MEX-A. Internacional de la Ciudad de M\u00e9xico)", 
                "arrival_time": "09:00", 
                "departure_airport": "Culiac\u00e1n, Sinaloa (CUL-A. Internacional Federal de Bachigualato)", 
                "departure_time": "06:00"
            }, 
            {
                "arrival_airport": "Huatulco, Oaxaca (HUX-A. Internacional Bah\u00edas de Huatulco)", 
                "arrival_time": "15:01", 
                "departure_airport": "Ciudad de M\u00e9xico, Distrito Federal (MEX-A. Internacional de la Ciudad de M\u00e9xico)", 
                "departure_time": "13:35"
            }
        ], 
        "ticket price": "2712.00", 
        "airline": "Aeromexico"
    }, 
    {
        "arrival": ", Huatulco", 
        "consult date": "10/05/2018", 
        "flight duration": "0 days 4 hours 34 minutes", 
        "plane": "Embraer 190", 
        "departure date": "08/12/2018", 
        "stops": "1", 
        "plane code": "E90", 
        "departure": ", Culiac\u00e1n", 
        "timings": [
            {
                "arrival_airport": "Ciudad de M\u00e9xico, Distrito Federal (MEX-A. Internacional de la Ciudad de M\u00e9xico)", 
                "arrival_time": "12:30", 
                "departure_airport": "Culiac\u00e1n, Sinaloa (CUL-A. Internacional Federal de Bachigualato)", 
                "departure_time": "09:27"
            }, 
            {
                "arrival_airport": "Huatulco, Oaxaca (HUX-A. Internacional Bah\u00edas de Huatulco)", 
                "arrival_time": "15:01", 
                "departure_airport": "Ciudad de M\u00e9xico, Distrito Federal (MEX-A. Internacional de la Ciudad de M\u00e9xico)", 
                "departure_time": "13:35"
            }
        ], 
        "ticket price": "2712.00", 
        "airline": "Aeromexico"
    }, 
    {
        "arrival": ", Huatulco", 
        "consult date": "10/05/2018", 
        "flight duration": "0 days 5 hours 15 minutes", 
        "plane": "", 
        "departure date": "08/12/2018", 
        "stops": "1", 
        "plane code": "", 
        "departure": ", Culiac\u00e1n", 
        "timings": [
            {
                "arrival_airport": "Ciudad de M\u00e9xico, Distrito Federal (MEX-A. Internacional de la Ciudad de M\u00e9xico)", 
                "arrival_time": "10:22", 
                "departure_airport": "Culiac\u00e1n, Sinaloa (CUL-A. Internacional Federal de Bachigualato)", 
                "departure_time": "07:20"
            }, 
            {
                "arrival_airport": "Huatulco, Oaxaca (HUX-A. Internacional Bah\u00edas de Huatulco)", 
                "arrival_time": "13:35", 
                "departure_airport": "Ciudad de M\u00e9xico, Distrito Federal (MEX-A. Internacional de la Ciudad de M\u00e9xico)", 
                "departure_time": "12:10"
            }
        ], 
        "ticket price": "3001.00", 
        "airline": "Volaris"
    }
]