[
    {
        "arrival": ", Ciudad Ju\u00e1rez", 
        "consult date": "10/05/2018", 
        "flight duration": "0 days 10 hours 35 minutes", 
        "plane": "", 
        "departure date": "13/07/2018", 
        "stops": "1", 
        "plane code": "", 
        "departure": ", Culiac\u00e1n", 
        "timings": [
            {
                "arrival_airport": "Guadalajara, Jalisco (GDL-Don Miguel Hidalgo y Costilla Intl.)", 
                "arrival_time": "11:05", 
                "departure_airport": "Culiac\u00e1n, Sinaloa (CUL-A. Internacional Federal de Bachigualato)", 
                "departure_time": "08:36"
            }, 
            {
                "arrival_airport": "Ciudad Ju\u00e1rez, Chihuahua (CJS-A. Internacional Abraham Gonz\u00e1lez)", 
                "arrival_time": "19:11", 
                "departure_airport": "Guadalajara, Jalisco (GDL-Don Miguel Hidalgo y Costilla Intl.)", 
                "departure_time": "17:50"
            }
        ], 
        "ticket price": "11410.20", 
        "airline": "Volaris"
    }, 
    {
        "arrival": ", Ciudad Ju\u00e1rez", 
        "consult date": "10/05/2018", 
        "flight duration": "0 days 8 hours 53 minutes", 
        "plane": "Embraer 190", 
        "departure date": "13/07/2018", 
        "stops": "2", 
        "plane code": "E90", 
        "departure": ", Culiac\u00e1n", 
        "timings": [
            {
                "arrival_airport": "Ciudad de M\u00e9xico, Distrito Federal (MEX-A. Internacional de la Ciudad de M\u00e9xico)", 
                "arrival_time": "12:40", 
                "departure_airport": "Culiac\u00e1n, Sinaloa (CUL-A. Internacional Federal de Bachigualato)", 
                "departure_time": "09:38"
            }, 
            {
                "arrival_airport": "Monterrey, Nuevo Le\u00f3n (MTY-A. Internacional General Mariano Escobedo)", 
                "arrival_time": "16:45", 
                "departure_airport": "Ciudad de M\u00e9xico, Distrito Federal (MEX-A. Internacional de la Ciudad de M\u00e9xico)", 
                "departure_time": "15:00"
            }, 
            {
                "arrival_airport": "Ciudad Ju\u00e1rez, Chihuahua (CJS-A. Internacional Abraham Gonz\u00e1lez)", 
                "arrival_time": "18:31", 
                "departure_airport": "Monterrey, Nuevo Le\u00f3n (MTY-A. Internacional General Mariano Escobedo)", 
                "departure_time": "17:42"
            }
        ], 
        "ticket price": "14419.50", 
        "airline": "Aeromexico"
    }, 
    {
        "arrival": ", Ciudad Ju\u00e1rez", 
        "consult date": "10/05/2018", 
        "flight duration": "0 days 1 hours 20 minutes", 
        "plane": "", 
        "departure date": "13/07/2018", 
        "stops": 0, 
        "plane code": "", 
        "departure": ", Culiac\u00e1n", 
        "timings": [
            {
                "arrival_airport": "Ciudad Ju\u00e1rez, Chihuahua (CJS-A. Internacional Abraham Gonz\u00e1lez)", 
                "arrival_time": "23:00", 
                "departure_airport": "Culiac\u00e1n, Sinaloa (CUL-A. Internacional Federal de Bachigualato)", 
                "departure_time": "21:40"
            }
        ], 
        "ticket price": "2489.30", 
        "airline": "Interjet"
    }, 
    {
        "arrival": ", Ciudad Ju\u00e1rez", 
        "consult date": "10/05/2018", 
        "flight duration": "1 days 11 hours 50 minutes", 
        "plane": "", 
        "departure date": "13/07/2018", 
        "stops": "1", 
        "plane code": "", 
        "departure": ", Culiac\u00e1n", 
        "timings": [
            {
                "arrival_airport": "Ciudad de M\u00e9xico, Distrito Federal (MEX-A. Internacional de la Ciudad de M\u00e9xico)", 
                "arrival_time": "22:45", 
                "departure_airport": "Culiac\u00e1n, Sinaloa (CUL-A. Internacional Federal de Bachigualato)", 
                "departure_time": "19:45"
            }, 
            {
                "arrival_airport": "Ciudad Ju\u00e1rez, Chihuahua (CJS-A. Internacional Abraham Gonz\u00e1lez)", 
                "arrival_time": "07:35", 
                "departure_airport": "Ciudad de M\u00e9xico, Distrito Federal (MEX-A. Internacional de la Ciudad de M\u00e9xico)", 
                "departure_time": "05:55"
            }
        ], 
        "ticket price": "6470.41", 
        "airline": "Interjet"
    }, 
    {
        "arrival": ", Ciudad Ju\u00e1rez", 
        "consult date": "10/05/2018", 
        "flight duration": "0 days 12 hours 31 minutes", 
        "plane": "Embraer 190", 
        "departure date": "13/07/2018", 
        "stops": "2", 
        "plane code": "E90", 
        "departure": ", Culiac\u00e1n", 
        "timings": [
            {
                "arrival_airport": "Ciudad de M\u00e9xico, Distrito Federal (MEX-A. Internacional de la Ciudad de M\u00e9xico)", 
                "arrival_time": "09:00", 
                "departure_airport": "Culiac\u00e1n, Sinaloa (CUL-A. Internacional Federal de Bachigualato)", 
                "departure_time": "06:00"
            }, 
            {
                "arrival_airport": "Monterrey, Nuevo Le\u00f3n (MTY-A. Internacional General Mariano Escobedo)", 
                "arrival_time": "12:55", 
                "departure_airport": "Ciudad de M\u00e9xico, Distrito Federal (MEX-A. Internacional de la Ciudad de M\u00e9xico)", 
                "departure_time": "11:10"
            }, 
            {
                "arrival_airport": "Ciudad Ju\u00e1rez, Chihuahua (CJS-A. Internacional Abraham Gonz\u00e1lez)", 
                "arrival_time": "18:31", 
                "departure_airport": "Monterrey, Nuevo Le\u00f3n (MTY-A. Internacional General Mariano Escobedo)", 
                "departure_time": "17:42"
            }
        ], 
        "ticket price": "7071.00", 
        "airline": "Aeromexico"
    }, 
    {
        "arrival": ", Ciudad Ju\u00e1rez", 
        "consult date": "10/05/2018", 
        "flight duration": "0 days 12 hours 31 minutes", 
        "plane": "Embraer 190", 
        "departure date": "13/07/2018", 
        "stops": "2", 
        "plane code": "E90", 
        "departure": ", Culiac\u00e1n", 
        "timings": [
            {
                "arrival_airport": "Ciudad de M\u00e9xico, Distrito Federal (MEX-A. Internacional de la Ciudad de M\u00e9xico)", 
                "arrival_time": "09:00", 
                "departure_airport": "Culiac\u00e1n, Sinaloa (CUL-A. Internacional Federal de Bachigualato)", 
                "departure_time": "06:00"
            }, 
            {
                "arrival_airport": "Monterrey, Nuevo Le\u00f3n (MTY-A. Internacional General Mariano Escobedo)", 
                "arrival_time": "13:40", 
                "departure_airport": "Ciudad de M\u00e9xico, Distrito Federal (MEX-A. Internacional de la Ciudad de M\u00e9xico)", 
                "departure_time": "11:55"
            }, 
            {
                "arrival_airport": "Ciudad Ju\u00e1rez, Chihuahua (CJS-A. Internacional Abraham Gonz\u00e1lez)", 
                "arrival_time": "18:31", 
                "departure_airport": "Monterrey, Nuevo Le\u00f3n (MTY-A. Internacional General Mariano Escobedo)", 
                "departure_time": "17:42"
            }
        ], 
        "ticket price": "7071.00", 
        "airline": "Aeromexico"
    }, 
    {
        "arrival": ", Ciudad Ju\u00e1rez", 
        "consult date": "10/05/2018", 
        "flight duration": "0 days 12 hours 31 minutes", 
        "plane": "Embraer 190", 
        "departure date": "13/07/2018", 
        "stops": "2", 
        "plane code": "E90", 
        "departure": ", Culiac\u00e1n", 
        "timings": [
            {
                "arrival_airport": "Ciudad de M\u00e9xico, Distrito Federal (MEX-A. Internacional de la Ciudad de M\u00e9xico)", 
                "arrival_time": "09:00", 
                "departure_airport": "Culiac\u00e1n, Sinaloa (CUL-A. Internacional Federal de Bachigualato)", 
                "departure_time": "06:00"
            }, 
            {
                "arrival_airport": "Monterrey, Nuevo Le\u00f3n (MTY-A. Internacional General Mariano Escobedo)", 
                "arrival_time": "15:45", 
                "departure_airport": "Ciudad de M\u00e9xico, Distrito Federal (MEX-A. Internacional de la Ciudad de M\u00e9xico)", 
                "departure_time": "14:00"
            }, 
            {
                "arrival_airport": "Ciudad Ju\u00e1rez, Chihuahua (CJS-A. Internacional Abraham Gonz\u00e1lez)", 
                "arrival_time": "18:31", 
                "departure_airport": "Monterrey, Nuevo Le\u00f3n (MTY-A. Internacional General Mariano Escobedo)", 
                "departure_time": "17:42"
            }
        ], 
        "ticket price": "7071.00", 
        "airline": "Aeromexico"
    }, 
    {
        "arrival": ", Ciudad Ju\u00e1rez", 
        "consult date": "10/05/2018", 
        "flight duration": "0 days 12 hours 31 minutes", 
        "plane": "Embraer 190", 
        "departure date": "13/07/2018", 
        "stops": "2", 
        "plane code": "E90", 
        "departure": ", Culiac\u00e1n", 
        "timings": [
            {
                "arrival_airport": "Ciudad de M\u00e9xico, Distrito Federal (MEX-A. Internacional de la Ciudad de M\u00e9xico)", 
                "arrival_time": "09:00", 
                "departure_airport": "Culiac\u00e1n, Sinaloa (CUL-A. Internacional Federal de Bachigualato)", 
                "departure_time": "06:00"
            }, 
            {
                "arrival_airport": "Monterrey, Nuevo Le\u00f3n (MTY-A. Internacional General Mariano Escobedo)", 
                "arrival_time": "14:48", 
                "departure_airport": "Ciudad de M\u00e9xico, Distrito Federal (MEX-A. Internacional de la Ciudad de M\u00e9xico)", 
                "departure_time": "13:05"
            }, 
            {
                "arrival_airport": "Ciudad Ju\u00e1rez, Chihuahua (CJS-A. Internacional Abraham Gonz\u00e1lez)", 
                "arrival_time": "18:31", 
                "departure_airport": "Monterrey, Nuevo Le\u00f3n (MTY-A. Internacional General Mariano Escobedo)", 
                "departure_time": "17:42"
            }
        ], 
        "ticket price": "7071.00", 
        "airline": "Aeromexico"
    }, 
    {
        "arrival": ", Ciudad Ju\u00e1rez", 
        "consult date": "10/05/2018", 
        "flight duration": "0 days 7 hours 0 minutes", 
        "plane": "Embraer 190", 
        "departure date": "13/07/2018", 
        "stops": "1", 
        "plane code": "E90", 
        "departure": ", Culiac\u00e1n", 
        "timings": [
            {
                "arrival_airport": "Ciudad de M\u00e9xico, Distrito Federal (MEX-A. Internacional de la Ciudad de M\u00e9xico)", 
                "arrival_time": "09:00", 
                "departure_airport": "Culiac\u00e1n, Sinaloa (CUL-A. Internacional Federal de Bachigualato)", 
                "departure_time": "06:00"
            }, 
            {
                "arrival_airport": "Ciudad Ju\u00e1rez, Chihuahua (CJS-A. Internacional Abraham Gonz\u00e1lez)", 
                "arrival_time": "13:00", 
                "departure_airport": "Ciudad de M\u00e9xico, Distrito Federal (MEX-A. Internacional de la Ciudad de M\u00e9xico)", 
                "departure_time": "11:10"
            }
        ], 
        "ticket price": "7230.80", 
        "airline": "Aeromexico"
    }, 
    {
        "arrival": ", Ciudad Ju\u00e1rez", 
        "consult date": "10/05/2018", 
        "flight duration": "0 days 11 hours 0 minutes", 
        "plane": "", 
        "departure date": "13/07/2018", 
        "stops": "1", 
        "plane code": "", 
        "departure": ", Culiac\u00e1n", 
        "timings": [
            {
                "arrival_airport": "Tijuana, Baja California Norte (TIJ-A. Internacional General Abelardo L. Rodr\u00edguez)", 
                "arrival_time": "11:58", 
                "departure_airport": "Culiac\u00e1n, Sinaloa (CUL-A. Internacional Federal de Bachigualato)", 
                "departure_time": "10:44"
            }, 
            {
                "arrival_airport": "Ciudad Ju\u00e1rez, Chihuahua (CJS-A. Internacional Abraham Gonz\u00e1lez)", 
                "arrival_time": "21:44", 
                "departure_airport": "Tijuana, Baja California Norte (TIJ-A. Internacional General Abelardo L. Rodr\u00edguez)", 
                "departure_time": "18:48"
            }
        ], 
        "ticket price": "7600.75", 
        "airline": "Volaris"
    }, 
    {
        "arrival": ", Ciudad Ju\u00e1rez", 
        "consult date": "10/05/2018", 
        "flight duration": "0 days 8 hours 53 minutes", 
        "plane": "Embraer 190", 
        "departure date": "13/07/2018", 
        "stops": "2", 
        "plane code": "E90", 
        "departure": ", Culiac\u00e1n", 
        "timings": [
            {
                "arrival_airport": "Ciudad de M\u00e9xico, Distrito Federal (MEX-A. Internacional de la Ciudad de M\u00e9xico)", 
                "arrival_time": "12:40", 
                "departure_airport": "Culiac\u00e1n, Sinaloa (CUL-A. Internacional Federal de Bachigualato)", 
                "departure_time": "09:38"
            }, 
            {
                "arrival_airport": "Monterrey, Nuevo Le\u00f3n (MTY-A. Internacional General Mariano Escobedo)", 
                "arrival_time": "15:45", 
                "departure_airport": "Ciudad de M\u00e9xico, Distrito Federal (MEX-A. Internacional de la Ciudad de M\u00e9xico)", 
                "departure_time": "14:00"
            }, 
            {
                "arrival_airport": "Ciudad Ju\u00e1rez, Chihuahua (CJS-A. Internacional Abraham Gonz\u00e1lez)", 
                "arrival_time": "18:31", 
                "departure_airport": "Monterrey, Nuevo Le\u00f3n (MTY-A. Internacional General Mariano Escobedo)", 
                "departure_time": "17:42"
            }
        ], 
        "ticket price": "8242.50", 
        "airline": "Aeromexico"
    }, 
    {
        "arrival": ", Ciudad Ju\u00e1rez", 
        "consult date": "10/05/2018", 
        "flight duration": "0 days 8 hours 52 minutes", 
        "plane": "Embraer 190", 
        "departure date": "13/07/2018", 
        "stops": "1", 
        "plane code": "E90", 
        "departure": ", Culiac\u00e1n", 
        "timings": [
            {
                "arrival_airport": "Ciudad de M\u00e9xico, Distrito Federal (MEX-A. Internacional de la Ciudad de M\u00e9xico)", 
                "arrival_time": "17:40", 
                "departure_airport": "Culiac\u00e1n, Sinaloa (CUL-A. Internacional Federal de Bachigualato)", 
                "departure_time": "14:40"
            }, 
            {
                "arrival_airport": "Ciudad Ju\u00e1rez, Chihuahua (CJS-A. Internacional Abraham Gonz\u00e1lez)", 
                "arrival_time": "23:32", 
                "departure_airport": "Ciudad de M\u00e9xico, Distrito Federal (MEX-A. Internacional de la Ciudad de M\u00e9xico)", 
                "departure_time": "21:45"
            }
        ], 
        "ticket price": "9360.80", 
        "airline": "Aeromexico"
    }, 
    {
        "arrival": ", Ciudad Ju\u00e1rez", 
        "consult date": "10/05/2018", 
        "flight duration": "0 days 8 hours 42 minutes", 
        "plane": "Embraer 190", 
        "departure date": "13/07/2018", 
        "stops": "1", 
        "plane code": "E90", 
        "departure": ", Culiac\u00e1n", 
        "timings": [
            {
                "arrival_airport": "Ciudad de M\u00e9xico, Distrito Federal (MEX-A. Internacional de la Ciudad de M\u00e9xico)", 
                "arrival_time": "12:40", 
                "departure_airport": "Culiac\u00e1n, Sinaloa (CUL-A. Internacional Federal de Bachigualato)", 
                "departure_time": "09:38"
            }, 
            {
                "arrival_airport": "Ciudad Ju\u00e1rez, Chihuahua (CJS-A. Internacional Abraham Gonz\u00e1lez)", 
                "arrival_time": "18:20", 
                "departure_airport": "Ciudad de M\u00e9xico, Distrito Federal (MEX-A. Internacional de la Ciudad de M\u00e9xico)", 
                "departure_time": "16:30"
            }
        ], 
        "ticket price": "9893.30", 
        "airline": "Aeromexico"
    }
]