[
    {
        "arrival": ", San Jos\u00e9 del Cabo", 
        "consult date": "10/05/2018", 
        "flight duration": "0 days 6 hours 11 minutes", 
        "plane": "", 
        "departure date": "19/11/2018", 
        "stops": "1", 
        "plane code": "", 
        "departure": ", Culiac\u00e1n", 
        "timings": [
            {
                "arrival_airport": "Guadalajara, Jalisco (GDL-Don Miguel Hidalgo y Costilla Intl.)", 
                "arrival_time": "08:33", 
                "departure_airport": "Culiac\u00e1n, Sinaloa (CUL-A. Internacional Federal de Bachigualato)", 
                "departure_time": "06:04"
            }, 
            {
                "arrival_airport": "San Jos\u00e9 del Cabo, Baja California Sur (SJD-A. Internacional de Los Cabos)", 
                "arrival_time": "12:15", 
                "departure_airport": "Guadalajara, Jalisco (GDL-Don Miguel Hidalgo y Costilla Intl.)", 
                "departure_time": "11:35"
            }
        ], 
        "ticket price": "3658.58", 
        "airline": "Volaris"
    }, 
    {
        "arrival": ", San Jos\u00e9 del Cabo", 
        "consult date": "10/05/2018", 
        "flight duration": "0 days 9 hours 2 minutes", 
        "plane": "", 
        "departure date": "19/11/2018", 
        "stops": "1", 
        "plane code": "", 
        "departure": ", Culiac\u00e1n", 
        "timings": [
            {
                "arrival_airport": "Guadalajara, Jalisco (GDL-Don Miguel Hidalgo y Costilla Intl.)", 
                "arrival_time": "08:33", 
                "departure_airport": "Culiac\u00e1n, Sinaloa (CUL-A. Internacional Federal de Bachigualato)", 
                "departure_time": "06:04"
            }, 
            {
                "arrival_airport": "San Jos\u00e9 del Cabo, Baja California Sur (SJD-A. Internacional de Los Cabos)", 
                "arrival_time": "15:06", 
                "departure_airport": "Guadalajara, Jalisco (GDL-Don Miguel Hidalgo y Costilla Intl.)", 
                "departure_time": "14:26"
            }
        ], 
        "ticket price": "3658.58", 
        "airline": "Volaris"
    }, 
    {
        "arrival": ", San Jos\u00e9 del Cabo", 
        "consult date": "10/05/2018", 
        "flight duration": "0 days 7 hours 26 minutes", 
        "plane": "", 
        "departure date": "19/11/2018", 
        "stops": "1", 
        "plane code": "", 
        "departure": ", Culiac\u00e1n", 
        "timings": [
            {
                "arrival_airport": "Ciudad de M\u00e9xico, Distrito Federal (MEX-A. Internacional de la Ciudad de M\u00e9xico)", 
                "arrival_time": "10:22", 
                "departure_airport": "Culiac\u00e1n, Sinaloa (CUL-A. Internacional Federal de Bachigualato)", 
                "departure_time": "07:23"
            }, 
            {
                "arrival_airport": "San Jos\u00e9 del Cabo, Baja California Sur (SJD-A. Internacional de Los Cabos)", 
                "arrival_time": "14:49", 
                "departure_airport": "Ciudad de M\u00e9xico, Distrito Federal (MEX-A. Internacional de la Ciudad de M\u00e9xico)", 
                "departure_time": "13:28"
            }
        ], 
        "ticket price": "5619.95", 
        "airline": "Volaris"
    }, 
    {
        "arrival": ", San Jos\u00e9 del Cabo", 
        "consult date": "10/05/2018", 
        "flight duration": "0 days 6 hours 30 minutes", 
        "plane": "", 
        "departure date": "19/11/2018", 
        "stops": "1", 
        "plane code": "", 
        "departure": ", Culiac\u00e1n", 
        "timings": [
            {
                "arrival_airport": "Ciudad de M\u00e9xico, Distrito Federal (MEX-A. Internacional de la Ciudad de M\u00e9xico)", 
                "arrival_time": "11:30", 
                "departure_airport": "Culiac\u00e1n, Sinaloa (CUL-A. Internacional Federal de Bachigualato)", 
                "departure_time": "08:40"
            }, 
            {
                "arrival_airport": "San Jos\u00e9 del Cabo, Baja California Sur (SJD-A. Internacional de Los Cabos)", 
                "arrival_time": "15:10", 
                "departure_airport": "Ciudad de M\u00e9xico, Distrito Federal (MEX-A. Internacional de la Ciudad de M\u00e9xico)", 
                "departure_time": "14:00"
            }
        ], 
        "ticket price": "7259.78", 
        "airline": "Interjet"
    }
]