[
    {
        "arrival": ", Oaxaca", 
        "consult date": "10/05/2018", 
        "flight duration": "0 days 13 hours 5 minutes", 
        "plane": "Embraer 190", 
        "departure date": "14/11/2018", 
        "stops": "3", 
        "plane code": "E90", 
        "departure": ", Culiac\u00e1n", 
        "timings": [
            {
                "arrival_airport": "Ciudad de M\u00e9xico, Distrito Federal (MEX-A. Internacional de la Ciudad de M\u00e9xico)", 
                "arrival_time": "09:00", 
                "departure_airport": "Culiac\u00e1n, Sinaloa (CUL-A. Internacional Federal de Bachigualato)", 
                "departure_time": "06:00"
            }, 
            {
                "arrival_airport": "Austin, TX, Estados Unidos (AUS-A. Internacional de Austin-Bergstrom)", 
                "arrival_time": "12:35", 
                "departure_airport": "Ciudad de M\u00e9xico, Distrito Federal (MEX-A. Internacional de la Ciudad de M\u00e9xico)", 
                "departure_time": "10:10"
            }, 
            {
                "arrival_airport": "Houston, TX, Estados Unidos (IAH-A. Intercontinental George Bush)", 
                "arrival_time": "15:30", 
                "departure_airport": "Austin, TX, Estados Unidos (AUS-A. Internacional de Austin-Bergstrom)", 
                "departure_time": "14:30"
            }, 
            {
                "arrival_airport": "Oaxaca, Oaxaca (OAX-A. Internacional Xoxocotl\u00e1n)", 
                "arrival_time": "20:05", 
                "departure_airport": "Houston, TX, Estados Unidos (IAH-A. Intercontinental George Bush)", 
                "departure_time": "17:35"
            }
        ], 
        "ticket price": "100040.00", 
        "airline": "Aerolitoral DBA Aeromexico Connect"
    }, 
    {
        "arrival": ", Oaxaca", 
        "consult date": "10/05/2018", 
        "flight duration": "0 days 13 hours 18 minutes", 
        "plane": "", 
        "departure date": "14/11/2018", 
        "stops": "1", 
        "plane code": "", 
        "departure": ", Culiac\u00e1n", 
        "timings": [
            {
                "arrival_airport": "Tijuana, Baja California Norte (TIJ-A. Internacional General Abelardo L. Rodr\u00edguez)", 
                "arrival_time": "18:01", 
                "departure_airport": "Culiac\u00e1n, Sinaloa (CUL-A. Internacional Federal de Bachigualato)", 
                "departure_time": "16:47"
            }, 
            {
                "arrival_airport": "Oaxaca, Oaxaca (OAX-A. Internacional Xoxocotl\u00e1n)", 
                "arrival_time": "07:05", 
                "departure_airport": "Tijuana, Baja California Norte (TIJ-A. Internacional General Abelardo L. Rodr\u00edguez)", 
                "departure_time": "01:06"
            }
        ], 
        "ticket price": "12004.00", 
        "airline": "Volaris"
    }, 
    {
        "arrival": ", Oaxaca", 
        "consult date": "10/05/2018", 
        "flight duration": "0 days 11 hours 20 minutes", 
        "plane": "", 
        "departure date": "14/11/2018", 
        "stops": "1", 
        "plane code": "", 
        "departure": ", Culiac\u00e1n", 
        "timings": [
            {
                "arrival_airport": "Ciudad de M\u00e9xico, Distrito Federal (MEX-A. Internacional de la Ciudad de M\u00e9xico)", 
                "arrival_time": "22:15", 
                "departure_airport": "Culiac\u00e1n, Sinaloa (CUL-A. Internacional Federal de Bachigualato)", 
                "departure_time": "19:15"
            }, 
            {
                "arrival_airport": "Oaxaca, Oaxaca (OAX-A. Internacional Xoxocotl\u00e1n)", 
                "arrival_time": "07:35", 
                "departure_airport": "Ciudad de M\u00e9xico, Distrito Federal (MEX-A. Internacional de la Ciudad de M\u00e9xico)", 
                "departure_time": "06:35"
            }
        ], 
        "ticket price": "4345.52", 
        "airline": "Interjet"
    }, 
    {
        "arrival": ", Oaxaca", 
        "consult date": "10/05/2018", 
        "flight duration": "0 days 13 hours 5 minutes", 
        "plane": "Embraer 190", 
        "departure date": "14/11/2018", 
        "stops": "3", 
        "plane code": "E90", 
        "departure": ", Culiac\u00e1n", 
        "timings": [
            {
                "arrival_airport": "Ciudad de M\u00e9xico, Distrito Federal (MEX-A. Internacional de la Ciudad de M\u00e9xico)", 
                "arrival_time": "09:00", 
                "departure_airport": "Culiac\u00e1n, Sinaloa (CUL-A. Internacional Federal de Bachigualato)", 
                "departure_time": "06:00"
            }, 
            {
                "arrival_airport": "San Antonio, TX, Estados Unidos (SAT-A. Internacional de San Antonio)", 
                "arrival_time": "12:18", 
                "departure_airport": "Ciudad de M\u00e9xico, Distrito Federal (MEX-A. Internacional de la Ciudad de M\u00e9xico)", 
                "departure_time": "10:00"
            }, 
            {
                "arrival_airport": "Houston, TX, Estados Unidos (IAH-A. Intercontinental George Bush)", 
                "arrival_time": "14:40", 
                "departure_airport": "San Antonio, TX, Estados Unidos (SAT-A. Internacional de San Antonio)", 
                "departure_time": "13:40"
            }, 
            {
                "arrival_airport": "Oaxaca, Oaxaca (OAX-A. Internacional Xoxocotl\u00e1n)", 
                "arrival_time": "20:05", 
                "departure_airport": "Houston, TX, Estados Unidos (IAH-A. Intercontinental George Bush)", 
                "departure_time": "17:35"
            }
        ], 
        "ticket price": "51966.00", 
        "airline": "Aerolitoral DBA Aeromexico Connect"
    }, 
    {
        "arrival": ", Oaxaca", 
        "consult date": "10/05/2018", 
        "flight duration": "0 days 12 hours 25 minutes", 
        "plane": "", 
        "departure date": "14/11/2018", 
        "stops": "1", 
        "plane code": "", 
        "departure": ", Culiac\u00e1n", 
        "timings": [
            {
                "arrival_airport": "Ciudad de M\u00e9xico, Distrito Federal (MEX-A. Internacional de la Ciudad de M\u00e9xico)", 
                "arrival_time": "11:30", 
                "departure_airport": "Culiac\u00e1n, Sinaloa (CUL-A. Internacional Federal de Bachigualato)", 
                "departure_time": "08:40"
            }, 
            {
                "arrival_airport": "Oaxaca, Oaxaca (OAX-A. Internacional Xoxocotl\u00e1n)", 
                "arrival_time": "22:05", 
                "departure_airport": "Ciudad de M\u00e9xico, Distrito Federal (MEX-A. Internacional de la Ciudad de M\u00e9xico)", 
                "departure_time": "21:05"
            }
        ], 
        "ticket price": "5295.94", 
        "airline": "Interjet"
    }, 
    {
        "arrival": ", Oaxaca", 
        "consult date": "10/05/2018", 
        "flight duration": "0 days 4 hours 25 minutes", 
        "plane": "", 
        "departure date": "14/11/2018", 
        "stops": "1", 
        "plane code": "", 
        "departure": ", Culiac\u00e1n", 
        "timings": [
            {
                "arrival_airport": "Ciudad de M\u00e9xico, Distrito Federal (MEX-A. Internacional de la Ciudad de M\u00e9xico)", 
                "arrival_time": "10:22", 
                "departure_airport": "Culiac\u00e1n, Sinaloa (CUL-A. Internacional Federal de Bachigualato)", 
                "departure_time": "07:20"
            }, 
            {
                "arrival_airport": "Oaxaca, Oaxaca (OAX-A. Internacional Xoxocotl\u00e1n)", 
                "arrival_time": "12:45", 
                "departure_airport": "Ciudad de M\u00e9xico, Distrito Federal (MEX-A. Internacional de la Ciudad de M\u00e9xico)", 
                "departure_time": "11:31"
            }
        ], 
        "ticket price": "5762.00", 
        "airline": "Volaris"
    }, 
    {
        "arrival": ", Oaxaca", 
        "consult date": "10/05/2018", 
        "flight duration": "0 days 10 hours 25 minutes", 
        "plane": "", 
        "departure date": "14/11/2018", 
        "stops": "1", 
        "plane code": "", 
        "departure": ", Culiac\u00e1n", 
        "timings": [
            {
                "arrival_airport": "Ciudad de M\u00e9xico, Distrito Federal (MEX-A. Internacional de la Ciudad de M\u00e9xico)", 
                "arrival_time": "11:30", 
                "departure_airport": "Culiac\u00e1n, Sinaloa (CUL-A. Internacional Federal de Bachigualato)", 
                "departure_time": "08:40"
            }, 
            {
                "arrival_airport": "Oaxaca, Oaxaca (OAX-A. Internacional Xoxocotl\u00e1n)", 
                "arrival_time": "20:05", 
                "departure_airport": "Ciudad de M\u00e9xico, Distrito Federal (MEX-A. Internacional de la Ciudad de M\u00e9xico)", 
                "departure_time": "19:05"
            }
        ], 
        "ticket price": "6012.82", 
        "airline": "Interjet"
    }, 
    {
        "arrival": ", Oaxaca", 
        "consult date": "10/05/2018", 
        "flight duration": "0 days 13 hours 5 minutes", 
        "plane": "Embraer 190", 
        "departure date": "14/11/2018", 
        "stops": "3", 
        "plane code": "E90", 
        "departure": ", Culiac\u00e1n", 
        "timings": [
            {
                "arrival_airport": "Ciudad de M\u00e9xico, Distrito Federal (MEX-A. Internacional de la Ciudad de M\u00e9xico)", 
                "arrival_time": "09:00", 
                "departure_airport": "Culiac\u00e1n, Sinaloa (CUL-A. Internacional Federal de Bachigualato)", 
                "departure_time": "06:00"
            }, 
            {
                "arrival_airport": "Austin, TX, Estados Unidos (AUS-A. Internacional de Austin-Bergstrom)", 
                "arrival_time": "12:35", 
                "departure_airport": "Ciudad de M\u00e9xico, Distrito Federal (MEX-A. Internacional de la Ciudad de M\u00e9xico)", 
                "departure_time": "10:10"
            }, 
            {
                "arrival_airport": "Houston, TX, Estados Unidos (IAH-A. Intercontinental George Bush)", 
                "arrival_time": "15:30", 
                "departure_airport": "Austin, TX, Estados Unidos (AUS-A. Internacional de Austin-Bergstrom)", 
                "departure_time": "14:30"
            }, 
            {
                "arrival_airport": "Oaxaca, Oaxaca (OAX-A. Internacional Xoxocotl\u00e1n)", 
                "arrival_time": "20:05", 
                "departure_airport": "Houston, TX, Estados Unidos (IAH-A. Intercontinental George Bush)", 
                "departure_time": "17:35"
            }
        ], 
        "ticket price": "69094.00", 
        "airline": "Aerolitoral DBA Aeromexico Connect"
    }, 
    {
        "arrival": ", Oaxaca", 
        "consult date": "10/05/2018", 
        "flight duration": "0 days 13 hours 5 minutes", 
        "plane": "Embraer 190", 
        "departure date": "14/11/2018", 
        "stops": "3", 
        "plane code": "E90", 
        "departure": ", Culiac\u00e1n", 
        "timings": [
            {
                "arrival_airport": "Ciudad de M\u00e9xico, Distrito Federal (MEX-A. Internacional de la Ciudad de M\u00e9xico)", 
                "arrival_time": "09:00", 
                "departure_airport": "Culiac\u00e1n, Sinaloa (CUL-A. Internacional Federal de Bachigualato)", 
                "departure_time": "06:00"
            }, 
            {
                "arrival_airport": "San Antonio, TX, Estados Unidos (SAT-A. Internacional de San Antonio)", 
                "arrival_time": "12:18", 
                "departure_airport": "Ciudad de M\u00e9xico, Distrito Federal (MEX-A. Internacional de la Ciudad de M\u00e9xico)", 
                "departure_time": "10:00"
            }, 
            {
                "arrival_airport": "Houston, TX, Estados Unidos (IAH-A. Intercontinental George Bush)", 
                "arrival_time": "14:40", 
                "departure_airport": "San Antonio, TX, Estados Unidos (SAT-A. Internacional de San Antonio)", 
                "departure_time": "13:40"
            }, 
            {
                "arrival_airport": "Oaxaca, Oaxaca (OAX-A. Internacional Xoxocotl\u00e1n)", 
                "arrival_time": "20:05", 
                "departure_airport": "Houston, TX, Estados Unidos (IAH-A. Intercontinental George Bush)", 
                "departure_time": "17:35"
            }
        ], 
        "ticket price": "79598.00", 
        "airline": "Aerolitoral DBA Aeromexico Connect"
    }, 
    {
        "arrival": ", Oaxaca", 
        "consult date": "10/05/2018", 
        "flight duration": "0 days 7 hours 46 minutes", 
        "plane": "", 
        "departure date": "14/11/2018", 
        "stops": "1", 
        "plane code": "", 
        "departure": ", Culiac\u00e1n", 
        "timings": [
            {
                "arrival_airport": "Tijuana, Baja California Norte (TIJ-A. Internacional General Abelardo L. Rodr\u00edguez)", 
                "arrival_time": "23:33", 
                "departure_airport": "Culiac\u00e1n, Sinaloa (CUL-A. Internacional Federal de Bachigualato)", 
                "departure_time": "22:19"
            }, 
            {
                "arrival_airport": "Oaxaca, Oaxaca (OAX-A. Internacional Xoxocotl\u00e1n)", 
                "arrival_time": "07:05", 
                "departure_airport": "Tijuana, Baja California Norte (TIJ-A. Internacional General Abelardo L. Rodr\u00edguez)", 
                "departure_time": "01:06"
            }
        ], 
        "ticket price": "8882.00", 
        "airline": "Volaris"
    }, 
    {
        "arrival": ", Oaxaca", 
        "consult date": "10/05/2018", 
        "flight duration": "0 days 9 hours 0 minutes", 
        "plane": "", 
        "departure date": "14/11/2018", 
        "stops": "1", 
        "plane code": "", 
        "departure": ", Culiac\u00e1n", 
        "timings": [
            {
                "arrival_airport": "Tijuana, Baja California Norte (TIJ-A. Internacional General Abelardo L. Rodr\u00edguez)", 
                "arrival_time": "22:19", 
                "departure_airport": "Culiac\u00e1n, Sinaloa (CUL-A. Internacional Federal de Bachigualato)", 
                "departure_time": "21:05"
            }, 
            {
                "arrival_airport": "Oaxaca, Oaxaca (OAX-A. Internacional Xoxocotl\u00e1n)", 
                "arrival_time": "07:05", 
                "departure_airport": "Tijuana, Baja California Norte (TIJ-A. Internacional General Abelardo L. Rodr\u00edguez)", 
                "departure_time": "01:06"
            }
        ], 
        "ticket price": "8882.00", 
        "airline": "Volaris"
    }, 
    {
        "arrival": ", Oaxaca", 
        "consult date": "10/05/2018", 
        "flight duration": "0 days 5 hours 32 minutes", 
        "plane": "Embraer 190", 
        "departure date": "14/11/2018", 
        "stops": "1", 
        "plane code": "E90", 
        "departure": ", Culiac\u00e1n", 
        "timings": [
            {
                "arrival_airport": "Ciudad de M\u00e9xico, Distrito Federal (MEX-A. Internacional de la Ciudad de M\u00e9xico)", 
                "arrival_time": "09:00", 
                "departure_airport": "Culiac\u00e1n, Sinaloa (CUL-A. Internacional Federal de Bachigualato)", 
                "departure_time": "06:00"
            }, 
            {
                "arrival_airport": "Oaxaca, Oaxaca (OAX-A. Internacional Xoxocotl\u00e1n)", 
                "arrival_time": "12:32", 
                "departure_airport": "Ciudad de M\u00e9xico, Distrito Federal (MEX-A. Internacional de la Ciudad de M\u00e9xico)", 
                "departure_time": "11:10"
            }
        ], 
        "ticket price": "9152.00", 
        "airline": "Aeromexico"
    }, 
    {
        "arrival": ", Oaxaca", 
        "consult date": "10/05/2018", 
        "flight duration": "0 days 4 hours 56 minutes", 
        "plane": "Embraer 190", 
        "departure date": "14/11/2018", 
        "stops": "1", 
        "plane code": "E90", 
        "departure": ", Culiac\u00e1n", 
        "timings": [
            {
                "arrival_airport": "Ciudad de M\u00e9xico, Distrito Federal (MEX-A. Internacional de la Ciudad de M\u00e9xico)", 
                "arrival_time": "12:40", 
                "departure_airport": "Culiac\u00e1n, Sinaloa (CUL-A. Internacional Federal de Bachigualato)", 
                "departure_time": "09:37"
            }, 
            {
                "arrival_airport": "Oaxaca, Oaxaca (OAX-A. Internacional Xoxocotl\u00e1n)", 
                "arrival_time": "15:33", 
                "departure_airport": "Ciudad de M\u00e9xico, Distrito Federal (MEX-A. Internacional de la Ciudad de M\u00e9xico)", 
                "departure_time": "14:15"
            }
        ], 
        "ticket price": "9152.00", 
        "airline": "Aeromexico"
    }, 
    {
        "arrival": ", Oaxaca", 
        "consult date": "10/05/2018", 
        "flight duration": "0 days 7 hours 36 minutes", 
        "plane": "Embraer 190", 
        "departure date": "14/11/2018", 
        "stops": "1", 
        "plane code": "E90", 
        "departure": ", Culiac\u00e1n", 
        "timings": [
            {
                "arrival_airport": "Ciudad de M\u00e9xico, Distrito Federal (MEX-A. Internacional de la Ciudad de M\u00e9xico)", 
                "arrival_time": "17:25", 
                "departure_airport": "Culiac\u00e1n, Sinaloa (CUL-A. Internacional Federal de Bachigualato)", 
                "departure_time": "14:22"
            }, 
            {
                "arrival_airport": "Oaxaca, Oaxaca (OAX-A. Internacional Xoxocotl\u00e1n)", 
                "arrival_time": "22:58", 
                "departure_airport": "Ciudad de M\u00e9xico, Distrito Federal (MEX-A. Internacional de la Ciudad de M\u00e9xico)", 
                "departure_time": "21:40"
            }
        ], 
        "ticket price": "9152.00", 
        "airline": "Aeromexico"
    }, 
    {
        "arrival": ", Oaxaca", 
        "consult date": "10/05/2018", 
        "flight duration": "0 days 7 hours 55 minutes", 
        "plane": "Embraer 190", 
        "departure date": "14/11/2018", 
        "stops": "1", 
        "plane code": "E90", 
        "departure": ", Culiac\u00e1n", 
        "timings": [
            {
                "arrival_airport": "Ciudad de M\u00e9xico, Distrito Federal (MEX-A. Internacional de la Ciudad de M\u00e9xico)", 
                "arrival_time": "12:40", 
                "departure_airport": "Culiac\u00e1n, Sinaloa (CUL-A. Internacional Federal de Bachigualato)", 
                "departure_time": "09:37"
            }, 
            {
                "arrival_airport": "Oaxaca, Oaxaca (OAX-A. Internacional Xoxocotl\u00e1n)", 
                "arrival_time": "18:32", 
                "departure_airport": "Ciudad de M\u00e9xico, Distrito Federal (MEX-A. Internacional de la Ciudad de M\u00e9xico)", 
                "departure_time": "17:15"
            }
        ], 
        "ticket price": "9732.00", 
        "airline": "Aeromexico"
    }
]