[
    {
        "arrival": ", Monterrey", 
        "consult date": "10/05/2018", 
        "flight duration": "0 days 1 hours 30 minutes", 
        "plane": "", 
        "departure date": "22/12/2018", 
        "stops": 0, 
        "plane code": "", 
        "departure": ", Culiac\u00e1n", 
        "timings": [
            {
                "arrival_airport": "Monterrey, Nuevo Le\u00f3n (MTY-A. Internacional General Mariano Escobedo)", 
                "arrival_time": "09:30", 
                "departure_airport": "Culiac\u00e1n, Sinaloa (CUL-A. Internacional Federal de Bachigualato)", 
                "departure_time": "07:00"
            }
        ], 
        "ticket price": "2846.91", 
        "airline": "VivaAerobus"
    }, 
    {
        "arrival": ", Monterrey", 
        "consult date": "10/05/2018", 
        "flight duration": "0 days 7 hours 5 minutes", 
        "plane": "", 
        "departure date": "22/12/2018", 
        "stops": "1", 
        "plane code": "", 
        "departure": ", Culiac\u00e1n", 
        "timings": [
            {
                "arrival_airport": "Ciudad de M\u00e9xico, Distrito Federal (MEX-A. Internacional de la Ciudad de M\u00e9xico)", 
                "arrival_time": "17:05", 
                "departure_airport": "Culiac\u00e1n, Sinaloa (CUL-A. Internacional Federal de Bachigualato)", 
                "departure_time": "14:05"
            }, 
            {
                "arrival_airport": "Monterrey, Nuevo Le\u00f3n (MTY-A. Internacional General Mariano Escobedo)", 
                "arrival_time": "22:10", 
                "departure_airport": "Ciudad de M\u00e9xico, Distrito Federal (MEX-A. Internacional de la Ciudad de M\u00e9xico)", 
                "departure_time": "20:35"
            }
        ], 
        "ticket price": "4778.77", 
        "airline": "Interjet"
    }, 
    {
        "arrival": ", Monterrey", 
        "consult date": "10/05/2018", 
        "flight duration": "0 days 10 hours 24 minutes", 
        "plane": "", 
        "departure date": "22/12/2018", 
        "stops": "1", 
        "plane code": "", 
        "departure": ", Culiac\u00e1n", 
        "timings": [
            {
                "arrival_airport": "Ciudad de M\u00e9xico, Distrito Federal (MEX-A. Internacional de la Ciudad de M\u00e9xico)", 
                "arrival_time": "10:22", 
                "departure_airport": "Culiac\u00e1n, Sinaloa (CUL-A. Internacional Federal de Bachigualato)", 
                "departure_time": "07:23"
            }, 
            {
                "arrival_airport": "Monterrey, Nuevo Le\u00f3n (MTY-A. Internacional General Mariano Escobedo)", 
                "arrival_time": "18:47", 
                "departure_airport": "Ciudad de M\u00e9xico, Distrito Federal (MEX-A. Internacional de la Ciudad de M\u00e9xico)", 
                "departure_time": "17:00"
            }
        ], 
        "ticket price": "4922.00", 
        "airline": "Volaris"
    }, 
    {
        "arrival": ", Monterrey", 
        "consult date": "10/05/2018", 
        "flight duration": "0 days 8 hours 39 minutes", 
        "plane": "", 
        "departure date": "22/12/2018", 
        "stops": "1", 
        "plane code": "", 
        "departure": ", Culiac\u00e1n", 
        "timings": [
            {
                "arrival_airport": "Ciudad de M\u00e9xico, Distrito Federal (MEX-A. Internacional de la Ciudad de M\u00e9xico)", 
                "arrival_time": "10:22", 
                "departure_airport": "Culiac\u00e1n, Sinaloa (CUL-A. Internacional Federal de Bachigualato)", 
                "departure_time": "07:23"
            }, 
            {
                "arrival_airport": "Monterrey, Nuevo Le\u00f3n (MTY-A. Internacional General Mariano Escobedo)", 
                "arrival_time": "17:02", 
                "departure_airport": "Ciudad de M\u00e9xico, Distrito Federal (MEX-A. Internacional de la Ciudad de M\u00e9xico)", 
                "departure_time": "15:15"
            }
        ], 
        "ticket price": "4922.00", 
        "airline": "Volaris"
    }, 
    {
        "arrival": ", Monterrey", 
        "consult date": "10/05/2018", 
        "flight duration": "1 days 6 hours 50 minutes", 
        "plane": "", 
        "departure date": "22/12/2018", 
        "stops": "1", 
        "plane code": "", 
        "departure": ", Culiac\u00e1n", 
        "timings": [
            {
                "arrival_airport": "Tijuana, Baja California Norte (TIJ-A. Internacional General Abelardo L. Rodr\u00edguez)", 
                "arrival_time": "22:19", 
                "departure_airport": "Culiac\u00e1n, Sinaloa (CUL-A. Internacional Federal de Bachigualato)", 
                "departure_time": "21:05"
            }, 
            {
                "arrival_airport": "Monterrey, Nuevo Le\u00f3n (MTY-A. Internacional General Mariano Escobedo)", 
                "arrival_time": "04:55", 
                "departure_airport": "Tijuana, Baja California Norte (TIJ-A. Internacional General Abelardo L. Rodr\u00edguez)", 
                "departure_time": "00:01"
            }
        ], 
        "ticket price": "5641.00", 
        "airline": "Volaris"
    }, 
    {
        "arrival": ", Monterrey", 
        "consult date": "10/05/2018", 
        "flight duration": "1 days 10 hours 54 minutes", 
        "plane": "", 
        "departure date": "22/12/2018", 
        "stops": "1", 
        "plane code": "", 
        "departure": ", Culiac\u00e1n", 
        "timings": [
            {
                "arrival_airport": "Tijuana, Baja California Norte (TIJ-A. Internacional General Abelardo L. Rodr\u00edguez)", 
                "arrival_time": "23:33", 
                "departure_airport": "Culiac\u00e1n, Sinaloa (CUL-A. Internacional Federal de Bachigualato)", 
                "departure_time": "22:19"
            }, 
            {
                "arrival_airport": "Monterrey, Nuevo Le\u00f3n (MTY-A. Internacional General Mariano Escobedo)", 
                "arrival_time": "10:13", 
                "departure_airport": "Tijuana, Baja California Norte (TIJ-A. Internacional General Abelardo L. Rodr\u00edguez)", 
                "departure_time": "05:19"
            }
        ], 
        "ticket price": "5641.00", 
        "airline": "Volaris"
    }, 
    {
        "arrival": ", Monterrey", 
        "consult date": "10/05/2018", 
        "flight duration": "1 days 11 hours 8 minutes", 
        "plane": "", 
        "departure date": "22/12/2018", 
        "stops": "1", 
        "plane code": "", 
        "departure": ", Culiac\u00e1n", 
        "timings": [
            {
                "arrival_airport": "Tijuana, Baja California Norte (TIJ-A. Internacional General Abelardo L. Rodr\u00edguez)", 
                "arrival_time": "18:01", 
                "departure_airport": "Culiac\u00e1n, Sinaloa (CUL-A. Internacional Federal de Bachigualato)", 
                "departure_time": "16:47"
            }, 
            {
                "arrival_airport": "Monterrey, Nuevo Le\u00f3n (MTY-A. Internacional General Mariano Escobedo)", 
                "arrival_time": "04:55", 
                "departure_airport": "Tijuana, Baja California Norte (TIJ-A. Internacional General Abelardo L. Rodr\u00edguez)", 
                "departure_time": "00:01"
            }
        ], 
        "ticket price": "5641.00", 
        "airline": "Volaris"
    }, 
    {
        "arrival": ", Monterrey", 
        "consult date": "10/05/2018", 
        "flight duration": "1 days 12 hours 8 minutes", 
        "plane": "", 
        "departure date": "22/12/2018", 
        "stops": "1", 
        "plane code": "", 
        "departure": ", Culiac\u00e1n", 
        "timings": [
            {
                "arrival_airport": "Tijuana, Baja California Norte (TIJ-A. Internacional General Abelardo L. Rodr\u00edguez)", 
                "arrival_time": "22:19", 
                "departure_airport": "Culiac\u00e1n, Sinaloa (CUL-A. Internacional Federal de Bachigualato)", 
                "departure_time": "21:05"
            }, 
            {
                "arrival_airport": "Monterrey, Nuevo Le\u00f3n (MTY-A. Internacional General Mariano Escobedo)", 
                "arrival_time": "10:13", 
                "departure_airport": "Tijuana, Baja California Norte (TIJ-A. Internacional General Abelardo L. Rodr\u00edguez)", 
                "departure_time": "05:19"
            }
        ], 
        "ticket price": "5641.00", 
        "airline": "Volaris"
    }
]