[
    {
        "arrival": ", Toluca", 
        "consult date": "10/05/2018", 
        "flight duration": "0 days 6 hours 33 minutes", 
        "plane": "", 
        "departure date": "15/07/2018", 
        "stops": "1", 
        "plane code": "", 
        "departure": ", Culiac\u00e1n", 
        "timings": [
            {
                "arrival_airport": "San Jos\u00e9 del Cabo, Baja California Sur (SJD-A. Internacional de Los Cabos)", 
                "arrival_time": "08:15", 
                "departure_airport": "Culiac\u00e1n, Sinaloa (CUL-A. Internacional Federal de Bachigualato)", 
                "departure_time": "07:14"
            }, 
            {
                "arrival_airport": "Toluca, Estado de M\u00e9xico (TLC-Aeropuerto Internacional de Toluca)", 
                "arrival_time": "14:47", 
                "departure_airport": "San Jos\u00e9 del Cabo, Baja California Sur (SJD-A. Internacional de Los Cabos)", 
                "departure_time": "11:50"
            }
        ], 
        "ticket price": "7317.15", 
        "airline": "Volaris"
    }
]