[
    {
        "arrival": ", Chetumal", 
        "consult date": "10/05/2018", 
        "flight duration": "0 days 1 hours 10 minutes", 
        "plane": "", 
        "departure date": "05/12/2018", 
        "stops": 0, 
        "plane code": "", 
        "departure": ", Canc\u00fan", 
        "timings": [
            {
                "arrival_airport": "Chetumal, Quintana Roo (CTM-A. Internacional de Chetumal)", 
                "arrival_time": "09:10", 
                "departure_airport": "Canc\u00fan, Quintana Roo (CUN-Aeropuerto Internacional de Canc\u00fan)", 
                "departure_time": "08:00"
            }
        ], 
        "ticket price": "1595.00", 
        "airline": "Mayair"
    }
]