[
    {
        "arrival": ", Minatitl\u00e1n", 
        "consult date": "10/05/2018", 
        "flight duration": "0 days 7 hours 50 minutes", 
        "plane": "BOEING 737-800 SCIMITAR WINGLETS", 
        "departure date": "09/06/2018", 
        "stops": "1", 
        "plane code": "7S8", 
        "departure": ", Canc\u00fan", 
        "timings": [
            {
                "arrival_airport": "Ciudad de M\u00e9xico, Distrito Federal (MEX-A. Internacional de la Ciudad de M\u00e9xico)", 
                "arrival_time": "13:55", 
                "departure_airport": "Canc\u00fan, Quintana Roo (CUN-Aeropuerto Internacional de Canc\u00fan)", 
                "departure_time": "11:21"
            }, 
            {
                "arrival_airport": "Minatitl\u00e1n, Veracruz (MTT-A. Nacional de Coatzacoalcos)", 
                "arrival_time": "19:11", 
                "departure_airport": "Ciudad de M\u00e9xico, Distrito Federal (MEX-A. Internacional de la Ciudad de M\u00e9xico)", 
                "departure_time": "17:45"
            }
        ], 
        "ticket price": "10152.00", 
        "airline": "Aeromexico"
    }, 
    {
        "arrival": ", Minatitl\u00e1n", 
        "consult date": "10/05/2018", 
        "flight duration": "0 days 9 hours 25 minutes", 
        "plane": "", 
        "departure date": "09/06/2018", 
        "stops": "1", 
        "plane code": "", 
        "departure": ", Canc\u00fan", 
        "timings": [
            {
                "arrival_airport": "Ciudad de M\u00e9xico, Distrito Federal (MEX-A. Internacional de la Ciudad de M\u00e9xico)", 
                "arrival_time": "17:55", 
                "departure_airport": "Canc\u00fan, Quintana Roo (CUN-Aeropuerto Internacional de Canc\u00fan)", 
                "departure_time": "15:15"
            }, 
            {
                "arrival_airport": "Minatitl\u00e1n, Veracruz (MTT-A. Nacional de Coatzacoalcos)", 
                "arrival_time": "00:40", 
                "departure_airport": "Ciudad de M\u00e9xico, Distrito Federal (MEX-A. Internacional de la Ciudad de M\u00e9xico)", 
                "departure_time": "23:30"
            }
        ], 
        "ticket price": "10685.73", 
        "airline": "Interjet"
    }, 
    {
        "arrival": ", Minatitl\u00e1n", 
        "consult date": "10/05/2018", 
        "flight duration": "0 days 8 hours 30 minutes", 
        "plane": "", 
        "departure date": "09/06/2018", 
        "stops": "1", 
        "plane code": "", 
        "departure": ", Canc\u00fan", 
        "timings": [
            {
                "arrival_airport": "Ciudad de M\u00e9xico, Distrito Federal (MEX-A. Internacional de la Ciudad de M\u00e9xico)", 
                "arrival_time": "18:45", 
                "departure_airport": "Canc\u00fan, Quintana Roo (CUN-Aeropuerto Internacional de Canc\u00fan)", 
                "departure_time": "16:10"
            }, 
            {
                "arrival_airport": "Minatitl\u00e1n, Veracruz (MTT-A. Nacional de Coatzacoalcos)", 
                "arrival_time": "00:40", 
                "departure_airport": "Ciudad de M\u00e9xico, Distrito Federal (MEX-A. Internacional de la Ciudad de M\u00e9xico)", 
                "departure_time": "23:30"
            }
        ], 
        "ticket price": "10685.73", 
        "airline": "Interjet"
    }, 
    {
        "arrival": ", Minatitl\u00e1n", 
        "consult date": "10/05/2018", 
        "flight duration": "0 days 6 hours 40 minutes", 
        "plane": "Boeing 737", 
        "departure date": "09/06/2018", 
        "stops": "1", 
        "plane code": "737", 
        "departure": ", Canc\u00fan", 
        "timings": [
            {
                "arrival_airport": "Ciudad de M\u00e9xico, Distrito Federal (MEX-A. Internacional de la Ciudad de M\u00e9xico)", 
                "arrival_time": "15:05", 
                "departure_airport": "Canc\u00fan, Quintana Roo (CUN-Aeropuerto Internacional de Canc\u00fan)", 
                "departure_time": "12:31"
            }, 
            {
                "arrival_airport": "Minatitl\u00e1n, Veracruz (MTT-A. Nacional de Coatzacoalcos)", 
                "arrival_time": "19:11", 
                "departure_airport": "Ciudad de M\u00e9xico, Distrito Federal (MEX-A. Internacional de la Ciudad de M\u00e9xico)", 
                "departure_time": "17:45"
            }
        ], 
        "ticket price": "10977.00", 
        "airline": "Aeromexico"
    }, 
    {
        "arrival": ", Minatitl\u00e1n", 
        "consult date": "10/05/2018", 
        "flight duration": "0 days 6 hours 15 minutes", 
        "plane": "BOEING 737-800 SCIMITAR WINGLETS", 
        "departure date": "09/06/2018", 
        "stops": "1", 
        "plane code": "7S8", 
        "departure": ", Canc\u00fan", 
        "timings": [
            {
                "arrival_airport": "Ciudad de M\u00e9xico, Distrito Federal (MEX-A. Internacional de la Ciudad de M\u00e9xico)", 
                "arrival_time": "08:29", 
                "departure_airport": "Canc\u00fan, Quintana Roo (CUN-Aeropuerto Internacional de Canc\u00fan)", 
                "departure_time": "06:00"
            }, 
            {
                "arrival_airport": "Minatitl\u00e1n, Veracruz (MTT-A. Nacional de Coatzacoalcos)", 
                "arrival_time": "12:15", 
                "departure_airport": "Ciudad de M\u00e9xico, Distrito Federal (MEX-A. Internacional de la Ciudad de M\u00e9xico)", 
                "departure_time": "10:50"
            }
        ], 
        "ticket price": "10977.00", 
        "airline": "Aeromexico"
    }, 
    {
        "arrival": ", Minatitl\u00e1n", 
        "consult date": "10/05/2018", 
        "flight duration": "0 days 6 hours 54 minutes", 
        "plane": "Boeing 737", 
        "departure date": "09/06/2018", 
        "stops": "1", 
        "plane code": "737", 
        "departure": ", Canc\u00fan", 
        "timings": [
            {
                "arrival_airport": "Ciudad de M\u00e9xico, Distrito Federal (MEX-A. Internacional de la Ciudad de M\u00e9xico)", 
                "arrival_time": "14:50", 
                "departure_airport": "Canc\u00fan, Quintana Roo (CUN-Aeropuerto Internacional de Canc\u00fan)", 
                "departure_time": "12:17"
            }, 
            {
                "arrival_airport": "Minatitl\u00e1n, Veracruz (MTT-A. Nacional de Coatzacoalcos)", 
                "arrival_time": "19:11", 
                "departure_airport": "Ciudad de M\u00e9xico, Distrito Federal (MEX-A. Internacional de la Ciudad de M\u00e9xico)", 
                "departure_time": "17:45"
            }
        ], 
        "ticket price": "10977.00", 
        "airline": "Aeromexico"
    }, 
    {
        "arrival": ", Minatitl\u00e1n", 
        "consult date": "10/05/2018", 
        "flight duration": "0 days 5 hours 43 minutes", 
        "plane": "Boeing 737", 
        "departure date": "09/06/2018", 
        "stops": "1", 
        "plane code": "737", 
        "departure": ", Canc\u00fan", 
        "timings": [
            {
                "arrival_airport": "Ciudad de M\u00e9xico, Distrito Federal (MEX-A. Internacional de la Ciudad de M\u00e9xico)", 
                "arrival_time": "15:55", 
                "departure_airport": "Canc\u00fan, Quintana Roo (CUN-Aeropuerto Internacional de Canc\u00fan)", 
                "departure_time": "13:28"
            }, 
            {
                "arrival_airport": "Minatitl\u00e1n, Veracruz (MTT-A. Nacional de Coatzacoalcos)", 
                "arrival_time": "19:11", 
                "departure_airport": "Ciudad de M\u00e9xico, Distrito Federal (MEX-A. Internacional de la Ciudad de M\u00e9xico)", 
                "departure_time": "17:45"
            }
        ], 
        "ticket price": "10977.00", 
        "airline": "Aeromexico"
    }, 
    {
        "arrival": ", Minatitl\u00e1n", 
        "consult date": "10/05/2018", 
        "flight duration": "0 days 11 hours 40 minutes", 
        "plane": "", 
        "departure date": "09/06/2018", 
        "stops": "1", 
        "plane code": "", 
        "departure": ", Canc\u00fan", 
        "timings": [
            {
                "arrival_airport": "Ciudad de M\u00e9xico, Distrito Federal (MEX-A. Internacional de la Ciudad de M\u00e9xico)", 
                "arrival_time": "15:30", 
                "departure_airport": "Canc\u00fan, Quintana Roo (CUN-Aeropuerto Internacional de Canc\u00fan)", 
                "departure_time": "13:00"
            }, 
            {
                "arrival_airport": "Minatitl\u00e1n, Veracruz (MTT-A. Nacional de Coatzacoalcos)", 
                "arrival_time": "00:40", 
                "departure_airport": "Ciudad de M\u00e9xico, Distrito Federal (MEX-A. Internacional de la Ciudad de M\u00e9xico)", 
                "departure_time": "23:30"
            }
        ], 
        "ticket price": "12012.15", 
        "airline": "Interjet"
    }, 
    {
        "arrival": ", Minatitl\u00e1n", 
        "consult date": "10/05/2018", 
        "flight duration": "0 days 4 hours 41 minutes", 
        "plane": "BOEING 737-800 SCIMITAR WINGLETS", 
        "departure date": "09/06/2018", 
        "stops": "1", 
        "plane code": "7S8", 
        "departure": ", Canc\u00fan", 
        "timings": [
            {
                "arrival_airport": "Ciudad de M\u00e9xico, Distrito Federal (MEX-A. Internacional de la Ciudad de M\u00e9xico)", 
                "arrival_time": "17:00", 
                "departure_airport": "Canc\u00fan, Quintana Roo (CUN-Aeropuerto Internacional de Canc\u00fan)", 
                "departure_time": "14:30"
            }, 
            {
                "arrival_airport": "Minatitl\u00e1n, Veracruz (MTT-A. Nacional de Coatzacoalcos)", 
                "arrival_time": "19:11", 
                "departure_airport": "Ciudad de M\u00e9xico, Distrito Federal (MEX-A. Internacional de la Ciudad de M\u00e9xico)", 
                "departure_time": "17:45"
            }
        ], 
        "ticket price": "18885.00", 
        "airline": "Aeromexico"
    }, 
    {
        "arrival": ", Minatitl\u00e1n", 
        "consult date": "10/05/2018", 
        "flight duration": "0 days 14 hours 50 minutes", 
        "plane": "", 
        "departure date": "09/06/2018", 
        "stops": "1", 
        "plane code": "", 
        "departure": ", Canc\u00fan", 
        "timings": [
            {
                "arrival_airport": "Ciudad de M\u00e9xico, Distrito Federal (MEX-A. Internacional de la Ciudad de M\u00e9xico)", 
                "arrival_time": "12:20", 
                "departure_airport": "Canc\u00fan, Quintana Roo (CUN-Aeropuerto Internacional de Canc\u00fan)", 
                "departure_time": "09:50"
            }, 
            {
                "arrival_airport": "Minatitl\u00e1n, Veracruz (MTT-A. Nacional de Coatzacoalcos)", 
                "arrival_time": "00:40", 
                "departure_airport": "Ciudad de M\u00e9xico, Distrito Federal (MEX-A. Internacional de la Ciudad de M\u00e9xico)", 
                "departure_time": "23:30"
            }
        ], 
        "ticket price": "7967.37", 
        "airline": "Interjet"
    }, 
    {
        "arrival": ", Minatitl\u00e1n", 
        "consult date": "10/05/2018", 
        "flight duration": "0 days 6 hours 55 minutes", 
        "plane": "Embraer 190", 
        "departure date": "09/06/2018", 
        "stops": "1", 
        "plane code": "E90", 
        "departure": ", Canc\u00fan", 
        "timings": [
            {
                "arrival_airport": "Ciudad de M\u00e9xico, Distrito Federal (MEX-A. Internacional de la Ciudad de M\u00e9xico)", 
                "arrival_time": "03:20", 
                "departure_airport": "Canc\u00fan, Quintana Roo (CUN-Aeropuerto Internacional de Canc\u00fan)", 
                "departure_time": "00:35"
            }, 
            {
                "arrival_airport": "Minatitl\u00e1n, Veracruz (MTT-A. Nacional de Coatzacoalcos)", 
                "arrival_time": "07:30", 
                "departure_airport": "Ciudad de M\u00e9xico, Distrito Federal (MEX-A. Internacional de la Ciudad de M\u00e9xico)", 
                "departure_time": "06:05"
            }
        ], 
        "ticket price": "8499.00", 
        "airline": "Aeromexico"
    }, 
    {
        "arrival": ", Minatitl\u00e1n", 
        "consult date": "10/05/2018", 
        "flight duration": "0 days 7 hours 35 minutes", 
        "plane": "", 
        "departure date": "09/06/2018", 
        "stops": "1", 
        "plane code": "", 
        "departure": ", Canc\u00fan", 
        "timings": [
            {
                "arrival_airport": "Ciudad de M\u00e9xico, Distrito Federal (MEX-A. Internacional de la Ciudad de M\u00e9xico)", 
                "arrival_time": "19:40", 
                "departure_airport": "Canc\u00fan, Quintana Roo (CUN-Aeropuerto Internacional de Canc\u00fan)", 
                "departure_time": "17:05"
            }, 
            {
                "arrival_airport": "Minatitl\u00e1n, Veracruz (MTT-A. Nacional de Coatzacoalcos)", 
                "arrival_time": "00:40", 
                "departure_airport": "Ciudad de M\u00e9xico, Distrito Federal (MEX-A. Internacional de la Ciudad de M\u00e9xico)", 
                "departure_time": "23:30"
            }
        ], 
        "ticket price": "9359.37", 
        "airline": "Interjet"
    }, 
    {
        "arrival": ", Minatitl\u00e1n", 
        "consult date": "10/05/2018", 
        "flight duration": "0 days 12 hours 40 minutes", 
        "plane": "", 
        "departure date": "09/06/2018", 
        "stops": "1", 
        "plane code": "", 
        "departure": ", Canc\u00fan", 
        "timings": [
            {
                "arrival_airport": "Ciudad de M\u00e9xico, Distrito Federal (MEX-A. Internacional de la Ciudad de M\u00e9xico)", 
                "arrival_time": "14:30", 
                "departure_airport": "Canc\u00fan, Quintana Roo (CUN-Aeropuerto Internacional de Canc\u00fan)", 
                "departure_time": "12:00"
            }, 
            {
                "arrival_airport": "Minatitl\u00e1n, Veracruz (MTT-A. Nacional de Coatzacoalcos)", 
                "arrival_time": "00:40", 
                "departure_airport": "Ciudad de M\u00e9xico, Distrito Federal (MEX-A. Internacional de la Ciudad de M\u00e9xico)", 
                "departure_time": "23:30"
            }
        ], 
        "ticket price": "9359.37", 
        "airline": "Interjet"
    }
]