[
    {
        "arrival": ", San Luis Potos\u00ed", 
        "consult date": "10/05/2018", 
        "flight duration": "0 days 9 hours 0 minutes", 
        "plane": "BOEING 737-800 SCIMITAR WINGLETS", 
        "departure date": "12/12/2018", 
        "stops": "2", 
        "plane code": "7S8", 
        "departure": ", Canc\u00fan", 
        "timings": [
            {
                "arrival_airport": "Ciudad de M\u00e9xico, Distrito Federal (MEX-A. Internacional de la Ciudad de M\u00e9xico)", 
                "arrival_time": "16:55", 
                "departure_airport": "Canc\u00fan, Quintana Roo (CUN-Aeropuerto Internacional de Canc\u00fan)", 
                "departure_time": "14:18"
            }, 
            {
                "arrival_airport": "Monterrey, Nuevo Le\u00f3n (MTY-A. Internacional General Mariano Escobedo)", 
                "arrival_time": "19:09", 
                "departure_airport": "Ciudad de M\u00e9xico, Distrito Federal (MEX-A. Internacional de la Ciudad de M\u00e9xico)", 
                "departure_time": "17:30"
            }, 
            {
                "arrival_airport": "San Luis Potos\u00ed, San Luis Potos\u00ed (SLP-A. Internacional Ponciano Arriaga)", 
                "arrival_time": "23:18", 
                "departure_airport": "Monterrey, Nuevo Le\u00f3n (MTY-A. Internacional General Mariano Escobedo)", 
                "departure_time": "22:07"
            }
        ], 
        "ticket price": "10257.00", 
        "airline": "Aeromexico"
    }, 
    {
        "arrival": ", San Luis Potos\u00ed", 
        "consult date": "10/05/2018", 
        "flight duration": "0 days 7 hours 59 minutes", 
        "plane": "BOEING 737-800 SCIMITAR WINGLETS", 
        "departure date": "12/12/2018", 
        "stops": "2", 
        "plane code": "7S8", 
        "departure": ", Canc\u00fan", 
        "timings": [
            {
                "arrival_airport": "Ciudad de M\u00e9xico, Distrito Federal (MEX-A. Internacional de la Ciudad de M\u00e9xico)", 
                "arrival_time": "17:50", 
                "departure_airport": "Canc\u00fan, Quintana Roo (CUN-Aeropuerto Internacional de Canc\u00fan)", 
                "departure_time": "15:19"
            }, 
            {
                "arrival_airport": "Monterrey, Nuevo Le\u00f3n (MTY-A. Internacional General Mariano Escobedo)", 
                "arrival_time": "20:48", 
                "departure_airport": "Ciudad de M\u00e9xico, Distrito Federal (MEX-A. Internacional de la Ciudad de M\u00e9xico)", 
                "departure_time": "19:05"
            }, 
            {
                "arrival_airport": "San Luis Potos\u00ed, San Luis Potos\u00ed (SLP-A. Internacional Ponciano Arriaga)", 
                "arrival_time": "23:18", 
                "departure_airport": "Monterrey, Nuevo Le\u00f3n (MTY-A. Internacional General Mariano Escobedo)", 
                "departure_time": "22:07"
            }
        ], 
        "ticket price": "10257.00", 
        "airline": "Aeromexico"
    }, 
    {
        "arrival": ", San Luis Potos\u00ed", 
        "consult date": "10/05/2018", 
        "flight duration": "0 days 9 hours 0 minutes", 
        "plane": "BOEING 737-800 SCIMITAR WINGLETS", 
        "departure date": "12/12/2018", 
        "stops": "2", 
        "plane code": "7S8", 
        "departure": ", Canc\u00fan", 
        "timings": [
            {
                "arrival_airport": "Ciudad de M\u00e9xico, Distrito Federal (MEX-A. Internacional de la Ciudad de M\u00e9xico)", 
                "arrival_time": "16:55", 
                "departure_airport": "Canc\u00fan, Quintana Roo (CUN-Aeropuerto Internacional de Canc\u00fan)", 
                "departure_time": "14:18"
            }, 
            {
                "arrival_airport": "Monterrey, Nuevo Le\u00f3n (MTY-A. Internacional General Mariano Escobedo)", 
                "arrival_time": "19:37", 
                "departure_airport": "Ciudad de M\u00e9xico, Distrito Federal (MEX-A. Internacional de la Ciudad de M\u00e9xico)", 
                "departure_time": "18:00"
            }, 
            {
                "arrival_airport": "San Luis Potos\u00ed, San Luis Potos\u00ed (SLP-A. Internacional Ponciano Arriaga)", 
                "arrival_time": "23:18", 
                "departure_airport": "Monterrey, Nuevo Le\u00f3n (MTY-A. Internacional General Mariano Escobedo)", 
                "departure_time": "22:07"
            }
        ], 
        "ticket price": "10257.00", 
        "airline": "Aeromexico"
    }, 
    {
        "arrival": ", San Luis Potos\u00ed", 
        "consult date": "10/05/2018", 
        "flight duration": "0 days 22 hours 22 minutes", 
        "plane": "Airbus A320", 
        "departure date": "12/12/2018", 
        "stops": "2", 
        "plane code": "320", 
        "departure": ", Canc\u00fan", 
        "timings": [
            {
                "arrival_airport": "Bogot\u00e1, Colombia (BOG-A. Internacional El Dorado)", 
                "arrival_time": "23:50", 
                "departure_airport": "Canc\u00fan, Quintana Roo (CUN-Aeropuerto Internacional de Canc\u00fan)", 
                "departure_time": "20:25"
            }, 
            {
                "arrival_airport": "Ciudad de M\u00e9xico, Distrito Federal (MEX-A. Internacional de la Ciudad de M\u00e9xico)", 
                "arrival_time": "13:05", 
                "departure_airport": "Bogot\u00e1, Colombia (BOG-A. Internacional El Dorado)", 
                "departure_time": "08:30"
            }, 
            {
                "arrival_airport": "San Luis Potos\u00ed, San Luis Potos\u00ed (SLP-A. Internacional Ponciano Arriaga)", 
                "arrival_time": "18:47", 
                "departure_airport": "Ciudad de M\u00e9xico, Distrito Federal (MEX-A. Internacional de la Ciudad de M\u00e9xico)", 
                "departure_time": "17:35"
            }
        ], 
        "ticket price": "13641.00", 
        "airline": "Avianca"
    }, 
    {
        "arrival": ", San Luis Potos\u00ed", 
        "consult date": "10/05/2018", 
        "flight duration": "0 days 6 hours 15 minutes", 
        "plane": "BOEING 737-800 SCIMITAR WINGLETS", 
        "departure date": "12/12/2018", 
        "stops": "1", 
        "plane code": "7S8", 
        "departure": ", Canc\u00fan", 
        "timings": [
            {
                "arrival_airport": "Ciudad de M\u00e9xico, Distrito Federal (MEX-A. Internacional de la Ciudad de M\u00e9xico)", 
                "arrival_time": "12:10", 
                "departure_airport": "Canc\u00fan, Quintana Roo (CUN-Aeropuerto Internacional de Canc\u00fan)", 
                "departure_time": "09:35"
            }, 
            {
                "arrival_airport": "San Luis Potos\u00ed, San Luis Potos\u00ed (SLP-A. Internacional Ponciano Arriaga)", 
                "arrival_time": "15:50", 
                "departure_airport": "Ciudad de M\u00e9xico, Distrito Federal (MEX-A. Internacional de la Ciudad de M\u00e9xico)", 
                "departure_time": "14:35"
            }
        ], 
        "ticket price": "1595.00", 
        "airline": "Aeromexico"
    }, 
    {
        "arrival": ", San Luis Potos\u00ed", 
        "consult date": "10/05/2018", 
        "flight duration": "0 days 5 hours 45 minutes", 
        "plane": "", 
        "departure date": "12/12/2018", 
        "stops": "1", 
        "plane code": "", 
        "departure": ", Canc\u00fan", 
        "timings": [
            {
                "arrival_airport": "Ciudad de M\u00e9xico, Distrito Federal (MEX-A. Internacional de la Ciudad de M\u00e9xico)", 
                "arrival_time": "22:25", 
                "departure_airport": "Canc\u00fan, Quintana Roo (CUN-Aeropuerto Internacional de Canc\u00fan)", 
                "departure_time": "19:50"
            }, 
            {
                "arrival_airport": "San Luis Potos\u00ed, San Luis Potos\u00ed (SLP-A. Internacional Ponciano Arriaga)", 
                "arrival_time": "01:35", 
                "departure_airport": "Ciudad de M\u00e9xico, Distrito Federal (MEX-A. Internacional de la Ciudad de M\u00e9xico)", 
                "departure_time": "00:20"
            }
        ], 
        "ticket price": "1677.35", 
        "airline": "Interjet"
    }, 
    {
        "arrival": ", San Luis Potos\u00ed", 
        "consult date": "10/05/2018", 
        "flight duration": "0 days 13 hours 35 minutes", 
        "plane": "", 
        "departure date": "12/12/2018", 
        "stops": "1", 
        "plane code": "", 
        "departure": ", Canc\u00fan", 
        "timings": [
            {
                "arrival_airport": "Ciudad de M\u00e9xico, Distrito Federal (MEX-A. Internacional de la Ciudad de M\u00e9xico)", 
                "arrival_time": "14:30", 
                "departure_airport": "Canc\u00fan, Quintana Roo (CUN-Aeropuerto Internacional de Canc\u00fan)", 
                "departure_time": "12:00"
            }, 
            {
                "arrival_airport": "San Luis Potos\u00ed, San Luis Potos\u00ed (SLP-A. Internacional Ponciano Arriaga)", 
                "arrival_time": "01:35", 
                "departure_airport": "Ciudad de M\u00e9xico, Distrito Federal (MEX-A. Internacional de la Ciudad de M\u00e9xico)", 
                "departure_time": "00:20"
            }
        ], 
        "ticket price": "1677.35", 
        "airline": "Interjet"
    }, 
    {
        "arrival": ", San Luis Potos\u00ed", 
        "consult date": "10/05/2018", 
        "flight duration": "0 days 7 hours 5 minutes", 
        "plane": "", 
        "departure date": "12/12/2018", 
        "stops": "1", 
        "plane code": "", 
        "departure": ", Canc\u00fan", 
        "timings": [
            {
                "arrival_airport": "Ciudad de M\u00e9xico, Distrito Federal (MEX-A. Internacional de la Ciudad de M\u00e9xico)", 
                "arrival_time": "21:05", 
                "departure_airport": "Canc\u00fan, Quintana Roo (CUN-Aeropuerto Internacional de Canc\u00fan)", 
                "departure_time": "18:30"
            }, 
            {
                "arrival_airport": "San Luis Potos\u00ed, San Luis Potos\u00ed (SLP-A. Internacional Ponciano Arriaga)", 
                "arrival_time": "01:35", 
                "departure_airport": "Ciudad de M\u00e9xico, Distrito Federal (MEX-A. Internacional de la Ciudad de M\u00e9xico)", 
                "departure_time": "00:20"
            }
        ], 
        "ticket price": "1822.96", 
        "airline": "Interjet"
    }, 
    {
        "arrival": ", San Luis Potos\u00ed", 
        "consult date": "10/05/2018", 
        "flight duration": "0 days 12 hours 35 minutes", 
        "plane": "", 
        "departure date": "12/12/2018", 
        "stops": "1", 
        "plane code": "", 
        "departure": ", Canc\u00fan", 
        "timings": [
            {
                "arrival_airport": "Ciudad de M\u00e9xico, Distrito Federal (MEX-A. Internacional de la Ciudad de M\u00e9xico)", 
                "arrival_time": "15:30", 
                "departure_airport": "Canc\u00fan, Quintana Roo (CUN-Aeropuerto Internacional de Canc\u00fan)", 
                "departure_time": "13:00"
            }, 
            {
                "arrival_airport": "San Luis Potos\u00ed, San Luis Potos\u00ed (SLP-A. Internacional Ponciano Arriaga)", 
                "arrival_time": "01:35", 
                "departure_airport": "Ciudad de M\u00e9xico, Distrito Federal (MEX-A. Internacional de la Ciudad de M\u00e9xico)", 
                "departure_time": "00:20"
            }
        ], 
        "ticket price": "2022.96", 
        "airline": "Interjet"
    }, 
    {
        "arrival": ", San Luis Potos\u00ed", 
        "consult date": "10/05/2018", 
        "flight duration": "0 days 10 hours 20 minutes", 
        "plane": "", 
        "departure date": "12/12/2018", 
        "stops": "1", 
        "plane code": "", 
        "departure": ", Canc\u00fan", 
        "timings": [
            {
                "arrival_airport": "Ciudad de M\u00e9xico, Distrito Federal (MEX-A. Internacional de la Ciudad de M\u00e9xico)", 
                "arrival_time": "17:55", 
                "departure_airport": "Canc\u00fan, Quintana Roo (CUN-Aeropuerto Internacional de Canc\u00fan)", 
                "departure_time": "15:15"
            }, 
            {
                "arrival_airport": "San Luis Potos\u00ed, San Luis Potos\u00ed (SLP-A. Internacional Ponciano Arriaga)", 
                "arrival_time": "01:35", 
                "departure_airport": "Ciudad de M\u00e9xico, Distrito Federal (MEX-A. Internacional de la Ciudad de M\u00e9xico)", 
                "departure_time": "00:20"
            }
        ], 
        "ticket price": "2022.96", 
        "airline": "Interjet"
    }, 
    {
        "arrival": ", San Luis Potos\u00ed", 
        "consult date": "10/05/2018", 
        "flight duration": "0 days 4 hours 28 minutes", 
        "plane": "BOEING 737-800 SCIMITAR WINGLETS", 
        "departure date": "12/12/2018", 
        "stops": "1", 
        "plane code": "7S8", 
        "departure": ", Canc\u00fan", 
        "timings": [
            {
                "arrival_airport": "Ciudad de M\u00e9xico, Distrito Federal (MEX-A. Internacional de la Ciudad de M\u00e9xico)", 
                "arrival_time": "14:00", 
                "departure_airport": "Canc\u00fan, Quintana Roo (CUN-Aeropuerto Internacional de Canc\u00fan)", 
                "departure_time": "11:22"
            }, 
            {
                "arrival_airport": "San Luis Potos\u00ed, San Luis Potos\u00ed (SLP-A. Internacional Ponciano Arriaga)", 
                "arrival_time": "15:50", 
                "departure_airport": "Ciudad de M\u00e9xico, Distrito Federal (MEX-A. Internacional de la Ciudad de M\u00e9xico)", 
                "departure_time": "14:35"
            }
        ], 
        "ticket price": "2117.00", 
        "airline": "Aeromexico"
    }, 
    {
        "arrival": ", San Luis Potos\u00ed", 
        "consult date": "10/05/2018", 
        "flight duration": "0 days 8 hours 30 minutes", 
        "plane": "", 
        "departure date": "12/12/2018", 
        "stops": "1", 
        "plane code": "", 
        "departure": ", Canc\u00fan", 
        "timings": [
            {
                "arrival_airport": "Ciudad de M\u00e9xico, Distrito Federal (MEX-A. Internacional de la Ciudad de M\u00e9xico)", 
                "arrival_time": "19:40", 
                "departure_airport": "Canc\u00fan, Quintana Roo (CUN-Aeropuerto Internacional de Canc\u00fan)", 
                "departure_time": "17:05"
            }, 
            {
                "arrival_airport": "San Luis Potos\u00ed, San Luis Potos\u00ed (SLP-A. Internacional Ponciano Arriaga)", 
                "arrival_time": "01:35", 
                "departure_airport": "Ciudad de M\u00e9xico, Distrito Federal (MEX-A. Internacional de la Ciudad de M\u00e9xico)", 
                "departure_time": "00:20"
            }
        ], 
        "ticket price": "2230.96", 
        "airline": "Interjet"
    }, 
    {
        "arrival": ", San Luis Potos\u00ed", 
        "consult date": "10/05/2018", 
        "flight duration": "0 days 2 hours 27 minutes", 
        "plane": "", 
        "departure date": "12/12/2018", 
        "stops": 0, 
        "plane code": "", 
        "departure": ", Canc\u00fan", 
        "timings": [
            {
                "arrival_airport": "San Luis Potos\u00ed, San Luis Potos\u00ed (SLP-A. Internacional Ponciano Arriaga)", 
                "arrival_time": "13:54", 
                "departure_airport": "Canc\u00fan, Quintana Roo (CUN-Aeropuerto Internacional de Canc\u00fan)", 
                "departure_time": "11:27"
            }
        ], 
        "ticket price": "2281.00", 
        "airline": "Volaris"
    }, 
    {
        "arrival": ", San Luis Potos\u00ed", 
        "consult date": "10/05/2018", 
        "flight duration": "0 days 6 hours 55 minutes", 
        "plane": "Boeing 737", 
        "departure date": "12/12/2018", 
        "stops": "1", 
        "plane code": "737", 
        "departure": ", Canc\u00fan", 
        "timings": [
            {
                "arrival_airport": "Ciudad de M\u00e9xico, Distrito Federal (MEX-A. Internacional de la Ciudad de M\u00e9xico)", 
                "arrival_time": "11:30", 
                "departure_airport": "Canc\u00fan, Quintana Roo (CUN-Aeropuerto Internacional de Canc\u00fan)", 
                "departure_time": "08:55"
            }, 
            {
                "arrival_airport": "San Luis Potos\u00ed, San Luis Potos\u00ed (SLP-A. Internacional Ponciano Arriaga)", 
                "arrival_time": "15:50", 
                "departure_airport": "Ciudad de M\u00e9xico, Distrito Federal (MEX-A. Internacional de la Ciudad de M\u00e9xico)", 
                "departure_time": "14:35"
            }
        ], 
        "ticket price": "2407.00", 
        "airline": "Aeromexico"
    }, 
    {
        "arrival": ", San Luis Potos\u00ed", 
        "consult date": "10/05/2018", 
        "flight duration": "0 days 7 hours 25 minutes", 
        "plane": "BOEING 737-800 SCIMITAR WINGLETS", 
        "departure date": "12/12/2018", 
        "stops": "1", 
        "plane code": "7S8", 
        "departure": ", Canc\u00fan", 
        "timings": [
            {
                "arrival_airport": "Ciudad de M\u00e9xico, Distrito Federal (MEX-A. Internacional de la Ciudad de M\u00e9xico)", 
                "arrival_time": "14:00", 
                "departure_airport": "Canc\u00fan, Quintana Roo (CUN-Aeropuerto Internacional de Canc\u00fan)", 
                "departure_time": "11:22"
            }, 
            {
                "arrival_airport": "San Luis Potos\u00ed, San Luis Potos\u00ed (SLP-A. Internacional Ponciano Arriaga)", 
                "arrival_time": "18:47", 
                "departure_airport": "Ciudad de M\u00e9xico, Distrito Federal (MEX-A. Internacional de la Ciudad de M\u00e9xico)", 
                "departure_time": "17:35"
            }
        ], 
        "ticket price": "3393.00", 
        "airline": "Aeromexico"
    }, 
    {
        "arrival": ", San Luis Potos\u00ed", 
        "consult date": "10/05/2018", 
        "flight duration": "0 days 6 hours 40 minutes", 
        "plane": "Boeing 737", 
        "departure date": "12/12/2018", 
        "stops": "1", 
        "plane code": "737", 
        "departure": ", Canc\u00fan", 
        "timings": [
            {
                "arrival_airport": "Ciudad de M\u00e9xico, Distrito Federal (MEX-A. Internacional de la Ciudad de M\u00e9xico)", 
                "arrival_time": "14:45", 
                "departure_airport": "Canc\u00fan, Quintana Roo (CUN-Aeropuerto Internacional de Canc\u00fan)", 
                "departure_time": "12:07"
            }, 
            {
                "arrival_airport": "San Luis Potos\u00ed, San Luis Potos\u00ed (SLP-A. Internacional Ponciano Arriaga)", 
                "arrival_time": "18:47", 
                "departure_airport": "Ciudad de M\u00e9xico, Distrito Federal (MEX-A. Internacional de la Ciudad de M\u00e9xico)", 
                "departure_time": "17:35"
            }
        ], 
        "ticket price": "3741.00", 
        "airline": "Aeromexico"
    }, 
    {
        "arrival": ", San Luis Potos\u00ed", 
        "consult date": "10/05/2018", 
        "flight duration": "0 days 6 hours 9 minutes", 
        "plane": "Boeing 737", 
        "departure date": "12/12/2018", 
        "stops": "1", 
        "plane code": "737", 
        "departure": ", Canc\u00fan", 
        "timings": [
            {
                "arrival_airport": "Ciudad de M\u00e9xico, Distrito Federal (MEX-A. Internacional de la Ciudad de M\u00e9xico)", 
                "arrival_time": "15:15", 
                "departure_airport": "Canc\u00fan, Quintana Roo (CUN-Aeropuerto Internacional de Canc\u00fan)", 
                "departure_time": "12:38"
            }, 
            {
                "arrival_airport": "San Luis Potos\u00ed, San Luis Potos\u00ed (SLP-A. Internacional Ponciano Arriaga)", 
                "arrival_time": "18:47", 
                "departure_airport": "Ciudad de M\u00e9xico, Distrito Federal (MEX-A. Internacional de la Ciudad de M\u00e9xico)", 
                "departure_time": "17:35"
            }
        ], 
        "ticket price": "4089.00", 
        "airline": "Aeromexico"
    }, 
    {
        "arrival": ", San Luis Potos\u00ed", 
        "consult date": "10/05/2018", 
        "flight duration": "0 days 20 hours 19 minutes", 
        "plane": "Boeing 737-800", 
        "departure date": "12/12/2018", 
        "stops": "2", 
        "plane code": "738", 
        "departure": ", Canc\u00fan", 
        "timings": [
            {
                "arrival_airport": "Panam\u00e1, Panam\u00e1 (PTY-A. Internacional de Tocumen)", 
                "arrival_time": "19:23", 
                "departure_airport": "Canc\u00fan, Quintana Roo (CUN-Aeropuerto Internacional de Canc\u00fan)", 
                "departure_time": "16:42"
            }, 
            {
                "arrival_airport": "Ciudad de M\u00e9xico, Distrito Federal (MEX-A. Internacional de la Ciudad de M\u00e9xico)", 
                "arrival_time": "01:18", 
                "departure_airport": "Panam\u00e1, Panam\u00e1 (PTY-A. Internacional de Tocumen)", 
                "departure_time": "21:18"
            }, 
            {
                "arrival_airport": "San Luis Potos\u00ed, San Luis Potos\u00ed (SLP-A. Internacional Ponciano Arriaga)", 
                "arrival_time": "13:01", 
                "departure_airport": "Ciudad de M\u00e9xico, Distrito Federal (MEX-A. Internacional de la Ciudad de M\u00e9xico)", 
                "departure_time": "11:45"
            }
        ], 
        "ticket price": "43183.00", 
        "airline": ""
    }, 
    {
        "arrival": ", San Luis Potos\u00ed", 
        "consult date": "10/05/2018", 
        "flight duration": "0 days 15 hours 43 minutes", 
        "plane": "Boeing 737-800", 
        "departure date": "12/12/2018", 
        "stops": "2", 
        "plane code": "738", 
        "departure": ", Canc\u00fan", 
        "timings": [
            {
                "arrival_airport": "Panam\u00e1, Panam\u00e1 (PTY-A. Internacional de Tocumen)", 
                "arrival_time": "19:23", 
                "departure_airport": "Canc\u00fan, Quintana Roo (CUN-Aeropuerto Internacional de Canc\u00fan)", 
                "departure_time": "16:42"
            }, 
            {
                "arrival_airport": "Ciudad de M\u00e9xico, Distrito Federal (MEX-A. Internacional de la Ciudad de M\u00e9xico)", 
                "arrival_time": "01:18", 
                "departure_airport": "Panam\u00e1, Panam\u00e1 (PTY-A. Internacional de Tocumen)", 
                "departure_time": "21:18"
            }, 
            {
                "arrival_airport": "San Luis Potos\u00ed, San Luis Potos\u00ed (SLP-A. Internacional Ponciano Arriaga)", 
                "arrival_time": "08:25", 
                "departure_airport": "Ciudad de M\u00e9xico, Distrito Federal (MEX-A. Internacional de la Ciudad de M\u00e9xico)", 
                "departure_time": "06:55"
            }
        ], 
        "ticket price": "43185.00", 
        "airline": ""
    }, 
    {
        "arrival": ", San Luis Potos\u00ed", 
        "consult date": "10/05/2018", 
        "flight duration": "0 days 5 hours 23 minutes", 
        "plane": "BOEING 737-800 SCIMITAR WINGLETS", 
        "departure date": "12/12/2018", 
        "stops": "1", 
        "plane code": "7S8", 
        "departure": ", Canc\u00fan", 
        "timings": [
            {
                "arrival_airport": "Ciudad de M\u00e9xico, Distrito Federal (MEX-A. Internacional de la Ciudad de M\u00e9xico)", 
                "arrival_time": "19:45", 
                "departure_airport": "Canc\u00fan, Quintana Roo (CUN-Aeropuerto Internacional de Canc\u00fan)", 
                "departure_time": "17:04"
            }, 
            {
                "arrival_airport": "San Luis Potos\u00ed, San Luis Potos\u00ed (SLP-A. Internacional Ponciano Arriaga)", 
                "arrival_time": "22:27", 
                "departure_airport": "Ciudad de M\u00e9xico, Distrito Federal (MEX-A. Internacional de la Ciudad de M\u00e9xico)", 
                "departure_time": "21:00"
            }
        ], 
        "ticket price": "4437.00", 
        "airline": "Aeromexico"
    }, 
    {
        "arrival": ", San Luis Potos\u00ed", 
        "consult date": "10/05/2018", 
        "flight duration": "0 days 6 hours 4 minutes", 
        "plane": "Boeing 737", 
        "departure date": "12/12/2018", 
        "stops": "1", 
        "plane code": "737", 
        "departure": ", Canc\u00fan", 
        "timings": [
            {
                "arrival_airport": "Ciudad de M\u00e9xico, Distrito Federal (MEX-A. Internacional de la Ciudad de M\u00e9xico)", 
                "arrival_time": "19:00", 
                "departure_airport": "Canc\u00fan, Quintana Roo (CUN-Aeropuerto Internacional de Canc\u00fan)", 
                "departure_time": "16:23"
            }, 
            {
                "arrival_airport": "San Luis Potos\u00ed, San Luis Potos\u00ed (SLP-A. Internacional Ponciano Arriaga)", 
                "arrival_time": "22:27", 
                "departure_airport": "Ciudad de M\u00e9xico, Distrito Federal (MEX-A. Internacional de la Ciudad de M\u00e9xico)", 
                "departure_time": "21:00"
            }
        ], 
        "ticket price": "4437.00", 
        "airline": "Aeromexico"
    }, 
    {
        "arrival": ", San Luis Potos\u00ed", 
        "consult date": "10/05/2018", 
        "flight duration": "0 days 16 hours 4 minutes", 
        "plane": "Boeing 737-800", 
        "departure date": "12/12/2018", 
        "stops": "2", 
        "plane code": "738", 
        "departure": ", Canc\u00fan", 
        "timings": [
            {
                "arrival_airport": "Panam\u00e1, Panam\u00e1 (PTY-A. Internacional de Tocumen)", 
                "arrival_time": "20:03", 
                "departure_airport": "Canc\u00fan, Quintana Roo (CUN-Aeropuerto Internacional de Canc\u00fan)", 
                "departure_time": "17:21"
            }, 
            {
                "arrival_airport": "Ciudad de M\u00e9xico, Distrito Federal (MEX-A. Internacional de la Ciudad de M\u00e9xico)", 
                "arrival_time": "01:18", 
                "departure_airport": "Panam\u00e1, Panam\u00e1 (PTY-A. Internacional de Tocumen)", 
                "departure_time": "21:18"
            }, 
            {
                "arrival_airport": "San Luis Potos\u00ed, San Luis Potos\u00ed (SLP-A. Internacional Ponciano Arriaga)", 
                "arrival_time": "09:25", 
                "departure_airport": "Ciudad de M\u00e9xico, Distrito Federal (MEX-A. Internacional de la Ciudad de M\u00e9xico)", 
                "departure_time": "08:05"
            }
        ], 
        "ticket price": "45202.00", 
        "airline": ""
    }, 
    {
        "arrival": ", San Luis Potos\u00ed", 
        "consult date": "10/05/2018", 
        "flight duration": "0 days 19 hours 40 minutes", 
        "plane": "Boeing 737-800", 
        "departure date": "12/12/2018", 
        "stops": "2", 
        "plane code": "738", 
        "departure": ", Canc\u00fan", 
        "timings": [
            {
                "arrival_airport": "Panam\u00e1, Panam\u00e1 (PTY-A. Internacional de Tocumen)", 
                "arrival_time": "20:03", 
                "departure_airport": "Canc\u00fan, Quintana Roo (CUN-Aeropuerto Internacional de Canc\u00fan)", 
                "departure_time": "17:21"
            }, 
            {
                "arrival_airport": "Ciudad de M\u00e9xico, Distrito Federal (MEX-A. Internacional de la Ciudad de M\u00e9xico)", 
                "arrival_time": "01:18", 
                "departure_airport": "Panam\u00e1, Panam\u00e1 (PTY-A. Internacional de Tocumen)", 
                "departure_time": "21:18"
            }, 
            {
                "arrival_airport": "San Luis Potos\u00ed, San Luis Potos\u00ed (SLP-A. Internacional Ponciano Arriaga)", 
                "arrival_time": "13:01", 
                "departure_airport": "Ciudad de M\u00e9xico, Distrito Federal (MEX-A. Internacional de la Ciudad de M\u00e9xico)", 
                "departure_time": "11:45"
            }
        ], 
        "ticket price": "45202.00", 
        "airline": ""
    }, 
    {
        "arrival": ", San Luis Potos\u00ed", 
        "consult date": "10/05/2018", 
        "flight duration": "0 days 18 hours 19 minutes", 
        "plane": "Boeing 737-800", 
        "departure date": "12/12/2018", 
        "stops": "2", 
        "plane code": "738", 
        "departure": ", Canc\u00fan", 
        "timings": [
            {
                "arrival_airport": "Panam\u00e1, Panam\u00e1 (PTY-A. Internacional de Tocumen)", 
                "arrival_time": "16:47", 
                "departure_airport": "Canc\u00fan, Quintana Roo (CUN-Aeropuerto Internacional de Canc\u00fan)", 
                "departure_time": "14:06"
            }, 
            {
                "arrival_airport": "Ciudad de M\u00e9xico, Distrito Federal (MEX-A. Internacional de la Ciudad de M\u00e9xico)", 
                "arrival_time": "23:00", 
                "departure_airport": "Panam\u00e1, Panam\u00e1 (PTY-A. Internacional de Tocumen)", 
                "departure_time": "18:46"
            }, 
            {
                "arrival_airport": "San Luis Potos\u00ed, San Luis Potos\u00ed (SLP-A. Internacional Ponciano Arriaga)", 
                "arrival_time": "08:25", 
                "departure_airport": "Ciudad de M\u00e9xico, Distrito Federal (MEX-A. Internacional de la Ciudad de M\u00e9xico)", 
                "departure_time": "06:55"
            }
        ], 
        "ticket price": "45204.00", 
        "airline": ""
    }, 
    {
        "arrival": ", San Luis Potos\u00ed", 
        "consult date": "10/05/2018", 
        "flight duration": "0 days 15 hours 4 minutes", 
        "plane": "Boeing 737-800", 
        "departure date": "12/12/2018", 
        "stops": "2", 
        "plane code": "738", 
        "departure": ", Canc\u00fan", 
        "timings": [
            {
                "arrival_airport": "Panam\u00e1, Panam\u00e1 (PTY-A. Internacional de Tocumen)", 
                "arrival_time": "20:03", 
                "departure_airport": "Canc\u00fan, Quintana Roo (CUN-Aeropuerto Internacional de Canc\u00fan)", 
                "departure_time": "17:21"
            }, 
            {
                "arrival_airport": "Ciudad de M\u00e9xico, Distrito Federal (MEX-A. Internacional de la Ciudad de M\u00e9xico)", 
                "arrival_time": "01:18", 
                "departure_airport": "Panam\u00e1, Panam\u00e1 (PTY-A. Internacional de Tocumen)", 
                "departure_time": "21:18"
            }, 
            {
                "arrival_airport": "San Luis Potos\u00ed, San Luis Potos\u00ed (SLP-A. Internacional Ponciano Arriaga)", 
                "arrival_time": "08:25", 
                "departure_airport": "Ciudad de M\u00e9xico, Distrito Federal (MEX-A. Internacional de la Ciudad de M\u00e9xico)", 
                "departure_time": "06:55"
            }
        ], 
        "ticket price": "45204.00", 
        "airline": ""
    }, 
    {
        "arrival": ", San Luis Potos\u00ed", 
        "consult date": "10/05/2018", 
        "flight duration": "0 days 7 hours 8 minutes", 
        "plane": "BOEING 737-800 SCIMITAR WINGLETS", 
        "departure date": "12/12/2018", 
        "stops": "1", 
        "plane code": "7S8", 
        "departure": ", Canc\u00fan", 
        "timings": [
            {
                "arrival_airport": "Ciudad de M\u00e9xico, Distrito Federal (MEX-A. Internacional de la Ciudad de M\u00e9xico)", 
                "arrival_time": "17:50", 
                "departure_airport": "Canc\u00fan, Quintana Roo (CUN-Aeropuerto Internacional de Canc\u00fan)", 
                "departure_time": "15:19"
            }, 
            {
                "arrival_airport": "San Luis Potos\u00ed, San Luis Potos\u00ed (SLP-A. Internacional Ponciano Arriaga)", 
                "arrival_time": "22:27", 
                "departure_airport": "Ciudad de M\u00e9xico, Distrito Federal (MEX-A. Internacional de la Ciudad de M\u00e9xico)", 
                "departure_time": "21:00"
            }
        ], 
        "ticket price": "4785.00", 
        "airline": "Aeromexico"
    }, 
    {
        "arrival": ", San Luis Potos\u00ed", 
        "consult date": "10/05/2018", 
        "flight duration": "0 days 5 hours 23 minutes", 
        "plane": "Boeing 737", 
        "departure date": "12/12/2018", 
        "stops": "1", 
        "plane code": "737", 
        "departure": ", Canc\u00fan", 
        "timings": [
            {
                "arrival_airport": "Ciudad de M\u00e9xico, Distrito Federal (MEX-A. Internacional de la Ciudad de M\u00e9xico)", 
                "arrival_time": "16:00", 
                "departure_airport": "Canc\u00fan, Quintana Roo (CUN-Aeropuerto Internacional de Canc\u00fan)", 
                "departure_time": "13:24"
            }, 
            {
                "arrival_airport": "San Luis Potos\u00ed, San Luis Potos\u00ed (SLP-A. Internacional Ponciano Arriaga)", 
                "arrival_time": "18:47", 
                "departure_airport": "Ciudad de M\u00e9xico, Distrito Federal (MEX-A. Internacional de la Ciudad de M\u00e9xico)", 
                "departure_time": "17:35"
            }
        ], 
        "ticket price": "4785.00", 
        "airline": "Aeromexico"
    }, 
    {
        "arrival": ", San Luis Potos\u00ed", 
        "consult date": "10/05/2018", 
        "flight duration": "0 days 9 hours 3 minutes", 
        "plane": "Boeing 737", 
        "departure date": "12/12/2018", 
        "stops": "1", 
        "plane code": "737", 
        "departure": ", Canc\u00fan", 
        "timings": [
            {
                "arrival_airport": "Ciudad de M\u00e9xico, Distrito Federal (MEX-A. Internacional de la Ciudad de M\u00e9xico)", 
                "arrival_time": "16:00", 
                "departure_airport": "Canc\u00fan, Quintana Roo (CUN-Aeropuerto Internacional de Canc\u00fan)", 
                "departure_time": "13:24"
            }, 
            {
                "arrival_airport": "San Luis Potos\u00ed, San Luis Potos\u00ed (SLP-A. Internacional Ponciano Arriaga)", 
                "arrival_time": "22:27", 
                "departure_airport": "Ciudad de M\u00e9xico, Distrito Federal (MEX-A. Internacional de la Ciudad de M\u00e9xico)", 
                "departure_time": "21:00"
            }
        ], 
        "ticket price": "5423.00", 
        "airline": "Aeromexico"
    }, 
    {
        "arrival": ", San Luis Potos\u00ed", 
        "consult date": "10/05/2018", 
        "flight duration": "0 days 4 hours 29 minutes", 
        "plane": "BOEING 737-800 SCIMITAR WINGLETS", 
        "departure date": "12/12/2018", 
        "stops": "1", 
        "plane code": "7S8", 
        "departure": ", Canc\u00fan", 
        "timings": [
            {
                "arrival_airport": "Ciudad de M\u00e9xico, Distrito Federal (MEX-A. Internacional de la Ciudad de M\u00e9xico)", 
                "arrival_time": "16:55", 
                "departure_airport": "Canc\u00fan, Quintana Roo (CUN-Aeropuerto Internacional de Canc\u00fan)", 
                "departure_time": "14:18"
            }, 
            {
                "arrival_airport": "San Luis Potos\u00ed, San Luis Potos\u00ed (SLP-A. Internacional Ponciano Arriaga)", 
                "arrival_time": "18:47", 
                "departure_airport": "Ciudad de M\u00e9xico, Distrito Federal (MEX-A. Internacional de la Ciudad de M\u00e9xico)", 
                "departure_time": "17:35"
            }
        ], 
        "ticket price": "5423.00", 
        "airline": "Aeromexico"
    }, 
    {
        "arrival": ", San Luis Potos\u00ed", 
        "consult date": "10/05/2018", 
        "flight duration": "0 days 8 hours 49 minutes", 
        "plane": "Embraer 190", 
        "departure date": "12/12/2018", 
        "stops": "1", 
        "plane code": "E90", 
        "departure": ", Canc\u00fan", 
        "timings": [
            {
                "arrival_airport": "Ciudad de M\u00e9xico, Distrito Federal (MEX-A. Internacional de la Ciudad de M\u00e9xico)", 
                "arrival_time": "03:20", 
                "departure_airport": "Canc\u00fan, Quintana Roo (CUN-Aeropuerto Internacional de Canc\u00fan)", 
                "departure_time": "00:36"
            }, 
            {
                "arrival_airport": "San Luis Potos\u00ed, San Luis Potos\u00ed (SLP-A. Internacional Ponciano Arriaga)", 
                "arrival_time": "09:25", 
                "departure_airport": "Ciudad de M\u00e9xico, Distrito Federal (MEX-A. Internacional de la Ciudad de M\u00e9xico)", 
                "departure_time": "08:05"
            }
        ], 
        "ticket price": "5423.00", 
        "airline": "Aeromexico"
    }, 
    {
        "arrival": ", San Luis Potos\u00ed", 
        "consult date": "10/05/2018", 
        "flight duration": "0 days 8 hours 9 minutes", 
        "plane": "BOEING 737-800 SCIMITAR WINGLETS", 
        "departure date": "12/12/2018", 
        "stops": "1", 
        "plane code": "7S8", 
        "departure": ", Canc\u00fan", 
        "timings": [
            {
                "arrival_airport": "Ciudad de M\u00e9xico, Distrito Federal (MEX-A. Internacional de la Ciudad de M\u00e9xico)", 
                "arrival_time": "16:55", 
                "departure_airport": "Canc\u00fan, Quintana Roo (CUN-Aeropuerto Internacional de Canc\u00fan)", 
                "departure_time": "14:18"
            }, 
            {
                "arrival_airport": "San Luis Potos\u00ed, San Luis Potos\u00ed (SLP-A. Internacional Ponciano Arriaga)", 
                "arrival_time": "22:27", 
                "departure_airport": "Ciudad de M\u00e9xico, Distrito Federal (MEX-A. Internacional de la Ciudad de M\u00e9xico)", 
                "departure_time": "21:00"
            }
        ], 
        "ticket price": "5423.00", 
        "airline": "Aeromexico"
    }, 
    {
        "arrival": ", San Luis Potos\u00ed", 
        "consult date": "10/05/2018", 
        "flight duration": "0 days 9 hours 40 minutes", 
        "plane": "ATR 72", 
        "departure date": "12/12/2018", 
        "stops": "4", 
        "plane code": "AT7", 
        "departure": ", Canc\u00fan", 
        "timings": [
            {
                "arrival_airport": "M\u00e9rida, Yucat\u00e1n (MID-A. Internacional Manuel Crescencio Rej\u00f3n)", 
                "arrival_time": "10:50", 
                "departure_airport": "Canc\u00fan, Quintana Roo (CUN-Aeropuerto Internacional de Canc\u00fan)", 
                "departure_time": "09:40"
            }, 
            {
                "arrival_airport": "Tuxtla Guti\u00e9rrez (TGZ-Aeropuerto Internacional \u00c1ngel Albino Corzo)", 
                "arrival_time": "13:00", 
                "departure_airport": "M\u00e9rida, Yucat\u00e1n (MID-A. Internacional Manuel Crescencio Rej\u00f3n)", 
                "departure_time": "11:15"
            }, 
            {
                "arrival_airport": "Oaxaca, Oaxaca (OAX-A. Internacional Xoxocotl\u00e1n)", 
                "arrival_time": "14:50", 
                "departure_airport": "Tuxtla Guti\u00e9rrez (TGZ-Aeropuerto Internacional \u00c1ngel Albino Corzo)", 
                "departure_time": "13:25"
            }, 
            {
                "arrival_airport": "Ciudad de M\u00e9xico, Distrito Federal (MEX-A. Internacional de la Ciudad de M\u00e9xico)", 
                "arrival_time": "16:40", 
                "departure_airport": "Oaxaca, Oaxaca (OAX-A. Internacional Xoxocotl\u00e1n)", 
                "departure_time": "15:10"
            }, 
            {
                "arrival_airport": "San Luis Potos\u00ed, San Luis Potos\u00ed (SLP-A. Internacional Ponciano Arriaga)", 
                "arrival_time": "19:20", 
                "departure_airport": "Ciudad de M\u00e9xico, Distrito Federal (MEX-A. Internacional de la Ciudad de M\u00e9xico)", 
                "departure_time": "17:55"
            }
        ], 
        "ticket price": "8441.00", 
        "airline": "Aeromar Airlines"
    }
]