[
    {
        "arrival": ", Toluca", 
        "consult date": "10/05/2018", 
        "flight duration": "0 days 2 hours 25 minutes", 
        "plane": "", 
        "departure date": "07/06/2018", 
        "stops": 0, 
        "plane code": "", 
        "departure": ", Canc\u00fan", 
        "timings": [
            {
                "arrival_airport": "Toluca, Estado de M\u00e9xico (TLC-Aeropuerto Internacional de Toluca)", 
                "arrival_time": "11:50", 
                "departure_airport": "Canc\u00fan, Quintana Roo (CUN-Aeropuerto Internacional de Canc\u00fan)", 
                "departure_time": "09:25"
            }
        ], 
        "ticket price": "1299.00", 
        "airline": "Interjet"
    }
]