[
    {
        "arrival": ", Culiac\u00e1n", 
        "consult date": "10/05/2018", 
        "flight duration": "0 days 17 hours 40 minutes", 
        "plane": "Boeing 737-800", 
        "departure date": "22/12/2018", 
        "stops": "2", 
        "plane code": "738", 
        "departure": ", Canc\u00fan", 
        "timings": [
            {
                "arrival_airport": "Boston, MA, Estados Unidos (BOS-A. Internacional Logan)", 
                "arrival_time": "21:34", 
                "departure_airport": "Canc\u00fan, Quintana Roo (CUN-Aeropuerto Internacional de Canc\u00fan)", 
                "departure_time": "16:20"
            }, 
            {
                "arrival_airport": "Ciudad de M\u00e9xico, Distrito Federal (MEX-A. Internacional de la Ciudad de M\u00e9xico)", 
                "arrival_time": "04:25", 
                "departure_airport": "Boston, MA, Estados Unidos (BOS-A. Internacional Logan)", 
                "departure_time": "23:30"
            }, 
            {
                "arrival_airport": "Culiac\u00e1n, Sinaloa (CUL-A. Internacional Federal de Bachigualato)", 
                "arrival_time": "09:00", 
                "departure_airport": "Ciudad de M\u00e9xico, Distrito Federal (MEX-A. Internacional de la Ciudad de M\u00e9xico)", 
                "departure_time": "07:40"
            }
        ], 
        "ticket price": "15694.00", 
        "airline": "Aeromexico"
    }, 
    {
        "arrival": ", Culiac\u00e1n", 
        "consult date": "10/05/2018", 
        "flight duration": "0 days 9 hours 40 minutes", 
        "plane": "BOEING 737-800 SCIMITAR WINGLETS", 
        "departure date": "22/12/2018", 
        "stops": "1", 
        "plane code": "7S8", 
        "departure": ", Canc\u00fan", 
        "timings": [
            {
                "arrival_airport": "Ciudad de M\u00e9xico, Distrito Federal (MEX-A. Internacional de la Ciudad de M\u00e9xico)", 
                "arrival_time": "12:10", 
                "departure_airport": "Canc\u00fan, Quintana Roo (CUN-Aeropuerto Internacional de Canc\u00fan)", 
                "departure_time": "09:35"
            }, 
            {
                "arrival_airport": "Culiac\u00e1n, Sinaloa (CUL-A. Internacional Federal de Bachigualato)", 
                "arrival_time": "18:15", 
                "departure_airport": "Ciudad de M\u00e9xico, Distrito Federal (MEX-A. Internacional de la Ciudad de M\u00e9xico)", 
                "departure_time": "17:00"
            }
        ], 
        "ticket price": "2485.00", 
        "airline": "Aeromexico"
    }, 
    {
        "arrival": ", Culiac\u00e1n", 
        "consult date": "10/05/2018", 
        "flight duration": "0 days 7 hours 53 minutes", 
        "plane": "BOEING 737-800 SCIMITAR WINGLETS", 
        "departure date": "22/12/2018", 
        "stops": "1", 
        "plane code": "7S8", 
        "departure": ", Canc\u00fan", 
        "timings": [
            {
                "arrival_airport": "Ciudad de M\u00e9xico, Distrito Federal (MEX-A. Internacional de la Ciudad de M\u00e9xico)", 
                "arrival_time": "14:00", 
                "departure_airport": "Canc\u00fan, Quintana Roo (CUN-Aeropuerto Internacional de Canc\u00fan)", 
                "departure_time": "11:22"
            }, 
            {
                "arrival_airport": "Culiac\u00e1n, Sinaloa (CUL-A. Internacional Federal de Bachigualato)", 
                "arrival_time": "18:15", 
                "departure_airport": "Ciudad de M\u00e9xico, Distrito Federal (MEX-A. Internacional de la Ciudad de M\u00e9xico)", 
                "departure_time": "17:00"
            }
        ], 
        "ticket price": "2833.00", 
        "airline": "Aeromexico"
    }, 
    {
        "arrival": ", Culiac\u00e1n", 
        "consult date": "10/05/2018", 
        "flight duration": "0 days 11 hours 55 minutes", 
        "plane": "", 
        "departure date": "22/12/2018", 
        "stops": "1", 
        "plane code": "", 
        "departure": ", Canc\u00fan", 
        "timings": [
            {
                "arrival_airport": "Ciudad de M\u00e9xico, Distrito Federal (MEX-A. Internacional de la Ciudad de M\u00e9xico)", 
                "arrival_time": "04:55", 
                "departure_airport": "Canc\u00fan, Quintana Roo (CUN-Aeropuerto Internacional de Canc\u00fan)", 
                "departure_time": "02:20"
            }, 
            {
                "arrival_airport": "Culiac\u00e1n, Sinaloa (CUL-A. Internacional Federal de Bachigualato)", 
                "arrival_time": "13:15", 
                "departure_airport": "Ciudad de M\u00e9xico, Distrito Federal (MEX-A. Internacional de la Ciudad de M\u00e9xico)", 
                "departure_time": "12:05"
            }
        ], 
        "ticket price": "2859.39", 
        "airline": "Interjet"
    }, 
    {
        "arrival": ", Culiac\u00e1n", 
        "consult date": "10/05/2018", 
        "flight duration": "0 days 9 hours 0 minutes", 
        "plane": "", 
        "departure date": "22/12/2018", 
        "stops": "1", 
        "plane code": "", 
        "departure": ", Canc\u00fan", 
        "timings": [
            {
                "arrival_airport": "Ciudad de M\u00e9xico, Distrito Federal (MEX-A. Internacional de la Ciudad de M\u00e9xico)", 
                "arrival_time": "07:50", 
                "departure_airport": "Canc\u00fan, Quintana Roo (CUN-Aeropuerto Internacional de Canc\u00fan)", 
                "departure_time": "05:15"
            }, 
            {
                "arrival_airport": "Culiac\u00e1n, Sinaloa (CUL-A. Internacional Federal de Bachigualato)", 
                "arrival_time": "13:15", 
                "departure_airport": "Ciudad de M\u00e9xico, Distrito Federal (MEX-A. Internacional de la Ciudad de M\u00e9xico)", 
                "departure_time": "12:05"
            }
        ], 
        "ticket price": "3005.00", 
        "airline": "Interjet"
    }, 
    {
        "arrival": ", Culiac\u00e1n", 
        "consult date": "10/05/2018", 
        "flight duration": "0 days 22 hours 50 minutes", 
        "plane": "Airbus A320", 
        "departure date": "22/12/2018", 
        "stops": "2", 
        "plane code": "320", 
        "departure": ", Canc\u00fan", 
        "timings": [
            {
                "arrival_airport": "Bogot\u00e1, Colombia (BOG-A. Internacional El Dorado)", 
                "arrival_time": "23:50", 
                "departure_airport": "Canc\u00fan, Quintana Roo (CUN-Aeropuerto Internacional de Canc\u00fan)", 
                "departure_time": "20:25"
            }, 
            {
                "arrival_airport": "Ciudad de M\u00e9xico, Distrito Federal (MEX-A. Internacional de la Ciudad de M\u00e9xico)", 
                "arrival_time": "13:05", 
                "departure_airport": "Bogot\u00e1, Colombia (BOG-A. Internacional El Dorado)", 
                "departure_time": "08:30"
            }, 
            {
                "arrival_airport": "Culiac\u00e1n, Sinaloa (CUL-A. Internacional Federal de Bachigualato)", 
                "arrival_time": "18:15", 
                "departure_airport": "Ciudad de M\u00e9xico, Distrito Federal (MEX-A. Internacional de la Ciudad de M\u00e9xico)", 
                "departure_time": "17:00"
            }
        ], 
        "ticket price": "31005.00", 
        "airline": "Avianca"
    }, 
    {
        "arrival": ", Culiac\u00e1n", 
        "consult date": "10/05/2018", 
        "flight duration": "0 days 5 hours 50 minutes", 
        "plane": "BOEING 737-800 SCIMITAR WINGLETS", 
        "departure date": "22/12/2018", 
        "stops": "1", 
        "plane code": "7S8", 
        "departure": ", Canc\u00fan", 
        "timings": [
            {
                "arrival_airport": "Ciudad de M\u00e9xico, Distrito Federal (MEX-A. Internacional de la Ciudad de M\u00e9xico)", 
                "arrival_time": "11:30", 
                "departure_airport": "Canc\u00fan, Quintana Roo (CUN-Aeropuerto Internacional de Canc\u00fan)", 
                "departure_time": "08:55"
            }, 
            {
                "arrival_airport": "Culiac\u00e1n, Sinaloa (CUL-A. Internacional Federal de Bachigualato)", 
                "arrival_time": "13:45", 
                "departure_airport": "Ciudad de M\u00e9xico, Distrito Federal (MEX-A. Internacional de la Ciudad de M\u00e9xico)", 
                "departure_time": "12:30"
            }
        ], 
        "ticket price": "3181.00", 
        "airline": "Aeromexico"
    }, 
    {
        "arrival": ", Culiac\u00e1n", 
        "consult date": "10/05/2018", 
        "flight duration": "0 days 5 hours 28 minutes", 
        "plane": "Embraer 190", 
        "departure date": "22/12/2018", 
        "stops": "1", 
        "plane code": "E90", 
        "departure": ", Canc\u00fan", 
        "timings": [
            {
                "arrival_airport": "Ciudad de M\u00e9xico, Distrito Federal (MEX-A. Internacional de la Ciudad de M\u00e9xico)", 
                "arrival_time": "11:55", 
                "departure_airport": "Canc\u00fan, Quintana Roo (CUN-Aeropuerto Internacional de Canc\u00fan)", 
                "departure_time": "09:17"
            }, 
            {
                "arrival_airport": "Culiac\u00e1n, Sinaloa (CUL-A. Internacional Federal de Bachigualato)", 
                "arrival_time": "13:45", 
                "departure_airport": "Ciudad de M\u00e9xico, Distrito Federal (MEX-A. Internacional de la Ciudad de M\u00e9xico)", 
                "departure_time": "12:30"
            }
        ], 
        "ticket price": "3181.00", 
        "airline": "Aeromexico"
    }, 
    {
        "arrival": ", Culiac\u00e1n", 
        "consult date": "10/05/2018", 
        "flight duration": "0 days 7 hours 13 minutes", 
        "plane": "BOEING 737-800 SCIMITAR WINGLETS", 
        "departure date": "22/12/2018", 
        "stops": "1", 
        "plane code": "7S8", 
        "departure": ", Canc\u00fan", 
        "timings": [
            {
                "arrival_airport": "Ciudad de M\u00e9xico, Distrito Federal (MEX-A. Internacional de la Ciudad de M\u00e9xico)", 
                "arrival_time": "19:00", 
                "departure_airport": "Canc\u00fan, Quintana Roo (CUN-Aeropuerto Internacional de Canc\u00fan)", 
                "departure_time": "16:23"
            }, 
            {
                "arrival_airport": "Culiac\u00e1n, Sinaloa (CUL-A. Internacional Federal de Bachigualato)", 
                "arrival_time": "22:36", 
                "departure_airport": "Ciudad de M\u00e9xico, Distrito Federal (MEX-A. Internacional de la Ciudad de M\u00e9xico)", 
                "departure_time": "21:20"
            }
        ], 
        "ticket price": "3181.00", 
        "airline": "Aeromexico"
    }, 
    {
        "arrival": ", Culiac\u00e1n", 
        "consult date": "10/05/2018", 
        "flight duration": "0 days 7 hours 8 minutes", 
        "plane": "BOEING 737-800 SCIMITAR WINGLETS", 
        "departure date": "22/12/2018", 
        "stops": "1", 
        "plane code": "7S8", 
        "departure": ", Canc\u00fan", 
        "timings": [
            {
                "arrival_airport": "Ciudad de M\u00e9xico, Distrito Federal (MEX-A. Internacional de la Ciudad de M\u00e9xico)", 
                "arrival_time": "14:45", 
                "departure_airport": "Canc\u00fan, Quintana Roo (CUN-Aeropuerto Internacional de Canc\u00fan)", 
                "departure_time": "12:07"
            }, 
            {
                "arrival_airport": "Culiac\u00e1n, Sinaloa (CUL-A. Internacional Federal de Bachigualato)", 
                "arrival_time": "18:15", 
                "departure_airport": "Ciudad de M\u00e9xico, Distrito Federal (MEX-A. Internacional de la Ciudad de M\u00e9xico)", 
                "departure_time": "17:00"
            }
        ], 
        "ticket price": "3181.00", 
        "airline": "Aeromexico"
    }, 
    {
        "arrival": ", Culiac\u00e1n", 
        "consult date": "10/05/2018", 
        "flight duration": "0 days 5 hours 51 minutes", 
        "plane": "Boeing 737", 
        "departure date": "22/12/2018", 
        "stops": "1", 
        "plane code": "737", 
        "departure": ", Canc\u00fan", 
        "timings": [
            {
                "arrival_airport": "Ciudad de M\u00e9xico, Distrito Federal (MEX-A. Internacional de la Ciudad de M\u00e9xico)", 
                "arrival_time": "16:00", 
                "departure_airport": "Canc\u00fan, Quintana Roo (CUN-Aeropuerto Internacional de Canc\u00fan)", 
                "departure_time": "13:24"
            }, 
            {
                "arrival_airport": "Culiac\u00e1n, Sinaloa (CUL-A. Internacional Federal de Bachigualato)", 
                "arrival_time": "18:15", 
                "departure_airport": "Ciudad de M\u00e9xico, Distrito Federal (MEX-A. Internacional de la Ciudad de M\u00e9xico)", 
                "departure_time": "17:00"
            }
        ], 
        "ticket price": "3181.00", 
        "airline": "Aeromexico"
    }, 
    {
        "arrival": ", Culiac\u00e1n", 
        "consult date": "10/05/2018", 
        "flight duration": "0 days 6 hours 37 minutes", 
        "plane": "Boeing 737-800", 
        "departure date": "22/12/2018", 
        "stops": "1", 
        "plane code": "738", 
        "departure": ", Canc\u00fan", 
        "timings": [
            {
                "arrival_airport": "Ciudad de M\u00e9xico, Distrito Federal (MEX-A. Internacional de la Ciudad de M\u00e9xico)", 
                "arrival_time": "15:15", 
                "departure_airport": "Canc\u00fan, Quintana Roo (CUN-Aeropuerto Internacional de Canc\u00fan)", 
                "departure_time": "12:38"
            }, 
            {
                "arrival_airport": "Culiac\u00e1n, Sinaloa (CUL-A. Internacional Federal de Bachigualato)", 
                "arrival_time": "18:15", 
                "departure_airport": "Ciudad de M\u00e9xico, Distrito Federal (MEX-A. Internacional de la Ciudad de M\u00e9xico)", 
                "departure_time": "17:00"
            }
        ], 
        "ticket price": "3181.00", 
        "airline": "Aeromexico"
    }, 
    {
        "arrival": ", Culiac\u00e1n", 
        "consult date": "10/05/2018", 
        "flight duration": "0 days 9 hours 22 minutes", 
        "plane": "BOEING 737-800 SCIMITAR WINGLETS", 
        "departure date": "22/12/2018", 
        "stops": "1", 
        "plane code": "7S8", 
        "departure": ", Canc\u00fan", 
        "timings": [
            {
                "arrival_airport": "Ciudad de M\u00e9xico, Distrito Federal (MEX-A. Internacional de la Ciudad de M\u00e9xico)", 
                "arrival_time": "16:50", 
                "departure_airport": "Canc\u00fan, Quintana Roo (CUN-Aeropuerto Internacional de Canc\u00fan)", 
                "departure_time": "14:14"
            }, 
            {
                "arrival_airport": "Culiac\u00e1n, Sinaloa (CUL-A. Internacional Federal de Bachigualato)", 
                "arrival_time": "22:36", 
                "departure_airport": "Ciudad de M\u00e9xico, Distrito Federal (MEX-A. Internacional de la Ciudad de M\u00e9xico)", 
                "departure_time": "21:20"
            }
        ], 
        "ticket price": "3529.00", 
        "airline": "Aeromexico"
    }, 
    {
        "arrival": ", Culiac\u00e1n", 
        "consult date": "10/05/2018", 
        "flight duration": "0 days 8 hours 17 minutes", 
        "plane": "BOEING 737-800 SCIMITAR WINGLETS", 
        "departure date": "22/12/2018", 
        "stops": "1", 
        "plane code": "7S8", 
        "departure": ", Canc\u00fan", 
        "timings": [
            {
                "arrival_airport": "Ciudad de M\u00e9xico, Distrito Federal (MEX-A. Internacional de la Ciudad de M\u00e9xico)", 
                "arrival_time": "17:50", 
                "departure_airport": "Canc\u00fan, Quintana Roo (CUN-Aeropuerto Internacional de Canc\u00fan)", 
                "departure_time": "15:19"
            }, 
            {
                "arrival_airport": "Culiac\u00e1n, Sinaloa (CUL-A. Internacional Federal de Bachigualato)", 
                "arrival_time": "22:36", 
                "departure_airport": "Ciudad de M\u00e9xico, Distrito Federal (MEX-A. Internacional de la Ciudad de M\u00e9xico)", 
                "departure_time": "21:20"
            }
        ], 
        "ticket price": "3529.00", 
        "airline": "Aeromexico"
    }, 
    {
        "arrival": ", Culiac\u00e1n", 
        "consult date": "10/05/2018", 
        "flight duration": "0 days 6 hours 32 minutes", 
        "plane": "BOEING 737-800 SCIMITAR WINGLETS", 
        "departure date": "22/12/2018", 
        "stops": "1", 
        "plane code": "7S8", 
        "departure": ", Canc\u00fan", 
        "timings": [
            {
                "arrival_airport": "Ciudad de M\u00e9xico, Distrito Federal (MEX-A. Internacional de la Ciudad de M\u00e9xico)", 
                "arrival_time": "19:45", 
                "departure_airport": "Canc\u00fan, Quintana Roo (CUN-Aeropuerto Internacional de Canc\u00fan)", 
                "departure_time": "17:04"
            }, 
            {
                "arrival_airport": "Culiac\u00e1n, Sinaloa (CUL-A. Internacional Federal de Bachigualato)", 
                "arrival_time": "22:36", 
                "departure_airport": "Ciudad de M\u00e9xico, Distrito Federal (MEX-A. Internacional de la Ciudad de M\u00e9xico)", 
                "departure_time": "21:20"
            }
        ], 
        "ticket price": "3529.00", 
        "airline": "Aeromexico"
    }, 
    {
        "arrival": ", Culiac\u00e1n", 
        "consult date": "10/05/2018", 
        "flight duration": "0 days 10 hours 56 minutes", 
        "plane": "", 
        "departure date": "22/12/2018", 
        "stops": "1", 
        "plane code": "", 
        "departure": ", Canc\u00fan", 
        "timings": [
            {
                "arrival_airport": "Ciudad de M\u00e9xico, Distrito Federal (MEX-A. Internacional de la Ciudad de M\u00e9xico)", 
                "arrival_time": "12:43", 
                "departure_airport": "Canc\u00fan, Quintana Roo (CUN-Aeropuerto Internacional de Canc\u00fan)", 
                "departure_time": "10:16"
            }, 
            {
                "arrival_airport": "Culiac\u00e1n, Sinaloa (CUL-A. Internacional Federal de Bachigualato)", 
                "arrival_time": "20:12", 
                "departure_airport": "Ciudad de M\u00e9xico, Distrito Federal (MEX-A. Internacional de la Ciudad de M\u00e9xico)", 
                "departure_time": "19:00"
            }
        ], 
        "ticket price": "4141.00", 
        "airline": "Volaris"
    }, 
    {
        "arrival": ", Culiac\u00e1n", 
        "consult date": "10/05/2018", 
        "flight duration": "0 days 9 hours 34 minutes", 
        "plane": "", 
        "departure date": "22/12/2018", 
        "stops": "1", 
        "plane code": "", 
        "departure": ", Canc\u00fan", 
        "timings": [
            {
                "arrival_airport": "Ciudad de M\u00e9xico, Distrito Federal (MEX-A. Internacional de la Ciudad de M\u00e9xico)", 
                "arrival_time": "00:40", 
                "departure_airport": "Canc\u00fan, Quintana Roo (CUN-Aeropuerto Internacional de Canc\u00fan)", 
                "departure_time": "22:13"
            }, 
            {
                "arrival_airport": "Culiac\u00e1n, Sinaloa (CUL-A. Internacional Federal de Bachigualato)", 
                "arrival_time": "06:47", 
                "departure_airport": "Ciudad de M\u00e9xico, Distrito Federal (MEX-A. Internacional de la Ciudad de M\u00e9xico)", 
                "departure_time": "05:35"
            }
        ], 
        "ticket price": "4141.00", 
        "airline": "Volaris"
    }, 
    {
        "arrival": ", Culiac\u00e1n", 
        "consult date": "10/05/2018", 
        "flight duration": "0 days 8 hours 56 minutes", 
        "plane": "", 
        "departure date": "22/12/2018", 
        "stops": "1", 
        "plane code": "", 
        "departure": ", Canc\u00fan", 
        "timings": [
            {
                "arrival_airport": "Ciudad de M\u00e9xico, Distrito Federal (MEX-A. Internacional de la Ciudad de M\u00e9xico)", 
                "arrival_time": "01:18", 
                "departure_airport": "Canc\u00fan, Quintana Roo (CUN-Aeropuerto Internacional de Canc\u00fan)", 
                "departure_time": "22:51"
            }, 
            {
                "arrival_airport": "Culiac\u00e1n, Sinaloa (CUL-A. Internacional Federal de Bachigualato)", 
                "arrival_time": "06:47", 
                "departure_airport": "Ciudad de M\u00e9xico, Distrito Federal (MEX-A. Internacional de la Ciudad de M\u00e9xico)", 
                "departure_time": "05:35"
            }
        ], 
        "ticket price": "4141.00", 
        "airline": "Volaris"
    }, 
    {
        "arrival": ", Culiac\u00e1n", 
        "consult date": "10/05/2018", 
        "flight duration": "0 days 6 hours 58 minutes", 
        "plane": "", 
        "departure date": "22/12/2018", 
        "stops": "1", 
        "plane code": "", 
        "departure": ", Canc\u00fan", 
        "timings": [
            {
                "arrival_airport": "Ciudad de M\u00e9xico, Distrito Federal (MEX-A. Internacional de la Ciudad de M\u00e9xico)", 
                "arrival_time": "16:41", 
                "departure_airport": "Canc\u00fan, Quintana Roo (CUN-Aeropuerto Internacional de Canc\u00fan)", 
                "departure_time": "14:14"
            }, 
            {
                "arrival_airport": "Culiac\u00e1n, Sinaloa (CUL-A. Internacional Federal de Bachigualato)", 
                "arrival_time": "20:12", 
                "departure_airport": "Ciudad de M\u00e9xico, Distrito Federal (MEX-A. Internacional de la Ciudad de M\u00e9xico)", 
                "departure_time": "19:00"
            }
        ], 
        "ticket price": "4141.00", 
        "airline": "Volaris"
    }, 
    {
        "arrival": ", Culiac\u00e1n", 
        "consult date": "10/05/2018", 
        "flight duration": "0 days 11 hours 56 minutes", 
        "plane": "", 
        "departure date": "22/12/2018", 
        "stops": "1", 
        "plane code": "", 
        "departure": ", Canc\u00fan", 
        "timings": [
            {
                "arrival_airport": "Ciudad de M\u00e9xico, Distrito Federal (MEX-A. Internacional de la Ciudad de M\u00e9xico)", 
                "arrival_time": "22:18", 
                "departure_airport": "Canc\u00fan, Quintana Roo (CUN-Aeropuerto Internacional de Canc\u00fan)", 
                "departure_time": "19:51"
            }, 
            {
                "arrival_airport": "Culiac\u00e1n, Sinaloa (CUL-A. Internacional Federal de Bachigualato)", 
                "arrival_time": "06:47", 
                "departure_airport": "Ciudad de M\u00e9xico, Distrito Federal (MEX-A. Internacional de la Ciudad de M\u00e9xico)", 
                "departure_time": "05:35"
            }
        ], 
        "ticket price": "4440.00", 
        "airline": "Volaris"
    }, 
    {
        "arrival": ", Culiac\u00e1n", 
        "consult date": "10/05/2018", 
        "flight duration": "0 days 11 hours 10 minutes", 
        "plane": "", 
        "departure date": "22/12/2018", 
        "stops": "1", 
        "plane code": "", 
        "departure": ", Canc\u00fan", 
        "timings": [
            {
                "arrival_airport": "Guadalajara, Jalisco (GDL-Don Miguel Hidalgo y Costilla Intl.)", 
                "arrival_time": "14:14", 
                "departure_airport": "Canc\u00fan, Quintana Roo (CUN-Aeropuerto Internacional de Canc\u00fan)", 
                "departure_time": "11:21"
            }, 
            {
                "arrival_airport": "Culiac\u00e1n, Sinaloa (CUL-A. Internacional Federal de Bachigualato)", 
                "arrival_time": "21:31", 
                "departure_airport": "Guadalajara, Jalisco (GDL-Don Miguel Hidalgo y Costilla Intl.)", 
                "departure_time": "21:01"
            }
        ], 
        "ticket price": "4801.00", 
        "airline": "Volaris"
    }, 
    {
        "arrival": ", Culiac\u00e1n", 
        "consult date": "10/05/2018", 
        "flight duration": "0 days 5 hours 29 minutes", 
        "plane": "BOEING 737-800 SCIMITAR WINGLETS", 
        "departure date": "22/12/2018", 
        "stops": "1", 
        "plane code": "7S8", 
        "departure": ", Canc\u00fan", 
        "timings": [
            {
                "arrival_airport": "Ciudad de M\u00e9xico, Distrito Federal (MEX-A. Internacional de la Ciudad de M\u00e9xico)", 
                "arrival_time": "20:45", 
                "departure_airport": "Canc\u00fan, Quintana Roo (CUN-Aeropuerto Internacional de Canc\u00fan)", 
                "departure_time": "18:07"
            }, 
            {
                "arrival_airport": "Culiac\u00e1n, Sinaloa (CUL-A. Internacional Federal de Bachigualato)", 
                "arrival_time": "22:36", 
                "departure_airport": "Ciudad de M\u00e9xico, Distrito Federal (MEX-A. Internacional de la Ciudad de M\u00e9xico)", 
                "departure_time": "21:20"
            }
        ], 
        "ticket price": "5733.00", 
        "airline": "Aeromexico"
    }, 
    {
        "arrival": ", Culiac\u00e1n", 
        "consult date": "10/05/2018", 
        "flight duration": "0 days 8 hours 45 minutes", 
        "plane": "BOEING 737-800 SCIMITAR WINGLETS", 
        "departure date": "22/12/2018", 
        "stops": "1", 
        "plane code": "7S8", 
        "departure": ", Canc\u00fan", 
        "timings": [
            {
                "arrival_airport": "Ciudad de M\u00e9xico, Distrito Federal (MEX-A. Internacional de la Ciudad de M\u00e9xico)", 
                "arrival_time": "08:29", 
                "departure_airport": "Canc\u00fan, Quintana Roo (CUN-Aeropuerto Internacional de Canc\u00fan)", 
                "departure_time": "06:00"
            }, 
            {
                "arrival_airport": "Culiac\u00e1n, Sinaloa (CUL-A. Internacional Federal de Bachigualato)", 
                "arrival_time": "13:45", 
                "departure_airport": "Ciudad de M\u00e9xico, Distrito Federal (MEX-A. Internacional de la Ciudad de M\u00e9xico)", 
                "departure_time": "12:30"
            }
        ], 
        "ticket price": "5733.00", 
        "airline": "Aeromexico"
    }, 
    {
        "arrival": ", Culiac\u00e1n", 
        "consult date": "10/05/2018", 
        "flight duration": "0 days 9 hours 24 minutes", 
        "plane": "Embraer 190", 
        "departure date": "22/12/2018", 
        "stops": "1", 
        "plane code": "E90", 
        "departure": ", Canc\u00fan", 
        "timings": [
            {
                "arrival_airport": "Ciudad de M\u00e9xico, Distrito Federal (MEX-A. Internacional de la Ciudad de M\u00e9xico)", 
                "arrival_time": "03:05", 
                "departure_airport": "Canc\u00fan, Quintana Roo (CUN-Aeropuerto Internacional de Canc\u00fan)", 
                "departure_time": "00:36"
            }, 
            {
                "arrival_airport": "Culiac\u00e1n, Sinaloa (CUL-A. Internacional Federal de Bachigualato)", 
                "arrival_time": "09:00", 
                "departure_airport": "Ciudad de M\u00e9xico, Distrito Federal (MEX-A. Internacional de la Ciudad de M\u00e9xico)", 
                "departure_time": "07:40"
            }
        ], 
        "ticket price": "5733.00", 
        "airline": "Aeromexico"
    }
]