[
    {
        "arrival": ", Campeche", 
        "consult date": "10/05/2018", 
        "flight duration": "0 days 13 hours 27 minutes", 
        "plane": "Airbus A320", 
        "departure date": "12/11/2018", 
        "stops": "2", 
        "plane code": "320", 
        "departure": ", Canc\u00fan", 
        "timings": [
            {
                "arrival_airport": "Atlanta, GA, Estados Unidos (ATL-A. Internacional de Hartsfield-Jackson de Atlanta)", 
                "arrival_time": "10:20", 
                "departure_airport": "Canc\u00fan, Quintana Roo (CUN-Aeropuerto Internacional de Canc\u00fan)", 
                "departure_time": "06:45"
            }, 
            {
                "arrival_airport": "Ciudad de M\u00e9xico, Distrito Federal (MEX-A. Internacional de la Ciudad de M\u00e9xico)", 
                "arrival_time": "14:45", 
                "departure_airport": "Atlanta, GA, Estados Unidos (ATL-A. Internacional de Hartsfield-Jackson de Atlanta)", 
                "departure_time": "12:10"
            }, 
            {
                "arrival_airport": "Campeche, Campeche (CPE-A. Internacional Ing. Alberto Acuna Ongay)", 
                "arrival_time": "20:12", 
                "departure_airport": "Ciudad de M\u00e9xico, Distrito Federal (MEX-A. Internacional de la Ciudad de M\u00e9xico)", 
                "departure_time": "18:25"
            }
        ], 
        "ticket price": "22852.00", 
        "airline": "Aeromexico"
    }, 
    {
        "arrival": ", Campeche", 
        "consult date": "10/05/2018", 
        "flight duration": "0 days 14 hours 20 minutes", 
        "plane": "", 
        "departure date": "12/11/2018", 
        "stops": "1", 
        "plane code": "", 
        "departure": ", Canc\u00fan", 
        "timings": [
            {
                "arrival_airport": "Ciudad de M\u00e9xico, Distrito Federal (MEX-A. Internacional de la Ciudad de M\u00e9xico)", 
                "arrival_time": "13:10", 
                "departure_airport": "Canc\u00fan, Quintana Roo (CUN-Aeropuerto Internacional de Canc\u00fan)", 
                "departure_time": "10:40"
            }, 
            {
                "arrival_airport": "Campeche, Campeche (CPE-A. Internacional Ing. Alberto Acuna Ongay)", 
                "arrival_time": "01:00", 
                "departure_airport": "Ciudad de M\u00e9xico, Distrito Federal (MEX-A. Internacional de la Ciudad de M\u00e9xico)", 
                "departure_time": "23:30"
            }
        ], 
        "ticket price": "3034.19", 
        "airline": "Interjet"
    }, 
    {
        "arrival": ", Campeche", 
        "consult date": "10/05/2018", 
        "flight duration": "0 days 13 hours 40 minutes", 
        "plane": "", 
        "departure date": "12/11/2018", 
        "stops": "1", 
        "plane code": "", 
        "departure": ", Canc\u00fan", 
        "timings": [
            {
                "arrival_airport": "Ciudad de M\u00e9xico, Distrito Federal (MEX-A. Internacional de la Ciudad de M\u00e9xico)", 
                "arrival_time": "13:50", 
                "departure_airport": "Canc\u00fan, Quintana Roo (CUN-Aeropuerto Internacional de Canc\u00fan)", 
                "departure_time": "11:20"
            }, 
            {
                "arrival_airport": "Campeche, Campeche (CPE-A. Internacional Ing. Alberto Acuna Ongay)", 
                "arrival_time": "01:00", 
                "departure_airport": "Ciudad de M\u00e9xico, Distrito Federal (MEX-A. Internacional de la Ciudad de M\u00e9xico)", 
                "departure_time": "23:30"
            }
        ], 
        "ticket price": "3034.19", 
        "airline": "Interjet"
    }, 
    {
        "arrival": ", Campeche", 
        "consult date": "10/05/2018", 
        "flight duration": "0 days 13 hours 0 minutes", 
        "plane": "", 
        "departure date": "12/11/2018", 
        "stops": "1", 
        "plane code": "", 
        "departure": ", Canc\u00fan", 
        "timings": [
            {
                "arrival_airport": "Ciudad de M\u00e9xico, Distrito Federal (MEX-A. Internacional de la Ciudad de M\u00e9xico)", 
                "arrival_time": "14:30", 
                "departure_airport": "Canc\u00fan, Quintana Roo (CUN-Aeropuerto Internacional de Canc\u00fan)", 
                "departure_time": "12:00"
            }, 
            {
                "arrival_airport": "Campeche, Campeche (CPE-A. Internacional Ing. Alberto Acuna Ongay)", 
                "arrival_time": "01:00", 
                "departure_airport": "Ciudad de M\u00e9xico, Distrito Federal (MEX-A. Internacional de la Ciudad de M\u00e9xico)", 
                "departure_time": "23:30"
            }
        ], 
        "ticket price": "3342.20", 
        "airline": "Interjet"
    }, 
    {
        "arrival": ", Campeche", 
        "consult date": "10/05/2018", 
        "flight duration": "0 days 8 hours 50 minutes", 
        "plane": "Boeing 737", 
        "departure date": "12/11/2018", 
        "stops": "1", 
        "plane code": "737", 
        "departure": ", Canc\u00fan", 
        "timings": [
            {
                "arrival_airport": "Ciudad de M\u00e9xico, Distrito Federal (MEX-A. Internacional de la Ciudad de M\u00e9xico)", 
                "arrival_time": "14:00", 
                "departure_airport": "Canc\u00fan, Quintana Roo (CUN-Aeropuerto Internacional de Canc\u00fan)", 
                "departure_time": "11:22"
            }, 
            {
                "arrival_airport": "Campeche, Campeche (CPE-A. Internacional Ing. Alberto Acuna Ongay)", 
                "arrival_time": "20:12", 
                "departure_airport": "Ciudad de M\u00e9xico, Distrito Federal (MEX-A. Internacional de la Ciudad de M\u00e9xico)", 
                "departure_time": "18:25"
            }
        ], 
        "ticket price": "3368.00", 
        "airline": "Aeromexico"
    }, 
    {
        "arrival": ", Campeche", 
        "consult date": "10/05/2018", 
        "flight duration": "0 days 8 hours 5 minutes", 
        "plane": "Boeing 737", 
        "departure date": "12/11/2018", 
        "stops": "1", 
        "plane code": "737", 
        "departure": ", Canc\u00fan", 
        "timings": [
            {
                "arrival_airport": "Ciudad de M\u00e9xico, Distrito Federal (MEX-A. Internacional de la Ciudad de M\u00e9xico)", 
                "arrival_time": "14:45", 
                "departure_airport": "Canc\u00fan, Quintana Roo (CUN-Aeropuerto Internacional de Canc\u00fan)", 
                "departure_time": "12:07"
            }, 
            {
                "arrival_airport": "Campeche, Campeche (CPE-A. Internacional Ing. Alberto Acuna Ongay)", 
                "arrival_time": "20:12", 
                "departure_airport": "Ciudad de M\u00e9xico, Distrito Federal (MEX-A. Internacional de la Ciudad de M\u00e9xico)", 
                "departure_time": "18:25"
            }
        ], 
        "ticket price": "3600.00", 
        "airline": "Aeromexico"
    }, 
    {
        "arrival": ", Campeche", 
        "consult date": "10/05/2018", 
        "flight duration": "0 days 12 hours 0 minutes", 
        "plane": "", 
        "departure date": "12/11/2018", 
        "stops": "1", 
        "plane code": "", 
        "departure": ", Canc\u00fan", 
        "timings": [
            {
                "arrival_airport": "Ciudad de M\u00e9xico, Distrito Federal (MEX-A. Internacional de la Ciudad de M\u00e9xico)", 
                "arrival_time": "15:30", 
                "departure_airport": "Canc\u00fan, Quintana Roo (CUN-Aeropuerto Internacional de Canc\u00fan)", 
                "departure_time": "13:00"
            }, 
            {
                "arrival_airport": "Campeche, Campeche (CPE-A. Internacional Ing. Alberto Acuna Ongay)", 
                "arrival_time": "01:00", 
                "departure_airport": "Ciudad de M\u00e9xico, Distrito Federal (MEX-A. Internacional de la Ciudad de M\u00e9xico)", 
                "departure_time": "23:30"
            }
        ], 
        "ticket price": "3627.91", 
        "airline": "Interjet"
    }, 
    {
        "arrival": ", Campeche", 
        "consult date": "10/05/2018", 
        "flight duration": "0 days 9 hours 45 minutes", 
        "plane": "", 
        "departure date": "12/11/2018", 
        "stops": "1", 
        "plane code": "", 
        "departure": ", Canc\u00fan", 
        "timings": [
            {
                "arrival_airport": "Ciudad de M\u00e9xico, Distrito Federal (MEX-A. Internacional de la Ciudad de M\u00e9xico)", 
                "arrival_time": "17:55", 
                "departure_airport": "Canc\u00fan, Quintana Roo (CUN-Aeropuerto Internacional de Canc\u00fan)", 
                "departure_time": "15:15"
            }, 
            {
                "arrival_airport": "Campeche, Campeche (CPE-A. Internacional Ing. Alberto Acuna Ongay)", 
                "arrival_time": "01:00", 
                "departure_airport": "Ciudad de M\u00e9xico, Distrito Federal (MEX-A. Internacional de la Ciudad de M\u00e9xico)", 
                "departure_time": "23:30"
            }
        ], 
        "ticket price": "3627.91", 
        "airline": "Interjet"
    }, 
    {
        "arrival": ", Campeche", 
        "consult date": "10/05/2018", 
        "flight duration": "0 days 6 hours 30 minutes", 
        "plane": "", 
        "departure date": "12/11/2018", 
        "stops": "1", 
        "plane code": "", 
        "departure": ", Canc\u00fan", 
        "timings": [
            {
                "arrival_airport": "Ciudad de M\u00e9xico, Distrito Federal (MEX-A. Internacional de la Ciudad de M\u00e9xico)", 
                "arrival_time": "21:05", 
                "departure_airport": "Canc\u00fan, Quintana Roo (CUN-Aeropuerto Internacional de Canc\u00fan)", 
                "departure_time": "18:30"
            }, 
            {
                "arrival_airport": "Campeche, Campeche (CPE-A. Internacional Ing. Alberto Acuna Ongay)", 
                "arrival_time": "01:00", 
                "departure_airport": "Ciudad de M\u00e9xico, Distrito Federal (MEX-A. Internacional de la Ciudad de M\u00e9xico)", 
                "departure_time": "23:30"
            }
        ], 
        "ticket price": "3627.91", 
        "airline": "Interjet"
    }, 
    {
        "arrival": ", Campeche", 
        "consult date": "10/05/2018", 
        "flight duration": "0 days 4 hours 58 minutes", 
        "plane": "BOEING 737-800 SCIMITAR WINGLETS", 
        "departure date": "12/11/2018", 
        "stops": "1", 
        "plane code": "7S8", 
        "departure": ", Canc\u00fan", 
        "timings": [
            {
                "arrival_airport": "Ciudad de M\u00e9xico, Distrito Federal (MEX-A. Internacional de la Ciudad de M\u00e9xico)", 
                "arrival_time": "17:45", 
                "departure_airport": "Canc\u00fan, Quintana Roo (CUN-Aeropuerto Internacional de Canc\u00fan)", 
                "departure_time": "15:14"
            }, 
            {
                "arrival_airport": "Campeche, Campeche (CPE-A. Internacional Ing. Alberto Acuna Ongay)", 
                "arrival_time": "20:12", 
                "departure_airport": "Ciudad de M\u00e9xico, Distrito Federal (MEX-A. Internacional de la Ciudad de M\u00e9xico)", 
                "departure_time": "18:25"
            }
        ], 
        "ticket price": "3832.00", 
        "airline": "Aeromexico"
    }, 
    {
        "arrival": ", Campeche", 
        "consult date": "10/05/2018", 
        "flight duration": "0 days 5 hours 54 minutes", 
        "plane": "BOEING 737-800 SCIMITAR WINGLETS", 
        "departure date": "12/11/2018", 
        "stops": "1", 
        "plane code": "7S8", 
        "departure": ", Canc\u00fan", 
        "timings": [
            {
                "arrival_airport": "Ciudad de M\u00e9xico, Distrito Federal (MEX-A. Internacional de la Ciudad de M\u00e9xico)", 
                "arrival_time": "16:55", 
                "departure_airport": "Canc\u00fan, Quintana Roo (CUN-Aeropuerto Internacional de Canc\u00fan)", 
                "departure_time": "14:18"
            }, 
            {
                "arrival_airport": "Campeche, Campeche (CPE-A. Internacional Ing. Alberto Acuna Ongay)", 
                "arrival_time": "20:12", 
                "departure_airport": "Ciudad de M\u00e9xico, Distrito Federal (MEX-A. Internacional de la Ciudad de M\u00e9xico)", 
                "departure_time": "18:25"
            }
        ], 
        "ticket price": "3832.00", 
        "airline": "Aeromexico"
    }, 
    {
        "arrival": ", Campeche", 
        "consult date": "10/05/2018", 
        "flight duration": "0 days 7 hours 34 minutes", 
        "plane": "BOEING 737-800 SCIMITAR WINGLETS", 
        "departure date": "12/11/2018", 
        "stops": "1", 
        "plane code": "7S8", 
        "departure": ", Canc\u00fan", 
        "timings": [
            {
                "arrival_airport": "Ciudad de M\u00e9xico, Distrito Federal (MEX-A. Internacional de la Ciudad de M\u00e9xico)", 
                "arrival_time": "15:15", 
                "departure_airport": "Canc\u00fan, Quintana Roo (CUN-Aeropuerto Internacional de Canc\u00fan)", 
                "departure_time": "12:38"
            }, 
            {
                "arrival_airport": "Campeche, Campeche (CPE-A. Internacional Ing. Alberto Acuna Ongay)", 
                "arrival_time": "20:12", 
                "departure_airport": "Ciudad de M\u00e9xico, Distrito Federal (MEX-A. Internacional de la Ciudad de M\u00e9xico)", 
                "departure_time": "18:25"
            }
        ], 
        "ticket price": "3832.00", 
        "airline": "Aeromexico"
    }, 
    {
        "arrival": ", Campeche", 
        "consult date": "10/05/2018", 
        "flight duration": "0 days 6 hours 48 minutes", 
        "plane": "BOEING 737-800 SCIMITAR WINGLETS", 
        "departure date": "12/11/2018", 
        "stops": "1", 
        "plane code": "7S8", 
        "departure": ", Canc\u00fan", 
        "timings": [
            {
                "arrival_airport": "Ciudad de M\u00e9xico, Distrito Federal (MEX-A. Internacional de la Ciudad de M\u00e9xico)", 
                "arrival_time": "16:00", 
                "departure_airport": "Canc\u00fan, Quintana Roo (CUN-Aeropuerto Internacional de Canc\u00fan)", 
                "departure_time": "13:24"
            }, 
            {
                "arrival_airport": "Campeche, Campeche (CPE-A. Internacional Ing. Alberto Acuna Ongay)", 
                "arrival_time": "20:12", 
                "departure_airport": "Ciudad de M\u00e9xico, Distrito Federal (MEX-A. Internacional de la Ciudad de M\u00e9xico)", 
                "departure_time": "18:25"
            }
        ], 
        "ticket price": "3832.00", 
        "airline": "Aeromexico"
    }, 
    {
        "arrival": ", Campeche", 
        "consult date": "10/05/2018", 
        "flight duration": "0 days 7 hours 55 minutes", 
        "plane": "", 
        "departure date": "12/11/2018", 
        "stops": "1", 
        "plane code": "", 
        "departure": ", Canc\u00fan", 
        "timings": [
            {
                "arrival_airport": "Ciudad de M\u00e9xico, Distrito Federal (MEX-A. Internacional de la Ciudad de M\u00e9xico)", 
                "arrival_time": "19:40", 
                "departure_airport": "Canc\u00fan, Quintana Roo (CUN-Aeropuerto Internacional de Canc\u00fan)", 
                "departure_time": "17:05"
            }, 
            {
                "arrival_airport": "Campeche, Campeche (CPE-A. Internacional Ing. Alberto Acuna Ongay)", 
                "arrival_time": "01:00", 
                "departure_airport": "Ciudad de M\u00e9xico, Distrito Federal (MEX-A. Internacional de la Ciudad de M\u00e9xico)", 
                "departure_time": "23:30"
            }
        ], 
        "ticket price": "3913.63", 
        "airline": "Interjet"
    }
]