[
    {
        "arrival": ", Torre\u00f3n", 
        "consult date": "10/05/2018", 
        "flight duration": "0 days 22 hours 11 minutes", 
        "plane": "Airbus A320", 
        "departure date": "02/09/2018", 
        "stops": "2", 
        "plane code": "320", 
        "departure": ", Canc\u00fan", 
        "timings": [
            {
                "arrival_airport": "Bogot\u00e1, Colombia (BOG-A. Internacional El Dorado)", 
                "arrival_time": "23:50", 
                "departure_airport": "Canc\u00fan, Quintana Roo (CUN-Aeropuerto Internacional de Canc\u00fan)", 
                "departure_time": "20:25"
            }, 
            {
                "arrival_airport": "Ciudad de M\u00e9xico, Distrito Federal (MEX-A. Internacional de la Ciudad de M\u00e9xico)", 
                "arrival_time": "13:05", 
                "departure_airport": "Bogot\u00e1, Colombia (BOG-A. Internacional El Dorado)", 
                "departure_time": "08:30"
            }, 
            {
                "arrival_airport": "Torre\u00f3n, Coahuila (TRC-A. Internacional Francisco Sarabia", 
                "arrival_time": "18:36", 
                "departure_airport": "Ciudad de M\u00e9xico, Distrito Federal (MEX-A. Internacional de la Ciudad de M\u00e9xico)", 
                "departure_time": "16:55"
            }
        ], 
        "ticket price": "13601.00", 
        "airline": "Avianca"
    }, 
    {
        "arrival": ", Torre\u00f3n", 
        "consult date": "10/05/2018", 
        "flight duration": "0 days 23 hours 27 minutes", 
        "plane": "Airbus A320", 
        "departure date": "02/09/2018", 
        "stops": "2", 
        "plane code": "320", 
        "departure": ", Canc\u00fan", 
        "timings": [
            {
                "arrival_airport": "Bogot\u00e1, Colombia (BOG-A. Internacional El Dorado)", 
                "arrival_time": "23:50", 
                "departure_airport": "Canc\u00fan, Quintana Roo (CUN-Aeropuerto Internacional de Canc\u00fan)", 
                "departure_time": "20:25"
            }, 
            {
                "arrival_airport": "Ciudad de M\u00e9xico, Distrito Federal (MEX-A. Internacional de la Ciudad de M\u00e9xico)", 
                "arrival_time": "13:05", 
                "departure_airport": "Bogot\u00e1, Colombia (BOG-A. Internacional El Dorado)", 
                "departure_time": "08:30"
            }, 
            {
                "arrival_airport": "Torre\u00f3n, Coahuila (TRC-A. Internacional Francisco Sarabia", 
                "arrival_time": "19:52", 
                "departure_airport": "Ciudad de M\u00e9xico, Distrito Federal (MEX-A. Internacional de la Ciudad de M\u00e9xico)", 
                "departure_time": "18:00"
            }
        ], 
        "ticket price": "13601.00", 
        "airline": "Avianca"
    }, 
    {
        "arrival": ", Torre\u00f3n", 
        "consult date": "10/05/2018", 
        "flight duration": "0 days 21 hours 12 minutes", 
        "plane": "Airbus A320", 
        "departure date": "02/09/2018", 
        "stops": "2", 
        "plane code": "320", 
        "departure": ", Canc\u00fan", 
        "timings": [
            {
                "arrival_airport": "Bogot\u00e1, Colombia (BOG-A. Internacional El Dorado)", 
                "arrival_time": "20:20", 
                "departure_airport": "Canc\u00fan, Quintana Roo (CUN-Aeropuerto Internacional de Canc\u00fan)", 
                "departure_time": "16:55"
            }, 
            {
                "arrival_airport": "Ciudad de M\u00e9xico, Distrito Federal (MEX-A. Internacional de la Ciudad de M\u00e9xico)", 
                "arrival_time": "03:50", 
                "departure_airport": "Bogot\u00e1, Colombia (BOG-A. Internacional El Dorado)", 
                "departure_time": "23:00"
            }, 
            {
                "arrival_airport": "Torre\u00f3n, Coahuila (TRC-A. Internacional Francisco Sarabia", 
                "arrival_time": "14:07", 
                "departure_airport": "Ciudad de M\u00e9xico, Distrito Federal (MEX-A. Internacional de la Ciudad de M\u00e9xico)", 
                "departure_time": "12:15"
            }
        ], 
        "ticket price": "14388.00", 
        "airline": "Avianca"
    }, 
    {
        "arrival": ", Torre\u00f3n", 
        "consult date": "10/05/2018", 
        "flight duration": "0 days 21 hours 12 minutes", 
        "plane": "Airbus A320", 
        "departure date": "02/09/2018", 
        "stops": "2", 
        "plane code": "320", 
        "departure": ", Canc\u00fan", 
        "timings": [
            {
                "arrival_airport": "Bogot\u00e1, Colombia (BOG-A. Internacional El Dorado)", 
                "arrival_time": "20:20", 
                "departure_airport": "Canc\u00fan, Quintana Roo (CUN-Aeropuerto Internacional de Canc\u00fan)", 
                "departure_time": "16:55"
            }, 
            {
                "arrival_airport": "Ciudad de M\u00e9xico, Distrito Federal (MEX-A. Internacional de la Ciudad de M\u00e9xico)", 
                "arrival_time": "04:50", 
                "departure_airport": "Bogot\u00e1, Colombia (BOG-A. Internacional El Dorado)", 
                "departure_time": "00:10"
            }, 
            {
                "arrival_airport": "Torre\u00f3n, Coahuila (TRC-A. Internacional Francisco Sarabia", 
                "arrival_time": "14:07", 
                "departure_airport": "Ciudad de M\u00e9xico, Distrito Federal (MEX-A. Internacional de la Ciudad de M\u00e9xico)", 
                "departure_time": "12:15"
            }
        ], 
        "ticket price": "14812.00", 
        "airline": "Avianca"
    }, 
    {
        "arrival": ", Torre\u00f3n", 
        "consult date": "10/05/2018", 
        "flight duration": "0 days 17 hours 15 minutes", 
        "plane": "Boeing 737-800", 
        "departure date": "02/09/2018", 
        "stops": "2", 
        "plane code": "738", 
        "departure": ", Canc\u00fan", 
        "timings": [
            {
                "arrival_airport": "Panam\u00e1, Panam\u00e1 (PTY-A. Internacional de Tocumen)", 
                "arrival_time": "20:03", 
                "departure_airport": "Canc\u00fan, Quintana Roo (CUN-Aeropuerto Internacional de Canc\u00fan)", 
                "departure_time": "17:22"
            }, 
            {
                "arrival_airport": "Ciudad de M\u00e9xico, Distrito Federal (MEX-A. Internacional de la Ciudad de M\u00e9xico)", 
                "arrival_time": "01:15", 
                "departure_airport": "Panam\u00e1, Panam\u00e1 (PTY-A. Internacional de Tocumen)", 
                "departure_time": "21:23"
            }, 
            {
                "arrival_airport": "Torre\u00f3n, Coahuila (TRC-A. Internacional Francisco Sarabia", 
                "arrival_time": "10:37", 
                "departure_airport": "Ciudad de M\u00e9xico, Distrito Federal (MEX-A. Internacional de la Ciudad de M\u00e9xico)", 
                "departure_time": "08:45"
            }
        ], 
        "ticket price": "29063.00", 
        "airline": ""
    }, 
    {
        "arrival": ", Torre\u00f3n", 
        "consult date": "10/05/2018", 
        "flight duration": "0 days 20 hours 45 minutes", 
        "plane": "Boeing 737-800", 
        "departure date": "02/09/2018", 
        "stops": "2", 
        "plane code": "738", 
        "departure": ", Canc\u00fan", 
        "timings": [
            {
                "arrival_airport": "Panam\u00e1, Panam\u00e1 (PTY-A. Internacional de Tocumen)", 
                "arrival_time": "20:03", 
                "departure_airport": "Canc\u00fan, Quintana Roo (CUN-Aeropuerto Internacional de Canc\u00fan)", 
                "departure_time": "17:22"
            }, 
            {
                "arrival_airport": "Ciudad de M\u00e9xico, Distrito Federal (MEX-A. Internacional de la Ciudad de M\u00e9xico)", 
                "arrival_time": "01:15", 
                "departure_airport": "Panam\u00e1, Panam\u00e1 (PTY-A. Internacional de Tocumen)", 
                "departure_time": "21:23"
            }, 
            {
                "arrival_airport": "Torre\u00f3n, Coahuila (TRC-A. Internacional Francisco Sarabia", 
                "arrival_time": "14:07", 
                "departure_airport": "Ciudad de M\u00e9xico, Distrito Federal (MEX-A. Internacional de la Ciudad de M\u00e9xico)", 
                "departure_time": "12:15"
            }
        ], 
        "ticket price": "29063.00", 
        "airline": ""
    }, 
    {
        "arrival": ", Torre\u00f3n", 
        "consult date": "10/05/2018", 
        "flight duration": "0 days 21 hours 24 minutes", 
        "plane": "Boeing 737-700", 
        "departure date": "02/09/2018", 
        "stops": "2", 
        "plane code": "73G", 
        "departure": ", Canc\u00fan", 
        "timings": [
            {
                "arrival_airport": "Panam\u00e1, Panam\u00e1 (PTY-A. Internacional de Tocumen)", 
                "arrival_time": "19:23", 
                "departure_airport": "Canc\u00fan, Quintana Roo (CUN-Aeropuerto Internacional de Canc\u00fan)", 
                "departure_time": "16:43"
            }, 
            {
                "arrival_airport": "Ciudad de M\u00e9xico, Distrito Federal (MEX-A. Internacional de la Ciudad de M\u00e9xico)", 
                "arrival_time": "01:15", 
                "departure_airport": "Panam\u00e1, Panam\u00e1 (PTY-A. Internacional de Tocumen)", 
                "departure_time": "21:23"
            }, 
            {
                "arrival_airport": "Torre\u00f3n, Coahuila (TRC-A. Internacional Francisco Sarabia", 
                "arrival_time": "14:07", 
                "departure_airport": "Ciudad de M\u00e9xico, Distrito Federal (MEX-A. Internacional de la Ciudad de M\u00e9xico)", 
                "departure_time": "12:15"
            }
        ], 
        "ticket price": "29063.00", 
        "airline": ""
    }, 
    {
        "arrival": ", Torre\u00f3n", 
        "consult date": "10/05/2018", 
        "flight duration": "0 days 8 hours 0 minutes", 
        "plane": "", 
        "departure date": "02/09/2018", 
        "stops": "1", 
        "plane code": "", 
        "departure": ", Canc\u00fan", 
        "timings": [
            {
                "arrival_airport": "Ciudad de M\u00e9xico, Distrito Federal (MEX-A. Internacional de la Ciudad de M\u00e9xico)", 
                "arrival_time": "02:25", 
                "departure_airport": "Canc\u00fan, Quintana Roo (CUN-Aeropuerto Internacional de Canc\u00fan)", 
                "departure_time": "23:50"
            }, 
            {
                "arrival_airport": "Torre\u00f3n, Coahuila (TRC-A. Internacional Francisco Sarabia", 
                "arrival_time": "07:50", 
                "departure_airport": "Ciudad de M\u00e9xico, Distrito Federal (MEX-A. Internacional de la Ciudad de M\u00e9xico)", 
                "departure_time": "06:00"
            }
        ], 
        "ticket price": "3014.07", 
        "airline": "Interjet"
    }, 
    {
        "arrival": ", Torre\u00f3n", 
        "consult date": "10/05/2018", 
        "flight duration": "0 days 7 hours 22 minutes", 
        "plane": "Embraer 190", 
        "departure date": "02/09/2018", 
        "stops": "1", 
        "plane code": "E90", 
        "departure": ", Canc\u00fan", 
        "timings": [
            {
                "arrival_airport": "Ciudad de M\u00e9xico, Distrito Federal (MEX-A. Internacional de la Ciudad de M\u00e9xico)", 
                "arrival_time": "03:15", 
                "departure_airport": "Canc\u00fan, Quintana Roo (CUN-Aeropuerto Internacional de Canc\u00fan)", 
                "departure_time": "00:32"
            }, 
            {
                "arrival_airport": "Torre\u00f3n, Coahuila (TRC-A. Internacional Francisco Sarabia", 
                "arrival_time": "07:54", 
                "departure_airport": "Ciudad de M\u00e9xico, Distrito Federal (MEX-A. Internacional de la Ciudad de M\u00e9xico)", 
                "departure_time": "06:05"
            }
        ], 
        "ticket price": "3113.00", 
        "airline": "Aeromexico"
    }, 
    {
        "arrival": ", Torre\u00f3n", 
        "consult date": "10/05/2018", 
        "flight duration": "0 days 11 hours 5 minutes", 
        "plane": "", 
        "departure date": "02/09/2018", 
        "stops": "1", 
        "plane code": "", 
        "departure": ", Canc\u00fan", 
        "timings": [
            {
                "arrival_airport": "Ciudad de M\u00e9xico, Distrito Federal (MEX-A. Internacional de la Ciudad de M\u00e9xico)", 
                "arrival_time": "23:20", 
                "departure_airport": "Canc\u00fan, Quintana Roo (CUN-Aeropuerto Internacional de Canc\u00fan)", 
                "departure_time": "20:45"
            }, 
            {
                "arrival_airport": "Torre\u00f3n, Coahuila (TRC-A. Internacional Francisco Sarabia", 
                "arrival_time": "07:50", 
                "departure_airport": "Ciudad de M\u00e9xico, Distrito Federal (MEX-A. Internacional de la Ciudad de M\u00e9xico)", 
                "departure_time": "06:00"
            }
        ], 
        "ticket price": "3299.78", 
        "airline": "Interjet"
    }, 
    {
        "arrival": ", Torre\u00f3n", 
        "consult date": "10/05/2018", 
        "flight duration": "0 days 10 hours 35 minutes", 
        "plane": "", 
        "departure date": "02/09/2018", 
        "stops": "1", 
        "plane code": "", 
        "departure": ", Canc\u00fan", 
        "timings": [
            {
                "arrival_airport": "Ciudad de M\u00e9xico, Distrito Federal (MEX-A. Internacional de la Ciudad de M\u00e9xico)", 
                "arrival_time": "23:50", 
                "departure_airport": "Canc\u00fan, Quintana Roo (CUN-Aeropuerto Internacional de Canc\u00fan)", 
                "departure_time": "21:15"
            }, 
            {
                "arrival_airport": "Torre\u00f3n, Coahuila (TRC-A. Internacional Francisco Sarabia", 
                "arrival_time": "07:50", 
                "departure_airport": "Ciudad de M\u00e9xico, Distrito Federal (MEX-A. Internacional de la Ciudad de M\u00e9xico)", 
                "departure_time": "06:00"
            }
        ], 
        "ticket price": "3299.78", 
        "airline": "Interjet"
    }, 
    {
        "arrival": ", Torre\u00f3n", 
        "consult date": "10/05/2018", 
        "flight duration": "0 days 12 hours 0 minutes", 
        "plane": "", 
        "departure date": "02/09/2018", 
        "stops": "1", 
        "plane code": "", 
        "departure": ", Canc\u00fan", 
        "timings": [
            {
                "arrival_airport": "Ciudad de M\u00e9xico, Distrito Federal (MEX-A. Internacional de la Ciudad de M\u00e9xico)", 
                "arrival_time": "22:25", 
                "departure_airport": "Canc\u00fan, Quintana Roo (CUN-Aeropuerto Internacional de Canc\u00fan)", 
                "departure_time": "19:50"
            }, 
            {
                "arrival_airport": "Torre\u00f3n, Coahuila (TRC-A. Internacional Francisco Sarabia", 
                "arrival_time": "07:50", 
                "departure_airport": "Ciudad de M\u00e9xico, Distrito Federal (MEX-A. Internacional de la Ciudad de M\u00e9xico)", 
                "departure_time": "06:00"
            }
        ], 
        "ticket price": "3299.78", 
        "airline": "Interjet"
    }, 
    {
        "arrival": ", Torre\u00f3n", 
        "consult date": "10/05/2018", 
        "flight duration": "0 days 14 hours 45 minutes", 
        "plane": "", 
        "departure date": "02/09/2018", 
        "stops": "1", 
        "plane code": "", 
        "departure": ", Canc\u00fan", 
        "timings": [
            {
                "arrival_airport": "Ciudad de M\u00e9xico, Distrito Federal (MEX-A. Internacional de la Ciudad de M\u00e9xico)", 
                "arrival_time": "19:40", 
                "departure_airport": "Canc\u00fan, Quintana Roo (CUN-Aeropuerto Internacional de Canc\u00fan)", 
                "departure_time": "17:05"
            }, 
            {
                "arrival_airport": "Torre\u00f3n, Coahuila (TRC-A. Internacional Francisco Sarabia", 
                "arrival_time": "07:50", 
                "departure_airport": "Ciudad de M\u00e9xico, Distrito Federal (MEX-A. Internacional de la Ciudad de M\u00e9xico)", 
                "departure_time": "06:00"
            }
        ], 
        "ticket price": "3585.50", 
        "airline": "Interjet"
    }, 
    {
        "arrival": ", Torre\u00f3n", 
        "consult date": "10/05/2018", 
        "flight duration": "0 days 21 hours 42 minutes", 
        "plane": "Airbus A320", 
        "departure date": "02/09/2018", 
        "stops": "2", 
        "plane code": "320", 
        "departure": ", Canc\u00fan", 
        "timings": [
            {
                "arrival_airport": "Bogot\u00e1, Colombia (BOG-A. Internacional El Dorado)", 
                "arrival_time": "19:55", 
                "departure_airport": "Canc\u00fan, Quintana Roo (CUN-Aeropuerto Internacional de Canc\u00fan)", 
                "departure_time": "16:25"
            }, 
            {
                "arrival_airport": "Ciudad de M\u00e9xico, Distrito Federal (MEX-A. Internacional de la Ciudad de M\u00e9xico)", 
                "arrival_time": "04:50", 
                "departure_airport": "Bogot\u00e1, Colombia (BOG-A. Internacional El Dorado)", 
                "departure_time": "00:10"
            }, 
            {
                "arrival_airport": "Torre\u00f3n, Coahuila (TRC-A. Internacional Francisco Sarabia", 
                "arrival_time": "14:07", 
                "departure_airport": "Ciudad de M\u00e9xico, Distrito Federal (MEX-A. Internacional de la Ciudad de M\u00e9xico)", 
                "departure_time": "12:15"
            }
        ], 
        "ticket price": "37315.00", 
        "airline": "Latam Airlines Colombia"
    }, 
    {
        "arrival": ", Torre\u00f3n", 
        "consult date": "10/05/2018", 
        "flight duration": "0 days 14 hours 25 minutes", 
        "plane": "", 
        "departure date": "02/09/2018", 
        "stops": "1", 
        "plane code": "", 
        "departure": ", Canc\u00fan", 
        "timings": [
            {
                "arrival_airport": "Ciudad de M\u00e9xico, Distrito Federal (MEX-A. Internacional de la Ciudad de M\u00e9xico)", 
                "arrival_time": "07:50", 
                "departure_airport": "Canc\u00fan, Quintana Roo (CUN-Aeropuerto Internacional de Canc\u00fan)", 
                "departure_time": "05:15"
            }, 
            {
                "arrival_airport": "Torre\u00f3n, Coahuila (TRC-A. Internacional Francisco Sarabia", 
                "arrival_time": "19:40", 
                "departure_airport": "Ciudad de M\u00e9xico, Distrito Federal (MEX-A. Internacional de la Ciudad de M\u00e9xico)", 
                "departure_time": "17:55"
            }
        ], 
        "ticket price": "3824.22", 
        "airline": "Interjet"
    }, 
    {
        "arrival": ", Torre\u00f3n", 
        "consult date": "10/05/2018", 
        "flight duration": "0 days 15 hours 40 minutes", 
        "plane": "", 
        "departure date": "02/09/2018", 
        "stops": "1", 
        "plane code": "", 
        "departure": ", Canc\u00fan", 
        "timings": [
            {
                "arrival_airport": "Ciudad de M\u00e9xico, Distrito Federal (MEX-A. Internacional de la Ciudad de M\u00e9xico)", 
                "arrival_time": "18:45", 
                "departure_airport": "Canc\u00fan, Quintana Roo (CUN-Aeropuerto Internacional de Canc\u00fan)", 
                "departure_time": "16:10"
            }, 
            {
                "arrival_airport": "Torre\u00f3n, Coahuila (TRC-A. Internacional Francisco Sarabia", 
                "arrival_time": "07:50", 
                "departure_airport": "Ciudad de M\u00e9xico, Distrito Federal (MEX-A. Internacional de la Ciudad de M\u00e9xico)", 
                "departure_time": "06:00"
            }
        ], 
        "ticket price": "3871.20", 
        "airline": "Interjet"
    }, 
    {
        "arrival": ", Torre\u00f3n", 
        "consult date": "10/05/2018", 
        "flight duration": "0 days 13 hours 20 minutes", 
        "plane": "", 
        "departure date": "02/09/2018", 
        "stops": "1", 
        "plane code": "", 
        "departure": ", Canc\u00fan", 
        "timings": [
            {
                "arrival_airport": "Ciudad de M\u00e9xico, Distrito Federal (MEX-A. Internacional de la Ciudad de M\u00e9xico)", 
                "arrival_time": "21:05", 
                "departure_airport": "Canc\u00fan, Quintana Roo (CUN-Aeropuerto Internacional de Canc\u00fan)", 
                "departure_time": "18:30"
            }, 
            {
                "arrival_airport": "Torre\u00f3n, Coahuila (TRC-A. Internacional Francisco Sarabia", 
                "arrival_time": "07:50", 
                "departure_airport": "Ciudad de M\u00e9xico, Distrito Federal (MEX-A. Internacional de la Ciudad de M\u00e9xico)", 
                "departure_time": "06:00"
            }
        ], 
        "ticket price": "3871.20", 
        "airline": "Interjet"
    }, 
    {
        "arrival": ", Torre\u00f3n", 
        "consult date": "10/05/2018", 
        "flight duration": "0 days 12 hours 35 minutes", 
        "plane": "", 
        "departure date": "02/09/2018", 
        "stops": "1", 
        "plane code": "", 
        "departure": ", Canc\u00fan", 
        "timings": [
            {
                "arrival_airport": "Ciudad de M\u00e9xico, Distrito Federal (MEX-A. Internacional de la Ciudad de M\u00e9xico)", 
                "arrival_time": "09:40", 
                "departure_airport": "Canc\u00fan, Quintana Roo (CUN-Aeropuerto Internacional de Canc\u00fan)", 
                "departure_time": "07:05"
            }, 
            {
                "arrival_airport": "Torre\u00f3n, Coahuila (TRC-A. Internacional Francisco Sarabia", 
                "arrival_time": "19:40", 
                "departure_airport": "Ciudad de M\u00e9xico, Distrito Federal (MEX-A. Internacional de la Ciudad de M\u00e9xico)", 
                "departure_time": "17:55"
            }
        ], 
        "ticket price": "4109.93", 
        "airline": "Interjet"
    }, 
    {
        "arrival": ", Torre\u00f3n", 
        "consult date": "10/05/2018", 
        "flight duration": "0 days 11 hours 0 minutes", 
        "plane": "", 
        "departure date": "02/09/2018", 
        "stops": "1", 
        "plane code": "", 
        "departure": ", Canc\u00fan", 
        "timings": [
            {
                "arrival_airport": "Ciudad de M\u00e9xico, Distrito Federal (MEX-A. Internacional de la Ciudad de M\u00e9xico)", 
                "arrival_time": "11:15", 
                "departure_airport": "Canc\u00fan, Quintana Roo (CUN-Aeropuerto Internacional de Canc\u00fan)", 
                "departure_time": "08:40"
            }, 
            {
                "arrival_airport": "Torre\u00f3n, Coahuila (TRC-A. Internacional Francisco Sarabia", 
                "arrival_time": "19:40", 
                "departure_airport": "Ciudad de M\u00e9xico, Distrito Federal (MEX-A. Internacional de la Ciudad de M\u00e9xico)", 
                "departure_time": "17:55"
            }
        ], 
        "ticket price": "4395.65", 
        "airline": "Interjet"
    }, 
    {
        "arrival": ", Torre\u00f3n", 
        "consult date": "10/05/2018", 
        "flight duration": "0 days 5 hours 5 minutes", 
        "plane": "BOEING 737-800 SCIMITAR WINGLETS", 
        "departure date": "02/09/2018", 
        "stops": "1", 
        "plane code": "7S8", 
        "departure": ", Canc\u00fan", 
        "timings": [
            {
                "arrival_airport": "Ciudad de M\u00e9xico, Distrito Federal (MEX-A. Internacional de la Ciudad de M\u00e9xico)", 
                "arrival_time": "11:35", 
                "departure_airport": "Canc\u00fan, Quintana Roo (CUN-Aeropuerto Internacional de Canc\u00fan)", 
                "departure_time": "09:02"
            }, 
            {
                "arrival_airport": "Torre\u00f3n, Coahuila (TRC-A. Internacional Francisco Sarabia", 
                "arrival_time": "14:07", 
                "departure_airport": "Ciudad de M\u00e9xico, Distrito Federal (MEX-A. Internacional de la Ciudad de M\u00e9xico)", 
                "departure_time": "12:15"
            }
        ], 
        "ticket price": "4505.00", 
        "airline": "Aeromexico"
    }, 
    {
        "arrival": ", Torre\u00f3n", 
        "consult date": "10/05/2018", 
        "flight duration": "0 days 9 hours 0 minutes", 
        "plane": "", 
        "departure date": "02/09/2018", 
        "stops": "1", 
        "plane code": "", 
        "departure": ", Canc\u00fan", 
        "timings": [
            {
                "arrival_airport": "Ciudad de M\u00e9xico, Distrito Federal (MEX-A. Internacional de la Ciudad de M\u00e9xico)", 
                "arrival_time": "13:10", 
                "departure_airport": "Canc\u00fan, Quintana Roo (CUN-Aeropuerto Internacional de Canc\u00fan)", 
                "departure_time": "10:40"
            }, 
            {
                "arrival_airport": "Torre\u00f3n, Coahuila (TRC-A. Internacional Francisco Sarabia", 
                "arrival_time": "19:40", 
                "departure_airport": "Ciudad de M\u00e9xico, Distrito Federal (MEX-A. Internacional de la Ciudad de M\u00e9xico)", 
                "departure_time": "17:55"
            }
        ], 
        "ticket price": "4681.36", 
        "airline": "Interjet"
    }, 
    {
        "arrival": ", Torre\u00f3n", 
        "consult date": "10/05/2018", 
        "flight duration": "0 days 7 hours 40 minutes", 
        "plane": "", 
        "departure date": "02/09/2018", 
        "stops": "1", 
        "plane code": "", 
        "departure": ", Canc\u00fan", 
        "timings": [
            {
                "arrival_airport": "Ciudad de M\u00e9xico, Distrito Federal (MEX-A. Internacional de la Ciudad de M\u00e9xico)", 
                "arrival_time": "14:30", 
                "departure_airport": "Canc\u00fan, Quintana Roo (CUN-Aeropuerto Internacional de Canc\u00fan)", 
                "departure_time": "12:00"
            }, 
            {
                "arrival_airport": "Torre\u00f3n, Coahuila (TRC-A. Internacional Francisco Sarabia", 
                "arrival_time": "19:40", 
                "departure_airport": "Ciudad de M\u00e9xico, Distrito Federal (MEX-A. Internacional de la Ciudad de M\u00e9xico)", 
                "departure_time": "17:55"
            }
        ], 
        "ticket price": "4681.36", 
        "airline": "Interjet"
    }, 
    {
        "arrival": ", Torre\u00f3n", 
        "consult date": "10/05/2018", 
        "flight duration": "0 days 8 hours 7 minutes", 
        "plane": "Boeing 737", 
        "departure date": "02/09/2018", 
        "stops": "1", 
        "plane code": "737", 
        "departure": ", Canc\u00fan", 
        "timings": [
            {
                "arrival_airport": "Ciudad de M\u00e9xico, Distrito Federal (MEX-A. Internacional de la Ciudad de M\u00e9xico)", 
                "arrival_time": "08:25", 
                "departure_airport": "Canc\u00fan, Quintana Roo (CUN-Aeropuerto Internacional de Canc\u00fan)", 
                "departure_time": "06:00"
            }, 
            {
                "arrival_airport": "Torre\u00f3n, Coahuila (TRC-A. Internacional Francisco Sarabia", 
                "arrival_time": "14:07", 
                "departure_airport": "Ciudad de M\u00e9xico, Distrito Federal (MEX-A. Internacional de la Ciudad de M\u00e9xico)", 
                "departure_time": "12:15"
            }
        ], 
        "ticket price": "4853.00", 
        "airline": "Aeromexico"
    }, 
    {
        "arrival": ", Torre\u00f3n", 
        "consult date": "10/05/2018", 
        "flight duration": "0 days 8 hours 30 minutes", 
        "plane": "Boeing 737-800", 
        "departure date": "02/09/2018", 
        "stops": "1", 
        "plane code": "738", 
        "departure": ", Canc\u00fan", 
        "timings": [
            {
                "arrival_airport": "Ciudad de M\u00e9xico, Distrito Federal (MEX-A. Internacional de la Ciudad de M\u00e9xico)", 
                "arrival_time": "13:55", 
                "departure_airport": "Canc\u00fan, Quintana Roo (CUN-Aeropuerto Internacional de Canc\u00fan)", 
                "departure_time": "11:22"
            }, 
            {
                "arrival_airport": "Torre\u00f3n, Coahuila (TRC-A. Internacional Francisco Sarabia", 
                "arrival_time": "19:52", 
                "departure_airport": "Ciudad de M\u00e9xico, Distrito Federal (MEX-A. Internacional de la Ciudad de M\u00e9xico)", 
                "departure_time": "18:00"
            }
        ], 
        "ticket price": "4853.00", 
        "airline": "Aeromexico"
    }, 
    {
        "arrival": ", Torre\u00f3n", 
        "consult date": "10/05/2018", 
        "flight duration": "0 days 6 hours 40 minutes", 
        "plane": "", 
        "departure date": "02/09/2018", 
        "stops": "1", 
        "plane code": "", 
        "departure": ", Canc\u00fan", 
        "timings": [
            {
                "arrival_airport": "Ciudad de M\u00e9xico, Distrito Federal (MEX-A. Internacional de la Ciudad de M\u00e9xico)", 
                "arrival_time": "15:30", 
                "departure_airport": "Canc\u00fan, Quintana Roo (CUN-Aeropuerto Internacional de Canc\u00fan)", 
                "departure_time": "13:00"
            }, 
            {
                "arrival_airport": "Torre\u00f3n, Coahuila (TRC-A. Internacional Francisco Sarabia", 
                "arrival_time": "19:40", 
                "departure_airport": "Ciudad de M\u00e9xico, Distrito Federal (MEX-A. Internacional de la Ciudad de M\u00e9xico)", 
                "departure_time": "17:55"
            }
        ], 
        "ticket price": "4967.08", 
        "airline": "Interjet"
    }, 
    {
        "arrival": ", Torre\u00f3n", 
        "consult date": "10/05/2018", 
        "flight duration": "0 days 8 hours 44 minutes", 
        "plane": "Boeing 737", 
        "departure date": "02/09/2018", 
        "stops": "1", 
        "plane code": "737", 
        "departure": ", Canc\u00fan", 
        "timings": [
            {
                "arrival_airport": "Ciudad de M\u00e9xico, Distrito Federal (MEX-A. Internacional de la Ciudad de M\u00e9xico)", 
                "arrival_time": "12:25", 
                "departure_airport": "Canc\u00fan, Quintana Roo (CUN-Aeropuerto Internacional de Canc\u00fan)", 
                "departure_time": "09:52"
            }, 
            {
                "arrival_airport": "Torre\u00f3n, Coahuila (TRC-A. Internacional Francisco Sarabia", 
                "arrival_time": "18:36", 
                "departure_airport": "Ciudad de M\u00e9xico, Distrito Federal (MEX-A. Internacional de la Ciudad de M\u00e9xico)", 
                "departure_time": "16:55"
            }
        ], 
        "ticket price": "5201.00", 
        "airline": "Aeromexico"
    }, 
    {
        "arrival": ", Torre\u00f3n", 
        "consult date": "10/05/2018", 
        "flight duration": "0 days 7 hours 45 minutes", 
        "plane": "Boeing 737", 
        "departure date": "02/09/2018", 
        "stops": "1", 
        "plane code": "737", 
        "departure": ", Canc\u00fan", 
        "timings": [
            {
                "arrival_airport": "Ciudad de M\u00e9xico, Distrito Federal (MEX-A. Internacional de la Ciudad de M\u00e9xico)", 
                "arrival_time": "14:40", 
                "departure_airport": "Canc\u00fan, Quintana Roo (CUN-Aeropuerto Internacional de Canc\u00fan)", 
                "departure_time": "12:07"
            }, 
            {
                "arrival_airport": "Torre\u00f3n, Coahuila (TRC-A. Internacional Francisco Sarabia", 
                "arrival_time": "19:52", 
                "departure_airport": "Ciudad de M\u00e9xico, Distrito Federal (MEX-A. Internacional de la Ciudad de M\u00e9xico)", 
                "departure_time": "18:00"
            }
        ], 
        "ticket price": "5201.00", 
        "airline": "Aeromexico"
    }, 
    {
        "arrival": ", Torre\u00f3n", 
        "consult date": "10/05/2018", 
        "flight duration": "0 days 7 hours 14 minutes", 
        "plane": "Boeing 737-800", 
        "departure date": "02/09/2018", 
        "stops": "1", 
        "plane code": "738", 
        "departure": ", Canc\u00fan", 
        "timings": [
            {
                "arrival_airport": "Ciudad de M\u00e9xico, Distrito Federal (MEX-A. Internacional de la Ciudad de M\u00e9xico)", 
                "arrival_time": "13:55", 
                "departure_airport": "Canc\u00fan, Quintana Roo (CUN-Aeropuerto Internacional de Canc\u00fan)", 
                "departure_time": "11:22"
            }, 
            {
                "arrival_airport": "Torre\u00f3n, Coahuila (TRC-A. Internacional Francisco Sarabia", 
                "arrival_time": "18:36", 
                "departure_airport": "Ciudad de M\u00e9xico, Distrito Federal (MEX-A. Internacional de la Ciudad de M\u00e9xico)", 
                "departure_time": "16:55"
            }
        ], 
        "ticket price": "5201.00", 
        "airline": "Aeromexico"
    }, 
    {
        "arrival": ", Torre\u00f3n", 
        "consult date": "10/05/2018", 
        "flight duration": "0 days 5 hours 27 minutes", 
        "plane": "BOEING 737-800 SCIMITAR WINGLETS", 
        "departure date": "02/09/2018", 
        "stops": "1", 
        "plane code": "7S8", 
        "departure": ", Canc\u00fan", 
        "timings": [
            {
                "arrival_airport": "Ciudad de M\u00e9xico, Distrito Federal (MEX-A. Internacional de la Ciudad de M\u00e9xico)", 
                "arrival_time": "16:55", 
                "departure_airport": "Canc\u00fan, Quintana Roo (CUN-Aeropuerto Internacional de Canc\u00fan)", 
                "departure_time": "14:25"
            }, 
            {
                "arrival_airport": "Torre\u00f3n, Coahuila (TRC-A. Internacional Francisco Sarabia", 
                "arrival_time": "19:52", 
                "departure_airport": "Ciudad de M\u00e9xico, Distrito Federal (MEX-A. Internacional de la Ciudad de M\u00e9xico)", 
                "departure_time": "18:00"
            }
        ], 
        "ticket price": "5201.00", 
        "airline": "Aeromexico"
    }, 
    {
        "arrival": ", Torre\u00f3n", 
        "consult date": "10/05/2018", 
        "flight duration": "0 days 8 hours 20 minutes", 
        "plane": "BOEING 737-800 SCIMITAR WINGLETS", 
        "departure date": "02/09/2018", 
        "stops": "1", 
        "plane code": "7S8", 
        "departure": ", Canc\u00fan", 
        "timings": [
            {
                "arrival_airport": "Ciudad de M\u00e9xico, Distrito Federal (MEX-A. Internacional de la Ciudad de M\u00e9xico)", 
                "arrival_time": "17:40", 
                "departure_airport": "Canc\u00fan, Quintana Roo (CUN-Aeropuerto Internacional de Canc\u00fan)", 
                "departure_time": "15:11"
            }, 
            {
                "arrival_airport": "Torre\u00f3n, Coahuila (TRC-A. Internacional Francisco Sarabia", 
                "arrival_time": "23:31", 
                "departure_airport": "Ciudad de M\u00e9xico, Distrito Federal (MEX-A. Internacional de la Ciudad de M\u00e9xico)", 
                "departure_time": "21:35"
            }
        ], 
        "ticket price": "5665.00", 
        "airline": "Aeromexico"
    }, 
    {
        "arrival": ", Torre\u00f3n", 
        "consult date": "10/05/2018", 
        "flight duration": "0 days 7 hours 20 minutes", 
        "plane": "BOEING 737-800 SCIMITAR WINGLETS", 
        "departure date": "02/09/2018", 
        "stops": "1", 
        "plane code": "7S8", 
        "departure": ", Canc\u00fan", 
        "timings": [
            {
                "arrival_airport": "Ciudad de M\u00e9xico, Distrito Federal (MEX-A. Internacional de la Ciudad de M\u00e9xico)", 
                "arrival_time": "15:05", 
                "departure_airport": "Canc\u00fan, Quintana Roo (CUN-Aeropuerto Internacional de Canc\u00fan)", 
                "departure_time": "12:32"
            }, 
            {
                "arrival_airport": "Torre\u00f3n, Coahuila (TRC-A. Internacional Francisco Sarabia", 
                "arrival_time": "19:52", 
                "departure_airport": "Ciudad de M\u00e9xico, Distrito Federal (MEX-A. Internacional de la Ciudad de M\u00e9xico)", 
                "departure_time": "18:00"
            }
        ], 
        "ticket price": "5665.00", 
        "airline": "Aeromexico"
    }, 
    {
        "arrival": ", Torre\u00f3n", 
        "consult date": "10/05/2018", 
        "flight duration": "0 days 9 hours 6 minutes", 
        "plane": "BOEING 737-800 SCIMITAR WINGLETS", 
        "departure date": "02/09/2018", 
        "stops": "1", 
        "plane code": "7S8", 
        "departure": ", Canc\u00fan", 
        "timings": [
            {
                "arrival_airport": "Ciudad de M\u00e9xico, Distrito Federal (MEX-A. Internacional de la Ciudad de M\u00e9xico)", 
                "arrival_time": "16:55", 
                "departure_airport": "Canc\u00fan, Quintana Roo (CUN-Aeropuerto Internacional de Canc\u00fan)", 
                "departure_time": "14:25"
            }, 
            {
                "arrival_airport": "Torre\u00f3n, Coahuila (TRC-A. Internacional Francisco Sarabia", 
                "arrival_time": "23:31", 
                "departure_airport": "Ciudad de M\u00e9xico, Distrito Federal (MEX-A. Internacional de la Ciudad de M\u00e9xico)", 
                "departure_time": "21:35"
            }
        ], 
        "ticket price": "6129.00", 
        "airline": "Aeromexico"
    }, 
    {
        "arrival": ", Torre\u00f3n", 
        "consult date": "10/05/2018", 
        "flight duration": "0 days 6 hours 24 minutes", 
        "plane": "Boeing 737", 
        "departure date": "02/09/2018", 
        "stops": "1", 
        "plane code": "737", 
        "departure": ", Canc\u00fan", 
        "timings": [
            {
                "arrival_airport": "Ciudad de M\u00e9xico, Distrito Federal (MEX-A. Internacional de la Ciudad de M\u00e9xico)", 
                "arrival_time": "15:55", 
                "departure_airport": "Canc\u00fan, Quintana Roo (CUN-Aeropuerto Internacional de Canc\u00fan)", 
                "departure_time": "13:28"
            }, 
            {
                "arrival_airport": "Torre\u00f3n, Coahuila (TRC-A. Internacional Francisco Sarabia", 
                "arrival_time": "19:52", 
                "departure_airport": "Ciudad de M\u00e9xico, Distrito Federal (MEX-A. Internacional de la Ciudad de M\u00e9xico)", 
                "departure_time": "18:00"
            }
        ], 
        "ticket price": "6129.00", 
        "airline": "Aeromexico"
    }, 
    {
        "arrival": ", Torre\u00f3n", 
        "consult date": "10/05/2018", 
        "flight duration": "0 days 6 hours 29 minutes", 
        "plane": "Boeing 737", 
        "departure date": "02/09/2018", 
        "stops": "1", 
        "plane code": "737", 
        "departure": ", Canc\u00fan", 
        "timings": [
            {
                "arrival_airport": "Ciudad de M\u00e9xico, Distrito Federal (MEX-A. Internacional de la Ciudad de M\u00e9xico)", 
                "arrival_time": "14:40", 
                "departure_airport": "Canc\u00fan, Quintana Roo (CUN-Aeropuerto Internacional de Canc\u00fan)", 
                "departure_time": "12:07"
            }, 
            {
                "arrival_airport": "Torre\u00f3n, Coahuila (TRC-A. Internacional Francisco Sarabia", 
                "arrival_time": "18:36", 
                "departure_airport": "Ciudad de M\u00e9xico, Distrito Federal (MEX-A. Internacional de la Ciudad de M\u00e9xico)", 
                "departure_time": "16:55"
            }
        ], 
        "ticket price": "6129.00", 
        "airline": "Aeromexico"
    }, 
    {
        "arrival": ", Torre\u00f3n", 
        "consult date": "10/05/2018", 
        "flight duration": "0 days 5 hours 8 minutes", 
        "plane": "Boeing 737", 
        "departure date": "02/09/2018", 
        "stops": "1", 
        "plane code": "737", 
        "departure": ", Canc\u00fan", 
        "timings": [
            {
                "arrival_airport": "Ciudad de M\u00e9xico, Distrito Federal (MEX-A. Internacional de la Ciudad de M\u00e9xico)", 
                "arrival_time": "15:55", 
                "departure_airport": "Canc\u00fan, Quintana Roo (CUN-Aeropuerto Internacional de Canc\u00fan)", 
                "departure_time": "13:28"
            }, 
            {
                "arrival_airport": "Torre\u00f3n, Coahuila (TRC-A. Internacional Francisco Sarabia", 
                "arrival_time": "18:36", 
                "departure_airport": "Ciudad de M\u00e9xico, Distrito Federal (MEX-A. Internacional de la Ciudad de M\u00e9xico)", 
                "departure_time": "16:55"
            }
        ], 
        "ticket price": "6709.00", 
        "airline": "Aeromexico"
    }, 
    {
        "arrival": ", Torre\u00f3n", 
        "consult date": "10/05/2018", 
        "flight duration": "0 days 6 hours 47 minutes", 
        "plane": "Boeing 737", 
        "departure date": "02/09/2018", 
        "stops": "1", 
        "plane code": "737", 
        "departure": ", Canc\u00fan", 
        "timings": [
            {
                "arrival_airport": "Ciudad de M\u00e9xico, Distrito Federal (MEX-A. Internacional de la Ciudad de M\u00e9xico)", 
                "arrival_time": "19:15", 
                "departure_airport": "Canc\u00fan, Quintana Roo (CUN-Aeropuerto Internacional de Canc\u00fan)", 
                "departure_time": "16:44"
            }, 
            {
                "arrival_airport": "Torre\u00f3n, Coahuila (TRC-A. Internacional Francisco Sarabia", 
                "arrival_time": "23:31", 
                "departure_airport": "Ciudad de M\u00e9xico, Distrito Federal (MEX-A. Internacional de la Ciudad de M\u00e9xico)", 
                "departure_time": "21:35"
            }
        ], 
        "ticket price": "6709.00", 
        "airline": "Aeromexico"
    }, 
    {
        "arrival": ", Torre\u00f3n", 
        "consult date": "10/05/2018", 
        "flight duration": "0 days 6 hours 4 minutes", 
        "plane": "BOEING 737-800 SCIMITAR WINGLETS", 
        "departure date": "02/09/2018", 
        "stops": "1", 
        "plane code": "7S8", 
        "departure": ", Canc\u00fan", 
        "timings": [
            {
                "arrival_airport": "Ciudad de M\u00e9xico, Distrito Federal (MEX-A. Internacional de la Ciudad de M\u00e9xico)", 
                "arrival_time": "15:05", 
                "departure_airport": "Canc\u00fan, Quintana Roo (CUN-Aeropuerto Internacional de Canc\u00fan)", 
                "departure_time": "12:32"
            }, 
            {
                "arrival_airport": "Torre\u00f3n, Coahuila (TRC-A. Internacional Francisco Sarabia", 
                "arrival_time": "18:36", 
                "departure_airport": "Ciudad de M\u00e9xico, Distrito Federal (MEX-A. Internacional de la Ciudad de M\u00e9xico)", 
                "departure_time": "16:55"
            }
        ], 
        "ticket price": "6709.00", 
        "airline": "Aeromexico"
    }, 
    {
        "arrival": ", Torre\u00f3n", 
        "consult date": "10/05/2018", 
        "flight duration": "0 days 6 hours 16 minutes", 
        "plane": "BOEING 737-800 SCIMITAR WINGLETS", 
        "departure date": "02/09/2018", 
        "stops": "1", 
        "plane code": "7S8", 
        "departure": ", Canc\u00fan", 
        "timings": [
            {
                "arrival_airport": "Ciudad de M\u00e9xico, Distrito Federal (MEX-A. Internacional de la Ciudad de M\u00e9xico)", 
                "arrival_time": "19:50", 
                "departure_airport": "Canc\u00fan, Quintana Roo (CUN-Aeropuerto Internacional de Canc\u00fan)", 
                "departure_time": "17:15"
            }, 
            {
                "arrival_airport": "Torre\u00f3n, Coahuila (TRC-A. Internacional Francisco Sarabia", 
                "arrival_time": "23:31", 
                "departure_airport": "Ciudad de M\u00e9xico, Distrito Federal (MEX-A. Internacional de la Ciudad de M\u00e9xico)", 
                "departure_time": "21:35"
            }
        ], 
        "ticket price": "6709.00", 
        "airline": "Aeromexico"
    }
]