[
    {
        "arrival": ", Ciudad Obreg\u00f3n", 
        "consult date": "10/05/2018", 
        "flight duration": "0 days 8 hours 10 minutes", 
        "plane": "", 
        "departure date": "03/12/2018", 
        "stops": "1", 
        "plane code": "", 
        "departure": ", Canc\u00fan", 
        "timings": [
            {
                "arrival_airport": "Ciudad de M\u00e9xico, Distrito Federal (MEX-A. Internacional de la Ciudad de M\u00e9xico)", 
                "arrival_time": "04:55", 
                "departure_airport": "Canc\u00fan, Quintana Roo (CUN-Aeropuerto Internacional de Canc\u00fan)", 
                "departure_time": "02:20"
            }, 
            {
                "arrival_airport": "Ciudad Obreg\u00f3n, Sonora (CEN-A. Internacional de Ciudad Obreg\u00f3n)", 
                "arrival_time": "08:30", 
                "departure_airport": "Ciudad de M\u00e9xico, Distrito Federal (MEX-A. Internacional de la Ciudad de M\u00e9xico)", 
                "departure_time": "08:05"
            }
        ], 
        "ticket price": "1600.45", 
        "airline": "Interjet"
    }, 
    {
        "arrival": ", Ciudad Obreg\u00f3n", 
        "consult date": "10/05/2018", 
        "flight duration": "0 days 12 hours 50 minutes", 
        "plane": "", 
        "departure date": "03/12/2018", 
        "stops": "1", 
        "plane code": "", 
        "departure": ", Canc\u00fan", 
        "timings": [
            {
                "arrival_airport": "Guadalajara, Jalisco (GDL-Don Miguel Hidalgo y Costilla Intl.)", 
                "arrival_time": "12:35", 
                "departure_airport": "Canc\u00fan, Quintana Roo (CUN-Aeropuerto Internacional de Canc\u00fan)", 
                "departure_time": "09:42"
            }, 
            {
                "arrival_airport": "Ciudad Obreg\u00f3n, Sonora (CEN-A. Internacional de Ciudad Obreg\u00f3n)", 
                "arrival_time": "20:32", 
                "departure_airport": "Guadalajara, Jalisco (GDL-Don Miguel Hidalgo y Costilla Intl.)", 
                "departure_time": "20:28"
            }
        ], 
        "ticket price": "2286.00", 
        "airline": "Volaris"
    }, 
    {
        "arrival": ", Ciudad Obreg\u00f3n", 
        "consult date": "10/05/2018", 
        "flight duration": "0 days 11 hours 2 minutes", 
        "plane": "", 
        "departure date": "03/12/2018", 
        "stops": "1", 
        "plane code": "", 
        "departure": ", Canc\u00fan", 
        "timings": [
            {
                "arrival_airport": "Guadalajara, Jalisco (GDL-Don Miguel Hidalgo y Costilla Intl.)", 
                "arrival_time": "14:23", 
                "departure_airport": "Canc\u00fan, Quintana Roo (CUN-Aeropuerto Internacional de Canc\u00fan)", 
                "departure_time": "11:30"
            }, 
            {
                "arrival_airport": "Ciudad Obreg\u00f3n, Sonora (CEN-A. Internacional de Ciudad Obreg\u00f3n)", 
                "arrival_time": "20:32", 
                "departure_airport": "Guadalajara, Jalisco (GDL-Don Miguel Hidalgo y Costilla Intl.)", 
                "departure_time": "20:28"
            }
        ], 
        "ticket price": "2821.00", 
        "airline": "Volaris"
    }, 
    {
        "arrival": ", Ciudad Obreg\u00f3n", 
        "consult date": "10/05/2018", 
        "flight duration": "0 days 8 hours 11 minutes", 
        "plane": "Embraer 190", 
        "departure date": "03/12/2018", 
        "stops": "1", 
        "plane code": "E90", 
        "departure": ", Canc\u00fan", 
        "timings": [
            {
                "arrival_airport": "Ciudad de M\u00e9xico, Distrito Federal (MEX-A. Internacional de la Ciudad de M\u00e9xico)", 
                "arrival_time": "02:55", 
                "departure_airport": "Canc\u00fan, Quintana Roo (CUN-Aeropuerto Internacional de Canc\u00fan)", 
                "departure_time": "00:26"
            }, 
            {
                "arrival_airport": "Ciudad Obreg\u00f3n, Sonora (CEN-A. Internacional de Ciudad Obreg\u00f3n)", 
                "arrival_time": "06:37", 
                "departure_airport": "Ciudad de M\u00e9xico, Distrito Federal (MEX-A. Internacional de la Ciudad de M\u00e9xico)", 
                "departure_time": "06:05"
            }
        ], 
        "ticket price": "3119.00", 
        "airline": "Aeromexico"
    }, 
    {
        "arrival": ", Ciudad Obreg\u00f3n", 
        "consult date": "10/05/2018", 
        "flight duration": "0 days 7 hours 2 minutes", 
        "plane": "BOEING 737-800 SCIMITAR WINGLETS", 
        "departure date": "03/12/2018", 
        "stops": "1", 
        "plane code": "7S8", 
        "departure": ", Canc\u00fan", 
        "timings": [
            {
                "arrival_airport": "Ciudad de M\u00e9xico, Distrito Federal (MEX-A. Internacional de la Ciudad de M\u00e9xico)", 
                "arrival_time": "15:55", 
                "departure_airport": "Canc\u00fan, Quintana Roo (CUN-Aeropuerto Internacional de Canc\u00fan)", 
                "departure_time": "13:25"
            }, 
            {
                "arrival_airport": "Ciudad Obreg\u00f3n, Sonora (CEN-A. Internacional de Ciudad Obreg\u00f3n)", 
                "arrival_time": "18:27", 
                "departure_airport": "Ciudad de M\u00e9xico, Distrito Federal (MEX-A. Internacional de la Ciudad de M\u00e9xico)", 
                "departure_time": "17:55"
            }
        ], 
        "ticket price": "4437.00", 
        "airline": "Aeromexico"
    }, 
    {
        "arrival": ", Ciudad Obreg\u00f3n", 
        "consult date": "10/05/2018", 
        "flight duration": "0 days 9 hours 13 minutes", 
        "plane": "Boeing 737", 
        "departure date": "03/12/2018", 
        "stops": "1", 
        "plane code": "737", 
        "departure": ", Canc\u00fan", 
        "timings": [
            {
                "arrival_airport": "Ciudad de M\u00e9xico, Distrito Federal (MEX-A. Internacional de la Ciudad de M\u00e9xico)", 
                "arrival_time": "13:35", 
                "departure_airport": "Canc\u00fan, Quintana Roo (CUN-Aeropuerto Internacional de Canc\u00fan)", 
                "departure_time": "11:14"
            }, 
            {
                "arrival_airport": "Ciudad Obreg\u00f3n, Sonora (CEN-A. Internacional de Ciudad Obreg\u00f3n)", 
                "arrival_time": "18:27", 
                "departure_airport": "Ciudad de M\u00e9xico, Distrito Federal (MEX-A. Internacional de la Ciudad de M\u00e9xico)", 
                "departure_time": "17:55"
            }
        ], 
        "ticket price": "4437.00", 
        "airline": "Aeromexico"
    }, 
    {
        "arrival": ", Ciudad Obreg\u00f3n", 
        "consult date": "10/05/2018", 
        "flight duration": "0 days 8 hours 18 minutes", 
        "plane": "BOEING 737-800 SCIMITAR WINGLETS", 
        "departure date": "03/12/2018", 
        "stops": "1", 
        "plane code": "7S8", 
        "departure": ", Canc\u00fan", 
        "timings": [
            {
                "arrival_airport": "Ciudad de M\u00e9xico, Distrito Federal (MEX-A. Internacional de la Ciudad de M\u00e9xico)", 
                "arrival_time": "14:35", 
                "departure_airport": "Canc\u00fan, Quintana Roo (CUN-Aeropuerto Internacional de Canc\u00fan)", 
                "departure_time": "12:09"
            }, 
            {
                "arrival_airport": "Ciudad Obreg\u00f3n, Sonora (CEN-A. Internacional de Ciudad Obreg\u00f3n)", 
                "arrival_time": "18:27", 
                "departure_airport": "Ciudad de M\u00e9xico, Distrito Federal (MEX-A. Internacional de la Ciudad de M\u00e9xico)", 
                "departure_time": "17:55"
            }
        ], 
        "ticket price": "4437.00", 
        "airline": "Aeromexico"
    }, 
    {
        "arrival": ", Ciudad Obreg\u00f3n", 
        "consult date": "10/05/2018", 
        "flight duration": "0 days 5 hours 56 minutes", 
        "plane": "BOEING 737-800 SCIMITAR WINGLETS", 
        "departure date": "03/12/2018", 
        "stops": "1", 
        "plane code": "7S8", 
        "departure": ", Canc\u00fan", 
        "timings": [
            {
                "arrival_airport": "Ciudad de M\u00e9xico, Distrito Federal (MEX-A. Internacional de la Ciudad de M\u00e9xico)", 
                "arrival_time": "17:00", 
                "departure_airport": "Canc\u00fan, Quintana Roo (CUN-Aeropuerto Internacional de Canc\u00fan)", 
                "departure_time": "14:31"
            }, 
            {
                "arrival_airport": "Ciudad Obreg\u00f3n, Sonora (CEN-A. Internacional de Ciudad Obreg\u00f3n)", 
                "arrival_time": "18:27", 
                "departure_airport": "Ciudad de M\u00e9xico, Distrito Federal (MEX-A. Internacional de la Ciudad de M\u00e9xico)", 
                "departure_time": "17:55"
            }
        ], 
        "ticket price": "4437.00", 
        "airline": "Aeromexico"
    }, 
    {
        "arrival": ", Ciudad Obreg\u00f3n", 
        "consult date": "10/05/2018", 
        "flight duration": "0 days 7 hours 49 minutes", 
        "plane": "Boeing 737-800", 
        "departure date": "03/12/2018", 
        "stops": "1", 
        "plane code": "738", 
        "departure": ", Canc\u00fan", 
        "timings": [
            {
                "arrival_airport": "Ciudad de M\u00e9xico, Distrito Federal (MEX-A. Internacional de la Ciudad de M\u00e9xico)", 
                "arrival_time": "15:10", 
                "departure_airport": "Canc\u00fan, Quintana Roo (CUN-Aeropuerto Internacional de Canc\u00fan)", 
                "departure_time": "12:38"
            }, 
            {
                "arrival_airport": "Ciudad Obreg\u00f3n, Sonora (CEN-A. Internacional de Ciudad Obreg\u00f3n)", 
                "arrival_time": "18:27", 
                "departure_airport": "Ciudad de M\u00e9xico, Distrito Federal (MEX-A. Internacional de la Ciudad de M\u00e9xico)", 
                "departure_time": "17:55"
            }
        ], 
        "ticket price": "4669.00", 
        "airline": "Aeromexico"
    }
]