[
    {
        "arrival": ", Ixtapa", 
        "consult date": "10/05/2018", 
        "flight duration": "0 days 9 hours 0 minutes", 
        "plane": "", 
        "departure date": "19/11/2018", 
        "stops": "1", 
        "plane code": "", 
        "departure": ", Canc\u00fan", 
        "timings": [
            {
                "arrival_airport": "Ciudad de M\u00e9xico, Distrito Federal (MEX-A. Internacional de la Ciudad de M\u00e9xico)", 
                "arrival_time": "07:50", 
                "departure_airport": "Canc\u00fan, Quintana Roo (CUN-Aeropuerto Internacional de Canc\u00fan)", 
                "departure_time": "05:15"
            }, 
            {
                "arrival_airport": "Ixtapa, Guerrero (ZIH-A. Internacional de Ixtapa - Zihuatanejo)", 
                "arrival_time": "14:15", 
                "departure_airport": "Ciudad de M\u00e9xico, Distrito Federal (MEX-A. Internacional de la Ciudad de M\u00e9xico)", 
                "departure_time": "13:15"
            }
        ], 
        "ticket price": "2722.50", 
        "airline": "Interjet"
    }, 
    {
        "arrival": ", Ixtapa", 
        "consult date": "10/05/2018", 
        "flight duration": "0 days 11 hours 55 minutes", 
        "plane": "", 
        "departure date": "19/11/2018", 
        "stops": "1", 
        "plane code": "", 
        "departure": ", Canc\u00fan", 
        "timings": [
            {
                "arrival_airport": "Ciudad de M\u00e9xico, Distrito Federal (MEX-A. Internacional de la Ciudad de M\u00e9xico)", 
                "arrival_time": "04:55", 
                "departure_airport": "Canc\u00fan, Quintana Roo (CUN-Aeropuerto Internacional de Canc\u00fan)", 
                "departure_time": "02:20"
            }, 
            {
                "arrival_airport": "Ixtapa, Guerrero (ZIH-A. Internacional de Ixtapa - Zihuatanejo)", 
                "arrival_time": "14:15", 
                "departure_airport": "Ciudad de M\u00e9xico, Distrito Federal (MEX-A. Internacional de la Ciudad de M\u00e9xico)", 
                "departure_time": "13:15"
            }
        ], 
        "ticket price": "2722.50", 
        "airline": "Interjet"
    }, 
    {
        "arrival": ", Ixtapa", 
        "consult date": "10/05/2018", 
        "flight duration": "0 days 5 hours 35 minutes", 
        "plane": "", 
        "departure date": "19/11/2018", 
        "stops": "1", 
        "plane code": "", 
        "departure": ", Canc\u00fan", 
        "timings": [
            {
                "arrival_airport": "Ciudad de M\u00e9xico, Distrito Federal (MEX-A. Internacional de la Ciudad de M\u00e9xico)", 
                "arrival_time": "11:15", 
                "departure_airport": "Canc\u00fan, Quintana Roo (CUN-Aeropuerto Internacional de Canc\u00fan)", 
                "departure_time": "08:40"
            }, 
            {
                "arrival_airport": "Ixtapa, Guerrero (ZIH-A. Internacional de Ixtapa - Zihuatanejo)", 
                "arrival_time": "14:15", 
                "departure_airport": "Ciudad de M\u00e9xico, Distrito Federal (MEX-A. Internacional de la Ciudad de M\u00e9xico)", 
                "departure_time": "13:15"
            }
        ], 
        "ticket price": "2722.50", 
        "airline": "Interjet"
    }, 
    {
        "arrival": ", Ixtapa", 
        "consult date": "10/05/2018", 
        "flight duration": "0 days 6 hours 26 minutes", 
        "plane": "BOEING 737-800 SCIMITAR WINGLETS", 
        "departure date": "19/11/2018", 
        "stops": "1", 
        "plane code": "7S8", 
        "departure": ", Canc\u00fan", 
        "timings": [
            {
                "arrival_airport": "Ciudad de M\u00e9xico, Distrito Federal (MEX-A. Internacional de la Ciudad de M\u00e9xico)", 
                "arrival_time": "11:25", 
                "departure_airport": "Canc\u00fan, Quintana Roo (CUN-Aeropuerto Internacional de Canc\u00fan)", 
                "departure_time": "08:51"
            }, 
            {
                "arrival_airport": "Ixtapa, Guerrero (ZIH-A. Internacional de Ixtapa - Zihuatanejo)", 
                "arrival_time": "15:17", 
                "departure_airport": "Ciudad de M\u00e9xico, Distrito Federal (MEX-A. Internacional de la Ciudad de M\u00e9xico)", 
                "departure_time": "14:05"
            }
        ], 
        "ticket price": "3925.00", 
        "airline": "Aeromexico"
    }, 
    {
        "arrival": ", Ixtapa", 
        "consult date": "10/05/2018", 
        "flight duration": "0 days 5 hours 16 minutes", 
        "plane": "Boeing 737", 
        "departure date": "19/11/2018", 
        "stops": "1", 
        "plane code": "737", 
        "departure": ", Canc\u00fan", 
        "timings": [
            {
                "arrival_airport": "Ciudad de M\u00e9xico, Distrito Federal (MEX-A. Internacional de la Ciudad de M\u00e9xico)", 
                "arrival_time": "12:30", 
                "departure_airport": "Canc\u00fan, Quintana Roo (CUN-Aeropuerto Internacional de Canc\u00fan)", 
                "departure_time": "10:01"
            }, 
            {
                "arrival_airport": "Ixtapa, Guerrero (ZIH-A. Internacional de Ixtapa - Zihuatanejo)", 
                "arrival_time": "15:17", 
                "departure_airport": "Ciudad de M\u00e9xico, Distrito Federal (MEX-A. Internacional de la Ciudad de M\u00e9xico)", 
                "departure_time": "14:05"
            }
        ], 
        "ticket price": "4215.00", 
        "airline": "Aeromexico"
    }, 
    {
        "arrival": ", Ixtapa", 
        "consult date": "10/05/2018", 
        "flight duration": "0 days 6 hours 4 minutes", 
        "plane": "BOEING 737-800 SCIMITAR WINGLETS", 
        "departure date": "19/11/2018", 
        "stops": "1", 
        "plane code": "7S8", 
        "departure": ", Canc\u00fan", 
        "timings": [
            {
                "arrival_airport": "Ciudad de M\u00e9xico, Distrito Federal (MEX-A. Internacional de la Ciudad de M\u00e9xico)", 
                "arrival_time": "08:29", 
                "departure_airport": "Canc\u00fan, Quintana Roo (CUN-Aeropuerto Internacional de Canc\u00fan)", 
                "departure_time": "06:00"
            }, 
            {
                "arrival_airport": "Ixtapa, Guerrero (ZIH-A. Internacional de Ixtapa - Zihuatanejo)", 
                "arrival_time": "12:04", 
                "departure_airport": "Ciudad de M\u00e9xico, Distrito Federal (MEX-A. Internacional de la Ciudad de M\u00e9xico)", 
                "departure_time": "10:55"
            }
        ], 
        "ticket price": "5259.00", 
        "airline": "Aeromexico"
    }
]