[
    {
        "arrival": ", Acapulco", 
        "consult date": "10/05/2018", 
        "flight duration": "0 days 5 hours 57 minutes", 
        "plane": "BOEING 737-800 SCIMITAR WINGLETS", 
        "departure date": "16/09/2018", 
        "stops": "1", 
        "plane code": "7S8", 
        "departure": ", Canc\u00fan", 
        "timings": [
            {
                "arrival_airport": "Ciudad de M\u00e9xico, Distrito Federal (MEX-A. Internacional de la Ciudad de M\u00e9xico)", 
                "arrival_time": "14:50", 
                "departure_airport": "Canc\u00fan, Quintana Roo (CUN-Aeropuerto Internacional de Canc\u00fan)", 
                "departure_time": "12:17"
            }, 
            {
                "arrival_airport": "Acapulco, Guerrero (ACA-A. Internacional General Juan N. \u00c1lvarez)", 
                "arrival_time": "18:14", 
                "departure_airport": "Ciudad de M\u00e9xico, Distrito Federal (MEX-A. Internacional de la Ciudad de M\u00e9xico)", 
                "departure_time": "17:10"
            }
        ], 
        "ticket price": "2982.15", 
        "airline": "Aeromexico"
    }, 
    {
        "arrival": ", Acapulco", 
        "consult date": "10/05/2018", 
        "flight duration": "0 days 5 hours 43 minutes", 
        "plane": "BOEING 737-800 SCIMITAR WINGLETS", 
        "departure date": "16/09/2018", 
        "stops": "1", 
        "plane code": "7S8", 
        "departure": ", Canc\u00fan", 
        "timings": [
            {
                "arrival_airport": "Ciudad de M\u00e9xico, Distrito Federal (MEX-A. Internacional de la Ciudad de M\u00e9xico)", 
                "arrival_time": "15:05", 
                "departure_airport": "Canc\u00fan, Quintana Roo (CUN-Aeropuerto Internacional de Canc\u00fan)", 
                "departure_time": "12:31"
            }, 
            {
                "arrival_airport": "Acapulco, Guerrero (ACA-A. Internacional General Juan N. \u00c1lvarez)", 
                "arrival_time": "18:14", 
                "departure_airport": "Ciudad de M\u00e9xico, Distrito Federal (MEX-A. Internacional de la Ciudad de M\u00e9xico)", 
                "departure_time": "17:10"
            }
        ], 
        "ticket price": "2982.15", 
        "airline": "Aeromexico"
    }, 
    {
        "arrival": ", Acapulco", 
        "consult date": "10/05/2018", 
        "flight duration": "0 days 6 hours 53 minutes", 
        "plane": "Embraer 190", 
        "departure date": "16/09/2018", 
        "stops": "1", 
        "plane code": "E90", 
        "departure": ", Canc\u00fan", 
        "timings": [
            {
                "arrival_airport": "Ciudad de M\u00e9xico, Distrito Federal (MEX-A. Internacional de la Ciudad de M\u00e9xico)", 
                "arrival_time": "13:55", 
                "departure_airport": "Canc\u00fan, Quintana Roo (CUN-Aeropuerto Internacional de Canc\u00fan)", 
                "departure_time": "11:21"
            }, 
            {
                "arrival_airport": "Acapulco, Guerrero (ACA-A. Internacional General Juan N. \u00c1lvarez)", 
                "arrival_time": "18:14", 
                "departure_airport": "Ciudad de M\u00e9xico, Distrito Federal (MEX-A. Internacional de la Ciudad de M\u00e9xico)", 
                "departure_time": "17:10"
            }
        ], 
        "ticket price": "2982.15", 
        "airline": "Aeromexico"
    }, 
    {
        "arrival": ", Acapulco", 
        "consult date": "10/05/2018", 
        "flight duration": "0 days 5 hours 40 minutes", 
        "plane": "BOEING 737-800 SCIMITAR WINGLETS", 
        "departure date": "16/09/2018", 
        "stops": "1", 
        "plane code": "7S8", 
        "departure": ", Canc\u00fan", 
        "timings": [
            {
                "arrival_airport": "Ciudad de M\u00e9xico, Distrito Federal (MEX-A. Internacional de la Ciudad de M\u00e9xico)", 
                "arrival_time": "11:25", 
                "departure_airport": "Canc\u00fan, Quintana Roo (CUN-Aeropuerto Internacional de Canc\u00fan)", 
                "departure_time": "08:51"
            }, 
            {
                "arrival_airport": "Acapulco, Guerrero (ACA-A. Internacional General Juan N. \u00c1lvarez)", 
                "arrival_time": "14:31", 
                "departure_airport": "Ciudad de M\u00e9xico, Distrito Federal (MEX-A. Internacional de la Ciudad de M\u00e9xico)", 
                "departure_time": "13:25"
            }
        ], 
        "ticket price": "2982.15", 
        "airline": "Aeromexico"
    }, 
    {
        "arrival": ", Acapulco", 
        "consult date": "10/05/2018", 
        "flight duration": "0 days 8 hours 13 minutes", 
        "plane": "BOEING 737-800 SCIMITAR WINGLETS", 
        "departure date": "16/09/2018", 
        "stops": "1", 
        "plane code": "7S8", 
        "departure": ", Canc\u00fan", 
        "timings": [
            {
                "arrival_airport": "Ciudad de M\u00e9xico, Distrito Federal (MEX-A. Internacional de la Ciudad de M\u00e9xico)", 
                "arrival_time": "12:30", 
                "departure_airport": "Canc\u00fan, Quintana Roo (CUN-Aeropuerto Internacional de Canc\u00fan)", 
                "departure_time": "10:01"
            }, 
            {
                "arrival_airport": "Acapulco, Guerrero (ACA-A. Internacional General Juan N. \u00c1lvarez)", 
                "arrival_time": "18:14", 
                "departure_airport": "Ciudad de M\u00e9xico, Distrito Federal (MEX-A. Internacional de la Ciudad de M\u00e9xico)", 
                "departure_time": "17:10"
            }
        ], 
        "ticket price": "2982.15", 
        "airline": "Aeromexico"
    }, 
    {
        "arrival": ", Acapulco", 
        "consult date": "10/05/2018", 
        "flight duration": "0 days 4 hours 46 minutes", 
        "plane": "Boeing 737-800", 
        "departure date": "16/09/2018", 
        "stops": "1", 
        "plane code": "738", 
        "departure": ", Canc\u00fan", 
        "timings": [
            {
                "arrival_airport": "Ciudad de M\u00e9xico, Distrito Federal (MEX-A. Internacional de la Ciudad de M\u00e9xico)", 
                "arrival_time": "15:55", 
                "departure_airport": "Canc\u00fan, Quintana Roo (CUN-Aeropuerto Internacional de Canc\u00fan)", 
                "departure_time": "13:28"
            }, 
            {
                "arrival_airport": "Acapulco, Guerrero (ACA-A. Internacional General Juan N. \u00c1lvarez)", 
                "arrival_time": "18:14", 
                "departure_airport": "Ciudad de M\u00e9xico, Distrito Federal (MEX-A. Internacional de la Ciudad de M\u00e9xico)", 
                "departure_time": "17:10"
            }
        ], 
        "ticket price": "2982.15", 
        "airline": "Aeromexico"
    }, 
    {
        "arrival": ", Acapulco", 
        "consult date": "10/05/2018", 
        "flight duration": "0 days 5 hours 15 minutes", 
        "plane": "Boeing 737", 
        "departure date": "16/09/2018", 
        "stops": "1", 
        "plane code": "737", 
        "departure": ", Canc\u00fan", 
        "timings": [
            {
                "arrival_airport": "Ciudad de M\u00e9xico, Distrito Federal (MEX-A. Internacional de la Ciudad de M\u00e9xico)", 
                "arrival_time": "11:50", 
                "departure_airport": "Canc\u00fan, Quintana Roo (CUN-Aeropuerto Internacional de Canc\u00fan)", 
                "departure_time": "09:16"
            }, 
            {
                "arrival_airport": "Acapulco, Guerrero (ACA-A. Internacional General Juan N. \u00c1lvarez)", 
                "arrival_time": "14:31", 
                "departure_airport": "Ciudad de M\u00e9xico, Distrito Federal (MEX-A. Internacional de la Ciudad de M\u00e9xico)", 
                "departure_time": "13:25"
            }
        ], 
        "ticket price": "3337.65", 
        "airline": "Aeromexico"
    }, 
    {
        "arrival": ", Acapulco", 
        "consult date": "10/05/2018", 
        "flight duration": "0 days 4 hours 30 minutes", 
        "plane": "BOEING 737-800 SCIMITAR WINGLETS", 
        "departure date": "16/09/2018", 
        "stops": "1", 
        "plane code": "7S8", 
        "departure": ", Canc\u00fan", 
        "timings": [
            {
                "arrival_airport": "Ciudad de M\u00e9xico, Distrito Federal (MEX-A. Internacional de la Ciudad de M\u00e9xico)", 
                "arrival_time": "12:30", 
                "departure_airport": "Canc\u00fan, Quintana Roo (CUN-Aeropuerto Internacional de Canc\u00fan)", 
                "departure_time": "10:01"
            }, 
            {
                "arrival_airport": "Acapulco, Guerrero (ACA-A. Internacional General Juan N. \u00c1lvarez)", 
                "arrival_time": "14:31", 
                "departure_airport": "Ciudad de M\u00e9xico, Distrito Federal (MEX-A. Internacional de la Ciudad de M\u00e9xico)", 
                "departure_time": "13:25"
            }
        ], 
        "ticket price": "3337.65", 
        "airline": "Aeromexico"
    }, 
    {
        "arrival": ", Acapulco", 
        "consult date": "10/05/2018", 
        "flight duration": "0 days 8 hours 31 minutes", 
        "plane": "BOEING 737-800 SCIMITAR WINGLETS", 
        "departure date": "16/09/2018", 
        "stops": "1", 
        "plane code": "7S8", 
        "departure": ", Canc\u00fan", 
        "timings": [
            {
                "arrival_airport": "Ciudad de M\u00e9xico, Distrito Federal (MEX-A. Internacional de la Ciudad de M\u00e9xico)", 
                "arrival_time": "08:29", 
                "departure_airport": "Canc\u00fan, Quintana Roo (CUN-Aeropuerto Internacional de Canc\u00fan)", 
                "departure_time": "06:00"
            }, 
            {
                "arrival_airport": "Acapulco, Guerrero (ACA-A. Internacional General Juan N. \u00c1lvarez)", 
                "arrival_time": "14:31", 
                "departure_airport": "Ciudad de M\u00e9xico, Distrito Federal (MEX-A. Internacional de la Ciudad de M\u00e9xico)", 
                "departure_time": "13:25"
            }
        ], 
        "ticket price": "3693.15", 
        "airline": "Aeromexico"
    }, 
    {
        "arrival": ", Acapulco", 
        "consult date": "10/05/2018", 
        "flight duration": "0 days 11 hours 29 minutes", 
        "plane": "Airbus A320", 
        "departure date": "16/09/2018", 
        "stops": "2", 
        "plane code": "320", 
        "departure": ", Canc\u00fan", 
        "timings": [
            {
                "arrival_airport": "Atlanta, GA, Estados Unidos (ATL-A. Internacional de Hartsfield-Jackson de Atlanta)", 
                "arrival_time": "10:20", 
                "departure_airport": "Canc\u00fan, Quintana Roo (CUN-Aeropuerto Internacional de Canc\u00fan)", 
                "departure_time": "06:45"
            }, 
            {
                "arrival_airport": "Ciudad de M\u00e9xico, Distrito Federal (MEX-A. Internacional de la Ciudad de M\u00e9xico)", 
                "arrival_time": "14:45", 
                "departure_airport": "Atlanta, GA, Estados Unidos (ATL-A. Internacional de Hartsfield-Jackson de Atlanta)", 
                "departure_time": "12:13"
            }, 
            {
                "arrival_airport": "Acapulco, Guerrero (ACA-A. Internacional General Juan N. \u00c1lvarez)", 
                "arrival_time": "18:14", 
                "departure_airport": "Ciudad de M\u00e9xico, Distrito Federal (MEX-A. Internacional de la Ciudad de M\u00e9xico)", 
                "departure_time": "17:10"
            }
        ], 
        "ticket price": "39576.00", 
        "airline": "Aeromexico"
    }, 
    {
        "arrival": ", Acapulco", 
        "consult date": "10/05/2018", 
        "flight duration": "0 days 5 hours 54 minutes", 
        "plane": "BOEING 737-800 SCIMITAR WINGLETS", 
        "departure date": "16/09/2018", 
        "stops": "1", 
        "plane code": "7S8", 
        "departure": ", Canc\u00fan", 
        "timings": [
            {
                "arrival_airport": "Ciudad de M\u00e9xico, Distrito Federal (MEX-A. Internacional de la Ciudad de M\u00e9xico)", 
                "arrival_time": "08:29", 
                "departure_airport": "Canc\u00fan, Quintana Roo (CUN-Aeropuerto Internacional de Canc\u00fan)", 
                "departure_time": "06:00"
            }, 
            {
                "arrival_airport": "Acapulco, Guerrero (ACA-A. Internacional General Juan N. \u00c1lvarez)", 
                "arrival_time": "11:54", 
                "departure_airport": "Ciudad de M\u00e9xico, Distrito Federal (MEX-A. Internacional de la Ciudad de M\u00e9xico)", 
                "departure_time": "10:50"
            }
        ], 
        "ticket price": "4878.15", 
        "airline": "Aeromexico"
    }, 
    {
        "arrival": ", Acapulco", 
        "consult date": "10/05/2018", 
        "flight duration": "1 days 18 hours 21 minutes", 
        "plane": "Boeing 737-900", 
        "departure date": "16/09/2018", 
        "stops": "3", 
        "plane code": "739", 
        "departure": ", Canc\u00fan", 
        "timings": [
            {
                "arrival_airport": "Atlanta, GA, Estados Unidos (ATL-A. Internacional de Hartsfield-Jackson de Atlanta)", 
                "arrival_time": "17:27", 
                "departure_airport": "Canc\u00fan, Quintana Roo (CUN-Aeropuerto Internacional de Canc\u00fan)", 
                "departure_time": "13:45"
            }, 
            {
                "arrival_airport": "Miami, FL, Estados Unidos (MIA-A. Internacional de Miami)", 
                "arrival_time": "21:21", 
                "departure_airport": "Atlanta, GA, Estados Unidos (ATL-A. Internacional de Hartsfield-Jackson de Atlanta)", 
                "departure_time": "19:22"
            }, 
            {
                "arrival_airport": "Ciudad de M\u00e9xico, Distrito Federal (MEX-A. Internacional de la Ciudad de M\u00e9xico)", 
                "arrival_time": "04:05", 
                "departure_airport": "Miami, FL, Estados Unidos (MIA-A. Internacional de Miami)", 
                "departure_time": "01:30"
            }, 
            {
                "arrival_airport": "Acapulco, Guerrero (ACA-A. Internacional General Juan N. \u00c1lvarez)", 
                "arrival_time": "08:06", 
                "departure_airport": "Ciudad de M\u00e9xico, Distrito Federal (MEX-A. Internacional de la Ciudad de M\u00e9xico)", 
                "departure_time": "07:00"
            }
        ], 
        "ticket price": "7826.80", 
        "airline": "Aeromexico"
    }
]