[
    {
        "arrival": ", Villahermosa", 
        "consult date": "10/05/2018", 
        "flight duration": "0 days 12 hours 23 minutes", 
        "plane": "Boeing 737-800", 
        "departure date": "04/06/2018", 
        "stops": "2", 
        "plane code": "738", 
        "departure": ", Canc\u00fan", 
        "timings": [
            {
                "arrival_airport": "Houston, TX, Estados Unidos (IAH-A. Intercontinental George Bush)", 
                "arrival_time": "08:21", 
                "departure_airport": "Canc\u00fan, Quintana Roo (CUN-Aeropuerto Internacional de Canc\u00fan)", 
                "departure_time": "06:00"
            }, 
            {
                "arrival_airport": "Ciudad de M\u00e9xico, Distrito Federal (MEX-A. Internacional de la Ciudad de M\u00e9xico)", 
                "arrival_time": "15:05", 
                "departure_airport": "Houston, TX, Estados Unidos (IAH-A. Intercontinental George Bush)", 
                "departure_time": "12:45"
            }, 
            {
                "arrival_airport": "Villahermosa, Tabasco (VSA-A. Internacional Carlos Rovirosa P\u00e9rez)", 
                "arrival_time": "18:23", 
                "departure_airport": "Ciudad de M\u00e9xico, Distrito Federal (MEX-A. Internacional de la Ciudad de M\u00e9xico)", 
                "departure_time": "16:40"
            }
        ], 
        "ticket price": "17620.00", 
        "airline": ""
    }, 
    {
        "arrival": ", Villahermosa", 
        "consult date": "10/05/2018", 
        "flight duration": "0 days 22 hours 30 minutes", 
        "plane": "Airbus A321", 
        "departure date": "04/06/2018", 
        "stops": "2", 
        "plane code": "321", 
        "departure": ", Canc\u00fan", 
        "timings": [
            {
                "arrival_airport": "San Salvador, El Salvador (SAL-A. Internacional de El Salvador)", 
                "arrival_time": "13:25", 
                "departure_airport": "Canc\u00fan, Quintana Roo (CUN-Aeropuerto Internacional de Canc\u00fan)", 
                "departure_time": "12:48"
            }, 
            {
                "arrival_airport": "Ciudad de M\u00e9xico, Distrito Federal (MEX-A. Internacional de la Ciudad de M\u00e9xico)", 
                "arrival_time": "23:15", 
                "departure_airport": "San Salvador, El Salvador (SAL-A. Internacional de El Salvador)", 
                "departure_time": "19:50"
            }, 
            {
                "arrival_airport": "Villahermosa, Tabasco (VSA-A. Internacional Carlos Rovirosa P\u00e9rez)", 
                "arrival_time": "11:18", 
                "departure_airport": "Ciudad de M\u00e9xico, Distrito Federal (MEX-A. Internacional de la Ciudad de M\u00e9xico)", 
                "departure_time": "09:35"
            }
        ], 
        "ticket price": "19645.00", 
        "airline": "Avianca Costa Rica S.a."
    }, 
    {
        "arrival": ", Villahermosa", 
        "consult date": "10/05/2018", 
        "flight duration": "0 days 1 hours 30 minutes", 
        "plane": "", 
        "departure date": "04/06/2018", 
        "stops": 0, 
        "plane code": "", 
        "departure": ", Canc\u00fan", 
        "timings": [
            {
                "arrival_airport": "Villahermosa, Tabasco (VSA-A. Internacional Carlos Rovirosa P\u00e9rez)", 
                "arrival_time": "18:40", 
                "departure_airport": "Canc\u00fan, Quintana Roo (CUN-Aeropuerto Internacional de Canc\u00fan)", 
                "departure_time": "17:10"
            }
        ], 
        "ticket price": "1973.97", 
        "airline": "VivaAerobus"
    }, 
    {
        "arrival": ", Villahermosa", 
        "consult date": "10/05/2018", 
        "flight duration": "0 days 19 hours 55 minutes", 
        "plane": "Airbus A321", 
        "departure date": "04/06/2018", 
        "stops": "2", 
        "plane code": "321", 
        "departure": ", Canc\u00fan", 
        "timings": [
            {
                "arrival_airport": "San Salvador, El Salvador (SAL-A. Internacional de El Salvador)", 
                "arrival_time": "13:25", 
                "departure_airport": "Canc\u00fan, Quintana Roo (CUN-Aeropuerto Internacional de Canc\u00fan)", 
                "departure_time": "12:48"
            }, 
            {
                "arrival_airport": "Ciudad de M\u00e9xico, Distrito Federal (MEX-A. Internacional de la Ciudad de M\u00e9xico)", 
                "arrival_time": "23:15", 
                "departure_airport": "San Salvador, El Salvador (SAL-A. Internacional de El Salvador)", 
                "departure_time": "19:50"
            }, 
            {
                "arrival_airport": "Villahermosa, Tabasco (VSA-A. Internacional Carlos Rovirosa P\u00e9rez)", 
                "arrival_time": "08:43", 
                "departure_airport": "Ciudad de M\u00e9xico, Distrito Federal (MEX-A. Internacional de la Ciudad de M\u00e9xico)", 
                "departure_time": "07:00"
            }
        ], 
        "ticket price": "24166.00", 
        "airline": "Avianca Costa Rica S.a."
    }, 
    {
        "arrival": ", Villahermosa", 
        "consult date": "10/05/2018", 
        "flight duration": "0 days 3 hours 10 minutes", 
        "plane": "", 
        "departure date": "04/06/2018", 
        "stops": "1", 
        "plane code": "", 
        "departure": ", Canc\u00fan", 
        "timings": [
            {
                "arrival_airport": "M\u00e9rida, Yucat\u00e1n (MID-A. Internacional Manuel Crescencio Rej\u00f3n)", 
                "arrival_time": "08:40", 
                "departure_airport": "Canc\u00fan, Quintana Roo (CUN-Aeropuerto Internacional de Canc\u00fan)", 
                "departure_time": "07:40"
            }, 
            {
                "arrival_airport": "Villahermosa, Tabasco (VSA-A. Internacional Carlos Rovirosa P\u00e9rez)", 
                "arrival_time": "10:50", 
                "departure_airport": "M\u00e9rida, Yucat\u00e1n (MID-A. Internacional Manuel Crescencio Rej\u00f3n)", 
                "departure_time": "09:00"
            }
        ], 
        "ticket price": "2715.86", 
        "airline": "Mayair"
    }, 
    {
        "arrival": ", Villahermosa", 
        "consult date": "10/05/2018", 
        "flight duration": "0 days 13 hours 45 minutes", 
        "plane": "", 
        "departure date": "04/06/2018", 
        "stops": "1", 
        "plane code": "", 
        "departure": ", Canc\u00fan", 
        "timings": [
            {
                "arrival_airport": "Ciudad de M\u00e9xico, Distrito Federal (MEX-A. Internacional de la Ciudad de M\u00e9xico)", 
                "arrival_time": "23:50", 
                "departure_airport": "Canc\u00fan, Quintana Roo (CUN-Aeropuerto Internacional de Canc\u00fan)", 
                "departure_time": "21:15"
            }, 
            {
                "arrival_airport": "Villahermosa, Tabasco (VSA-A. Internacional Carlos Rovirosa P\u00e9rez)", 
                "arrival_time": "11:00", 
                "departure_airport": "Ciudad de M\u00e9xico, Distrito Federal (MEX-A. Internacional de la Ciudad de M\u00e9xico)", 
                "departure_time": "09:40"
            }
        ], 
        "ticket price": "2832.52", 
        "airline": "Interjet"
    }, 
    {
        "arrival": ", Villahermosa", 
        "consult date": "10/05/2018", 
        "flight duration": "0 days 12 hours 25 minutes", 
        "plane": "", 
        "departure date": "04/06/2018", 
        "stops": "1", 
        "plane code": "", 
        "departure": ", Canc\u00fan", 
        "timings": [
            {
                "arrival_airport": "Ciudad de M\u00e9xico, Distrito Federal (MEX-A. Internacional de la Ciudad de M\u00e9xico)", 
                "arrival_time": "01:10", 
                "departure_airport": "Canc\u00fan, Quintana Roo (CUN-Aeropuerto Internacional de Canc\u00fan)", 
                "departure_time": "22:35"
            }, 
            {
                "arrival_airport": "Villahermosa, Tabasco (VSA-A. Internacional Carlos Rovirosa P\u00e9rez)", 
                "arrival_time": "11:00", 
                "departure_airport": "Ciudad de M\u00e9xico, Distrito Federal (MEX-A. Internacional de la Ciudad de M\u00e9xico)", 
                "departure_time": "09:40"
            }
        ], 
        "ticket price": "2832.52", 
        "airline": "Interjet"
    }, 
    {
        "arrival": ", Villahermosa", 
        "consult date": "10/05/2018", 
        "flight duration": "0 days 8 hours 25 minutes", 
        "plane": "", 
        "departure date": "04/06/2018", 
        "stops": "1", 
        "plane code": "", 
        "departure": ", Canc\u00fan", 
        "timings": [
            {
                "arrival_airport": "Ciudad de M\u00e9xico, Distrito Federal (MEX-A. Internacional de la Ciudad de M\u00e9xico)", 
                "arrival_time": "07:50", 
                "departure_airport": "Canc\u00fan, Quintana Roo (CUN-Aeropuerto Internacional de Canc\u00fan)", 
                "departure_time": "05:15"
            }, 
            {
                "arrival_airport": "Villahermosa, Tabasco (VSA-A. Internacional Carlos Rovirosa P\u00e9rez)", 
                "arrival_time": "13:40", 
                "departure_airport": "Ciudad de M\u00e9xico, Distrito Federal (MEX-A. Internacional de la Ciudad de M\u00e9xico)", 
                "departure_time": "12:20"
            }
        ], 
        "ticket price": "2848.12", 
        "airline": "Interjet"
    }, 
    {
        "arrival": ", Villahermosa", 
        "consult date": "10/05/2018", 
        "flight duration": "0 days 15 hours 5 minutes", 
        "plane": "", 
        "departure date": "04/06/2018", 
        "stops": "1", 
        "plane code": "", 
        "departure": ", Canc\u00fan", 
        "timings": [
            {
                "arrival_airport": "Ciudad de M\u00e9xico, Distrito Federal (MEX-A. Internacional de la Ciudad de M\u00e9xico)", 
                "arrival_time": "01:10", 
                "departure_airport": "Canc\u00fan, Quintana Roo (CUN-Aeropuerto Internacional de Canc\u00fan)", 
                "departure_time": "22:35"
            }, 
            {
                "arrival_airport": "Villahermosa, Tabasco (VSA-A. Internacional Carlos Rovirosa P\u00e9rez)", 
                "arrival_time": "13:40", 
                "departure_airport": "Ciudad de M\u00e9xico, Distrito Federal (MEX-A. Internacional de la Ciudad de M\u00e9xico)", 
                "departure_time": "12:20"
            }
        ], 
        "ticket price": "2886.28", 
        "airline": "Interjet"
    }, 
    {
        "arrival": ", Villahermosa", 
        "consult date": "10/05/2018", 
        "flight duration": "0 days 14 hours 30 minutes", 
        "plane": "", 
        "departure date": "04/06/2018", 
        "stops": "1", 
        "plane code": "", 
        "departure": ", Canc\u00fan", 
        "timings": [
            {
                "arrival_airport": "Ciudad de M\u00e9xico, Distrito Federal (MEX-A. Internacional de la Ciudad de M\u00e9xico)", 
                "arrival_time": "11:15", 
                "departure_airport": "Canc\u00fan, Quintana Roo (CUN-Aeropuerto Internacional de Canc\u00fan)", 
                "departure_time": "08:40"
            }, 
            {
                "arrival_airport": "Villahermosa, Tabasco (VSA-A. Internacional Carlos Rovirosa P\u00e9rez)", 
                "arrival_time": "23:10", 
                "departure_airport": "Ciudad de M\u00e9xico, Distrito Federal (MEX-A. Internacional de la Ciudad de M\u00e9xico)", 
                "departure_time": "21:45"
            }
        ], 
        "ticket price": "2929.70", 
        "airline": "Interjet"
    }, 
    {
        "arrival": ", Villahermosa", 
        "consult date": "10/05/2018", 
        "flight duration": "0 days 14 hours 15 minutes", 
        "plane": "", 
        "departure date": "04/06/2018", 
        "stops": "1", 
        "plane code": "", 
        "departure": ", Canc\u00fan", 
        "timings": [
            {
                "arrival_airport": "Ciudad de M\u00e9xico, Distrito Federal (MEX-A. Internacional de la Ciudad de M\u00e9xico)", 
                "arrival_time": "23:20", 
                "departure_airport": "Canc\u00fan, Quintana Roo (CUN-Aeropuerto Internacional de Canc\u00fan)", 
                "departure_time": "20:45"
            }, 
            {
                "arrival_airport": "Villahermosa, Tabasco (VSA-A. Internacional Carlos Rovirosa P\u00e9rez)", 
                "arrival_time": "11:00", 
                "departure_airport": "Ciudad de M\u00e9xico, Distrito Federal (MEX-A. Internacional de la Ciudad de M\u00e9xico)", 
                "departure_time": "09:40"
            }
        ], 
        "ticket price": "3132.18", 
        "airline": "Interjet"
    }, 
    {
        "arrival": ", Villahermosa", 
        "consult date": "10/05/2018", 
        "flight duration": "0 days 11 hours 20 minutes", 
        "plane": "", 
        "departure date": "04/06/2018", 
        "stops": "1", 
        "plane code": "", 
        "departure": ", Canc\u00fan", 
        "timings": [
            {
                "arrival_airport": "Ciudad de M\u00e9xico, Distrito Federal (MEX-A. Internacional de la Ciudad de M\u00e9xico)", 
                "arrival_time": "04:55", 
                "departure_airport": "Canc\u00fan, Quintana Roo (CUN-Aeropuerto Internacional de Canc\u00fan)", 
                "departure_time": "02:20"
            }, 
            {
                "arrival_airport": "Villahermosa, Tabasco (VSA-A. Internacional Carlos Rovirosa P\u00e9rez)", 
                "arrival_time": "13:40", 
                "departure_airport": "Ciudad de M\u00e9xico, Distrito Federal (MEX-A. Internacional de la Ciudad de M\u00e9xico)", 
                "departure_time": "12:20"
            }
        ], 
        "ticket price": "3147.78", 
        "airline": "Interjet"
    }, 
    {
        "arrival": ", Villahermosa", 
        "consult date": "10/05/2018", 
        "flight duration": "0 days 12 hours 30 minutes", 
        "plane": "", 
        "departure date": "04/06/2018", 
        "stops": "1", 
        "plane code": "", 
        "departure": ", Canc\u00fan", 
        "timings": [
            {
                "arrival_airport": "Ciudad de M\u00e9xico, Distrito Federal (MEX-A. Internacional de la Ciudad de M\u00e9xico)", 
                "arrival_time": "13:10", 
                "departure_airport": "Canc\u00fan, Quintana Roo (CUN-Aeropuerto Internacional de Canc\u00fan)", 
                "departure_time": "10:40"
            }, 
            {
                "arrival_airport": "Villahermosa, Tabasco (VSA-A. Internacional Carlos Rovirosa P\u00e9rez)", 
                "arrival_time": "23:10", 
                "departure_airport": "Ciudad de M\u00e9xico, Distrito Federal (MEX-A. Internacional de la Ciudad de M\u00e9xico)", 
                "departure_time": "21:45"
            }
        ], 
        "ticket price": "3229.36", 
        "airline": "Interjet"
    }, 
    {
        "arrival": ", Villahermosa", 
        "consult date": "10/05/2018", 
        "flight duration": "0 days 11 hours 10 minutes", 
        "plane": "", 
        "departure date": "04/06/2018", 
        "stops": "1", 
        "plane code": "", 
        "departure": ", Canc\u00fan", 
        "timings": [
            {
                "arrival_airport": "Ciudad de M\u00e9xico, Distrito Federal (MEX-A. Internacional de la Ciudad de M\u00e9xico)", 
                "arrival_time": "14:30", 
                "departure_airport": "Canc\u00fan, Quintana Roo (CUN-Aeropuerto Internacional de Canc\u00fan)", 
                "departure_time": "12:00"
            }, 
            {
                "arrival_airport": "Villahermosa, Tabasco (VSA-A. Internacional Carlos Rovirosa P\u00e9rez)", 
                "arrival_time": "23:10", 
                "departure_airport": "Ciudad de M\u00e9xico, Distrito Federal (MEX-A. Internacional de la Ciudad de M\u00e9xico)", 
                "departure_time": "21:45"
            }
        ], 
        "ticket price": "3229.36", 
        "airline": "Interjet"
    }, 
    {
        "arrival": ", Villahermosa", 
        "consult date": "10/05/2018", 
        "flight duration": "0 days 5 hours 40 minutes", 
        "plane": "", 
        "departure date": "04/06/2018", 
        "stops": "1", 
        "plane code": "", 
        "departure": ", Canc\u00fan", 
        "timings": [
            {
                "arrival_airport": "Ciudad de M\u00e9xico, Distrito Federal (MEX-A. Internacional de la Ciudad de M\u00e9xico)", 
                "arrival_time": "04:55", 
                "departure_airport": "Canc\u00fan, Quintana Roo (CUN-Aeropuerto Internacional de Canc\u00fan)", 
                "departure_time": "02:20"
            }, 
            {
                "arrival_airport": "Villahermosa, Tabasco (VSA-A. Internacional Carlos Rovirosa P\u00e9rez)", 
                "arrival_time": "08:00", 
                "departure_airport": "Ciudad de M\u00e9xico, Distrito Federal (MEX-A. Internacional de la Ciudad de M\u00e9xico)", 
                "departure_time": "06:35"
            }
        ], 
        "ticket price": "3557.09", 
        "airline": "Interjet"
    }, 
    {
        "arrival": ", Villahermosa", 
        "consult date": "10/05/2018", 
        "flight duration": "0 days 15 hours 10 minutes", 
        "plane": "", 
        "departure date": "04/06/2018", 
        "stops": "1", 
        "plane code": "", 
        "departure": ", Canc\u00fan", 
        "timings": [
            {
                "arrival_airport": "Ciudad de M\u00e9xico, Distrito Federal (MEX-A. Internacional de la Ciudad de M\u00e9xico)", 
                "arrival_time": "22:25", 
                "departure_airport": "Canc\u00fan, Quintana Roo (CUN-Aeropuerto Internacional de Canc\u00fan)", 
                "departure_time": "19:50"
            }, 
            {
                "arrival_airport": "Villahermosa, Tabasco (VSA-A. Internacional Carlos Rovirosa P\u00e9rez)", 
                "arrival_time": "11:00", 
                "departure_airport": "Ciudad de M\u00e9xico, Distrito Federal (MEX-A. Internacional de la Ciudad de M\u00e9xico)", 
                "departure_time": "09:40"
            }
        ], 
        "ticket price": "3596.18", 
        "airline": "Interjet"
    }, 
    {
        "arrival": ", Villahermosa", 
        "consult date": "10/05/2018", 
        "flight duration": "0 days 9 hours 55 minutes", 
        "plane": "", 
        "departure date": "04/06/2018", 
        "stops": "1", 
        "plane code": "", 
        "departure": ", Canc\u00fan", 
        "timings": [
            {
                "arrival_airport": "Ciudad de M\u00e9xico, Distrito Federal (MEX-A. Internacional de la Ciudad de M\u00e9xico)", 
                "arrival_time": "06:20", 
                "departure_airport": "Canc\u00fan, Quintana Roo (CUN-Aeropuerto Internacional de Canc\u00fan)", 
                "departure_time": "03:45"
            }, 
            {
                "arrival_airport": "Villahermosa, Tabasco (VSA-A. Internacional Carlos Rovirosa P\u00e9rez)", 
                "arrival_time": "13:40", 
                "departure_airport": "Ciudad de M\u00e9xico, Distrito Federal (MEX-A. Internacional de la Ciudad de M\u00e9xico)", 
                "departure_time": "12:20"
            }
        ], 
        "ticket price": "3611.78", 
        "airline": "Interjet"
    }, 
    {
        "arrival": ", Villahermosa", 
        "consult date": "10/05/2018", 
        "flight duration": "0 days 7 hours 55 minutes", 
        "plane": "", 
        "departure date": "04/06/2018", 
        "stops": "1", 
        "plane code": "", 
        "departure": ", Canc\u00fan", 
        "timings": [
            {
                "arrival_airport": "Ciudad de M\u00e9xico, Distrito Federal (MEX-A. Internacional de la Ciudad de M\u00e9xico)", 
                "arrival_time": "17:55", 
                "departure_airport": "Canc\u00fan, Quintana Roo (CUN-Aeropuerto Internacional de Canc\u00fan)", 
                "departure_time": "15:15"
            }, 
            {
                "arrival_airport": "Villahermosa, Tabasco (VSA-A. Internacional Carlos Rovirosa P\u00e9rez)", 
                "arrival_time": "23:10", 
                "departure_airport": "Ciudad de M\u00e9xico, Distrito Federal (MEX-A. Internacional de la Ciudad de M\u00e9xico)", 
                "departure_time": "21:45"
            }
        ], 
        "ticket price": "3693.36", 
        "airline": "Interjet"
    }, 
    {
        "arrival": ", Villahermosa", 
        "consult date": "10/05/2018", 
        "flight duration": "0 days 7 hours 0 minutes", 
        "plane": "", 
        "departure date": "04/06/2018", 
        "stops": "1", 
        "plane code": "", 
        "departure": ", Canc\u00fan", 
        "timings": [
            {
                "arrival_airport": "Ciudad de M\u00e9xico, Distrito Federal (MEX-A. Internacional de la Ciudad de M\u00e9xico)", 
                "arrival_time": "18:45", 
                "departure_airport": "Canc\u00fan, Quintana Roo (CUN-Aeropuerto Internacional de Canc\u00fan)", 
                "departure_time": "16:10"
            }, 
            {
                "arrival_airport": "Villahermosa, Tabasco (VSA-A. Internacional Carlos Rovirosa P\u00e9rez)", 
                "arrival_time": "23:10", 
                "departure_airport": "Ciudad de M\u00e9xico, Distrito Federal (MEX-A. Internacional de la Ciudad de M\u00e9xico)", 
                "departure_time": "21:45"
            }
        ], 
        "ticket price": "3693.36", 
        "airline": "Interjet"
    }, 
    {
        "arrival": ", Villahermosa", 
        "consult date": "10/05/2018", 
        "flight duration": "0 days 10 hours 10 minutes", 
        "plane": "", 
        "departure date": "04/06/2018", 
        "stops": "1", 
        "plane code": "", 
        "departure": ", Canc\u00fan", 
        "timings": [
            {
                "arrival_airport": "Ciudad de M\u00e9xico, Distrito Federal (MEX-A. Internacional de la Ciudad de M\u00e9xico)", 
                "arrival_time": "15:30", 
                "departure_airport": "Canc\u00fan, Quintana Roo (CUN-Aeropuerto Internacional de Canc\u00fan)", 
                "departure_time": "13:00"
            }, 
            {
                "arrival_airport": "Villahermosa, Tabasco (VSA-A. Internacional Carlos Rovirosa P\u00e9rez)", 
                "arrival_time": "23:10", 
                "departure_airport": "Ciudad de M\u00e9xico, Distrito Federal (MEX-A. Internacional de la Ciudad de M\u00e9xico)", 
                "departure_time": "21:45"
            }
        ], 
        "ticket price": "3693.36", 
        "airline": "Interjet"
    }, 
    {
        "arrival": ", Villahermosa", 
        "consult date": "10/05/2018", 
        "flight duration": "0 days 6 hours 36 minutes", 
        "plane": "BOEING 737-800 SCIMITAR WINGLETS", 
        "departure date": "04/06/2018", 
        "stops": "1", 
        "plane code": "7S8", 
        "departure": ", Canc\u00fan", 
        "timings": [
            {
                "arrival_airport": "Ciudad de M\u00e9xico, Distrito Federal (MEX-A. Internacional de la Ciudad de M\u00e9xico)", 
                "arrival_time": "11:25", 
                "departure_airport": "Canc\u00fan, Quintana Roo (CUN-Aeropuerto Internacional de Canc\u00fan)", 
                "departure_time": "08:51"
            }, 
            {
                "arrival_airport": "Villahermosa, Tabasco (VSA-A. Internacional Carlos Rovirosa P\u00e9rez)", 
                "arrival_time": "15:27", 
                "departure_airport": "Ciudad de M\u00e9xico, Distrito Federal (MEX-A. Internacional de la Ciudad de M\u00e9xico)", 
                "departure_time": "13:45"
            }
        ], 
        "ticket price": "3791.00", 
        "airline": "Aeromexico"
    }, 
    {
        "arrival": ", Villahermosa", 
        "consult date": "10/05/2018", 
        "flight duration": "0 days 6 hours 5 minutes", 
        "plane": "", 
        "departure date": "04/06/2018", 
        "stops": "1", 
        "plane code": "", 
        "departure": ", Canc\u00fan", 
        "timings": [
            {
                "arrival_airport": "Ciudad de M\u00e9xico, Distrito Federal (MEX-A. Internacional de la Ciudad de M\u00e9xico)", 
                "arrival_time": "19:40", 
                "departure_airport": "Canc\u00fan, Quintana Roo (CUN-Aeropuerto Internacional de Canc\u00fan)", 
                "departure_time": "17:05"
            }, 
            {
                "arrival_airport": "Villahermosa, Tabasco (VSA-A. Internacional Carlos Rovirosa P\u00e9rez)", 
                "arrival_time": "23:10", 
                "departure_airport": "Ciudad de M\u00e9xico, Distrito Federal (MEX-A. Internacional de la Ciudad de M\u00e9xico)", 
                "departure_time": "21:45"
            }
        ], 
        "ticket price": "4135.49", 
        "airline": "Interjet"
    }, 
    {
        "arrival": ", Villahermosa", 
        "consult date": "10/05/2018", 
        "flight duration": "0 days 5 hours 18 minutes", 
        "plane": "BOEING 737-800 SCIMITAR WINGLETS", 
        "departure date": "04/06/2018", 
        "stops": "1", 
        "plane code": "7S8", 
        "departure": ", Canc\u00fan", 
        "timings": [
            {
                "arrival_airport": "Ciudad de M\u00e9xico, Distrito Federal (MEX-A. Internacional de la Ciudad de M\u00e9xico)", 
                "arrival_time": "08:29", 
                "departure_airport": "Canc\u00fan, Quintana Roo (CUN-Aeropuerto Internacional de Canc\u00fan)", 
                "departure_time": "06:00"
            }, 
            {
                "arrival_airport": "Villahermosa, Tabasco (VSA-A. Internacional Carlos Rovirosa P\u00e9rez)", 
                "arrival_time": "11:18", 
                "departure_airport": "Ciudad de M\u00e9xico, Distrito Federal (MEX-A. Internacional de la Ciudad de M\u00e9xico)", 
                "departure_time": "09:35"
            }
        ], 
        "ticket price": "4429.00", 
        "airline": "Aeromexico"
    }, 
    {
        "arrival": ", Villahermosa", 
        "consult date": "10/05/2018", 
        "flight duration": "0 days 6 hours 6 minutes", 
        "plane": "BOEING 737-800 SCIMITAR WINGLETS", 
        "departure date": "04/06/2018", 
        "stops": "1", 
        "plane code": "7S8", 
        "departure": ", Canc\u00fan", 
        "timings": [
            {
                "arrival_airport": "Ciudad de M\u00e9xico, Distrito Federal (MEX-A. Internacional de la Ciudad de M\u00e9xico)", 
                "arrival_time": "14:50", 
                "departure_airport": "Canc\u00fan, Quintana Roo (CUN-Aeropuerto Internacional de Canc\u00fan)", 
                "departure_time": "12:17"
            }, 
            {
                "arrival_airport": "Villahermosa, Tabasco (VSA-A. Internacional Carlos Rovirosa P\u00e9rez)", 
                "arrival_time": "18:23", 
                "departure_airport": "Ciudad de M\u00e9xico, Distrito Federal (MEX-A. Internacional de la Ciudad de M\u00e9xico)", 
                "departure_time": "16:40"
            }
        ], 
        "ticket price": "4429.00", 
        "airline": "Aeromexico"
    }, 
    {
        "arrival": ", Villahermosa", 
        "consult date": "10/05/2018", 
        "flight duration": "0 days 8 hours 47 minutes", 
        "plane": "BOEING 737-800 SCIMITAR WINGLETS", 
        "departure date": "04/06/2018", 
        "stops": "1", 
        "plane code": "7S8", 
        "departure": ", Canc\u00fan", 
        "timings": [
            {
                "arrival_airport": "Ciudad de M\u00e9xico, Distrito Federal (MEX-A. Internacional de la Ciudad de M\u00e9xico)", 
                "arrival_time": "17:00", 
                "departure_airport": "Canc\u00fan, Quintana Roo (CUN-Aeropuerto Internacional de Canc\u00fan)", 
                "departure_time": "14:30"
            }, 
            {
                "arrival_airport": "Villahermosa, Tabasco (VSA-A. Internacional Carlos Rovirosa P\u00e9rez)", 
                "arrival_time": "23:17", 
                "departure_airport": "Ciudad de M\u00e9xico, Distrito Federal (MEX-A. Internacional de la Ciudad de M\u00e9xico)", 
                "departure_time": "21:40"
            }
        ], 
        "ticket price": "4429.00", 
        "airline": "Aeromexico"
    }, 
    {
        "arrival": ", Villahermosa", 
        "consult date": "10/05/2018", 
        "flight duration": "0 days 6 hours 48 minutes", 
        "plane": "Boeing 737", 
        "departure date": "04/06/2018", 
        "stops": "1", 
        "plane code": "737", 
        "departure": ", Canc\u00fan", 
        "timings": [
            {
                "arrival_airport": "Ciudad de M\u00e9xico, Distrito Federal (MEX-A. Internacional de la Ciudad de M\u00e9xico)", 
                "arrival_time": "19:00", 
                "departure_airport": "Canc\u00fan, Quintana Roo (CUN-Aeropuerto Internacional de Canc\u00fan)", 
                "departure_time": "16:29"
            }, 
            {
                "arrival_airport": "Villahermosa, Tabasco (VSA-A. Internacional Carlos Rovirosa P\u00e9rez)", 
                "arrival_time": "23:17", 
                "departure_airport": "Ciudad de M\u00e9xico, Distrito Federal (MEX-A. Internacional de la Ciudad de M\u00e9xico)", 
                "departure_time": "21:40"
            }
        ], 
        "ticket price": "4429.00", 
        "airline": "Aeromexico"
    }, 
    {
        "arrival": ", Villahermosa", 
        "consult date": "10/05/2018", 
        "flight duration": "0 days 5 hours 26 minutes", 
        "plane": "Boeing 737", 
        "departure date": "04/06/2018", 
        "stops": "1", 
        "plane code": "737", 
        "departure": ", Canc\u00fan", 
        "timings": [
            {
                "arrival_airport": "Ciudad de M\u00e9xico, Distrito Federal (MEX-A. Internacional de la Ciudad de M\u00e9xico)", 
                "arrival_time": "12:30", 
                "departure_airport": "Canc\u00fan, Quintana Roo (CUN-Aeropuerto Internacional de Canc\u00fan)", 
                "departure_time": "10:01"
            }, 
            {
                "arrival_airport": "Villahermosa, Tabasco (VSA-A. Internacional Carlos Rovirosa P\u00e9rez)", 
                "arrival_time": "15:27", 
                "departure_airport": "Ciudad de M\u00e9xico, Distrito Federal (MEX-A. Internacional de la Ciudad de M\u00e9xico)", 
                "departure_time": "13:45"
            }
        ], 
        "ticket price": "4429.00", 
        "airline": "Aeromexico"
    }, 
    {
        "arrival": ", Villahermosa", 
        "consult date": "10/05/2018", 
        "flight duration": "0 days 6 hours 2 minutes", 
        "plane": "Boeing 737", 
        "departure date": "04/06/2018", 
        "stops": "1", 
        "plane code": "737", 
        "departure": ", Canc\u00fan", 
        "timings": [
            {
                "arrival_airport": "Ciudad de M\u00e9xico, Distrito Federal (MEX-A. Internacional de la Ciudad de M\u00e9xico)", 
                "arrival_time": "19:50", 
                "departure_airport": "Canc\u00fan, Quintana Roo (CUN-Aeropuerto Internacional de Canc\u00fan)", 
                "departure_time": "17:15"
            }, 
            {
                "arrival_airport": "Villahermosa, Tabasco (VSA-A. Internacional Carlos Rovirosa P\u00e9rez)", 
                "arrival_time": "23:17", 
                "departure_airport": "Ciudad de M\u00e9xico, Distrito Federal (MEX-A. Internacional de la Ciudad de M\u00e9xico)", 
                "departure_time": "21:40"
            }
        ], 
        "ticket price": "4429.00", 
        "airline": "Aeromexico"
    }, 
    {
        "arrival": ", Villahermosa", 
        "consult date": "10/05/2018", 
        "flight duration": "0 days 5 hours 52 minutes", 
        "plane": "BOEING 737-800 SCIMITAR WINGLETS", 
        "departure date": "04/06/2018", 
        "stops": "1", 
        "plane code": "7S8", 
        "departure": ", Canc\u00fan", 
        "timings": [
            {
                "arrival_airport": "Ciudad de M\u00e9xico, Distrito Federal (MEX-A. Internacional de la Ciudad de M\u00e9xico)", 
                "arrival_time": "15:05", 
                "departure_airport": "Canc\u00fan, Quintana Roo (CUN-Aeropuerto Internacional de Canc\u00fan)", 
                "departure_time": "12:31"
            }, 
            {
                "arrival_airport": "Villahermosa, Tabasco (VSA-A. Internacional Carlos Rovirosa P\u00e9rez)", 
                "arrival_time": "18:23", 
                "departure_airport": "Ciudad de M\u00e9xico, Distrito Federal (MEX-A. Internacional de la Ciudad de M\u00e9xico)", 
                "departure_time": "16:40"
            }
        ], 
        "ticket price": "4429.00", 
        "airline": "Aeromexico"
    }, 
    {
        "arrival": ", Villahermosa", 
        "consult date": "10/05/2018", 
        "flight duration": "0 days 4 hours 55 minutes", 
        "plane": "Boeing 737", 
        "departure date": "04/06/2018", 
        "stops": "1", 
        "plane code": "737", 
        "departure": ", Canc\u00fan", 
        "timings": [
            {
                "arrival_airport": "Ciudad de M\u00e9xico, Distrito Federal (MEX-A. Internacional de la Ciudad de M\u00e9xico)", 
                "arrival_time": "15:55", 
                "departure_airport": "Canc\u00fan, Quintana Roo (CUN-Aeropuerto Internacional de Canc\u00fan)", 
                "departure_time": "13:28"
            }, 
            {
                "arrival_airport": "Villahermosa, Tabasco (VSA-A. Internacional Carlos Rovirosa P\u00e9rez)", 
                "arrival_time": "18:23", 
                "departure_airport": "Ciudad de M\u00e9xico, Distrito Federal (MEX-A. Internacional de la Ciudad de M\u00e9xico)", 
                "departure_time": "16:40"
            }
        ], 
        "ticket price": "4429.00", 
        "airline": "Aeromexico"
    }, 
    {
        "arrival": ", Villahermosa", 
        "consult date": "10/05/2018", 
        "flight duration": "0 days 7 hours 56 minutes", 
        "plane": "BOEING 737-800 SCIMITAR WINGLETS", 
        "departure date": "04/06/2018", 
        "stops": "1", 
        "plane code": "7S8", 
        "departure": ", Canc\u00fan", 
        "timings": [
            {
                "arrival_airport": "Ciudad de M\u00e9xico, Distrito Federal (MEX-A. Internacional de la Ciudad de M\u00e9xico)", 
                "arrival_time": "17:50", 
                "departure_airport": "Canc\u00fan, Quintana Roo (CUN-Aeropuerto Internacional de Canc\u00fan)", 
                "departure_time": "15:21"
            }, 
            {
                "arrival_airport": "Villahermosa, Tabasco (VSA-A. Internacional Carlos Rovirosa P\u00e9rez)", 
                "arrival_time": "23:17", 
                "departure_airport": "Ciudad de M\u00e9xico, Distrito Federal (MEX-A. Internacional de la Ciudad de M\u00e9xico)", 
                "departure_time": "21:40"
            }
        ], 
        "ticket price": "4429.00", 
        "airline": "Aeromexico"
    }, 
    {
        "arrival": ", Villahermosa", 
        "consult date": "10/05/2018", 
        "flight duration": "0 days 9 hours 7 minutes", 
        "plane": "Boeing 737", 
        "departure date": "04/06/2018", 
        "stops": "1", 
        "plane code": "737", 
        "departure": ", Canc\u00fan", 
        "timings": [
            {
                "arrival_airport": "Ciudad de M\u00e9xico, Distrito Federal (MEX-A. Internacional de la Ciudad de M\u00e9xico)", 
                "arrival_time": "11:50", 
                "departure_airport": "Canc\u00fan, Quintana Roo (CUN-Aeropuerto Internacional de Canc\u00fan)", 
                "departure_time": "09:16"
            }, 
            {
                "arrival_airport": "Villahermosa, Tabasco (VSA-A. Internacional Carlos Rovirosa P\u00e9rez)", 
                "arrival_time": "18:23", 
                "departure_airport": "Ciudad de M\u00e9xico, Distrito Federal (MEX-A. Internacional de la Ciudad de M\u00e9xico)", 
                "departure_time": "16:40"
            }
        ], 
        "ticket price": "4429.00", 
        "airline": "Aeromexico"
    }, 
    {
        "arrival": ", Villahermosa", 
        "consult date": "10/05/2018", 
        "flight duration": "0 days 8 hours 22 minutes", 
        "plane": "Boeing 737", 
        "departure date": "04/06/2018", 
        "stops": "1", 
        "plane code": "737", 
        "departure": ", Canc\u00fan", 
        "timings": [
            {
                "arrival_airport": "Ciudad de M\u00e9xico, Distrito Federal (MEX-A. Internacional de la Ciudad de M\u00e9xico)", 
                "arrival_time": "12:30", 
                "departure_airport": "Canc\u00fan, Quintana Roo (CUN-Aeropuerto Internacional de Canc\u00fan)", 
                "departure_time": "10:01"
            }, 
            {
                "arrival_airport": "Villahermosa, Tabasco (VSA-A. Internacional Carlos Rovirosa P\u00e9rez)", 
                "arrival_time": "18:23", 
                "departure_airport": "Ciudad de M\u00e9xico, Distrito Federal (MEX-A. Internacional de la Ciudad de M\u00e9xico)", 
                "departure_time": "16:40"
            }
        ], 
        "ticket price": "4429.00", 
        "airline": "Aeromexico"
    }, 
    {
        "arrival": ", Villahermosa", 
        "consult date": "10/05/2018", 
        "flight duration": "0 days 7 hours 2 minutes", 
        "plane": "BOEING 737-800 SCIMITAR WINGLETS", 
        "departure date": "04/06/2018", 
        "stops": "1", 
        "plane code": "7S8", 
        "departure": ", Canc\u00fan", 
        "timings": [
            {
                "arrival_airport": "Ciudad de M\u00e9xico, Distrito Federal (MEX-A. Internacional de la Ciudad de M\u00e9xico)", 
                "arrival_time": "13:55", 
                "departure_airport": "Canc\u00fan, Quintana Roo (CUN-Aeropuerto Internacional de Canc\u00fan)", 
                "departure_time": "11:21"
            }, 
            {
                "arrival_airport": "Villahermosa, Tabasco (VSA-A. Internacional Carlos Rovirosa P\u00e9rez)", 
                "arrival_time": "18:23", 
                "departure_airport": "Ciudad de M\u00e9xico, Distrito Federal (MEX-A. Internacional de la Ciudad de M\u00e9xico)", 
                "departure_time": "16:40"
            }
        ], 
        "ticket price": "4429.00", 
        "airline": "Aeromexico"
    }, 
    {
        "arrival": ", Villahermosa", 
        "consult date": "10/05/2018", 
        "flight duration": "0 days 6 hours 11 minutes", 
        "plane": "Boeing 737", 
        "departure date": "04/06/2018", 
        "stops": "1", 
        "plane code": "737", 
        "departure": ", Canc\u00fan", 
        "timings": [
            {
                "arrival_airport": "Ciudad de M\u00e9xico, Distrito Federal (MEX-A. Internacional de la Ciudad de M\u00e9xico)", 
                "arrival_time": "11:50", 
                "departure_airport": "Canc\u00fan, Quintana Roo (CUN-Aeropuerto Internacional de Canc\u00fan)", 
                "departure_time": "09:16"
            }, 
            {
                "arrival_airport": "Villahermosa, Tabasco (VSA-A. Internacional Carlos Rovirosa P\u00e9rez)", 
                "arrival_time": "15:27", 
                "departure_airport": "Ciudad de M\u00e9xico, Distrito Federal (MEX-A. Internacional de la Ciudad de M\u00e9xico)", 
                "departure_time": "13:45"
            }
        ], 
        "ticket price": "4429.00", 
        "airline": "Aeromexico"
    }, 
    {
        "arrival": ", Villahermosa", 
        "consult date": "10/05/2018", 
        "flight duration": "0 days 8 hours 8 minutes", 
        "plane": "Embraer 190", 
        "departure date": "04/06/2018", 
        "stops": "1", 
        "plane code": "E90", 
        "departure": ", Canc\u00fan", 
        "timings": [
            {
                "arrival_airport": "Ciudad de M\u00e9xico, Distrito Federal (MEX-A. Internacional de la Ciudad de M\u00e9xico)", 
                "arrival_time": "03:20", 
                "departure_airport": "Canc\u00fan, Quintana Roo (CUN-Aeropuerto Internacional de Canc\u00fan)", 
                "departure_time": "00:35"
            }, 
            {
                "arrival_airport": "Villahermosa, Tabasco (VSA-A. Internacional Carlos Rovirosa P\u00e9rez)", 
                "arrival_time": "08:43", 
                "departure_airport": "Ciudad de M\u00e9xico, Distrito Federal (MEX-A. Internacional de la Ciudad de M\u00e9xico)", 
                "departure_time": "07:00"
            }
        ], 
        "ticket price": "4429.00", 
        "airline": "Aeromexico"
    }, 
    {
        "arrival": ", Villahermosa", 
        "consult date": "10/05/2018", 
        "flight duration": "0 days 11 hours 30 minutes", 
        "plane": "", 
        "departure date": "04/06/2018", 
        "stops": "1", 
        "plane code": "", 
        "departure": ", Canc\u00fan", 
        "timings": [
            {
                "arrival_airport": "Guadalajara, Jalisco (GDL-Don Miguel Hidalgo y Costilla Intl.)", 
                "arrival_time": "23:55", 
                "departure_airport": "Canc\u00fan, Quintana Roo (CUN-Aeropuerto Internacional de Canc\u00fan)", 
                "departure_time": "21:01"
            }, 
            {
                "arrival_airport": "Villahermosa, Tabasco (VSA-A. Internacional Carlos Rovirosa P\u00e9rez)", 
                "arrival_time": "08:31", 
                "departure_airport": "Guadalajara, Jalisco (GDL-Don Miguel Hidalgo y Costilla Intl.)", 
                "departure_time": "06:17"
            }
        ], 
        "ticket price": "4440.00", 
        "airline": "Volaris"
    }, 
    {
        "arrival": ", Villahermosa", 
        "consult date": "10/05/2018", 
        "flight duration": "0 days 12 hours 59 minutes", 
        "plane": "", 
        "departure date": "04/06/2018", 
        "stops": "1", 
        "plane code": "", 
        "departure": ", Canc\u00fan", 
        "timings": [
            {
                "arrival_airport": "Guadalajara, Jalisco (GDL-Don Miguel Hidalgo y Costilla Intl.)", 
                "arrival_time": "22:26", 
                "departure_airport": "Canc\u00fan, Quintana Roo (CUN-Aeropuerto Internacional de Canc\u00fan)", 
                "departure_time": "19:32"
            }, 
            {
                "arrival_airport": "Villahermosa, Tabasco (VSA-A. Internacional Carlos Rovirosa P\u00e9rez)", 
                "arrival_time": "08:31", 
                "departure_airport": "Guadalajara, Jalisco (GDL-Don Miguel Hidalgo y Costilla Intl.)", 
                "departure_time": "06:17"
            }
        ], 
        "ticket price": "4801.00", 
        "airline": "Volaris"
    }
]