[
    {
        "arrival": ", Tampico", 
        "consult date": "10/05/2018", 
        "flight duration": "0 days 5 hours 25 minutes", 
        "plane": "", 
        "departure date": "23/09/2018", 
        "stops": "1", 
        "plane code": "", 
        "departure": ", Canc\u00fan", 
        "timings": [
            {
                "arrival_airport": "Ciudad de M\u00e9xico, Distrito Federal (MEX-A. Internacional de la Ciudad de M\u00e9xico)", 
                "arrival_time": "04:55", 
                "departure_airport": "Canc\u00fan, Quintana Roo (CUN-Aeropuerto Internacional de Canc\u00fan)", 
                "departure_time": "02:20"
            }, 
            {
                "arrival_airport": "Tampico, Tamaulipas (TAM-A. Internacional General Francisco Javier Mina)", 
                "arrival_time": "07:45", 
                "departure_airport": "Ciudad de M\u00e9xico, Distrito Federal (MEX-A. Internacional de la Ciudad de M\u00e9xico)", 
                "departure_time": "06:40"
            }
        ], 
        "ticket price": "1279.00", 
        "airline": "Interjet"
    }, 
    {
        "arrival": ", Tampico", 
        "consult date": "10/05/2018", 
        "flight duration": "0 days 4 hours 19 minutes", 
        "plane": "BOEING 737-800 SCIMITAR WINGLETS", 
        "departure date": "23/09/2018", 
        "stops": "1", 
        "plane code": "7S8", 
        "departure": ", Canc\u00fan", 
        "timings": [
            {
                "arrival_airport": "Ciudad de M\u00e9xico, Distrito Federal (MEX-A. Internacional de la Ciudad de M\u00e9xico)", 
                "arrival_time": "11:25", 
                "departure_airport": "Canc\u00fan, Quintana Roo (CUN-Aeropuerto Internacional de Canc\u00fan)", 
                "departure_time": "08:52"
            }, 
            {
                "arrival_airport": "Tampico, Tamaulipas (TAM-A. Internacional General Francisco Javier Mina)", 
                "arrival_time": "13:11", 
                "departure_airport": "Ciudad de M\u00e9xico, Distrito Federal (MEX-A. Internacional de la Ciudad de M\u00e9xico)", 
                "departure_time": "12:00"
            }
        ], 
        "ticket price": "1764.00", 
        "airline": "Aeromexico"
    }, 
    {
        "arrival": ", Tampico", 
        "consult date": "10/05/2018", 
        "flight duration": "0 days 8 hours 28 minutes", 
        "plane": "BOEING 737-800 SCIMITAR WINGLETS", 
        "departure date": "23/09/2018", 
        "stops": "1", 
        "plane code": "7S8", 
        "departure": ", Canc\u00fan", 
        "timings": [
            {
                "arrival_airport": "Ciudad de M\u00e9xico, Distrito Federal (MEX-A. Internacional de la Ciudad de M\u00e9xico)", 
                "arrival_time": "12:25", 
                "departure_airport": "Canc\u00fan, Quintana Roo (CUN-Aeropuerto Internacional de Canc\u00fan)", 
                "departure_time": "09:52"
            }, 
            {
                "arrival_airport": "Tampico, Tamaulipas (TAM-A. Internacional General Francisco Javier Mina)", 
                "arrival_time": "18:20", 
                "departure_airport": "Ciudad de M\u00e9xico, Distrito Federal (MEX-A. Internacional de la Ciudad de M\u00e9xico)", 
                "departure_time": "17:15"
            }
        ], 
        "ticket price": "1764.00", 
        "airline": "Aeromexico"
    }, 
    {
        "arrival": ", Tampico", 
        "consult date": "10/05/2018", 
        "flight duration": "0 days 6 hours 10 minutes", 
        "plane": "", 
        "departure date": "23/09/2018", 
        "stops": "1", 
        "plane code": "", 
        "departure": ", Canc\u00fan", 
        "timings": [
            {
                "arrival_airport": "Ciudad de M\u00e9xico, Distrito Federal (MEX-A. Internacional de la Ciudad de M\u00e9xico)", 
                "arrival_time": "09:40", 
                "departure_airport": "Canc\u00fan, Quintana Roo (CUN-Aeropuerto Internacional de Canc\u00fan)", 
                "departure_time": "07:05"
            }, 
            {
                "arrival_airport": "Tampico, Tamaulipas (TAM-A. Internacional General Francisco Javier Mina)", 
                "arrival_time": "13:15", 
                "departure_airport": "Ciudad de M\u00e9xico, Distrito Federal (MEX-A. Internacional de la Ciudad de M\u00e9xico)", 
                "departure_time": "12:10"
            }
        ], 
        "ticket price": "1771.07", 
        "airline": "Interjet"
    }, 
    {
        "arrival": ", Tampico", 
        "consult date": "10/05/2018", 
        "flight duration": "0 days 10 hours 55 minutes", 
        "plane": "", 
        "departure date": "23/09/2018", 
        "stops": "1", 
        "plane code": "", 
        "departure": ", Canc\u00fan", 
        "timings": [
            {
                "arrival_airport": "Ciudad de M\u00e9xico, Distrito Federal (MEX-A. Internacional de la Ciudad de M\u00e9xico)", 
                "arrival_time": "04:55", 
                "departure_airport": "Canc\u00fan, Quintana Roo (CUN-Aeropuerto Internacional de Canc\u00fan)", 
                "departure_time": "02:20"
            }, 
            {
                "arrival_airport": "Tampico, Tamaulipas (TAM-A. Internacional General Francisco Javier Mina)", 
                "arrival_time": "13:15", 
                "departure_airport": "Ciudad de M\u00e9xico, Distrito Federal (MEX-A. Internacional de la Ciudad de M\u00e9xico)", 
                "departure_time": "12:10"
            }
        ], 
        "ticket price": "1771.07", 
        "airline": "Interjet"
    }, 
    {
        "arrival": ", Tampico", 
        "consult date": "10/05/2018", 
        "flight duration": "0 days 8 hours 0 minutes", 
        "plane": "", 
        "departure date": "23/09/2018", 
        "stops": "1", 
        "plane code": "", 
        "departure": ", Canc\u00fan", 
        "timings": [
            {
                "arrival_airport": "Ciudad de M\u00e9xico, Distrito Federal (MEX-A. Internacional de la Ciudad de M\u00e9xico)", 
                "arrival_time": "07:50", 
                "departure_airport": "Canc\u00fan, Quintana Roo (CUN-Aeropuerto Internacional de Canc\u00fan)", 
                "departure_time": "05:15"
            }, 
            {
                "arrival_airport": "Tampico, Tamaulipas (TAM-A. Internacional General Francisco Javier Mina)", 
                "arrival_time": "13:15", 
                "departure_airport": "Ciudad de M\u00e9xico, Distrito Federal (MEX-A. Internacional de la Ciudad de M\u00e9xico)", 
                "departure_time": "12:10"
            }
        ], 
        "ticket price": "1771.07", 
        "airline": "Interjet"
    }, 
    {
        "arrival": ", Tampico", 
        "consult date": "10/05/2018", 
        "flight duration": "0 days 14 hours 40 minutes", 
        "plane": "", 
        "departure date": "23/09/2018", 
        "stops": "1", 
        "plane code": "", 
        "departure": ", Canc\u00fan", 
        "timings": [
            {
                "arrival_airport": "Ciudad de M\u00e9xico, Distrito Federal (MEX-A. Internacional de la Ciudad de M\u00e9xico)", 
                "arrival_time": "01:10", 
                "departure_airport": "Canc\u00fan, Quintana Roo (CUN-Aeropuerto Internacional de Canc\u00fan)", 
                "departure_time": "22:35"
            }, 
            {
                "arrival_airport": "Tampico, Tamaulipas (TAM-A. Internacional General Francisco Javier Mina)", 
                "arrival_time": "13:15", 
                "departure_airport": "Ciudad de M\u00e9xico, Distrito Federal (MEX-A. Internacional de la Ciudad de M\u00e9xico)", 
                "departure_time": "12:10"
            }
        ], 
        "ticket price": "2090.99", 
        "airline": "Interjet"
    }, 
    {
        "arrival": ", Tampico", 
        "consult date": "10/05/2018", 
        "flight duration": "0 days 10 hours 30 minutes", 
        "plane": "", 
        "departure date": "23/09/2018", 
        "stops": "1", 
        "plane code": "", 
        "departure": ", Canc\u00fan", 
        "timings": [
            {
                "arrival_airport": "Ciudad de M\u00e9xico, Distrito Federal (MEX-A. Internacional de la Ciudad de M\u00e9xico)", 
                "arrival_time": "23:50", 
                "departure_airport": "Canc\u00fan, Quintana Roo (CUN-Aeropuerto Internacional de Canc\u00fan)", 
                "departure_time": "21:15"
            }, 
            {
                "arrival_airport": "Tampico, Tamaulipas (TAM-A. Internacional General Francisco Javier Mina)", 
                "arrival_time": "07:45", 
                "departure_airport": "Ciudad de M\u00e9xico, Distrito Federal (MEX-A. Internacional de la Ciudad de M\u00e9xico)", 
                "departure_time": "06:40"
            }
        ], 
        "ticket price": "2101.43", 
        "airline": "Interjet"
    }, 
    {
        "arrival": ", Tampico", 
        "consult date": "10/05/2018", 
        "flight duration": "0 days 9 hours 10 minutes", 
        "plane": "", 
        "departure date": "23/09/2018", 
        "stops": "1", 
        "plane code": "", 
        "departure": ", Canc\u00fan", 
        "timings": [
            {
                "arrival_airport": "Ciudad de M\u00e9xico, Distrito Federal (MEX-A. Internacional de la Ciudad de M\u00e9xico)", 
                "arrival_time": "01:10", 
                "departure_airport": "Canc\u00fan, Quintana Roo (CUN-Aeropuerto Internacional de Canc\u00fan)", 
                "departure_time": "22:35"
            }, 
            {
                "arrival_airport": "Tampico, Tamaulipas (TAM-A. Internacional General Francisco Javier Mina)", 
                "arrival_time": "07:45", 
                "departure_airport": "Ciudad de M\u00e9xico, Distrito Federal (MEX-A. Internacional de la Ciudad de M\u00e9xico)", 
                "departure_time": "06:40"
            }
        ], 
        "ticket price": "2101.43", 
        "airline": "Interjet"
    }, 
    {
        "arrival": ", Tampico", 
        "consult date": "10/05/2018", 
        "flight duration": "0 days 7 hours 8 minutes", 
        "plane": "Embraer 190", 
        "departure date": "23/09/2018", 
        "stops": "1", 
        "plane code": "E90", 
        "departure": ", Canc\u00fan", 
        "timings": [
            {
                "arrival_airport": "Ciudad de M\u00e9xico, Distrito Federal (MEX-A. Internacional de la Ciudad de M\u00e9xico)", 
                "arrival_time": "13:45", 
                "departure_airport": "Canc\u00fan, Quintana Roo (CUN-Aeropuerto Internacional de Canc\u00fan)", 
                "departure_time": "11:12"
            }, 
            {
                "arrival_airport": "Tampico, Tamaulipas (TAM-A. Internacional General Francisco Javier Mina)", 
                "arrival_time": "18:20", 
                "departure_airport": "Ciudad de M\u00e9xico, Distrito Federal (MEX-A. Internacional de la Ciudad de M\u00e9xico)", 
                "departure_time": "17:15"
            }
        ], 
        "ticket price": "2402.00", 
        "airline": "Aeromexico"
    }, 
    {
        "arrival": ", Tampico", 
        "consult date": "10/05/2018", 
        "flight duration": "0 days 10 hours 0 minutes", 
        "plane": "", 
        "departure date": "23/09/2018", 
        "stops": "1", 
        "plane code": "", 
        "departure": ", Canc\u00fan", 
        "timings": [
            {
                "arrival_airport": "Ciudad de M\u00e9xico, Distrito Federal (MEX-A. Internacional de la Ciudad de M\u00e9xico)", 
                "arrival_time": "09:40", 
                "departure_airport": "Canc\u00fan, Quintana Roo (CUN-Aeropuerto Internacional de Canc\u00fan)", 
                "departure_time": "07:05"
            }, 
            {
                "arrival_airport": "Tampico, Tamaulipas (TAM-A. Internacional General Francisco Javier Mina)", 
                "arrival_time": "17:05", 
                "departure_airport": "Ciudad de M\u00e9xico, Distrito Federal (MEX-A. Internacional de la Ciudad de M\u00e9xico)", 
                "departure_time": "16:00"
            }
        ], 
        "ticket price": "2410.87", 
        "airline": "Interjet"
    }, 
    {
        "arrival": ", Tampico", 
        "consult date": "10/05/2018", 
        "flight duration": "0 days 11 hours 50 minutes", 
        "plane": "", 
        "departure date": "23/09/2018", 
        "stops": "1", 
        "plane code": "", 
        "departure": ", Canc\u00fan", 
        "timings": [
            {
                "arrival_airport": "Ciudad de M\u00e9xico, Distrito Federal (MEX-A. Internacional de la Ciudad de M\u00e9xico)", 
                "arrival_time": "07:50", 
                "departure_airport": "Canc\u00fan, Quintana Roo (CUN-Aeropuerto Internacional de Canc\u00fan)", 
                "departure_time": "05:15"
            }, 
            {
                "arrival_airport": "Tampico, Tamaulipas (TAM-A. Internacional General Francisco Javier Mina)", 
                "arrival_time": "17:05", 
                "departure_airport": "Ciudad de M\u00e9xico, Distrito Federal (MEX-A. Internacional de la Ciudad de M\u00e9xico)", 
                "departure_time": "16:00"
            }
        ], 
        "ticket price": "2410.87", 
        "airline": "Interjet"
    }, 
    {
        "arrival": ", Tampico", 
        "consult date": "10/05/2018", 
        "flight duration": "0 days 14 hours 45 minutes", 
        "plane": "", 
        "departure date": "23/09/2018", 
        "stops": "1", 
        "plane code": "", 
        "departure": ", Canc\u00fan", 
        "timings": [
            {
                "arrival_airport": "Ciudad de M\u00e9xico, Distrito Federal (MEX-A. Internacional de la Ciudad de M\u00e9xico)", 
                "arrival_time": "04:55", 
                "departure_airport": "Canc\u00fan, Quintana Roo (CUN-Aeropuerto Internacional de Canc\u00fan)", 
                "departure_time": "02:20"
            }, 
            {
                "arrival_airport": "Tampico, Tamaulipas (TAM-A. Internacional General Francisco Javier Mina)", 
                "arrival_time": "17:05", 
                "departure_airport": "Ciudad de M\u00e9xico, Distrito Federal (MEX-A. Internacional de la Ciudad de M\u00e9xico)", 
                "departure_time": "16:00"
            }
        ], 
        "ticket price": "2410.87", 
        "airline": "Interjet"
    }, 
    {
        "arrival": ", Tampico", 
        "consult date": "10/05/2018", 
        "flight duration": "0 days 13 hours 15 minutes", 
        "plane": "", 
        "departure date": "23/09/2018", 
        "stops": "1", 
        "plane code": "", 
        "departure": ", Canc\u00fan", 
        "timings": [
            {
                "arrival_airport": "Ciudad de M\u00e9xico, Distrito Federal (MEX-A. Internacional de la Ciudad de M\u00e9xico)", 
                "arrival_time": "21:05", 
                "departure_airport": "Canc\u00fan, Quintana Roo (CUN-Aeropuerto Internacional de Canc\u00fan)", 
                "departure_time": "18:30"
            }, 
            {
                "arrival_airport": "Tampico, Tamaulipas (TAM-A. Internacional General Francisco Javier Mina)", 
                "arrival_time": "07:45", 
                "departure_airport": "Ciudad de M\u00e9xico, Distrito Federal (MEX-A. Internacional de la Ciudad de M\u00e9xico)", 
                "departure_time": "06:40"
            }
        ], 
        "ticket price": "2516.70", 
        "airline": "Interjet"
    }, 
    {
        "arrival": ", Tampico", 
        "consult date": "10/05/2018", 
        "flight duration": "0 days 15 hours 35 minutes", 
        "plane": "", 
        "departure date": "23/09/2018", 
        "stops": "1", 
        "plane code": "", 
        "departure": ", Canc\u00fan", 
        "timings": [
            {
                "arrival_airport": "Ciudad de M\u00e9xico, Distrito Federal (MEX-A. Internacional de la Ciudad de M\u00e9xico)", 
                "arrival_time": "18:45", 
                "departure_airport": "Canc\u00fan, Quintana Roo (CUN-Aeropuerto Internacional de Canc\u00fan)", 
                "departure_time": "16:10"
            }, 
            {
                "arrival_airport": "Tampico, Tamaulipas (TAM-A. Internacional General Francisco Javier Mina)", 
                "arrival_time": "07:45", 
                "departure_airport": "Ciudad de M\u00e9xico, Distrito Federal (MEX-A. Internacional de la Ciudad de M\u00e9xico)", 
                "departure_time": "06:40"
            }
        ], 
        "ticket price": "2516.70", 
        "airline": "Interjet"
    }, 
    {
        "arrival": ", Tampico", 
        "consult date": "10/05/2018", 
        "flight duration": "0 days 14 hours 40 minutes", 
        "plane": "", 
        "departure date": "23/09/2018", 
        "stops": "1", 
        "plane code": "", 
        "departure": ", Canc\u00fan", 
        "timings": [
            {
                "arrival_airport": "Ciudad de M\u00e9xico, Distrito Federal (MEX-A. Internacional de la Ciudad de M\u00e9xico)", 
                "arrival_time": "19:40", 
                "departure_airport": "Canc\u00fan, Quintana Roo (CUN-Aeropuerto Internacional de Canc\u00fan)", 
                "departure_time": "17:05"
            }, 
            {
                "arrival_airport": "Tampico, Tamaulipas (TAM-A. Internacional General Francisco Javier Mina)", 
                "arrival_time": "07:45", 
                "departure_airport": "Ciudad de M\u00e9xico, Distrito Federal (MEX-A. Internacional de la Ciudad de M\u00e9xico)", 
                "departure_time": "06:40"
            }
        ], 
        "ticket price": "2516.70", 
        "airline": "Interjet"
    }, 
    {
        "arrival": ", Tampico", 
        "consult date": "10/05/2018", 
        "flight duration": "0 days 6 hours 25 minutes", 
        "plane": "", 
        "departure date": "23/09/2018", 
        "stops": "1", 
        "plane code": "", 
        "departure": ", Canc\u00fan", 
        "timings": [
            {
                "arrival_airport": "Ciudad de M\u00e9xico, Distrito Federal (MEX-A. Internacional de la Ciudad de M\u00e9xico)", 
                "arrival_time": "13:10", 
                "departure_airport": "Canc\u00fan, Quintana Roo (CUN-Aeropuerto Internacional de Canc\u00fan)", 
                "departure_time": "10:40"
            }, 
            {
                "arrival_airport": "Tampico, Tamaulipas (TAM-A. Internacional General Francisco Javier Mina)", 
                "arrival_time": "17:05", 
                "departure_airport": "Ciudad de M\u00e9xico, Distrito Federal (MEX-A. Internacional de la Ciudad de M\u00e9xico)", 
                "departure_time": "16:00"
            }
        ], 
        "ticket price": "2521.13", 
        "airline": "Interjet"
    }, 
    {
        "arrival": ", Tampico", 
        "consult date": "10/05/2018", 
        "flight duration": "0 days 5 hours 5 minutes", 
        "plane": "", 
        "departure date": "23/09/2018", 
        "stops": "1", 
        "plane code": "", 
        "departure": ", Canc\u00fan", 
        "timings": [
            {
                "arrival_airport": "Ciudad de M\u00e9xico, Distrito Federal (MEX-A. Internacional de la Ciudad de M\u00e9xico)", 
                "arrival_time": "14:30", 
                "departure_airport": "Canc\u00fan, Quintana Roo (CUN-Aeropuerto Internacional de Canc\u00fan)", 
                "departure_time": "12:00"
            }, 
            {
                "arrival_airport": "Tampico, Tamaulipas (TAM-A. Internacional General Francisco Javier Mina)", 
                "arrival_time": "17:05", 
                "departure_airport": "Ciudad de M\u00e9xico, Distrito Federal (MEX-A. Internacional de la Ciudad de M\u00e9xico)", 
                "departure_time": "16:00"
            }
        ], 
        "ticket price": "2521.13", 
        "airline": "Interjet"
    }, 
    {
        "arrival": ", Tampico", 
        "consult date": "10/05/2018", 
        "flight duration": "0 days 11 hours 0 minutes", 
        "plane": "", 
        "departure date": "23/09/2018", 
        "stops": "1", 
        "plane code": "", 
        "departure": ", Canc\u00fan", 
        "timings": [
            {
                "arrival_airport": "Ciudad de M\u00e9xico, Distrito Federal (MEX-A. Internacional de la Ciudad de M\u00e9xico)", 
                "arrival_time": "23:20", 
                "departure_airport": "Canc\u00fan, Quintana Roo (CUN-Aeropuerto Internacional de Canc\u00fan)", 
                "departure_time": "20:45"
            }, 
            {
                "arrival_airport": "Tampico, Tamaulipas (TAM-A. Internacional General Francisco Javier Mina)", 
                "arrival_time": "07:45", 
                "departure_airport": "Ciudad de M\u00e9xico, Distrito Federal (MEX-A. Internacional de la Ciudad de M\u00e9xico)", 
                "departure_time": "06:40"
            }
        ], 
        "ticket price": "2839.57", 
        "airline": "Interjet"
    }, 
    {
        "arrival": ", Tampico", 
        "consult date": "10/05/2018", 
        "flight duration": "0 days 8 hours 25 minutes", 
        "plane": "", 
        "departure date": "23/09/2018", 
        "stops": "1", 
        "plane code": "", 
        "departure": ", Canc\u00fan", 
        "timings": [
            {
                "arrival_airport": "Ciudad de M\u00e9xico, Distrito Federal (MEX-A. Internacional de la Ciudad de M\u00e9xico)", 
                "arrival_time": "11:15", 
                "departure_airport": "Canc\u00fan, Quintana Roo (CUN-Aeropuerto Internacional de Canc\u00fan)", 
                "departure_time": "08:40"
            }, 
            {
                "arrival_airport": "Tampico, Tamaulipas (TAM-A. Internacional General Francisco Javier Mina)", 
                "arrival_time": "17:05", 
                "departure_airport": "Ciudad de M\u00e9xico, Distrito Federal (MEX-A. Internacional de la Ciudad de M\u00e9xico)", 
                "departure_time": "16:00"
            }
        ], 
        "ticket price": "2844.00", 
        "airline": "Interjet"
    }, 
    {
        "arrival": ", Tampico", 
        "consult date": "10/05/2018", 
        "flight duration": "0 days 5 hours 58 minutes", 
        "plane": "Boeing 737", 
        "departure date": "23/09/2018", 
        "stops": "1", 
        "plane code": "737", 
        "departure": ", Canc\u00fan", 
        "timings": [
            {
                "arrival_airport": "Ciudad de M\u00e9xico, Distrito Federal (MEX-A. Internacional de la Ciudad de M\u00e9xico)", 
                "arrival_time": "14:50", 
                "departure_airport": "Canc\u00fan, Quintana Roo (CUN-Aeropuerto Internacional de Canc\u00fan)", 
                "departure_time": "12:22"
            }, 
            {
                "arrival_airport": "Tampico, Tamaulipas (TAM-A. Internacional General Francisco Javier Mina)", 
                "arrival_time": "18:20", 
                "departure_airport": "Ciudad de M\u00e9xico, Distrito Federal (MEX-A. Internacional de la Ciudad de M\u00e9xico)", 
                "departure_time": "17:15"
            }
        ], 
        "ticket price": "3098.00", 
        "airline": "Aeromexico"
    }, 
    {
        "arrival": ", Tampico", 
        "consult date": "10/05/2018", 
        "flight duration": "0 days 4 hours 42 minutes", 
        "plane": "Boeing 737", 
        "departure date": "23/09/2018", 
        "stops": "1", 
        "plane code": "737", 
        "departure": ", Canc\u00fan", 
        "timings": [
            {
                "arrival_airport": "Ciudad de M\u00e9xico, Distrito Federal (MEX-A. Internacional de la Ciudad de M\u00e9xico)", 
                "arrival_time": "16:05", 
                "departure_airport": "Canc\u00fan, Quintana Roo (CUN-Aeropuerto Internacional de Canc\u00fan)", 
                "departure_time": "13:38"
            }, 
            {
                "arrival_airport": "Tampico, Tamaulipas (TAM-A. Internacional General Francisco Javier Mina)", 
                "arrival_time": "18:20", 
                "departure_airport": "Ciudad de M\u00e9xico, Distrito Federal (MEX-A. Internacional de la Ciudad de M\u00e9xico)", 
                "departure_time": "17:15"
            }
        ], 
        "ticket price": "3446.00", 
        "airline": "Aeromexico"
    }, 
    {
        "arrival": ", Tampico", 
        "consult date": "10/05/2018", 
        "flight duration": "0 days 6 hours 53 minutes", 
        "plane": "Embraer 190", 
        "departure date": "23/09/2018", 
        "stops": "1", 
        "plane code": "E90", 
        "departure": ", Canc\u00fan", 
        "timings": [
            {
                "arrival_airport": "Ciudad de M\u00e9xico, Distrito Federal (MEX-A. Internacional de la Ciudad de M\u00e9xico)", 
                "arrival_time": "03:25", 
                "departure_airport": "Canc\u00fan, Quintana Roo (CUN-Aeropuerto Internacional de Canc\u00fan)", 
                "departure_time": "00:42"
            }, 
            {
                "arrival_airport": "Tampico, Tamaulipas (TAM-A. Internacional General Francisco Javier Mina)", 
                "arrival_time": "07:35", 
                "departure_airport": "Ciudad de M\u00e9xico, Distrito Federal (MEX-A. Internacional de la Ciudad de M\u00e9xico)", 
                "departure_time": "06:20"
            }
        ], 
        "ticket price": "3446.00", 
        "airline": "Aeromexico"
    }, 
    {
        "arrival": ", Tampico", 
        "consult date": "10/05/2018", 
        "flight duration": "0 days 7 hours 11 minutes", 
        "plane": "BOEING 737-800 SCIMITAR WINGLETS", 
        "departure date": "23/09/2018", 
        "stops": "1", 
        "plane code": "7S8", 
        "departure": ", Canc\u00fan", 
        "timings": [
            {
                "arrival_airport": "Ciudad de M\u00e9xico, Distrito Federal (MEX-A. Internacional de la Ciudad de M\u00e9xico)", 
                "arrival_time": "08:25", 
                "departure_airport": "Canc\u00fan, Quintana Roo (CUN-Aeropuerto Internacional de Canc\u00fan)", 
                "departure_time": "06:00"
            }, 
            {
                "arrival_airport": "Tampico, Tamaulipas (TAM-A. Internacional General Francisco Javier Mina)", 
                "arrival_time": "13:11", 
                "departure_airport": "Ciudad de M\u00e9xico, Distrito Federal (MEX-A. Internacional de la Ciudad de M\u00e9xico)", 
                "departure_time": "12:00"
            }
        ], 
        "ticket price": "3446.00", 
        "airline": "Aeromexico"
    }, 
    {
        "arrival": ", Tampico", 
        "consult date": "10/05/2018", 
        "flight duration": "0 days 5 hours 48 minutes", 
        "plane": "Boeing 737", 
        "departure date": "23/09/2018", 
        "stops": "1", 
        "plane code": "737", 
        "departure": ", Canc\u00fan", 
        "timings": [
            {
                "arrival_airport": "Ciudad de M\u00e9xico, Distrito Federal (MEX-A. Internacional de la Ciudad de M\u00e9xico)", 
                "arrival_time": "15:05", 
                "departure_airport": "Canc\u00fan, Quintana Roo (CUN-Aeropuerto Internacional de Canc\u00fan)", 
                "departure_time": "12:32"
            }, 
            {
                "arrival_airport": "Tampico, Tamaulipas (TAM-A. Internacional General Francisco Javier Mina)", 
                "arrival_time": "18:20", 
                "departure_airport": "Ciudad de M\u00e9xico, Distrito Federal (MEX-A. Internacional de la Ciudad de M\u00e9xico)", 
                "departure_time": "17:15"
            }
        ], 
        "ticket price": "3446.00", 
        "airline": "Aeromexico"
    }, 
    {
        "arrival": ", Tampico", 
        "consult date": "10/05/2018", 
        "flight duration": "0 days 4 hours 39 minutes", 
        "plane": "Boeing 737-800", 
        "departure date": "23/09/2018", 
        "stops": "1", 
        "plane code": "738", 
        "departure": ", Canc\u00fan", 
        "timings": [
            {
                "arrival_airport": "Ciudad de M\u00e9xico, Distrito Federal (MEX-A. Internacional de la Ciudad de M\u00e9xico)", 
                "arrival_time": "21:10", 
                "departure_airport": "Canc\u00fan, Quintana Roo (CUN-Aeropuerto Internacional de Canc\u00fan)", 
                "departure_time": "18:32"
            }, 
            {
                "arrival_airport": "Tampico, Tamaulipas (TAM-A. Internacional General Francisco Javier Mina)", 
                "arrival_time": "23:11", 
                "departure_airport": "Ciudad de M\u00e9xico, Distrito Federal (MEX-A. Internacional de la Ciudad de M\u00e9xico)", 
                "departure_time": "22:00"
            }
        ], 
        "ticket price": "3794.00", 
        "airline": "Aeromexico"
    }, 
    {
        "arrival": ", Tampico", 
        "consult date": "10/05/2018", 
        "flight duration": "0 days 6 hours 27 minutes", 
        "plane": "Boeing 737", 
        "departure date": "23/09/2018", 
        "stops": "1", 
        "plane code": "737", 
        "departure": ", Canc\u00fan", 
        "timings": [
            {
                "arrival_airport": "Ciudad de M\u00e9xico, Distrito Federal (MEX-A. Internacional de la Ciudad de M\u00e9xico)", 
                "arrival_time": "19:15", 
                "departure_airport": "Canc\u00fan, Quintana Roo (CUN-Aeropuerto Internacional de Canc\u00fan)", 
                "departure_time": "16:44"
            }, 
            {
                "arrival_airport": "Tampico, Tamaulipas (TAM-A. Internacional General Francisco Javier Mina)", 
                "arrival_time": "23:11", 
                "departure_airport": "Ciudad de M\u00e9xico, Distrito Federal (MEX-A. Internacional de la Ciudad de M\u00e9xico)", 
                "departure_time": "22:00"
            }
        ], 
        "ticket price": "3794.00", 
        "airline": "Aeromexico"
    }, 
    {
        "arrival": ", Tampico", 
        "consult date": "10/05/2018", 
        "flight duration": "0 days 7 hours 50 minutes", 
        "plane": "BOEING 737-800 SCIMITAR WINGLETS", 
        "departure date": "23/09/2018", 
        "stops": "1", 
        "plane code": "7S8", 
        "departure": ", Canc\u00fan", 
        "timings": [
            {
                "arrival_airport": "Ciudad de M\u00e9xico, Distrito Federal (MEX-A. Internacional de la Ciudad de M\u00e9xico)", 
                "arrival_time": "17:50", 
                "departure_airport": "Canc\u00fan, Quintana Roo (CUN-Aeropuerto Internacional de Canc\u00fan)", 
                "departure_time": "15:21"
            }, 
            {
                "arrival_airport": "Tampico, Tamaulipas (TAM-A. Internacional General Francisco Javier Mina)", 
                "arrival_time": "23:11", 
                "departure_airport": "Ciudad de M\u00e9xico, Distrito Federal (MEX-A. Internacional de la Ciudad de M\u00e9xico)", 
                "departure_time": "22:00"
            }
        ], 
        "ticket price": "4142.00", 
        "airline": "Aeromexico"
    }, 
    {
        "arrival": ", Tampico", 
        "consult date": "10/05/2018", 
        "flight duration": "0 days 5 hours 56 minutes", 
        "plane": "Boeing 737", 
        "departure date": "23/09/2018", 
        "stops": "1", 
        "plane code": "737", 
        "departure": ", Canc\u00fan", 
        "timings": [
            {
                "arrival_airport": "Ciudad de M\u00e9xico, Distrito Federal (MEX-A. Internacional de la Ciudad de M\u00e9xico)", 
                "arrival_time": "19:50", 
                "departure_airport": "Canc\u00fan, Quintana Roo (CUN-Aeropuerto Internacional de Canc\u00fan)", 
                "departure_time": "17:15"
            }, 
            {
                "arrival_airport": "Tampico, Tamaulipas (TAM-A. Internacional General Francisco Javier Mina)", 
                "arrival_time": "23:11", 
                "departure_airport": "Ciudad de M\u00e9xico, Distrito Federal (MEX-A. Internacional de la Ciudad de M\u00e9xico)", 
                "departure_time": "22:00"
            }
        ], 
        "ticket price": "4142.00", 
        "airline": "Aeromexico"
    }
]