[
    {
        "arrival": ", Monterrey", 
        "consult date": "10/05/2018", 
        "flight duration": "0 days 5 hours 42 minutes", 
        "plane": "Embraer 190", 
        "departure date": "28/06/2018", 
        "stops": "1", 
        "plane code": "E90", 
        "departure": ", Chihuahua", 
        "timings": [
            {
                "arrival_airport": "Ciudad de M\u00e9xico, Distrito Federal (MEX-A. Internacional de la Ciudad de M\u00e9xico)", 
                "arrival_time": "18:20", 
                "departure_airport": "Chihuahua, Chihuahua (CUU-A. Internacional General Roberto Fierro Villalobos)", 
                "departure_time": "15:03"
            }, 
            {
                "arrival_airport": "Monterrey, Nuevo Le\u00f3n (MTY-A. Internacional General Mariano Escobedo)", 
                "arrival_time": "21:45", 
                "departure_airport": "Ciudad de M\u00e9xico, Distrito Federal (MEX-A. Internacional de la Ciudad de M\u00e9xico)", 
                "departure_time": "20:00"
            }
        ], 
        "ticket price": "10343.00", 
        "airline": "Aeromexico"
    }, 
    {
        "arrival": ", Monterrey", 
        "consult date": "10/05/2018", 
        "flight duration": "0 days 7 hours 39 minutes", 
        "plane": "Embraer 190", 
        "departure date": "28/06/2018", 
        "stops": "1", 
        "plane code": "E90", 
        "departure": ", Chihuahua", 
        "timings": [
            {
                "arrival_airport": "Ciudad de M\u00e9xico, Distrito Federal (MEX-A. Internacional de la Ciudad de M\u00e9xico)", 
                "arrival_time": "18:20", 
                "departure_airport": "Chihuahua, Chihuahua (CUU-A. Internacional General Roberto Fierro Villalobos)", 
                "departure_time": "15:03"
            }, 
            {
                "arrival_airport": "Monterrey, Nuevo Le\u00f3n (MTY-A. Internacional General Mariano Escobedo)", 
                "arrival_time": "23:42", 
                "departure_airport": "Ciudad de M\u00e9xico, Distrito Federal (MEX-A. Internacional de la Ciudad de M\u00e9xico)", 
                "departure_time": "22:00"
            }
        ], 
        "ticket price": "10343.00", 
        "airline": "Aeromexico"
    }, 
    {
        "arrival": ", Monterrey", 
        "consult date": "10/05/2018", 
        "flight duration": "0 days 8 hours 35 minutes", 
        "plane": "Embraer 190", 
        "departure date": "28/06/2018", 
        "stops": "1", 
        "plane code": "E90", 
        "departure": ", Chihuahua", 
        "timings": [
            {
                "arrival_airport": "Ciudad de M\u00e9xico, Distrito Federal (MEX-A. Internacional de la Ciudad de M\u00e9xico)", 
                "arrival_time": "11:20", 
                "departure_airport": "Chihuahua, Chihuahua (CUU-A. Internacional General Roberto Fierro Villalobos)", 
                "departure_time": "08:03"
            }, 
            {
                "arrival_airport": "Monterrey, Nuevo Le\u00f3n (MTY-A. Internacional General Mariano Escobedo)", 
                "arrival_time": "17:38", 
                "departure_airport": "Ciudad de M\u00e9xico, Distrito Federal (MEX-A. Internacional de la Ciudad de M\u00e9xico)", 
                "departure_time": "16:00"
            }
        ], 
        "ticket price": "10343.00", 
        "airline": "Aeromexico"
    }, 
    {
        "arrival": ", Monterrey", 
        "consult date": "10/05/2018", 
        "flight duration": "0 days 5 hours 19 minutes", 
        "plane": "Embraer 190", 
        "departure date": "28/06/2018", 
        "stops": "1", 
        "plane code": "E90", 
        "departure": ", Chihuahua", 
        "timings": [
            {
                "arrival_airport": "Ciudad de M\u00e9xico, Distrito Federal (MEX-A. Internacional de la Ciudad de M\u00e9xico)", 
                "arrival_time": "20:40", 
                "departure_airport": "Chihuahua, Chihuahua (CUU-A. Internacional General Roberto Fierro Villalobos)", 
                "departure_time": "17:23"
            }, 
            {
                "arrival_airport": "Monterrey, Nuevo Le\u00f3n (MTY-A. Internacional General Mariano Escobedo)", 
                "arrival_time": "23:42", 
                "departure_airport": "Ciudad de M\u00e9xico, Distrito Federal (MEX-A. Internacional de la Ciudad de M\u00e9xico)", 
                "departure_time": "22:00"
            }
        ], 
        "ticket price": "11242.00", 
        "airline": "Aeromexico"
    }, 
    {
        "arrival": ", Monterrey", 
        "consult date": "10/05/2018", 
        "flight duration": "0 days 1 hours 30 minutes", 
        "plane": "", 
        "departure date": "28/06/2018", 
        "stops": 0, 
        "plane code": "", 
        "departure": ", Chihuahua", 
        "timings": [
            {
                "arrival_airport": "Monterrey, Nuevo Le\u00f3n (MTY-A. Internacional General Mariano Escobedo)", 
                "arrival_time": "22:50", 
                "departure_airport": "Chihuahua, Chihuahua (CUU-A. Internacional General Roberto Fierro Villalobos)", 
                "departure_time": "20:20"
            }
        ], 
        "ticket price": "1256.34", 
        "airline": "VivaAerobus"
    }, 
    {
        "arrival": ", Monterrey", 
        "consult date": "10/05/2018", 
        "flight duration": "0 days 9 hours 50 minutes", 
        "plane": "", 
        "departure date": "28/06/2018", 
        "stops": "1", 
        "plane code": "", 
        "departure": ", Chihuahua", 
        "timings": [
            {
                "arrival_airport": "Guadalajara, Jalisco (GDL-Don Miguel Hidalgo y Costilla Intl.)", 
                "arrival_time": "12:05", 
                "departure_airport": "Chihuahua, Chihuahua (CUU-A. Internacional General Roberto Fierro Villalobos)", 
                "departure_time": "09:20"
            }, 
            {
                "arrival_airport": "Monterrey, Nuevo Le\u00f3n (MTY-A. Internacional General Mariano Escobedo)", 
                "arrival_time": "20:10", 
                "departure_airport": "Guadalajara, Jalisco (GDL-Don Miguel Hidalgo y Costilla Intl.)", 
                "departure_time": "18:50"
            }
        ], 
        "ticket price": "1516.45", 
        "airline": "Interjet"
    }, 
    {
        "arrival": ", Monterrey", 
        "consult date": "10/05/2018", 
        "flight duration": "0 days 6 hours 45 minutes", 
        "plane": "", 
        "departure date": "28/06/2018", 
        "stops": "1", 
        "plane code": "", 
        "departure": ", Chihuahua", 
        "timings": [
            {
                "arrival_airport": "Guadalajara, Jalisco (GDL-Don Miguel Hidalgo y Costilla Intl.)", 
                "arrival_time": "12:05", 
                "departure_airport": "Chihuahua, Chihuahua (CUU-A. Internacional General Roberto Fierro Villalobos)", 
                "departure_time": "09:20"
            }, 
            {
                "arrival_airport": "Monterrey, Nuevo Le\u00f3n (MTY-A. Internacional General Mariano Escobedo)", 
                "arrival_time": "17:05", 
                "departure_airport": "Guadalajara, Jalisco (GDL-Don Miguel Hidalgo y Costilla Intl.)", 
                "departure_time": "15:45"
            }
        ], 
        "ticket price": "1616.44", 
        "airline": "Interjet"
    }, 
    {
        "arrival": ", Monterrey", 
        "consult date": "10/05/2018", 
        "flight duration": "0 days 13 hours 15 minutes", 
        "plane": "", 
        "departure date": "28/06/2018", 
        "stops": "1", 
        "plane code": "", 
        "departure": ", Chihuahua", 
        "timings": [
            {
                "arrival_airport": "Ciudad de M\u00e9xico, Distrito Federal (MEX-A. Internacional de la Ciudad de M\u00e9xico)", 
                "arrival_time": "20:20", 
                "departure_airport": "Chihuahua, Chihuahua (CUU-A. Internacional General Roberto Fierro Villalobos)", 
                "departure_time": "17:15"
            }, 
            {
                "arrival_airport": "Monterrey, Nuevo Le\u00f3n (MTY-A. Internacional General Mariano Escobedo)", 
                "arrival_time": "07:30", 
                "departure_airport": "Ciudad de M\u00e9xico, Distrito Federal (MEX-A. Internacional de la Ciudad de M\u00e9xico)", 
                "departure_time": "05:50"
            }
        ], 
        "ticket price": "2048.12", 
        "airline": "Interjet"
    }, 
    {
        "arrival": ", Monterrey", 
        "consult date": "10/05/2018", 
        "flight duration": "0 days 13 hours 10 minutes", 
        "plane": "", 
        "departure date": "28/06/2018", 
        "stops": "1", 
        "plane code": "", 
        "departure": ", Chihuahua", 
        "timings": [
            {
                "arrival_airport": "Ciudad de M\u00e9xico, Distrito Federal (MEX-A. Internacional de la Ciudad de M\u00e9xico)", 
                "arrival_time": "20:20", 
                "departure_airport": "Chihuahua, Chihuahua (CUU-A. Internacional General Roberto Fierro Villalobos)", 
                "departure_time": "17:15"
            }, 
            {
                "arrival_airport": "Monterrey, Nuevo Le\u00f3n (MTY-A. Internacional General Mariano Escobedo)", 
                "arrival_time": "07:25", 
                "departure_airport": "Ciudad de M\u00e9xico, Distrito Federal (MEX-A. Internacional de la Ciudad de M\u00e9xico)", 
                "departure_time": "05:50"
            }
        ], 
        "ticket price": "2048.12", 
        "airline": "Interjet"
    }, 
    {
        "arrival": ", Monterrey", 
        "consult date": "10/05/2018", 
        "flight duration": "0 days 14 hours 45 minutes", 
        "plane": "", 
        "departure date": "28/06/2018", 
        "stops": "1", 
        "plane code": "", 
        "departure": ", Chihuahua", 
        "timings": [
            {
                "arrival_airport": "Ciudad de M\u00e9xico, Distrito Federal (MEX-A. Internacional de la Ciudad de M\u00e9xico)", 
                "arrival_time": "20:20", 
                "departure_airport": "Chihuahua, Chihuahua (CUU-A. Internacional General Roberto Fierro Villalobos)", 
                "departure_time": "17:15"
            }, 
            {
                "arrival_airport": "Monterrey, Nuevo Le\u00f3n (MTY-A. Internacional General Mariano Escobedo)", 
                "arrival_time": "09:00", 
                "departure_airport": "Ciudad de M\u00e9xico, Distrito Federal (MEX-A. Internacional de la Ciudad de M\u00e9xico)", 
                "departure_time": "07:20"
            }
        ], 
        "ticket price": "2048.12", 
        "airline": "Interjet"
    }, 
    {
        "arrival": ", Monterrey", 
        "consult date": "10/05/2018", 
        "flight duration": "0 days 12 hours 25 minutes", 
        "plane": "", 
        "departure date": "28/06/2018", 
        "stops": "1", 
        "plane code": "", 
        "departure": ", Chihuahua", 
        "timings": [
            {
                "arrival_airport": "Ciudad de M\u00e9xico, Distrito Federal (MEX-A. Internacional de la Ciudad de M\u00e9xico)", 
                "arrival_time": "20:20", 
                "departure_airport": "Chihuahua, Chihuahua (CUU-A. Internacional General Roberto Fierro Villalobos)", 
                "departure_time": "17:15"
            }, 
            {
                "arrival_airport": "Monterrey, Nuevo Le\u00f3n (MTY-A. Internacional General Mariano Escobedo)", 
                "arrival_time": "06:40", 
                "departure_airport": "Ciudad de M\u00e9xico, Distrito Federal (MEX-A. Internacional de la Ciudad de M\u00e9xico)", 
                "departure_time": "05:05"
            }
        ], 
        "ticket price": "2048.12", 
        "airline": "Interjet"
    }, 
    {
        "arrival": ", Monterrey", 
        "consult date": "10/05/2018", 
        "flight duration": "0 days 1 hours 24 minutes", 
        "plane": "EMBRAER 170", 
        "departure date": "28/06/2018", 
        "stops": 0, 
        "plane code": "E70", 
        "departure": ", Chihuahua", 
        "timings": [
            {
                "arrival_airport": "Monterrey, Nuevo Le\u00f3n (MTY-A. Internacional General Mariano Escobedo)", 
                "arrival_time": "16:55", 
                "departure_airport": "Chihuahua, Chihuahua (CUU-A. Internacional General Roberto Fierro Villalobos)", 
                "departure_time": "14:31"
            }
        ], 
        "ticket price": "2211.00", 
        "airline": "Aeromexico"
    }, 
    {
        "arrival": ", Monterrey", 
        "consult date": "10/05/2018", 
        "flight duration": "0 days 1 hours 24 minutes", 
        "plane": "EMBRAER 170", 
        "departure date": "28/06/2018", 
        "stops": 0, 
        "plane code": "E70", 
        "departure": ", Chihuahua", 
        "timings": [
            {
                "arrival_airport": "Monterrey, Nuevo Le\u00f3n (MTY-A. Internacional General Mariano Escobedo)", 
                "arrival_time": "11:44", 
                "departure_airport": "Chihuahua, Chihuahua (CUU-A. Internacional General Roberto Fierro Villalobos)", 
                "departure_time": "09:20"
            }
        ], 
        "ticket price": "2211.00", 
        "airline": "Aeromexico"
    }, 
    {
        "arrival": ", Monterrey", 
        "consult date": "10/05/2018", 
        "flight duration": "0 days 1 hours 24 minutes", 
        "plane": "EMBRAER 170", 
        "departure date": "28/06/2018", 
        "stops": 0, 
        "plane code": "E70", 
        "departure": ", Chihuahua", 
        "timings": [
            {
                "arrival_airport": "Monterrey, Nuevo Le\u00f3n (MTY-A. Internacional General Mariano Escobedo)", 
                "arrival_time": "21:09", 
                "departure_airport": "Chihuahua, Chihuahua (CUU-A. Internacional General Roberto Fierro Villalobos)", 
                "departure_time": "18:45"
            }
        ], 
        "ticket price": "2443.00", 
        "airline": "Aeromexico"
    }, 
    {
        "arrival": ", Monterrey", 
        "consult date": "10/05/2018", 
        "flight duration": "0 days 10 hours 15 minutes", 
        "plane": "", 
        "departure date": "28/06/2018", 
        "stops": "1", 
        "plane code": "", 
        "departure": ", Chihuahua", 
        "timings": [
            {
                "arrival_airport": "Ciudad de M\u00e9xico, Distrito Federal (MEX-A. Internacional de la Ciudad de M\u00e9xico)", 
                "arrival_time": "11:20", 
                "departure_airport": "Chihuahua, Chihuahua (CUU-A. Internacional General Roberto Fierro Villalobos)", 
                "departure_time": "08:15"
            }, 
            {
                "arrival_airport": "Monterrey, Nuevo Le\u00f3n (MTY-A. Internacional General Mariano Escobedo)", 
                "arrival_time": "19:30", 
                "departure_airport": "Ciudad de M\u00e9xico, Distrito Federal (MEX-A. Internacional de la Ciudad de M\u00e9xico)", 
                "departure_time": "17:50"
            }
        ], 
        "ticket price": "2755.72", 
        "airline": "Interjet"
    }, 
    {
        "arrival": ", Monterrey", 
        "consult date": "10/05/2018", 
        "flight duration": "0 days 8 hours 10 minutes", 
        "plane": "", 
        "departure date": "28/06/2018", 
        "stops": "1", 
        "plane code": "", 
        "departure": ", Chihuahua", 
        "timings": [
            {
                "arrival_airport": "Ciudad de M\u00e9xico, Distrito Federal (MEX-A. Internacional de la Ciudad de M\u00e9xico)", 
                "arrival_time": "11:20", 
                "departure_airport": "Chihuahua, Chihuahua (CUU-A. Internacional General Roberto Fierro Villalobos)", 
                "departure_time": "08:15"
            }, 
            {
                "arrival_airport": "Monterrey, Nuevo Le\u00f3n (MTY-A. Internacional General Mariano Escobedo)", 
                "arrival_time": "17:25", 
                "departure_airport": "Ciudad de M\u00e9xico, Distrito Federal (MEX-A. Internacional de la Ciudad de M\u00e9xico)", 
                "departure_time": "15:50"
            }
        ], 
        "ticket price": "2755.72", 
        "airline": "Interjet"
    }, 
    {
        "arrival": ", Monterrey", 
        "consult date": "10/05/2018", 
        "flight duration": "0 days 12 hours 55 minutes", 
        "plane": "", 
        "departure date": "28/06/2018", 
        "stops": "1", 
        "plane code": "", 
        "departure": ", Chihuahua", 
        "timings": [
            {
                "arrival_airport": "Ciudad de M\u00e9xico, Distrito Federal (MEX-A. Internacional de la Ciudad de M\u00e9xico)", 
                "arrival_time": "11:20", 
                "departure_airport": "Chihuahua, Chihuahua (CUU-A. Internacional General Roberto Fierro Villalobos)", 
                "departure_time": "08:15"
            }, 
            {
                "arrival_airport": "Monterrey, Nuevo Le\u00f3n (MTY-A. Internacional General Mariano Escobedo)", 
                "arrival_time": "22:10", 
                "departure_airport": "Ciudad de M\u00e9xico, Distrito Federal (MEX-A. Internacional de la Ciudad de M\u00e9xico)", 
                "departure_time": "20:35"
            }
        ], 
        "ticket price": "2755.72", 
        "airline": "Interjet"
    }, 
    {
        "arrival": ", Monterrey", 
        "consult date": "10/05/2018", 
        "flight duration": "0 days 5 hours 50 minutes", 
        "plane": "", 
        "departure date": "28/06/2018", 
        "stops": "1", 
        "plane code": "", 
        "departure": ", Chihuahua", 
        "timings": [
            {
                "arrival_airport": "Ciudad de M\u00e9xico, Distrito Federal (MEX-A. Internacional de la Ciudad de M\u00e9xico)", 
                "arrival_time": "11:20", 
                "departure_airport": "Chihuahua, Chihuahua (CUU-A. Internacional General Roberto Fierro Villalobos)", 
                "departure_time": "08:15"
            }, 
            {
                "arrival_airport": "Monterrey, Nuevo Le\u00f3n (MTY-A. Internacional General Mariano Escobedo)", 
                "arrival_time": "15:05", 
                "departure_airport": "Ciudad de M\u00e9xico, Distrito Federal (MEX-A. Internacional de la Ciudad de M\u00e9xico)", 
                "departure_time": "13:30"
            }
        ], 
        "ticket price": "2755.72", 
        "airline": "Interjet"
    }, 
    {
        "arrival": ", Monterrey", 
        "consult date": "10/05/2018", 
        "flight duration": "0 days 13 hours 35 minutes", 
        "plane": "", 
        "departure date": "28/06/2018", 
        "stops": "1", 
        "plane code": "", 
        "departure": ", Chihuahua", 
        "timings": [
            {
                "arrival_airport": "Ciudad de M\u00e9xico, Distrito Federal (MEX-A. Internacional de la Ciudad de M\u00e9xico)", 
                "arrival_time": "11:20", 
                "departure_airport": "Chihuahua, Chihuahua (CUU-A. Internacional General Roberto Fierro Villalobos)", 
                "departure_time": "08:15"
            }, 
            {
                "arrival_airport": "Monterrey, Nuevo Le\u00f3n (MTY-A. Internacional General Mariano Escobedo)", 
                "arrival_time": "22:50", 
                "departure_airport": "Ciudad de M\u00e9xico, Distrito Federal (MEX-A. Internacional de la Ciudad de M\u00e9xico)", 
                "departure_time": "21:15"
            }
        ], 
        "ticket price": "2755.72", 
        "airline": "Interjet"
    }, 
    {
        "arrival": ", Monterrey", 
        "consult date": "10/05/2018", 
        "flight duration": "0 days 7 hours 39 minutes", 
        "plane": "", 
        "departure date": "28/06/2018", 
        "stops": "1", 
        "plane code": "", 
        "departure": ", Chihuahua", 
        "timings": [
            {
                "arrival_airport": "Ciudad de M\u00e9xico, Distrito Federal (MEX-A. Internacional de la Ciudad de M\u00e9xico)", 
                "arrival_time": "11:37", 
                "departure_airport": "Chihuahua, Chihuahua (CUU-A. Internacional General Roberto Fierro Villalobos)", 
                "departure_time": "08:23"
            }, 
            {
                "arrival_airport": "Monterrey, Nuevo Le\u00f3n (MTY-A. Internacional General Mariano Escobedo)", 
                "arrival_time": "17:02", 
                "departure_airport": "Ciudad de M\u00e9xico, Distrito Federal (MEX-A. Internacional de la Ciudad de M\u00e9xico)", 
                "departure_time": "15:15"
            }
        ], 
        "ticket price": "2821.00", 
        "airline": "Volaris"
    }, 
    {
        "arrival": ", Monterrey", 
        "consult date": "10/05/2018", 
        "flight duration": "0 days 9 hours 24 minutes", 
        "plane": "", 
        "departure date": "28/06/2018", 
        "stops": "1", 
        "plane code": "", 
        "departure": ", Chihuahua", 
        "timings": [
            {
                "arrival_airport": "Ciudad de M\u00e9xico, Distrito Federal (MEX-A. Internacional de la Ciudad de M\u00e9xico)", 
                "arrival_time": "11:37", 
                "departure_airport": "Chihuahua, Chihuahua (CUU-A. Internacional General Roberto Fierro Villalobos)", 
                "departure_time": "08:23"
            }, 
            {
                "arrival_airport": "Monterrey, Nuevo Le\u00f3n (MTY-A. Internacional General Mariano Escobedo)", 
                "arrival_time": "18:47", 
                "departure_airport": "Ciudad de M\u00e9xico, Distrito Federal (MEX-A. Internacional de la Ciudad de M\u00e9xico)", 
                "departure_time": "17:00"
            }
        ], 
        "ticket price": "2821.00", 
        "airline": "Volaris"
    }, 
    {
        "arrival": ", Monterrey", 
        "consult date": "10/05/2018", 
        "flight duration": "0 days 12 hours 10 minutes", 
        "plane": "", 
        "departure date": "28/06/2018", 
        "stops": "1", 
        "plane code": "", 
        "departure": ", Chihuahua", 
        "timings": [
            {
                "arrival_airport": "Ciudad de M\u00e9xico, Distrito Federal (MEX-A. Internacional de la Ciudad de M\u00e9xico)", 
                "arrival_time": "11:20", 
                "departure_airport": "Chihuahua, Chihuahua (CUU-A. Internacional General Roberto Fierro Villalobos)", 
                "departure_time": "08:15"
            }, 
            {
                "arrival_airport": "Monterrey, Nuevo Le\u00f3n (MTY-A. Internacional General Mariano Escobedo)", 
                "arrival_time": "21:25", 
                "departure_airport": "Ciudad de M\u00e9xico, Distrito Federal (MEX-A. Internacional de la Ciudad de M\u00e9xico)", 
                "departure_time": "19:50"
            }
        ], 
        "ticket price": "2887.96", 
        "airline": "Interjet"
    }, 
    {
        "arrival": ", Monterrey", 
        "consult date": "10/05/2018", 
        "flight duration": "0 days 9 hours 15 minutes", 
        "plane": "", 
        "departure date": "28/06/2018", 
        "stops": "1", 
        "plane code": "", 
        "departure": ", Chihuahua", 
        "timings": [
            {
                "arrival_airport": "Ciudad de M\u00e9xico, Distrito Federal (MEX-A. Internacional de la Ciudad de M\u00e9xico)", 
                "arrival_time": "11:20", 
                "departure_airport": "Chihuahua, Chihuahua (CUU-A. Internacional General Roberto Fierro Villalobos)", 
                "departure_time": "08:15"
            }, 
            {
                "arrival_airport": "Monterrey, Nuevo Le\u00f3n (MTY-A. Internacional General Mariano Escobedo)", 
                "arrival_time": "18:30", 
                "departure_airport": "Ciudad de M\u00e9xico, Distrito Federal (MEX-A. Internacional de la Ciudad de M\u00e9xico)", 
                "departure_time": "16:50"
            }
        ], 
        "ticket price": "2887.96", 
        "airline": "Interjet"
    }, 
    {
        "arrival": ", Monterrey", 
        "consult date": "10/05/2018", 
        "flight duration": "0 days 8 hours 25 minutes", 
        "plane": "Embraer 190", 
        "departure date": "28/06/2018", 
        "stops": "1", 
        "plane code": "E90", 
        "departure": ", Chihuahua", 
        "timings": [
            {
                "arrival_airport": "Ciudad de M\u00e9xico, Distrito Federal (MEX-A. Internacional de la Ciudad de M\u00e9xico)", 
                "arrival_time": "09:35", 
                "departure_airport": "Chihuahua, Chihuahua (CUU-A. Internacional General Roberto Fierro Villalobos)", 
                "departure_time": "06:20"
            }, 
            {
                "arrival_airport": "Monterrey, Nuevo Le\u00f3n (MTY-A. Internacional General Mariano Escobedo)", 
                "arrival_time": "15:45", 
                "departure_airport": "Ciudad de M\u00e9xico, Distrito Federal (MEX-A. Internacional de la Ciudad de M\u00e9xico)", 
                "departure_time": "14:00"
            }
        ], 
        "ticket price": "3229.00", 
        "airline": "Aeromexico"
    }, 
    {
        "arrival": ", Monterrey", 
        "consult date": "10/05/2018", 
        "flight duration": "0 days 7 hours 28 minutes", 
        "plane": "Embraer 190", 
        "departure date": "28/06/2018", 
        "stops": "1", 
        "plane code": "E90", 
        "departure": ", Chihuahua", 
        "timings": [
            {
                "arrival_airport": "Ciudad de M\u00e9xico, Distrito Federal (MEX-A. Internacional de la Ciudad de M\u00e9xico)", 
                "arrival_time": "09:35", 
                "departure_airport": "Chihuahua, Chihuahua (CUU-A. Internacional General Roberto Fierro Villalobos)", 
                "departure_time": "06:20"
            }, 
            {
                "arrival_airport": "Monterrey, Nuevo Le\u00f3n (MTY-A. Internacional General Mariano Escobedo)", 
                "arrival_time": "14:48", 
                "departure_airport": "Ciudad de M\u00e9xico, Distrito Federal (MEX-A. Internacional de la Ciudad de M\u00e9xico)", 
                "departure_time": "13:05"
            }
        ], 
        "ticket price": "3229.00", 
        "airline": "Aeromexico"
    }, 
    {
        "arrival": ", Monterrey", 
        "consult date": "10/05/2018", 
        "flight duration": "0 days 6 hours 20 minutes", 
        "plane": "Embraer 190", 
        "departure date": "28/06/2018", 
        "stops": "1", 
        "plane code": "E90", 
        "departure": ", Chihuahua", 
        "timings": [
            {
                "arrival_airport": "Ciudad de M\u00e9xico, Distrito Federal (MEX-A. Internacional de la Ciudad de M\u00e9xico)", 
                "arrival_time": "09:35", 
                "departure_airport": "Chihuahua, Chihuahua (CUU-A. Internacional General Roberto Fierro Villalobos)", 
                "departure_time": "06:20"
            }, 
            {
                "arrival_airport": "Monterrey, Nuevo Le\u00f3n (MTY-A. Internacional General Mariano Escobedo)", 
                "arrival_time": "13:40", 
                "departure_airport": "Ciudad de M\u00e9xico, Distrito Federal (MEX-A. Internacional de la Ciudad de M\u00e9xico)", 
                "departure_time": "11:55"
            }
        ], 
        "ticket price": "3751.00", 
        "airline": "Aeromexico"
    }, 
    {
        "arrival": ", Monterrey", 
        "consult date": "10/05/2018", 
        "flight duration": "0 days 4 hours 37 minutes", 
        "plane": "Embraer 190", 
        "departure date": "28/06/2018", 
        "stops": "1", 
        "plane code": "E90", 
        "departure": ", Chihuahua", 
        "timings": [
            {
                "arrival_airport": "Ciudad de M\u00e9xico, Distrito Federal (MEX-A. Internacional de la Ciudad de M\u00e9xico)", 
                "arrival_time": "11:20", 
                "departure_airport": "Chihuahua, Chihuahua (CUU-A. Internacional General Roberto Fierro Villalobos)", 
                "departure_time": "08:03"
            }, 
            {
                "arrival_airport": "Monterrey, Nuevo Le\u00f3n (MTY-A. Internacional General Mariano Escobedo)", 
                "arrival_time": "13:40", 
                "departure_airport": "Ciudad de M\u00e9xico, Distrito Federal (MEX-A. Internacional de la Ciudad de M\u00e9xico)", 
                "departure_time": "11:55"
            }
        ], 
        "ticket price": "5233.00", 
        "airline": "Aeromexico"
    }, 
    {
        "arrival": ", Monterrey", 
        "consult date": "10/05/2018", 
        "flight duration": "0 days 6 hours 42 minutes", 
        "plane": "Embraer 190", 
        "departure date": "28/06/2018", 
        "stops": "1", 
        "plane code": "E90", 
        "departure": ", Chihuahua", 
        "timings": [
            {
                "arrival_airport": "Ciudad de M\u00e9xico, Distrito Federal (MEX-A. Internacional de la Ciudad de M\u00e9xico)", 
                "arrival_time": "11:20", 
                "departure_airport": "Chihuahua, Chihuahua (CUU-A. Internacional General Roberto Fierro Villalobos)", 
                "departure_time": "08:03"
            }, 
            {
                "arrival_airport": "Monterrey, Nuevo Le\u00f3n (MTY-A. Internacional General Mariano Escobedo)", 
                "arrival_time": "15:45", 
                "departure_airport": "Ciudad de M\u00e9xico, Distrito Federal (MEX-A. Internacional de la Ciudad de M\u00e9xico)", 
                "departure_time": "14:00"
            }
        ], 
        "ticket price": "5233.00", 
        "airline": "Aeromexico"
    }, 
    {
        "arrival": ", Monterrey", 
        "consult date": "10/05/2018", 
        "flight duration": "0 days 5 hours 45 minutes", 
        "plane": "Embraer 190", 
        "departure date": "28/06/2018", 
        "stops": "1", 
        "plane code": "E90", 
        "departure": ", Chihuahua", 
        "timings": [
            {
                "arrival_airport": "Ciudad de M\u00e9xico, Distrito Federal (MEX-A. Internacional de la Ciudad de M\u00e9xico)", 
                "arrival_time": "11:20", 
                "departure_airport": "Chihuahua, Chihuahua (CUU-A. Internacional General Roberto Fierro Villalobos)", 
                "departure_time": "08:03"
            }, 
            {
                "arrival_airport": "Monterrey, Nuevo Le\u00f3n (MTY-A. Internacional General Mariano Escobedo)", 
                "arrival_time": "14:48", 
                "departure_airport": "Ciudad de M\u00e9xico, Distrito Federal (MEX-A. Internacional de la Ciudad de M\u00e9xico)", 
                "departure_time": "13:05"
            }
        ], 
        "ticket price": "5233.00", 
        "airline": "Aeromexico"
    }, 
    {
        "arrival": ", Monterrey", 
        "consult date": "10/05/2018", 
        "flight duration": "0 days 5 hours 35 minutes", 
        "plane": "Embraer 190", 
        "departure date": "28/06/2018", 
        "stops": "1", 
        "plane code": "E90", 
        "departure": ", Chihuahua", 
        "timings": [
            {
                "arrival_airport": "Ciudad de M\u00e9xico, Distrito Federal (MEX-A. Internacional de la Ciudad de M\u00e9xico)", 
                "arrival_time": "09:35", 
                "departure_airport": "Chihuahua, Chihuahua (CUU-A. Internacional General Roberto Fierro Villalobos)", 
                "departure_time": "06:20"
            }, 
            {
                "arrival_airport": "Monterrey, Nuevo Le\u00f3n (MTY-A. Internacional General Mariano Escobedo)", 
                "arrival_time": "12:55", 
                "departure_airport": "Ciudad de M\u00e9xico, Distrito Federal (MEX-A. Internacional de la Ciudad de M\u00e9xico)", 
                "departure_time": "11:10"
            }
        ], 
        "ticket price": "5233.00", 
        "airline": "Aeromexico"
    }, 
    {
        "arrival": ", Monterrey", 
        "consult date": "10/05/2018", 
        "flight duration": "0 days 7 hours 42 minutes", 
        "plane": "Embraer 190", 
        "departure date": "28/06/2018", 
        "stops": "1", 
        "plane code": "E90", 
        "departure": ", Chihuahua", 
        "timings": [
            {
                "arrival_airport": "Ciudad de M\u00e9xico, Distrito Federal (MEX-A. Internacional de la Ciudad de M\u00e9xico)", 
                "arrival_time": "11:20", 
                "departure_airport": "Chihuahua, Chihuahua (CUU-A. Internacional General Roberto Fierro Villalobos)", 
                "departure_time": "08:03"
            }, 
            {
                "arrival_airport": "Monterrey, Nuevo Le\u00f3n (MTY-A. Internacional General Mariano Escobedo)", 
                "arrival_time": "16:45", 
                "departure_airport": "Ciudad de M\u00e9xico, Distrito Federal (MEX-A. Internacional de la Ciudad de M\u00e9xico)", 
                "departure_time": "15:00"
            }
        ], 
        "ticket price": "5987.00", 
        "airline": "Aeromexico"
    }, 
    {
        "arrival": ", Monterrey", 
        "consult date": "10/05/2018", 
        "flight duration": "0 days 9 hours 50 minutes", 
        "plane": "Embraer 190", 
        "departure date": "28/06/2018", 
        "stops": "2", 
        "plane code": "E90", 
        "departure": ", Chihuahua", 
        "timings": [
            {
                "arrival_airport": "Ciudad de M\u00e9xico, Distrito Federal (MEX-A. Internacional de la Ciudad de M\u00e9xico)", 
                "arrival_time": "09:35", 
                "departure_airport": "Chihuahua, Chihuahua (CUU-A. Internacional General Roberto Fierro Villalobos)", 
                "departure_time": "06:20"
            }, 
            {
                "arrival_airport": "Guadalajara, Jalisco (GDL-Don Miguel Hidalgo y Costilla Intl.)", 
                "arrival_time": "13:40", 
                "departure_airport": "Ciudad de M\u00e9xico, Distrito Federal (MEX-A. Internacional de la Ciudad de M\u00e9xico)", 
                "departure_time": "12:05"
            }, 
            {
                "arrival_airport": "Monterrey, Nuevo Le\u00f3n (MTY-A. Internacional General Mariano Escobedo)", 
                "arrival_time": "17:10", 
                "departure_airport": "Guadalajara, Jalisco (GDL-Don Miguel Hidalgo y Costilla Intl.)", 
                "departure_time": "15:30"
            }
        ], 
        "ticket price": "8039.00", 
        "airline": "Aeromexico"
    }, 
    {
        "arrival": ", Monterrey", 
        "consult date": "10/05/2018", 
        "flight duration": "0 days 9 hours 50 minutes", 
        "plane": "Embraer 190", 
        "departure date": "28/06/2018", 
        "stops": "2", 
        "plane code": "E90", 
        "departure": ", Chihuahua", 
        "timings": [
            {
                "arrival_airport": "Ciudad de M\u00e9xico, Distrito Federal (MEX-A. Internacional de la Ciudad de M\u00e9xico)", 
                "arrival_time": "09:35", 
                "departure_airport": "Chihuahua, Chihuahua (CUU-A. Internacional General Roberto Fierro Villalobos)", 
                "departure_time": "06:20"
            }, 
            {
                "arrival_airport": "Guadalajara, Jalisco (GDL-Don Miguel Hidalgo y Costilla Intl.)", 
                "arrival_time": "12:49", 
                "departure_airport": "Ciudad de M\u00e9xico, Distrito Federal (MEX-A. Internacional de la Ciudad de M\u00e9xico)", 
                "departure_time": "11:00"
            }, 
            {
                "arrival_airport": "Monterrey, Nuevo Le\u00f3n (MTY-A. Internacional General Mariano Escobedo)", 
                "arrival_time": "17:10", 
                "departure_airport": "Guadalajara, Jalisco (GDL-Don Miguel Hidalgo y Costilla Intl.)", 
                "departure_time": "15:30"
            }
        ], 
        "ticket price": "8039.00", 
        "airline": "Aeromexico"
    }, 
    {
        "arrival": ", Monterrey", 
        "consult date": "10/05/2018", 
        "flight duration": "0 days 9 hours 50 minutes", 
        "plane": "Embraer 190", 
        "departure date": "28/06/2018", 
        "stops": "2", 
        "plane code": "E90", 
        "departure": ", Chihuahua", 
        "timings": [
            {
                "arrival_airport": "Ciudad de M\u00e9xico, Distrito Federal (MEX-A. Internacional de la Ciudad de M\u00e9xico)", 
                "arrival_time": "09:35", 
                "departure_airport": "Chihuahua, Chihuahua (CUU-A. Internacional General Roberto Fierro Villalobos)", 
                "departure_time": "06:20"
            }, 
            {
                "arrival_airport": "Guadalajara, Jalisco (GDL-Don Miguel Hidalgo y Costilla Intl.)", 
                "arrival_time": "14:14", 
                "departure_airport": "Ciudad de M\u00e9xico, Distrito Federal (MEX-A. Internacional de la Ciudad de M\u00e9xico)", 
                "departure_time": "13:00"
            }, 
            {
                "arrival_airport": "Monterrey, Nuevo Le\u00f3n (MTY-A. Internacional General Mariano Escobedo)", 
                "arrival_time": "17:10", 
                "departure_airport": "Guadalajara, Jalisco (GDL-Don Miguel Hidalgo y Costilla Intl.)", 
                "departure_time": "15:30"
            }
        ], 
        "ticket price": "8039.00", 
        "airline": "Aeromexico"
    }, 
    {
        "arrival": ", Monterrey", 
        "consult date": "10/05/2018", 
        "flight duration": "0 days 8 hours 7 minutes", 
        "plane": "Embraer 190", 
        "departure date": "28/06/2018", 
        "stops": "2", 
        "plane code": "E90", 
        "departure": ", Chihuahua", 
        "timings": [
            {
                "arrival_airport": "Ciudad de M\u00e9xico, Distrito Federal (MEX-A. Internacional de la Ciudad de M\u00e9xico)", 
                "arrival_time": "11:20", 
                "departure_airport": "Chihuahua, Chihuahua (CUU-A. Internacional General Roberto Fierro Villalobos)", 
                "departure_time": "08:03"
            }, 
            {
                "arrival_airport": "Guadalajara, Jalisco (GDL-Don Miguel Hidalgo y Costilla Intl.)", 
                "arrival_time": "13:40", 
                "departure_airport": "Ciudad de M\u00e9xico, Distrito Federal (MEX-A. Internacional de la Ciudad de M\u00e9xico)", 
                "departure_time": "12:05"
            }, 
            {
                "arrival_airport": "Monterrey, Nuevo Le\u00f3n (MTY-A. Internacional General Mariano Escobedo)", 
                "arrival_time": "17:10", 
                "departure_airport": "Guadalajara, Jalisco (GDL-Don Miguel Hidalgo y Costilla Intl.)", 
                "departure_time": "15:30"
            }
        ], 
        "ticket price": "8039.00", 
        "airline": "Aeromexico"
    }, 
    {
        "arrival": ", Monterrey", 
        "consult date": "10/05/2018", 
        "flight duration": "0 days 4 hours 39 minutes", 
        "plane": "Embraer 190", 
        "departure date": "28/06/2018", 
        "stops": "1", 
        "plane code": "E90", 
        "departure": ", Chihuahua", 
        "timings": [
            {
                "arrival_airport": "Ciudad de M\u00e9xico, Distrito Federal (MEX-A. Internacional de la Ciudad de M\u00e9xico)", 
                "arrival_time": "18:20", 
                "departure_airport": "Chihuahua, Chihuahua (CUU-A. Internacional General Roberto Fierro Villalobos)", 
                "departure_time": "15:03"
            }, 
            {
                "arrival_airport": "Monterrey, Nuevo Le\u00f3n (MTY-A. Internacional General Mariano Escobedo)", 
                "arrival_time": "20:42", 
                "departure_airport": "Ciudad de M\u00e9xico, Distrito Federal (MEX-A. Internacional de la Ciudad de M\u00e9xico)", 
                "departure_time": "19:00"
            }
        ], 
        "ticket price": "8806.00", 
        "airline": "Aeromexico"
    }, 
    {
        "arrival": ", Monterrey", 
        "consult date": "10/05/2018", 
        "flight duration": "0 days 6 hours 42 minutes", 
        "plane": "Embraer 190", 
        "departure date": "28/06/2018", 
        "stops": "1", 
        "plane code": "E90", 
        "departure": ", Chihuahua", 
        "timings": [
            {
                "arrival_airport": "Ciudad de M\u00e9xico, Distrito Federal (MEX-A. Internacional de la Ciudad de M\u00e9xico)", 
                "arrival_time": "18:20", 
                "departure_airport": "Chihuahua, Chihuahua (CUU-A. Internacional General Roberto Fierro Villalobos)", 
                "departure_time": "15:03"
            }, 
            {
                "arrival_airport": "Monterrey, Nuevo Le\u00f3n (MTY-A. Internacional General Mariano Escobedo)", 
                "arrival_time": "22:45", 
                "departure_airport": "Ciudad de M\u00e9xico, Distrito Federal (MEX-A. Internacional de la Ciudad de M\u00e9xico)", 
                "departure_time": "21:00"
            }
        ], 
        "ticket price": "9241.00", 
        "airline": "Aeromexico"
    }
]