[
    {
        "arrival": ", San Jos\u00e9 del Cabo", 
        "consult date": "10/05/2018", 
        "flight duration": "0 days 6 hours 26 minutes", 
        "plane": "", 
        "departure date": "26/09/2018", 
        "stops": "1", 
        "plane code": "", 
        "departure": ", Chihuahua", 
        "timings": [
            {
                "arrival_airport": "Ciudad de M\u00e9xico, Distrito Federal (MEX-A. Internacional de la Ciudad de M\u00e9xico)", 
                "arrival_time": "11:37", 
                "departure_airport": "Chihuahua, Chihuahua (CUU-A. Internacional General Roberto Fierro Villalobos)", 
                "departure_time": "08:23"
            }, 
            {
                "arrival_airport": "San Jos\u00e9 del Cabo, Baja California Sur (SJD-A. Internacional de Los Cabos)", 
                "arrival_time": "14:49", 
                "departure_airport": "Ciudad de M\u00e9xico, Distrito Federal (MEX-A. Internacional de la Ciudad de M\u00e9xico)", 
                "departure_time": "13:28"
            }
        ], 
        "ticket price": "3001.00", 
        "airline": "Volaris"
    }, 
    {
        "arrival": ", San Jos\u00e9 del Cabo", 
        "consult date": "10/05/2018", 
        "flight duration": "0 days 5 hours 25 minutes", 
        "plane": "", 
        "departure date": "26/09/2018", 
        "stops": "1", 
        "plane code": "", 
        "departure": ", Chihuahua", 
        "timings": [
            {
                "arrival_airport": "Guadalajara, Jalisco (GDL-Don Miguel Hidalgo y Costilla Intl.)", 
                "arrival_time": "12:05", 
                "departure_airport": "Chihuahua, Chihuahua (CUU-A. Internacional General Roberto Fierro Villalobos)", 
                "departure_time": "09:20"
            }, 
            {
                "arrival_airport": "San Jos\u00e9 del Cabo, Baja California Sur (SJD-A. Internacional de Los Cabos)", 
                "arrival_time": "14:45", 
                "departure_airport": "Guadalajara, Jalisco (GDL-Don Miguel Hidalgo y Costilla Intl.)", 
                "departure_time": "14:15"
            }
        ], 
        "ticket price": "3037.34", 
        "airline": "Interjet"
    }, 
    {
        "arrival": ", San Jos\u00e9 del Cabo", 
        "consult date": "10/05/2018", 
        "flight duration": "0 days 6 hours 2 minutes", 
        "plane": "Embraer 190", 
        "departure date": "26/09/2018", 
        "stops": "1", 
        "plane code": "E90", 
        "departure": ", Chihuahua", 
        "timings": [
            {
                "arrival_airport": "Ciudad de M\u00e9xico, Distrito Federal (MEX-A. Internacional de la Ciudad de M\u00e9xico)", 
                "arrival_time": "20:40", 
                "departure_airport": "Chihuahua, Chihuahua (CUU-A. Internacional General Roberto Fierro Villalobos)", 
                "departure_time": "17:23"
            }, 
            {
                "arrival_airport": "San Jos\u00e9 del Cabo, Baja California Sur (SJD-A. Internacional de Los Cabos)", 
                "arrival_time": "23:25", 
                "departure_airport": "Ciudad de M\u00e9xico, Distrito Federal (MEX-A. Internacional de la Ciudad de M\u00e9xico)", 
                "departure_time": "22:05"
            }
        ], 
        "ticket price": "3563.00", 
        "airline": "Aeromexico"
    }, 
    {
        "arrival": ", San Jos\u00e9 del Cabo", 
        "consult date": "10/05/2018", 
        "flight duration": "0 days 8 hours 32 minutes", 
        "plane": "Embraer 190", 
        "departure date": "26/09/2018", 
        "stops": "1", 
        "plane code": "E90", 
        "departure": ", Chihuahua", 
        "timings": [
            {
                "arrival_airport": "Ciudad de M\u00e9xico, Distrito Federal (MEX-A. Internacional de la Ciudad de M\u00e9xico)", 
                "arrival_time": "18:10", 
                "departure_airport": "Chihuahua, Chihuahua (CUU-A. Internacional General Roberto Fierro Villalobos)", 
                "departure_time": "14:53"
            }, 
            {
                "arrival_airport": "San Jos\u00e9 del Cabo, Baja California Sur (SJD-A. Internacional de Los Cabos)", 
                "arrival_time": "23:25", 
                "departure_airport": "Ciudad de M\u00e9xico, Distrito Federal (MEX-A. Internacional de la Ciudad de M\u00e9xico)", 
                "departure_time": "22:05"
            }
        ], 
        "ticket price": "3563.00", 
        "airline": "Aeromexico"
    }, 
    {
        "arrival": ", San Jos\u00e9 del Cabo", 
        "consult date": "10/05/2018", 
        "flight duration": "0 days 8 hours 12 minutes", 
        "plane": "Embraer 190", 
        "departure date": "26/09/2018", 
        "stops": "1", 
        "plane code": "E90", 
        "departure": ", Chihuahua", 
        "timings": [
            {
                "arrival_airport": "Ciudad de M\u00e9xico, Distrito Federal (MEX-A. Internacional de la Ciudad de M\u00e9xico)", 
                "arrival_time": "11:20", 
                "departure_airport": "Chihuahua, Chihuahua (CUU-A. Internacional General Roberto Fierro Villalobos)", 
                "departure_time": "08:03"
            }, 
            {
                "arrival_airport": "San Jos\u00e9 del Cabo, Baja California Sur (SJD-A. Internacional de Los Cabos)", 
                "arrival_time": "16:15", 
                "departure_airport": "Ciudad de M\u00e9xico, Distrito Federal (MEX-A. Internacional de la Ciudad de M\u00e9xico)", 
                "departure_time": "14:55"
            }
        ], 
        "ticket price": "3853.00", 
        "airline": "Aeromexico"
    }, 
    {
        "arrival": ", San Jos\u00e9 del Cabo", 
        "consult date": "10/05/2018", 
        "flight duration": "0 days 5 hours 25 minutes", 
        "plane": "Embraer 190", 
        "departure date": "26/09/2018", 
        "stops": "1", 
        "plane code": "E90", 
        "departure": ", Chihuahua", 
        "timings": [
            {
                "arrival_airport": "Ciudad de M\u00e9xico, Distrito Federal (MEX-A. Internacional de la Ciudad de M\u00e9xico)", 
                "arrival_time": "09:30", 
                "departure_airport": "Chihuahua, Chihuahua (CUU-A. Internacional General Roberto Fierro Villalobos)", 
                "departure_time": "06:15"
            }, 
            {
                "arrival_airport": "San Jos\u00e9 del Cabo, Baja California Sur (SJD-A. Internacional de Los Cabos)", 
                "arrival_time": "11:40", 
                "departure_airport": "Ciudad de M\u00e9xico, Distrito Federal (MEX-A. Internacional de la Ciudad de M\u00e9xico)", 
                "departure_time": "10:20"
            }
        ], 
        "ticket price": "4491.00", 
        "airline": "Aeromexico"
    }, 
    {
        "arrival": ", San Jos\u00e9 del Cabo", 
        "consult date": "10/05/2018", 
        "flight duration": "0 days 8 hours 54 minutes", 
        "plane": "EMBRAER 170", 
        "departure date": "26/09/2018", 
        "stops": "2", 
        "plane code": "E70", 
        "departure": ", Chihuahua", 
        "timings": [
            {
                "arrival_airport": "Monterrey, Nuevo Le\u00f3n (MTY-A. Internacional General Mariano Escobedo)", 
                "arrival_time": "16:55", 
                "departure_airport": "Chihuahua, Chihuahua (CUU-A. Internacional General Roberto Fierro Villalobos)", 
                "departure_time": "14:31"
            }, 
            {
                "arrival_airport": "Ciudad de M\u00e9xico, Distrito Federal (MEX-A. Internacional de la Ciudad de M\u00e9xico)", 
                "arrival_time": "19:50", 
                "departure_airport": "Monterrey, Nuevo Le\u00f3n (MTY-A. Internacional General Mariano Escobedo)", 
                "departure_time": "18:13"
            }, 
            {
                "arrival_airport": "San Jos\u00e9 del Cabo, Baja California Sur (SJD-A. Internacional de Los Cabos)", 
                "arrival_time": "23:25", 
                "departure_airport": "Ciudad de M\u00e9xico, Distrito Federal (MEX-A. Internacional de la Ciudad de M\u00e9xico)", 
                "departure_time": "22:05"
            }
        ], 
        "ticket price": "4508.00", 
        "airline": "Aeromexico"
    }, 
    {
        "arrival": ", San Jos\u00e9 del Cabo", 
        "consult date": "10/05/2018", 
        "flight duration": "0 days 14 hours 5 minutes", 
        "plane": "EMBRAER 170", 
        "departure date": "26/09/2018", 
        "stops": "2", 
        "plane code": "E70", 
        "departure": ", Chihuahua", 
        "timings": [
            {
                "arrival_airport": "Monterrey, Nuevo Le\u00f3n (MTY-A. Internacional General Mariano Escobedo)", 
                "arrival_time": "11:44", 
                "departure_airport": "Chihuahua, Chihuahua (CUU-A. Internacional General Roberto Fierro Villalobos)", 
                "departure_time": "09:20"
            }, 
            {
                "arrival_airport": "Ciudad de M\u00e9xico, Distrito Federal (MEX-A. Internacional de la Ciudad de M\u00e9xico)", 
                "arrival_time": "17:55", 
                "departure_airport": "Monterrey, Nuevo Le\u00f3n (MTY-A. Internacional General Mariano Escobedo)", 
                "departure_time": "16:20"
            }, 
            {
                "arrival_airport": "San Jos\u00e9 del Cabo, Baja California Sur (SJD-A. Internacional de Los Cabos)", 
                "arrival_time": "23:25", 
                "departure_airport": "Ciudad de M\u00e9xico, Distrito Federal (MEX-A. Internacional de la Ciudad de M\u00e9xico)", 
                "departure_time": "22:05"
            }
        ], 
        "ticket price": "4508.00", 
        "airline": "Aeromexico"
    }, 
    {
        "arrival": ", San Jos\u00e9 del Cabo", 
        "consult date": "10/05/2018", 
        "flight duration": "0 days 8 hours 54 minutes", 
        "plane": "EMBRAER 170", 
        "departure date": "26/09/2018", 
        "stops": "2", 
        "plane code": "E70", 
        "departure": ", Chihuahua", 
        "timings": [
            {
                "arrival_airport": "Monterrey, Nuevo Le\u00f3n (MTY-A. Internacional General Mariano Escobedo)", 
                "arrival_time": "16:55", 
                "departure_airport": "Chihuahua, Chihuahua (CUU-A. Internacional General Roberto Fierro Villalobos)", 
                "departure_time": "14:31"
            }, 
            {
                "arrival_airport": "Ciudad de M\u00e9xico, Distrito Federal (MEX-A. Internacional de la Ciudad de M\u00e9xico)", 
                "arrival_time": "20:55", 
                "departure_airport": "Monterrey, Nuevo Le\u00f3n (MTY-A. Internacional General Mariano Escobedo)", 
                "departure_time": "19:13"
            }, 
            {
                "arrival_airport": "San Jos\u00e9 del Cabo, Baja California Sur (SJD-A. Internacional de Los Cabos)", 
                "arrival_time": "23:25", 
                "departure_airport": "Ciudad de M\u00e9xico, Distrito Federal (MEX-A. Internacional de la Ciudad de M\u00e9xico)", 
                "departure_time": "22:05"
            }
        ], 
        "ticket price": "4508.00", 
        "airline": "Aeromexico"
    }, 
    {
        "arrival": ", San Jos\u00e9 del Cabo", 
        "consult date": "10/05/2018", 
        "flight duration": "0 days 8 hours 54 minutes", 
        "plane": "EMBRAER 170", 
        "departure date": "26/09/2018", 
        "stops": "2", 
        "plane code": "E70", 
        "departure": ", Chihuahua", 
        "timings": [
            {
                "arrival_airport": "Monterrey, Nuevo Le\u00f3n (MTY-A. Internacional General Mariano Escobedo)", 
                "arrival_time": "16:55", 
                "departure_airport": "Chihuahua, Chihuahua (CUU-A. Internacional General Roberto Fierro Villalobos)", 
                "departure_time": "14:31"
            }, 
            {
                "arrival_airport": "Ciudad de M\u00e9xico, Distrito Federal (MEX-A. Internacional de la Ciudad de M\u00e9xico)", 
                "arrival_time": "21:25", 
                "departure_airport": "Monterrey, Nuevo Le\u00f3n (MTY-A. Internacional General Mariano Escobedo)", 
                "departure_time": "19:45"
            }, 
            {
                "arrival_airport": "San Jos\u00e9 del Cabo, Baja California Sur (SJD-A. Internacional de Los Cabos)", 
                "arrival_time": "23:25", 
                "departure_airport": "Ciudad de M\u00e9xico, Distrito Federal (MEX-A. Internacional de la Ciudad de M\u00e9xico)", 
                "departure_time": "22:05"
            }
        ], 
        "ticket price": "4508.00", 
        "airline": "Aeromexico"
    }, 
    {
        "arrival": ", San Jos\u00e9 del Cabo", 
        "consult date": "10/05/2018", 
        "flight duration": "0 days 8 hours 54 minutes", 
        "plane": "EMBRAER 170", 
        "departure date": "26/09/2018", 
        "stops": "3", 
        "plane code": "E70", 
        "departure": ", Chihuahua", 
        "timings": [
            {
                "arrival_airport": "Monterrey, Nuevo Le\u00f3n (MTY-A. Internacional General Mariano Escobedo)", 
                "arrival_time": "16:55", 
                "departure_airport": "Chihuahua, Chihuahua (CUU-A. Internacional General Roberto Fierro Villalobos)", 
                "departure_time": "14:31"
            }, 
            {
                "arrival_airport": "Veracruz, Veracruz (VER-A. Internacional General Heriberto Jara)", 
                "arrival_time": "18:57", 
                "departure_airport": "Monterrey, Nuevo Le\u00f3n (MTY-A. Internacional General Mariano Escobedo)", 
                "departure_time": "17:25"
            }, 
            {
                "arrival_airport": "Ciudad de M\u00e9xico, Distrito Federal (MEX-A. Internacional de la Ciudad de M\u00e9xico)", 
                "arrival_time": "21:15", 
                "departure_airport": "Veracruz, Veracruz (VER-A. Internacional General Heriberto Jara)", 
                "departure_time": "19:58"
            }, 
            {
                "arrival_airport": "San Jos\u00e9 del Cabo, Baja California Sur (SJD-A. Internacional de Los Cabos)", 
                "arrival_time": "23:25", 
                "departure_airport": "Ciudad de M\u00e9xico, Distrito Federal (MEX-A. Internacional de la Ciudad de M\u00e9xico)", 
                "departure_time": "22:05"
            }
        ], 
        "ticket price": "5517.00", 
        "airline": "Aeromexico"
    }
]