[
    {
        "arrival": ", Hermosillo", 
        "consult date": "10/05/2018", 
        "flight duration": "0 days 10 hours 0 minutes", 
        "plane": "", 
        "departure date": "08/12/2018", 
        "stops": "1", 
        "plane code": "", 
        "departure": ", Chihuahua", 
        "timings": [
            {
                "arrival_airport": "Guadalajara, Jalisco (GDL-Don Miguel Hidalgo y Costilla Intl.)", 
                "arrival_time": "12:05", 
                "departure_airport": "Chihuahua, Chihuahua (CUU-A. Internacional General Roberto Fierro Villalobos)", 
                "departure_time": "09:20"
            }, 
            {
                "arrival_airport": "Hermosillo, Sonora (HMO-A. Internacional General Ignacio Pesqueira Garc\u00eda)", 
                "arrival_time": "18:20", 
                "departure_airport": "Guadalajara, Jalisco (GDL-Don Miguel Hidalgo y Costilla Intl.)", 
                "departure_time": "18:15"
            }
        ], 
        "ticket price": "3046.48", 
        "airline": "Interjet"
    }, 
    {
        "arrival": ", Hermosillo", 
        "consult date": "10/05/2018", 
        "flight duration": "1 days 9 hours 50 minutes", 
        "plane": "", 
        "departure date": "08/12/2018", 
        "stops": "1", 
        "plane code": "", 
        "departure": ", Chihuahua", 
        "timings": [
            {
                "arrival_airport": "Ciudad de M\u00e9xico, Distrito Federal (MEX-A. Internacional de la Ciudad de M\u00e9xico)", 
                "arrival_time": "00:49", 
                "departure_airport": "Chihuahua, Chihuahua (CUU-A. Internacional General Roberto Fierro Villalobos)", 
                "departure_time": "21:35"
            }, 
            {
                "arrival_airport": "Hermosillo, Sonora (HMO-A. Internacional General Ignacio Pesqueira Garc\u00eda)", 
                "arrival_time": "06:25", 
                "departure_airport": "Ciudad de M\u00e9xico, Distrito Federal (MEX-A. Internacional de la Ciudad de M\u00e9xico)", 
                "departure_time": "05:30"
            }
        ], 
        "ticket price": "4802.00", 
        "airline": "Volaris"
    }, 
    {
        "arrival": ", Hermosillo", 
        "consult date": "10/05/2018", 
        "flight duration": "0 days 11 hours 32 minutes", 
        "plane": "", 
        "departure date": "08/12/2018", 
        "stops": "1", 
        "plane code": "", 
        "departure": ", Chihuahua", 
        "timings": [
            {
                "arrival_airport": "Ciudad de M\u00e9xico, Distrito Federal (MEX-A. Internacional de la Ciudad de M\u00e9xico)", 
                "arrival_time": "11:37", 
                "departure_airport": "Chihuahua, Chihuahua (CUU-A. Internacional General Roberto Fierro Villalobos)", 
                "departure_time": "08:23"
            }, 
            {
                "arrival_airport": "Hermosillo, Sonora (HMO-A. Internacional General Ignacio Pesqueira Garc\u00eda)", 
                "arrival_time": "18:55", 
                "departure_airport": "Ciudad de M\u00e9xico, Distrito Federal (MEX-A. Internacional de la Ciudad de M\u00e9xico)", 
                "departure_time": "18:00"
            }
        ], 
        "ticket price": "5522.00", 
        "airline": "Volaris"
    }, 
    {
        "arrival": ", Hermosillo", 
        "consult date": "10/05/2018", 
        "flight duration": "0 days 10 hours 35 minutes", 
        "plane": "", 
        "departure date": "08/12/2018", 
        "stops": "1", 
        "plane code": "", 
        "departure": ", Chihuahua", 
        "timings": [
            {
                "arrival_airport": "Guadalajara, Jalisco (GDL-Don Miguel Hidalgo y Costilla Intl.)", 
                "arrival_time": "11:25", 
                "departure_airport": "Chihuahua, Chihuahua (CUU-A. Internacional General Roberto Fierro Villalobos)", 
                "departure_time": "08:36"
            }, 
            {
                "arrival_airport": "Hermosillo, Sonora (HMO-A. Internacional General Ignacio Pesqueira Garc\u00eda)", 
                "arrival_time": "18:11", 
                "departure_airport": "Guadalajara, Jalisco (GDL-Don Miguel Hidalgo y Costilla Intl.)", 
                "departure_time": "17:50"
            }
        ], 
        "ticket price": "5522.00", 
        "airline": "Volaris"
    }, 
    {
        "arrival": ", Hermosillo", 
        "consult date": "10/05/2018", 
        "flight duration": "0 days 9 hours 50 minutes", 
        "plane": "", 
        "departure date": "08/12/2018", 
        "stops": "1", 
        "plane code": "", 
        "departure": ", Chihuahua", 
        "timings": [
            {
                "arrival_airport": "Ciudad de M\u00e9xico, Distrito Federal (MEX-A. Internacional de la Ciudad de M\u00e9xico)", 
                "arrival_time": "11:20", 
                "departure_airport": "Chihuahua, Chihuahua (CUU-A. Internacional General Roberto Fierro Villalobos)", 
                "departure_time": "08:15"
            }, 
            {
                "arrival_airport": "Hermosillo, Sonora (HMO-A. Internacional General Ignacio Pesqueira Garc\u00eda)", 
                "arrival_time": "17:05", 
                "departure_airport": "Ciudad de M\u00e9xico, Distrito Federal (MEX-A. Internacional de la Ciudad de M\u00e9xico)", 
                "departure_time": "16:15"
            }
        ], 
        "ticket price": "7428.06", 
        "airline": "Interjet"
    }
]