[
    {
        "arrival": ", Mazatl\u00e1n", 
        "consult date": "10/05/2018", 
        "flight duration": "0 days 8 hours 2 minutes", 
        "plane": "Embraer 190", 
        "departure date": "04/09/2018", 
        "stops": "1", 
        "plane code": "E90", 
        "departure": ", Chihuahua", 
        "timings": [
            {
                "arrival_airport": "Ciudad de M\u00e9xico, Distrito Federal (MEX-A. Internacional de la Ciudad de M\u00e9xico)", 
                "arrival_time": "18:10", 
                "departure_airport": "Chihuahua, Chihuahua (CUU-A. Internacional General Roberto Fierro Villalobos)", 
                "departure_time": "14:57"
            }, 
            {
                "arrival_airport": "Mazatl\u00e1n, Sinaloa (MZT-A. Internacional General Rafael Buelna)", 
                "arrival_time": "22:59", 
                "departure_airport": "Ciudad de M\u00e9xico, Distrito Federal (MEX-A. Internacional de la Ciudad de M\u00e9xico)", 
                "departure_time": "22:15"
            }
        ], 
        "ticket price": "11944.73", 
        "airline": "Aeromexico"
    }, 
    {
        "arrival": ", Mazatl\u00e1n", 
        "consult date": "10/05/2018", 
        "flight duration": "0 days 5 hours 47 minutes", 
        "plane": "Embraer 190", 
        "departure date": "04/09/2018", 
        "stops": "1", 
        "plane code": "E90", 
        "departure": ", Chihuahua", 
        "timings": [
            {
                "arrival_airport": "Ciudad de M\u00e9xico, Distrito Federal (MEX-A. Internacional de la Ciudad de M\u00e9xico)", 
                "arrival_time": "20:25", 
                "departure_airport": "Chihuahua, Chihuahua (CUU-A. Internacional General Roberto Fierro Villalobos)", 
                "departure_time": "17:12"
            }, 
            {
                "arrival_airport": "Mazatl\u00e1n, Sinaloa (MZT-A. Internacional General Rafael Buelna)", 
                "arrival_time": "22:59", 
                "departure_airport": "Ciudad de M\u00e9xico, Distrito Federal (MEX-A. Internacional de la Ciudad de M\u00e9xico)", 
                "departure_time": "22:15"
            }
        ], 
        "ticket price": "11944.73", 
        "airline": "Aeromexico"
    }, 
    {
        "arrival": ", Mazatl\u00e1n", 
        "consult date": "10/05/2018", 
        "flight duration": "0 days 5 hours 4 minutes", 
        "plane": "Embraer 190", 
        "departure date": "04/09/2018", 
        "stops": "1", 
        "plane code": "E90", 
        "departure": ", Chihuahua", 
        "timings": [
            {
                "arrival_airport": "Ciudad de M\u00e9xico, Distrito Federal (MEX-A. Internacional de la Ciudad de M\u00e9xico)", 
                "arrival_time": "09:10", 
                "departure_airport": "Chihuahua, Chihuahua (CUU-A. Internacional General Roberto Fierro Villalobos)", 
                "departure_time": "06:00"
            }, 
            {
                "arrival_airport": "Mazatl\u00e1n, Sinaloa (MZT-A. Internacional General Rafael Buelna)", 
                "arrival_time": "11:04", 
                "departure_airport": "Ciudad de M\u00e9xico, Distrito Federal (MEX-A. Internacional de la Ciudad de M\u00e9xico)", 
                "departure_time": "10:20"
            }
        ], 
        "ticket price": "11944.73", 
        "airline": "Aeromexico"
    }, 
    {
        "arrival": ", Mazatl\u00e1n", 
        "consult date": "10/05/2018", 
        "flight duration": "0 days 8 hours 17 minutes", 
        "plane": "Embraer 190", 
        "departure date": "04/09/2018", 
        "stops": "2", 
        "plane code": "E90", 
        "departure": ", Chihuahua", 
        "timings": [
            {
                "arrival_airport": "Monterrey, Nuevo Le\u00f3n (MTY-A. Internacional General Mariano Escobedo)", 
                "arrival_time": "11:49", 
                "departure_airport": "Chihuahua, Chihuahua (CUU-A. Internacional General Roberto Fierro Villalobos)", 
                "departure_time": "09:27"
            }, 
            {
                "arrival_airport": "Ciudad de M\u00e9xico, Distrito Federal (MEX-A. Internacional de la Ciudad de M\u00e9xico)", 
                "arrival_time": "15:55", 
                "departure_airport": "Monterrey, Nuevo Le\u00f3n (MTY-A. Internacional General Mariano Escobedo)", 
                "departure_time": "14:21"
            }, 
            {
                "arrival_airport": "Mazatl\u00e1n, Sinaloa (MZT-A. Internacional General Rafael Buelna)", 
                "arrival_time": "17:44", 
                "departure_airport": "Ciudad de M\u00e9xico, Distrito Federal (MEX-A. Internacional de la Ciudad de M\u00e9xico)", 
                "departure_time": "17:00"
            }
        ], 
        "ticket price": "19738.13", 
        "airline": "Aeromexico"
    }, 
    {
        "arrival": ", Mazatl\u00e1n", 
        "consult date": "10/05/2018", 
        "flight duration": "0 days 8 hours 27 minutes", 
        "plane": "EMBRAER 170", 
        "departure date": "04/09/2018", 
        "stops": "2", 
        "plane code": "E70", 
        "departure": ", Chihuahua", 
        "timings": [
            {
                "arrival_airport": "Monterrey, Nuevo Le\u00f3n (MTY-A. Internacional General Mariano Escobedo)", 
                "arrival_time": "16:54", 
                "departure_airport": "Chihuahua, Chihuahua (CUU-A. Internacional General Roberto Fierro Villalobos)", 
                "departure_time": "14:32"
            }, 
            {
                "arrival_airport": "Ciudad de M\u00e9xico, Distrito Federal (MEX-A. Internacional de la Ciudad de M\u00e9xico)", 
                "arrival_time": "20:50", 
                "departure_airport": "Monterrey, Nuevo Le\u00f3n (MTY-A. Internacional General Mariano Escobedo)", 
                "departure_time": "19:14"
            }, 
            {
                "arrival_airport": "Mazatl\u00e1n, Sinaloa (MZT-A. Internacional General Rafael Buelna)", 
                "arrival_time": "22:59", 
                "departure_airport": "Ciudad de M\u00e9xico, Distrito Federal (MEX-A. Internacional de la Ciudad de M\u00e9xico)", 
                "departure_time": "22:15"
            }
        ], 
        "ticket price": "19738.13", 
        "airline": "Aeromexico"
    }, 
    {
        "arrival": ", Mazatl\u00e1n", 
        "consult date": "10/05/2018", 
        "flight duration": "0 days 13 hours 32 minutes", 
        "plane": "Embraer 190", 
        "departure date": "04/09/2018", 
        "stops": "2", 
        "plane code": "E90", 
        "departure": ", Chihuahua", 
        "timings": [
            {
                "arrival_airport": "Monterrey, Nuevo Le\u00f3n (MTY-A. Internacional General Mariano Escobedo)", 
                "arrival_time": "11:49", 
                "departure_airport": "Chihuahua, Chihuahua (CUU-A. Internacional General Roberto Fierro Villalobos)", 
                "departure_time": "09:27"
            }, 
            {
                "arrival_airport": "Ciudad de M\u00e9xico, Distrito Federal (MEX-A. Internacional de la Ciudad de M\u00e9xico)", 
                "arrival_time": "17:45", 
                "departure_airport": "Monterrey, Nuevo Le\u00f3n (MTY-A. Internacional General Mariano Escobedo)", 
                "departure_time": "16:12"
            }, 
            {
                "arrival_airport": "Mazatl\u00e1n, Sinaloa (MZT-A. Internacional General Rafael Buelna)", 
                "arrival_time": "22:59", 
                "departure_airport": "Ciudad de M\u00e9xico, Distrito Federal (MEX-A. Internacional de la Ciudad de M\u00e9xico)", 
                "departure_time": "22:15"
            }
        ], 
        "ticket price": "19738.13", 
        "airline": "Aeromexico"
    }, 
    {
        "arrival": ", Mazatl\u00e1n", 
        "consult date": "10/05/2018", 
        "flight duration": "0 days 8 hours 27 minutes", 
        "plane": "EMBRAER 170", 
        "departure date": "04/09/2018", 
        "stops": "2", 
        "plane code": "E70", 
        "departure": ", Chihuahua", 
        "timings": [
            {
                "arrival_airport": "Monterrey, Nuevo Le\u00f3n (MTY-A. Internacional General Mariano Escobedo)", 
                "arrival_time": "16:54", 
                "departure_airport": "Chihuahua, Chihuahua (CUU-A. Internacional General Roberto Fierro Villalobos)", 
                "departure_time": "14:32"
            }, 
            {
                "arrival_airport": "Ciudad de M\u00e9xico, Distrito Federal (MEX-A. Internacional de la Ciudad de M\u00e9xico)", 
                "arrival_time": "21:30", 
                "departure_airport": "Monterrey, Nuevo Le\u00f3n (MTY-A. Internacional General Mariano Escobedo)", 
                "departure_time": "19:50"
            }, 
            {
                "arrival_airport": "Mazatl\u00e1n, Sinaloa (MZT-A. Internacional General Rafael Buelna)", 
                "arrival_time": "22:59", 
                "departure_airport": "Ciudad de M\u00e9xico, Distrito Federal (MEX-A. Internacional de la Ciudad de M\u00e9xico)", 
                "departure_time": "22:15"
            }
        ], 
        "ticket price": "19738.13", 
        "airline": "Aeromexico"
    }, 
    {
        "arrival": ", Mazatl\u00e1n", 
        "consult date": "10/05/2018", 
        "flight duration": "0 days 8 hours 27 minutes", 
        "plane": "EMBRAER 170", 
        "departure date": "04/09/2018", 
        "stops": "2", 
        "plane code": "E70", 
        "departure": ", Chihuahua", 
        "timings": [
            {
                "arrival_airport": "Monterrey, Nuevo Le\u00f3n (MTY-A. Internacional General Mariano Escobedo)", 
                "arrival_time": "16:54", 
                "departure_airport": "Chihuahua, Chihuahua (CUU-A. Internacional General Roberto Fierro Villalobos)", 
                "departure_time": "14:32"
            }, 
            {
                "arrival_airport": "Ciudad de M\u00e9xico, Distrito Federal (MEX-A. Internacional de la Ciudad de M\u00e9xico)", 
                "arrival_time": "19:55", 
                "departure_airport": "Monterrey, Nuevo Le\u00f3n (MTY-A. Internacional General Mariano Escobedo)", 
                "departure_time": "18:15"
            }, 
            {
                "arrival_airport": "Mazatl\u00e1n, Sinaloa (MZT-A. Internacional General Rafael Buelna)", 
                "arrival_time": "22:59", 
                "departure_airport": "Ciudad de M\u00e9xico, Distrito Federal (MEX-A. Internacional de la Ciudad de M\u00e9xico)", 
                "departure_time": "22:15"
            }
        ], 
        "ticket price": "19738.13", 
        "airline": "Aeromexico"
    }, 
    {
        "arrival": ", Mazatl\u00e1n", 
        "consult date": "10/05/2018", 
        "flight duration": "0 days 8 hours 17 minutes", 
        "plane": "Embraer 190", 
        "departure date": "04/09/2018", 
        "stops": "2", 
        "plane code": "E90", 
        "departure": ", Chihuahua", 
        "timings": [
            {
                "arrival_airport": "Monterrey, Nuevo Le\u00f3n (MTY-A. Internacional General Mariano Escobedo)", 
                "arrival_time": "11:49", 
                "departure_airport": "Chihuahua, Chihuahua (CUU-A. Internacional General Roberto Fierro Villalobos)", 
                "departure_time": "09:27"
            }, 
            {
                "arrival_airport": "Ciudad de M\u00e9xico, Distrito Federal (MEX-A. Internacional de la Ciudad de M\u00e9xico)", 
                "arrival_time": "15:15", 
                "departure_airport": "Monterrey, Nuevo Le\u00f3n (MTY-A. Internacional General Mariano Escobedo)", 
                "departure_time": "13:38"
            }, 
            {
                "arrival_airport": "Mazatl\u00e1n, Sinaloa (MZT-A. Internacional General Rafael Buelna)", 
                "arrival_time": "17:44", 
                "departure_airport": "Ciudad de M\u00e9xico, Distrito Federal (MEX-A. Internacional de la Ciudad de M\u00e9xico)", 
                "departure_time": "17:00"
            }
        ], 
        "ticket price": "19738.13", 
        "airline": "Aeromexico"
    }, 
    {
        "arrival": ", Mazatl\u00e1n", 
        "consult date": "10/05/2018", 
        "flight duration": "0 days 5 hours 25 minutes", 
        "plane": "", 
        "departure date": "04/09/2018", 
        "stops": "1", 
        "plane code": "", 
        "departure": ", Chihuahua", 
        "timings": [
            {
                "arrival_airport": "Ciudad de M\u00e9xico, Distrito Federal (MEX-A. Internacional de la Ciudad de M\u00e9xico)", 
                "arrival_time": "11:20", 
                "departure_airport": "Chihuahua, Chihuahua (CUU-A. Internacional General Roberto Fierro Villalobos)", 
                "departure_time": "08:15"
            }, 
            {
                "arrival_airport": "Mazatl\u00e1n, Sinaloa (MZT-A. Internacional General Rafael Buelna)", 
                "arrival_time": "13:40", 
                "departure_airport": "Ciudad de M\u00e9xico, Distrito Federal (MEX-A. Internacional de la Ciudad de M\u00e9xico)", 
                "departure_time": "13:00"
            }
        ], 
        "ticket price": "6347.15", 
        "airline": "Interjet"
    }
]