[
    {
        "arrival": ", Campeche", 
        "consult date": "10/05/2018", 
        "flight duration": "0 days 11 hours 57 minutes", 
        "plane": "Embraer EMB-145", 
        "departure date": "04/09/2018", 
        "stops": "2", 
        "plane code": "ERJ", 
        "departure": ", Chihuahua", 
        "timings": [
            {
                "arrival_airport": "Houston, TX, Estados Unidos (IAH-A. Intercontinental George Bush)", 
                "arrival_time": "10:22", 
                "departure_airport": "Chihuahua, Chihuahua (CUU-A. Internacional General Roberto Fierro Villalobos)", 
                "departure_time": "07:20"
            }, 
            {
                "arrival_airport": "Ciudad de M\u00e9xico, Distrito Federal (MEX-A. Internacional de la Ciudad de M\u00e9xico)", 
                "arrival_time": "15:05", 
                "departure_airport": "Houston, TX, Estados Unidos (IAH-A. Intercontinental George Bush)", 
                "departure_time": "12:45"
            }, 
            {
                "arrival_airport": "Campeche, Campeche (CPE-A. Internacional Ing. Alberto Acuna Ongay)", 
                "arrival_time": "20:17", 
                "departure_airport": "Ciudad de M\u00e9xico, Distrito Federal (MEX-A. Internacional de la Ciudad de M\u00e9xico)", 
                "departure_time": "18:25"
            }
        ], 
        "ticket price": "41355.00", 
        "airline": "Expressjet Airlines DBA United Exp"
    }, 
    {
        "arrival": ", Campeche", 
        "consult date": "10/05/2018", 
        "flight duration": "0 days 9 hours 57 minutes", 
        "plane": "EMBRAER 170", 
        "departure date": "04/09/2018", 
        "stops": "2", 
        "plane code": "E70", 
        "departure": ", Chihuahua", 
        "timings": [
            {
                "arrival_airport": "Monterrey, Nuevo Le\u00f3n (MTY-A. Internacional General Mariano Escobedo)", 
                "arrival_time": "11:44", 
                "departure_airport": "Chihuahua, Chihuahua (CUU-A. Internacional General Roberto Fierro Villalobos)", 
                "departure_time": "09:20"
            }, 
            {
                "arrival_airport": "Ciudad de M\u00e9xico, Distrito Federal (MEX-A. Internacional de la Ciudad de M\u00e9xico)", 
                "arrival_time": "15:15", 
                "departure_airport": "Monterrey, Nuevo Le\u00f3n (MTY-A. Internacional General Mariano Escobedo)", 
                "departure_time": "13:41"
            }, 
            {
                "arrival_airport": "Campeche, Campeche (CPE-A. Internacional Ing. Alberto Acuna Ongay)", 
                "arrival_time": "20:17", 
                "departure_airport": "Ciudad de M\u00e9xico, Distrito Federal (MEX-A. Internacional de la Ciudad de M\u00e9xico)", 
                "departure_time": "18:25"
            }
        ], 
        "ticket price": "4406.00", 
        "airline": "Aeromexico"
    }, 
    {
        "arrival": ", Campeche", 
        "consult date": "10/05/2018", 
        "flight duration": "0 days 9 hours 57 minutes", 
        "plane": "EMBRAER 170", 
        "departure date": "04/09/2018", 
        "stops": "2", 
        "plane code": "E70", 
        "departure": ", Chihuahua", 
        "timings": [
            {
                "arrival_airport": "Monterrey, Nuevo Le\u00f3n (MTY-A. Internacional General Mariano Escobedo)", 
                "arrival_time": "11:44", 
                "departure_airport": "Chihuahua, Chihuahua (CUU-A. Internacional General Roberto Fierro Villalobos)", 
                "departure_time": "09:20"
            }, 
            {
                "arrival_airport": "Ciudad de M\u00e9xico, Distrito Federal (MEX-A. Internacional de la Ciudad de M\u00e9xico)", 
                "arrival_time": "16:00", 
                "departure_airport": "Monterrey, Nuevo Le\u00f3n (MTY-A. Internacional General Mariano Escobedo)", 
                "departure_time": "14:27"
            }, 
            {
                "arrival_airport": "Campeche, Campeche (CPE-A. Internacional Ing. Alberto Acuna Ongay)", 
                "arrival_time": "20:17", 
                "departure_airport": "Ciudad de M\u00e9xico, Distrito Federal (MEX-A. Internacional de la Ciudad de M\u00e9xico)", 
                "departure_time": "18:25"
            }
        ], 
        "ticket price": "4406.00", 
        "airline": "Aeromexico"
    }, 
    {
        "arrival": ", Campeche", 
        "consult date": "10/05/2018", 
        "flight duration": "0 days 9 hours 57 minutes", 
        "plane": "EMBRAER 170", 
        "departure date": "04/09/2018", 
        "stops": "2", 
        "plane code": "E70", 
        "departure": ", Chihuahua", 
        "timings": [
            {
                "arrival_airport": "Monterrey, Nuevo Le\u00f3n (MTY-A. Internacional General Mariano Escobedo)", 
                "arrival_time": "11:44", 
                "departure_airport": "Chihuahua, Chihuahua (CUU-A. Internacional General Roberto Fierro Villalobos)", 
                "departure_time": "09:20"
            }, 
            {
                "arrival_airport": "Ciudad de M\u00e9xico, Distrito Federal (MEX-A. Internacional de la Ciudad de M\u00e9xico)", 
                "arrival_time": "17:00", 
                "departure_airport": "Monterrey, Nuevo Le\u00f3n (MTY-A. Internacional General Mariano Escobedo)", 
                "departure_time": "15:24"
            }, 
            {
                "arrival_airport": "Campeche, Campeche (CPE-A. Internacional Ing. Alberto Acuna Ongay)", 
                "arrival_time": "20:17", 
                "departure_airport": "Ciudad de M\u00e9xico, Distrito Federal (MEX-A. Internacional de la Ciudad de M\u00e9xico)", 
                "departure_time": "18:25"
            }
        ], 
        "ticket price": "4406.00", 
        "airline": "Aeromexico"
    }, 
    {
        "arrival": ", Campeche", 
        "consult date": "10/05/2018", 
        "flight duration": "0 days 11 hours 57 minutes", 
        "plane": "Embraer EMB-145", 
        "departure date": "04/09/2018", 
        "stops": "2", 
        "plane code": "ERJ", 
        "departure": ", Chihuahua", 
        "timings": [
            {
                "arrival_airport": "Houston, TX, Estados Unidos (IAH-A. Intercontinental George Bush)", 
                "arrival_time": "10:22", 
                "departure_airport": "Chihuahua, Chihuahua (CUU-A. Internacional General Roberto Fierro Villalobos)", 
                "departure_time": "07:20"
            }, 
            {
                "arrival_airport": "Ciudad de M\u00e9xico, Distrito Federal (MEX-A. Internacional de la Ciudad de M\u00e9xico)", 
                "arrival_time": "15:05", 
                "departure_airport": "Houston, TX, Estados Unidos (IAH-A. Intercontinental George Bush)", 
                "departure_time": "12:45"
            }, 
            {
                "arrival_airport": "Campeche, Campeche (CPE-A. Internacional Ing. Alberto Acuna Ongay)", 
                "arrival_time": "20:17", 
                "departure_airport": "Ciudad de M\u00e9xico, Distrito Federal (MEX-A. Internacional de la Ciudad de M\u00e9xico)", 
                "departure_time": "18:25"
            }
        ], 
        "ticket price": "54282.00", 
        "airline": "Expressjet Airlines DBA United Exp"
    }, 
    {
        "arrival": ", Campeche", 
        "consult date": "10/05/2018", 
        "flight duration": "0 days 13 hours 17 minutes", 
        "plane": "Embraer RJ145", 
        "departure date": "04/09/2018", 
        "stops": "2", 
        "plane code": "ER4", 
        "departure": ", Chihuahua", 
        "timings": [
            {
                "arrival_airport": "Dallas, TX, Estados Unidos (DFW-A. Internacional de Dallas - Fort Worth)", 
                "arrival_time": "08:56", 
                "departure_airport": "Chihuahua, Chihuahua (CUU-A. Internacional General Roberto Fierro Villalobos)", 
                "departure_time": "06:00"
            }, 
            {
                "arrival_airport": "Ciudad de M\u00e9xico, Distrito Federal (MEX-A. Internacional de la Ciudad de M\u00e9xico)", 
                "arrival_time": "15:35", 
                "departure_airport": "Dallas, TX, Estados Unidos (DFW-A. Internacional de Dallas - Fort Worth)", 
                "departure_time": "12:50"
            }, 
            {
                "arrival_airport": "Campeche, Campeche (CPE-A. Internacional Ing. Alberto Acuna Ongay)", 
                "arrival_time": "20:17", 
                "departure_airport": "Ciudad de M\u00e9xico, Distrito Federal (MEX-A. Internacional de la Ciudad de M\u00e9xico)", 
                "departure_time": "18:25"
            }
        ], 
        "ticket price": "55536.00", 
        "airline": "Envoy Air As American Eagle"
    }, 
    {
        "arrival": ", Campeche", 
        "consult date": "10/05/2018", 
        "flight duration": "0 days 18 hours 22 minutes", 
        "plane": "Embraer RJ145", 
        "departure date": "04/09/2018", 
        "stops": "3", 
        "plane code": "ER4", 
        "departure": ", Chihuahua", 
        "timings": [
            {
                "arrival_airport": "Dallas, TX, Estados Unidos (DFW-A. Internacional de Dallas - Fort Worth)", 
                "arrival_time": "15:33", 
                "departure_airport": "Chihuahua, Chihuahua (CUU-A. Internacional General Roberto Fierro Villalobos)", 
                "departure_time": "12:40"
            }, 
            {
                "arrival_airport": "Miami, FL, Estados Unidos (MIA-A. Internacional de Miami)", 
                "arrival_time": "20:54", 
                "departure_airport": "Dallas, TX, Estados Unidos (DFW-A. Internacional de Dallas - Fort Worth)", 
                "departure_time": "17:05"
            }, 
            {
                "arrival_airport": "Ciudad de M\u00e9xico, Distrito Federal (MEX-A. Internacional de la Ciudad de M\u00e9xico)", 
                "arrival_time": "03:55", 
                "departure_airport": "Miami, FL, Estados Unidos (MIA-A. Internacional de Miami)", 
                "departure_time": "01:30"
            }, 
            {
                "arrival_airport": "Campeche, Campeche (CPE-A. Internacional Ing. Alberto Acuna Ongay)", 
                "arrival_time": "08:02", 
                "departure_airport": "Ciudad de M\u00e9xico, Distrito Federal (MEX-A. Internacional de la Ciudad de M\u00e9xico)", 
                "departure_time": "06:10"
            }
        ], 
        "ticket price": "65292.00", 
        "airline": "Envoy Air As American Eagle"
    }, 
    {
        "arrival": ", Campeche", 
        "consult date": "10/05/2018", 
        "flight duration": "0 days 18 hours 22 minutes", 
        "plane": "Embraer RJ145", 
        "departure date": "04/09/2018", 
        "stops": "3", 
        "plane code": "ER4", 
        "departure": ", Chihuahua", 
        "timings": [
            {
                "arrival_airport": "Dallas, TX, Estados Unidos (DFW-A. Internacional de Dallas - Fort Worth)", 
                "arrival_time": "15:33", 
                "departure_airport": "Chihuahua, Chihuahua (CUU-A. Internacional General Roberto Fierro Villalobos)", 
                "departure_time": "12:40"
            }, 
            {
                "arrival_airport": "Miami, FL, Estados Unidos (MIA-A. Internacional de Miami)", 
                "arrival_time": "22:37", 
                "departure_airport": "Dallas, TX, Estados Unidos (DFW-A. Internacional de Dallas - Fort Worth)", 
                "departure_time": "18:40"
            }, 
            {
                "arrival_airport": "Ciudad de M\u00e9xico, Distrito Federal (MEX-A. Internacional de la Ciudad de M\u00e9xico)", 
                "arrival_time": "03:55", 
                "departure_airport": "Miami, FL, Estados Unidos (MIA-A. Internacional de Miami)", 
                "departure_time": "01:30"
            }, 
            {
                "arrival_airport": "Campeche, Campeche (CPE-A. Internacional Ing. Alberto Acuna Ongay)", 
                "arrival_time": "08:02", 
                "departure_airport": "Ciudad de M\u00e9xico, Distrito Federal (MEX-A. Internacional de la Ciudad de M\u00e9xico)", 
                "departure_time": "06:10"
            }
        ], 
        "ticket price": "65292.00", 
        "airline": "Envoy Air As American Eagle"
    }
]