[
    {
        "arrival": ", Guadalajara", 
        "consult date": "10/05/2018", 
        "flight duration": "0 days 3 hours 45 minutes", 
        "plane": "EMBRAER 170", 
        "departure date": "20/08/2018", 
        "stops": "1", 
        "plane code": "E70", 
        "departure": ", Chihuahua", 
        "timings": [
            {
                "arrival_airport": "Monterrey, Nuevo Le\u00f3n (MTY-A. Internacional General Mariano Escobedo)", 
                "arrival_time": "21:18", 
                "departure_airport": "Chihuahua, Chihuahua (CUU-A. Internacional General Roberto Fierro Villalobos)", 
                "departure_time": "18:55"
            }, 
            {
                "arrival_airport": "Guadalajara, Jalisco (GDL-Don Miguel Hidalgo y Costilla Intl.)", 
                "arrival_time": "23:40", 
                "departure_airport": "Monterrey, Nuevo Le\u00f3n (MTY-A. Internacional General Mariano Escobedo)", 
                "departure_time": "22:06"
            }
        ], 
        "ticket price": "1694.00", 
        "airline": "Aeromexico"
    }, 
    {
        "arrival": ", Guadalajara", 
        "consult date": "10/05/2018", 
        "flight duration": "0 days 4 hours 32 minutes", 
        "plane": "EMBRAER 170", 
        "departure date": "20/08/2018", 
        "stops": "1", 
        "plane code": "E70", 
        "departure": ", Chihuahua", 
        "timings": [
            {
                "arrival_airport": "Monterrey, Nuevo Le\u00f3n (MTY-A. Internacional General Mariano Escobedo)", 
                "arrival_time": "16:54", 
                "departure_airport": "Chihuahua, Chihuahua (CUU-A. Internacional General Roberto Fierro Villalobos)", 
                "departure_time": "14:32"
            }, 
            {
                "arrival_airport": "Guadalajara, Jalisco (GDL-Don Miguel Hidalgo y Costilla Intl.)", 
                "arrival_time": "20:04", 
                "departure_airport": "Monterrey, Nuevo Le\u00f3n (MTY-A. Internacional General Mariano Escobedo)", 
                "departure_time": "18:31"
            }
        ], 
        "ticket price": "1694.00", 
        "airline": "Aeromexico"
    }, 
    {
        "arrival": ", Guadalajara", 
        "consult date": "10/05/2018", 
        "flight duration": "0 days 4 hours 40 minutes", 
        "plane": "Embraer 190", 
        "departure date": "20/08/2018", 
        "stops": "1", 
        "plane code": "E90", 
        "departure": ", Chihuahua", 
        "timings": [
            {
                "arrival_airport": "Monterrey, Nuevo Le\u00f3n (MTY-A. Internacional General Mariano Escobedo)", 
                "arrival_time": "11:51", 
                "departure_airport": "Chihuahua, Chihuahua (CUU-A. Internacional General Roberto Fierro Villalobos)", 
                "departure_time": "09:28"
            }, 
            {
                "arrival_airport": "Guadalajara, Jalisco (GDL-Don Miguel Hidalgo y Costilla Intl.)", 
                "arrival_time": "15:08", 
                "departure_airport": "Monterrey, Nuevo Le\u00f3n (MTY-A. Internacional General Mariano Escobedo)", 
                "departure_time": "13:34"
            }
        ], 
        "ticket price": "1694.00", 
        "airline": "Aeromexico"
    }, 
    {
        "arrival": ", Guadalajara", 
        "consult date": "10/05/2018", 
        "flight duration": "0 days 1 hours 45 minutes", 
        "plane": "", 
        "departure date": "20/08/2018", 
        "stops": 0, 
        "plane code": "", 
        "departure": ", Chihuahua", 
        "timings": [
            {
                "arrival_airport": "Guadalajara, Jalisco (GDL-Don Miguel Hidalgo y Costilla Intl.)", 
                "arrival_time": "12:05", 
                "departure_airport": "Chihuahua, Chihuahua (CUU-A. Internacional General Roberto Fierro Villalobos)", 
                "departure_time": "09:20"
            }
        ], 
        "ticket price": "1716.36", 
        "airline": "Interjet"
    }, 
    {
        "arrival": ", Guadalajara", 
        "consult date": "10/05/2018", 
        "flight duration": "0 days 1 hours 49 minutes", 
        "plane": "", 
        "departure date": "20/08/2018", 
        "stops": 0, 
        "plane code": "", 
        "departure": ", Chihuahua", 
        "timings": [
            {
                "arrival_airport": "Guadalajara, Jalisco (GDL-Don Miguel Hidalgo y Costilla Intl.)", 
                "arrival_time": "11:25", 
                "departure_airport": "Chihuahua, Chihuahua (CUU-A. Internacional General Roberto Fierro Villalobos)", 
                "departure_time": "08:36"
            }
        ], 
        "ticket price": "2123.00", 
        "airline": "Volaris"
    }, 
    {
        "arrival": ", Guadalajara", 
        "consult date": "10/05/2018", 
        "flight duration": "0 days 9 hours 58 minutes", 
        "plane": "Embraer EMB-145", 
        "departure date": "20/08/2018", 
        "stops": "2", 
        "plane code": "ERJ", 
        "departure": ", Chihuahua", 
        "timings": [
            {
                "arrival_airport": "Houston, TX, Estados Unidos (IAH-A. Intercontinental George Bush)", 
                "arrival_time": "10:22", 
                "departure_airport": "Chihuahua, Chihuahua (CUU-A. Internacional General Roberto Fierro Villalobos)", 
                "departure_time": "07:20"
            }, 
            {
                "arrival_airport": "Ciudad de M\u00e9xico, Distrito Federal (MEX-A. Internacional de la Ciudad de M\u00e9xico)", 
                "arrival_time": "15:15", 
                "departure_airport": "Houston, TX, Estados Unidos (IAH-A. Intercontinental George Bush)", 
                "departure_time": "12:45"
            }, 
            {
                "arrival_airport": "Guadalajara, Jalisco (GDL-Don Miguel Hidalgo y Costilla Intl.)", 
                "arrival_time": "18:18", 
                "departure_airport": "Ciudad de M\u00e9xico, Distrito Federal (MEX-A. Internacional de la Ciudad de M\u00e9xico)", 
                "departure_time": "17:00"
            }
        ], 
        "ticket price": "27019.00", 
        "airline": "Expressjet Airlines DBA United Exp"
    }, 
    {
        "arrival": ", Guadalajara", 
        "consult date": "10/05/2018", 
        "flight duration": "0 days 10 hours 59 minutes", 
        "plane": "Embraer EMB-145", 
        "departure date": "20/08/2018", 
        "stops": "2", 
        "plane code": "ERJ", 
        "departure": ", Chihuahua", 
        "timings": [
            {
                "arrival_airport": "Houston, TX, Estados Unidos (IAH-A. Intercontinental George Bush)", 
                "arrival_time": "10:22", 
                "departure_airport": "Chihuahua, Chihuahua (CUU-A. Internacional General Roberto Fierro Villalobos)", 
                "departure_time": "07:20"
            }, 
            {
                "arrival_airport": "Ciudad de M\u00e9xico, Distrito Federal (MEX-A. Internacional de la Ciudad de M\u00e9xico)", 
                "arrival_time": "15:15", 
                "departure_airport": "Houston, TX, Estados Unidos (IAH-A. Intercontinental George Bush)", 
                "departure_time": "12:45"
            }, 
            {
                "arrival_airport": "Guadalajara, Jalisco (GDL-Don Miguel Hidalgo y Costilla Intl.)", 
                "arrival_time": "19:19", 
                "departure_airport": "Ciudad de M\u00e9xico, Distrito Federal (MEX-A. Internacional de la Ciudad de M\u00e9xico)", 
                "departure_time": "18:00"
            }
        ], 
        "ticket price": "27019.00", 
        "airline": "Expressjet Airlines DBA United Exp"
    }, 
    {
        "arrival": ", Guadalajara", 
        "consult date": "10/05/2018", 
        "flight duration": "1 days 10 hours 1 minutes", 
        "plane": "", 
        "departure date": "20/08/2018", 
        "stops": "1", 
        "plane code": "", 
        "departure": ", Chihuahua", 
        "timings": [
            {
                "arrival_airport": "Ciudad de M\u00e9xico, Distrito Federal (MEX-A. Internacional de la Ciudad de M\u00e9xico)", 
                "arrival_time": "00:49", 
                "departure_airport": "Chihuahua, Chihuahua (CUU-A. Internacional General Roberto Fierro Villalobos)", 
                "departure_time": "21:35"
            }, 
            {
                "arrival_airport": "Guadalajara, Jalisco (GDL-Don Miguel Hidalgo y Costilla Intl.)", 
                "arrival_time": "08:36", 
                "departure_airport": "Ciudad de M\u00e9xico, Distrito Federal (MEX-A. Internacional de la Ciudad de M\u00e9xico)", 
                "departure_time": "07:09"
            }
        ], 
        "ticket price": "3001.00", 
        "airline": "Volaris"
    }, 
    {
        "arrival": ", Guadalajara", 
        "consult date": "10/05/2018", 
        "flight duration": "1 days 8 hours 52 minutes", 
        "plane": "", 
        "departure date": "20/08/2018", 
        "stops": "1", 
        "plane code": "", 
        "departure": ", Chihuahua", 
        "timings": [
            {
                "arrival_airport": "Ciudad de M\u00e9xico, Distrito Federal (MEX-A. Internacional de la Ciudad de M\u00e9xico)", 
                "arrival_time": "00:49", 
                "departure_airport": "Chihuahua, Chihuahua (CUU-A. Internacional General Roberto Fierro Villalobos)", 
                "departure_time": "21:35"
            }, 
            {
                "arrival_airport": "Guadalajara, Jalisco (GDL-Don Miguel Hidalgo y Costilla Intl.)", 
                "arrival_time": "07:27", 
                "departure_airport": "Ciudad de M\u00e9xico, Distrito Federal (MEX-A. Internacional de la Ciudad de M\u00e9xico)", 
                "departure_time": "06:00"
            }
        ], 
        "ticket price": "3001.00", 
        "airline": "Volaris"
    }, 
    {
        "arrival": ", Guadalajara", 
        "consult date": "10/05/2018", 
        "flight duration": "1 days 12 hours 0 minutes", 
        "plane": "", 
        "departure date": "20/08/2018", 
        "stops": "1", 
        "plane code": "", 
        "departure": ", Chihuahua", 
        "timings": [
            {
                "arrival_airport": "Ciudad de M\u00e9xico, Distrito Federal (MEX-A. Internacional de la Ciudad de M\u00e9xico)", 
                "arrival_time": "20:20", 
                "departure_airport": "Chihuahua, Chihuahua (CUU-A. Internacional General Roberto Fierro Villalobos)", 
                "departure_time": "17:15"
            }, 
            {
                "arrival_airport": "Guadalajara, Jalisco (GDL-Don Miguel Hidalgo y Costilla Intl.)", 
                "arrival_time": "06:15", 
                "departure_airport": "Ciudad de M\u00e9xico, Distrito Federal (MEX-A. Internacional de la Ciudad de M\u00e9xico)", 
                "departure_time": "05:05"
            }
        ], 
        "ticket price": "3324.79", 
        "airline": "Interjet"
    }, 
    {
        "arrival": ", Guadalajara", 
        "consult date": "10/05/2018", 
        "flight duration": "0 days 6 hours 55 minutes", 
        "plane": "", 
        "departure date": "20/08/2018", 
        "stops": "1", 
        "plane code": "", 
        "departure": ", Chihuahua", 
        "timings": [
            {
                "arrival_airport": "Ciudad de M\u00e9xico, Distrito Federal (MEX-A. Internacional de la Ciudad de M\u00e9xico)", 
                "arrival_time": "11:37", 
                "departure_airport": "Chihuahua, Chihuahua (CUU-A. Internacional General Roberto Fierro Villalobos)", 
                "departure_time": "08:23"
            }, 
            {
                "arrival_airport": "Guadalajara, Jalisco (GDL-Don Miguel Hidalgo y Costilla Intl.)", 
                "arrival_time": "16:18", 
                "departure_airport": "Ciudad de M\u00e9xico, Distrito Federal (MEX-A. Internacional de la Ciudad de M\u00e9xico)", 
                "departure_time": "14:51"
            }
        ], 
        "ticket price": "3782.00", 
        "airline": "Volaris"
    }, 
    {
        "arrival": ", Guadalajara", 
        "consult date": "10/05/2018", 
        "flight duration": "0 days 10 hours 39 minutes", 
        "plane": "", 
        "departure date": "20/08/2018", 
        "stops": "1", 
        "plane code": "", 
        "departure": ", Chihuahua", 
        "timings": [
            {
                "arrival_airport": "Ciudad de M\u00e9xico, Distrito Federal (MEX-A. Internacional de la Ciudad de M\u00e9xico)", 
                "arrival_time": "11:37", 
                "departure_airport": "Chihuahua, Chihuahua (CUU-A. Internacional General Roberto Fierro Villalobos)", 
                "departure_time": "08:23"
            }, 
            {
                "arrival_airport": "Guadalajara, Jalisco (GDL-Don Miguel Hidalgo y Costilla Intl.)", 
                "arrival_time": "20:02", 
                "departure_airport": "Ciudad de M\u00e9xico, Distrito Federal (MEX-A. Internacional de la Ciudad de M\u00e9xico)", 
                "departure_time": "18:35"
            }
        ], 
        "ticket price": "3782.00", 
        "airline": "Volaris"
    }, 
    {
        "arrival": ", Guadalajara", 
        "consult date": "10/05/2018", 
        "flight duration": "0 days 9 hours 20 minutes", 
        "plane": "", 
        "departure date": "20/08/2018", 
        "stops": "1", 
        "plane code": "", 
        "departure": ", Chihuahua", 
        "timings": [
            {
                "arrival_airport": "Ciudad de M\u00e9xico, Distrito Federal (MEX-A. Internacional de la Ciudad de M\u00e9xico)", 
                "arrival_time": "11:20", 
                "departure_airport": "Chihuahua, Chihuahua (CUU-A. Internacional General Roberto Fierro Villalobos)", 
                "departure_time": "08:15"
            }, 
            {
                "arrival_airport": "Guadalajara, Jalisco (GDL-Don Miguel Hidalgo y Costilla Intl.)", 
                "arrival_time": "18:35", 
                "departure_airport": "Ciudad de M\u00e9xico, Distrito Federal (MEX-A. Internacional de la Ciudad de M\u00e9xico)", 
                "departure_time": "17:15"
            }
        ], 
        "ticket price": "3863.37", 
        "airline": "Interjet"
    }, 
    {
        "arrival": ", Guadalajara", 
        "consult date": "10/05/2018", 
        "flight duration": "0 days 10 hours 25 minutes", 
        "plane": "", 
        "departure date": "20/08/2018", 
        "stops": "1", 
        "plane code": "", 
        "departure": ", Chihuahua", 
        "timings": [
            {
                "arrival_airport": "Ciudad de M\u00e9xico, Distrito Federal (MEX-A. Internacional de la Ciudad de M\u00e9xico)", 
                "arrival_time": "11:20", 
                "departure_airport": "Chihuahua, Chihuahua (CUU-A. Internacional General Roberto Fierro Villalobos)", 
                "departure_time": "08:15"
            }, 
            {
                "arrival_airport": "Guadalajara, Jalisco (GDL-Don Miguel Hidalgo y Costilla Intl.)", 
                "arrival_time": "19:40", 
                "departure_airport": "Ciudad de M\u00e9xico, Distrito Federal (MEX-A. Internacional de la Ciudad de M\u00e9xico)", 
                "departure_time": "18:25"
            }
        ], 
        "ticket price": "3863.37", 
        "airline": "Interjet"
    }, 
    {
        "arrival": ", Guadalajara", 
        "consult date": "10/05/2018", 
        "flight duration": "0 days 6 hours 40 minutes", 
        "plane": "", 
        "departure date": "20/08/2018", 
        "stops": "1", 
        "plane code": "", 
        "departure": ", Chihuahua", 
        "timings": [
            {
                "arrival_airport": "Ciudad de M\u00e9xico, Distrito Federal (MEX-A. Internacional de la Ciudad de M\u00e9xico)", 
                "arrival_time": "11:20", 
                "departure_airport": "Chihuahua, Chihuahua (CUU-A. Internacional General Roberto Fierro Villalobos)", 
                "departure_time": "08:15"
            }, 
            {
                "arrival_airport": "Guadalajara, Jalisco (GDL-Don Miguel Hidalgo y Costilla Intl.)", 
                "arrival_time": "15:55", 
                "departure_airport": "Ciudad de M\u00e9xico, Distrito Federal (MEX-A. Internacional de la Ciudad de M\u00e9xico)", 
                "departure_time": "14:45"
            }
        ], 
        "ticket price": "3863.37", 
        "airline": "Interjet"
    }, 
    {
        "arrival": ", Guadalajara", 
        "consult date": "10/05/2018", 
        "flight duration": "0 days 13 hours 10 minutes", 
        "plane": "", 
        "departure date": "20/08/2018", 
        "stops": "1", 
        "plane code": "", 
        "departure": ", Chihuahua", 
        "timings": [
            {
                "arrival_airport": "Ciudad de M\u00e9xico, Distrito Federal (MEX-A. Internacional de la Ciudad de M\u00e9xico)", 
                "arrival_time": "11:20", 
                "departure_airport": "Chihuahua, Chihuahua (CUU-A. Internacional General Roberto Fierro Villalobos)", 
                "departure_time": "08:15"
            }, 
            {
                "arrival_airport": "Guadalajara, Jalisco (GDL-Don Miguel Hidalgo y Costilla Intl.)", 
                "arrival_time": "22:25", 
                "departure_airport": "Ciudad de M\u00e9xico, Distrito Federal (MEX-A. Internacional de la Ciudad de M\u00e9xico)", 
                "departure_time": "21:10"
            }
        ], 
        "ticket price": "3863.37", 
        "airline": "Interjet"
    }, 
    {
        "arrival": ", Guadalajara", 
        "consult date": "10/05/2018", 
        "flight duration": "0 days 5 hours 10 minutes", 
        "plane": "", 
        "departure date": "20/08/2018", 
        "stops": "1", 
        "plane code": "", 
        "departure": ", Chihuahua", 
        "timings": [
            {
                "arrival_airport": "Ciudad de M\u00e9xico, Distrito Federal (MEX-A. Internacional de la Ciudad de M\u00e9xico)", 
                "arrival_time": "11:20", 
                "departure_airport": "Chihuahua, Chihuahua (CUU-A. Internacional General Roberto Fierro Villalobos)", 
                "departure_time": "08:15"
            }, 
            {
                "arrival_airport": "Guadalajara, Jalisco (GDL-Don Miguel Hidalgo y Costilla Intl.)", 
                "arrival_time": "14:25", 
                "departure_airport": "Ciudad de M\u00e9xico, Distrito Federal (MEX-A. Internacional de la Ciudad de M\u00e9xico)", 
                "departure_time": "13:10"
            }
        ], 
        "ticket price": "3863.37", 
        "airline": "Interjet"
    }, 
    {
        "arrival": ", Guadalajara", 
        "consult date": "10/05/2018", 
        "flight duration": "0 days 10 hours 45 minutes", 
        "plane": "", 
        "departure date": "20/08/2018", 
        "stops": "1", 
        "plane code": "", 
        "departure": ", Chihuahua", 
        "timings": [
            {
                "arrival_airport": "Ciudad de M\u00e9xico, Distrito Federal (MEX-A. Internacional de la Ciudad de M\u00e9xico)", 
                "arrival_time": "11:20", 
                "departure_airport": "Chihuahua, Chihuahua (CUU-A. Internacional General Roberto Fierro Villalobos)", 
                "departure_time": "08:15"
            }, 
            {
                "arrival_airport": "Guadalajara, Jalisco (GDL-Don Miguel Hidalgo y Costilla Intl.)", 
                "arrival_time": "20:00", 
                "departure_airport": "Ciudad de M\u00e9xico, Distrito Federal (MEX-A. Internacional de la Ciudad de M\u00e9xico)", 
                "departure_time": "18:45"
            }
        ], 
        "ticket price": "4101.91", 
        "airline": "Interjet"
    }, 
    {
        "arrival": ", Guadalajara", 
        "consult date": "10/05/2018", 
        "flight duration": "1 days 13 hours 35 minutes", 
        "plane": "", 
        "departure date": "20/08/2018", 
        "stops": "1", 
        "plane code": "", 
        "departure": ", Chihuahua", 
        "timings": [
            {
                "arrival_airport": "Ciudad de M\u00e9xico, Distrito Federal (MEX-A. Internacional de la Ciudad de M\u00e9xico)", 
                "arrival_time": "20:20", 
                "departure_airport": "Chihuahua, Chihuahua (CUU-A. Internacional General Roberto Fierro Villalobos)", 
                "departure_time": "17:15"
            }, 
            {
                "arrival_airport": "Guadalajara, Jalisco (GDL-Don Miguel Hidalgo y Costilla Intl.)", 
                "arrival_time": "07:50", 
                "departure_airport": "Ciudad de M\u00e9xico, Distrito Federal (MEX-A. Internacional de la Ciudad de M\u00e9xico)", 
                "departure_time": "06:40"
            }
        ], 
        "ticket price": "4463.70", 
        "airline": "Interjet"
    }, 
    {
        "arrival": ", Guadalajara", 
        "consult date": "10/05/2018", 
        "flight duration": "0 days 5 hours 23 minutes", 
        "plane": "Embraer 190", 
        "departure date": "20/08/2018", 
        "stops": "1", 
        "plane code": "E90", 
        "departure": ", Chihuahua", 
        "timings": [
            {
                "arrival_airport": "Ciudad de M\u00e9xico, Distrito Federal (MEX-A. Internacional de la Ciudad de M\u00e9xico)", 
                "arrival_time": "20:30", 
                "departure_airport": "Chihuahua, Chihuahua (CUU-A. Internacional General Roberto Fierro Villalobos)", 
                "departure_time": "17:12"
            }, 
            {
                "arrival_airport": "Guadalajara, Jalisco (GDL-Don Miguel Hidalgo y Costilla Intl.)", 
                "arrival_time": "23:35", 
                "departure_airport": "Ciudad de M\u00e9xico, Distrito Federal (MEX-A. Internacional de la Ciudad de M\u00e9xico)", 
                "departure_time": "22:00"
            }
        ], 
        "ticket price": "5406.00", 
        "airline": "Aeromexico"
    }, 
    {
        "arrival": ", Guadalajara", 
        "consult date": "10/05/2018", 
        "flight duration": "1 days 10 hours 51 minutes", 
        "plane": "", 
        "departure date": "20/08/2018", 
        "stops": "1", 
        "plane code": "", 
        "departure": ", Chihuahua", 
        "timings": [
            {
                "arrival_airport": "Tijuana, Baja California Norte (TIJ-A. Internacional General Abelardo L. Rodr\u00edguez)", 
                "arrival_time": "19:14", 
                "departure_airport": "Chihuahua, Chihuahua (CUU-A. Internacional General Roberto Fierro Villalobos)", 
                "departure_time": "18:10"
            }, 
            {
                "arrival_airport": "Guadalajara, Jalisco (GDL-Don Miguel Hidalgo y Costilla Intl.)", 
                "arrival_time": "06:01", 
                "departure_airport": "Tijuana, Baja California Norte (TIJ-A. Internacional General Abelardo L. Rodr\u00edguez)", 
                "departure_time": "01:00"
            }
        ], 
        "ticket price": "5641.00", 
        "airline": "Volaris"
    }, 
    {
        "arrival": ", Guadalajara", 
        "consult date": "10/05/2018", 
        "flight duration": "1 days 11 hours 53 minutes", 
        "plane": "", 
        "departure date": "20/08/2018", 
        "stops": "1", 
        "plane code": "", 
        "departure": ", Chihuahua", 
        "timings": [
            {
                "arrival_airport": "Tijuana, Baja California Norte (TIJ-A. Internacional General Abelardo L. Rodr\u00edguez)", 
                "arrival_time": "19:14", 
                "departure_airport": "Chihuahua, Chihuahua (CUU-A. Internacional General Roberto Fierro Villalobos)", 
                "departure_time": "18:10"
            }, 
            {
                "arrival_airport": "Guadalajara, Jalisco (GDL-Don Miguel Hidalgo y Costilla Intl.)", 
                "arrival_time": "07:03", 
                "departure_airport": "Tijuana, Baja California Norte (TIJ-A. Internacional General Abelardo L. Rodr\u00edguez)", 
                "departure_time": "02:02"
            }
        ], 
        "ticket price": "5641.00", 
        "airline": "Volaris"
    }, 
    {
        "arrival": ", Guadalajara", 
        "consult date": "10/05/2018", 
        "flight duration": "0 days 8 hours 23 minutes", 
        "plane": "Embraer 190", 
        "departure date": "20/08/2018", 
        "stops": "1", 
        "plane code": "E90", 
        "departure": ", Chihuahua", 
        "timings": [
            {
                "arrival_airport": "Ciudad de M\u00e9xico, Distrito Federal (MEX-A. Internacional de la Ciudad de M\u00e9xico)", 
                "arrival_time": "09:15", 
                "departure_airport": "Chihuahua, Chihuahua (CUU-A. Internacional General Roberto Fierro Villalobos)", 
                "departure_time": "06:00"
            }, 
            {
                "arrival_airport": "Guadalajara, Jalisco (GDL-Don Miguel Hidalgo y Costilla Intl.)", 
                "arrival_time": "15:23", 
                "departure_airport": "Ciudad de M\u00e9xico, Distrito Federal (MEX-A. Internacional de la Ciudad de M\u00e9xico)", 
                "departure_time": "14:00"
            }
        ], 
        "ticket price": "5986.00", 
        "airline": "Aeromexico"
    }, 
    {
        "arrival": ", Guadalajara", 
        "consult date": "10/05/2018", 
        "flight duration": "0 days 4 hours 38 minutes", 
        "plane": "Embraer 190", 
        "departure date": "20/08/2018", 
        "stops": "1", 
        "plane code": "E90", 
        "departure": ", Chihuahua", 
        "timings": [
            {
                "arrival_airport": "Ciudad de M\u00e9xico, Distrito Federal (MEX-A. Internacional de la Ciudad de M\u00e9xico)", 
                "arrival_time": "11:20", 
                "departure_airport": "Chihuahua, Chihuahua (CUU-A. Internacional General Roberto Fierro Villalobos)", 
                "departure_time": "08:02"
            }, 
            {
                "arrival_airport": "Guadalajara, Jalisco (GDL-Don Miguel Hidalgo y Costilla Intl.)", 
                "arrival_time": "13:40", 
                "departure_airport": "Ciudad de M\u00e9xico, Distrito Federal (MEX-A. Internacional de la Ciudad de M\u00e9xico)", 
                "departure_time": "12:05"
            }
        ], 
        "ticket price": "5986.00", 
        "airline": "Aeromexico"
    }, 
    {
        "arrival": ", Guadalajara", 
        "consult date": "10/05/2018", 
        "flight duration": "0 days 7 hours 11 minutes", 
        "plane": "Embraer 190", 
        "departure date": "20/08/2018", 
        "stops": "1", 
        "plane code": "E90", 
        "departure": ", Chihuahua", 
        "timings": [
            {
                "arrival_airport": "Ciudad de M\u00e9xico, Distrito Federal (MEX-A. Internacional de la Ciudad de M\u00e9xico)", 
                "arrival_time": "11:20", 
                "departure_airport": "Chihuahua, Chihuahua (CUU-A. Internacional General Roberto Fierro Villalobos)", 
                "departure_time": "08:02"
            }, 
            {
                "arrival_airport": "Guadalajara, Jalisco (GDL-Don Miguel Hidalgo y Costilla Intl.)", 
                "arrival_time": "16:13", 
                "departure_airport": "Ciudad de M\u00e9xico, Distrito Federal (MEX-A. Internacional de la Ciudad de M\u00e9xico)", 
                "departure_time": "14:50"
            }
        ], 
        "ticket price": "5986.00", 
        "airline": "Aeromexico"
    }, 
    {
        "arrival": ", Guadalajara", 
        "consult date": "10/05/2018", 
        "flight duration": "0 days 6 hours 29 minutes", 
        "plane": "Embraer 190", 
        "departure date": "20/08/2018", 
        "stops": "1", 
        "plane code": "E90", 
        "departure": ", Chihuahua", 
        "timings": [
            {
                "arrival_airport": "Ciudad de M\u00e9xico, Distrito Federal (MEX-A. Internacional de la Ciudad de M\u00e9xico)", 
                "arrival_time": "18:10", 
                "departure_airport": "Chihuahua, Chihuahua (CUU-A. Internacional General Roberto Fierro Villalobos)", 
                "departure_time": "14:57"
            }, 
            {
                "arrival_airport": "Guadalajara, Jalisco (GDL-Don Miguel Hidalgo y Costilla Intl.)", 
                "arrival_time": "22:26", 
                "departure_airport": "Ciudad de M\u00e9xico, Distrito Federal (MEX-A. Internacional de la Ciudad de M\u00e9xico)", 
                "departure_time": "21:00"
            }
        ], 
        "ticket price": "5986.00", 
        "airline": "Aeromexico"
    }, 
    {
        "arrival": ", Guadalajara", 
        "consult date": "10/05/2018", 
        "flight duration": "0 days 5 hours 26 minutes", 
        "plane": "Embraer 190", 
        "departure date": "20/08/2018", 
        "stops": "1", 
        "plane code": "E90", 
        "departure": ", Chihuahua", 
        "timings": [
            {
                "arrival_airport": "Ciudad de M\u00e9xico, Distrito Federal (MEX-A. Internacional de la Ciudad de M\u00e9xico)", 
                "arrival_time": "11:20", 
                "departure_airport": "Chihuahua, Chihuahua (CUU-A. Internacional General Roberto Fierro Villalobos)", 
                "departure_time": "08:02"
            }, 
            {
                "arrival_airport": "Guadalajara, Jalisco (GDL-Don Miguel Hidalgo y Costilla Intl.)", 
                "arrival_time": "14:28", 
                "departure_airport": "Ciudad de M\u00e9xico, Distrito Federal (MEX-A. Internacional de la Ciudad de M\u00e9xico)", 
                "departure_time": "13:00"
            }
        ], 
        "ticket price": "5986.00", 
        "airline": "Aeromexico"
    }, 
    {
        "arrival": ", Guadalajara", 
        "consult date": "10/05/2018", 
        "flight duration": "0 days 7 hours 38 minutes", 
        "plane": "Embraer 190", 
        "departure date": "20/08/2018", 
        "stops": "1", 
        "plane code": "E90", 
        "departure": ", Chihuahua", 
        "timings": [
            {
                "arrival_airport": "Ciudad de M\u00e9xico, Distrito Federal (MEX-A. Internacional de la Ciudad de M\u00e9xico)", 
                "arrival_time": "18:10", 
                "departure_airport": "Chihuahua, Chihuahua (CUU-A. Internacional General Roberto Fierro Villalobos)", 
                "departure_time": "14:57"
            }, 
            {
                "arrival_airport": "Guadalajara, Jalisco (GDL-Don Miguel Hidalgo y Costilla Intl.)", 
                "arrival_time": "23:35", 
                "departure_airport": "Ciudad de M\u00e9xico, Distrito Federal (MEX-A. Internacional de la Ciudad de M\u00e9xico)", 
                "departure_time": "22:00"
            }
        ], 
        "ticket price": "5986.00", 
        "airline": "Aeromexico"
    }, 
    {
        "arrival": ", Guadalajara", 
        "consult date": "10/05/2018", 
        "flight duration": "0 days 5 hours 42 minutes", 
        "plane": "Embraer 190", 
        "departure date": "20/08/2018", 
        "stops": "1", 
        "plane code": "E90", 
        "departure": ", Chihuahua", 
        "timings": [
            {
                "arrival_airport": "Ciudad de M\u00e9xico, Distrito Federal (MEX-A. Internacional de la Ciudad de M\u00e9xico)", 
                "arrival_time": "09:15", 
                "departure_airport": "Chihuahua, Chihuahua (CUU-A. Internacional General Roberto Fierro Villalobos)", 
                "departure_time": "06:00"
            }, 
            {
                "arrival_airport": "Guadalajara, Jalisco (GDL-Don Miguel Hidalgo y Costilla Intl.)", 
                "arrival_time": "12:42", 
                "departure_airport": "Ciudad de M\u00e9xico, Distrito Federal (MEX-A. Internacional de la Ciudad de M\u00e9xico)", 
                "departure_time": "11:10"
            }
        ], 
        "ticket price": "5986.00", 
        "airline": "Aeromexico"
    }, 
    {
        "arrival": ", Guadalajara", 
        "consult date": "10/05/2018", 
        "flight duration": "0 days 6 hours 21 minutes", 
        "plane": "Embraer 190", 
        "departure date": "20/08/2018", 
        "stops": "1", 
        "plane code": "E90", 
        "departure": ", Chihuahua", 
        "timings": [
            {
                "arrival_airport": "Ciudad de M\u00e9xico, Distrito Federal (MEX-A. Internacional de la Ciudad de M\u00e9xico)", 
                "arrival_time": "11:20", 
                "departure_airport": "Chihuahua, Chihuahua (CUU-A. Internacional General Roberto Fierro Villalobos)", 
                "departure_time": "08:02"
            }, 
            {
                "arrival_airport": "Guadalajara, Jalisco (GDL-Don Miguel Hidalgo y Costilla Intl.)", 
                "arrival_time": "15:23", 
                "departure_airport": "Ciudad de M\u00e9xico, Distrito Federal (MEX-A. Internacional de la Ciudad de M\u00e9xico)", 
                "departure_time": "14:00"
            }
        ], 
        "ticket price": "5986.00", 
        "airline": "Aeromexico"
    }, 
    {
        "arrival": ", Guadalajara", 
        "consult date": "10/05/2018", 
        "flight duration": "0 days 5 hours 30 minutes", 
        "plane": "Embraer 190", 
        "departure date": "20/08/2018", 
        "stops": "1", 
        "plane code": "E90", 
        "departure": ", Chihuahua", 
        "timings": [
            {
                "arrival_airport": "Ciudad de M\u00e9xico, Distrito Federal (MEX-A. Internacional de la Ciudad de M\u00e9xico)", 
                "arrival_time": "18:10", 
                "departure_airport": "Chihuahua, Chihuahua (CUU-A. Internacional General Roberto Fierro Villalobos)", 
                "departure_time": "14:57"
            }, 
            {
                "arrival_airport": "Guadalajara, Jalisco (GDL-Don Miguel Hidalgo y Costilla Intl.)", 
                "arrival_time": "21:27", 
                "departure_airport": "Ciudad de M\u00e9xico, Distrito Federal (MEX-A. Internacional de la Ciudad de M\u00e9xico)", 
                "departure_time": "20:00"
            }
        ], 
        "ticket price": "5986.00", 
        "airline": "Aeromexico"
    }, 
    {
        "arrival": ", Guadalajara", 
        "consult date": "10/05/2018", 
        "flight duration": "0 days 8 hours 17 minutes", 
        "plane": "Embraer 190", 
        "departure date": "20/08/2018", 
        "stops": "1", 
        "plane code": "E90", 
        "departure": ", Chihuahua", 
        "timings": [
            {
                "arrival_airport": "Ciudad de M\u00e9xico, Distrito Federal (MEX-A. Internacional de la Ciudad de M\u00e9xico)", 
                "arrival_time": "11:20", 
                "departure_airport": "Chihuahua, Chihuahua (CUU-A. Internacional General Roberto Fierro Villalobos)", 
                "departure_time": "08:02"
            }, 
            {
                "arrival_airport": "Guadalajara, Jalisco (GDL-Don Miguel Hidalgo y Costilla Intl.)", 
                "arrival_time": "17:19", 
                "departure_airport": "Ciudad de M\u00e9xico, Distrito Federal (MEX-A. Internacional de la Ciudad de M\u00e9xico)", 
                "departure_time": "16:00"
            }
        ], 
        "ticket price": "5986.00", 
        "airline": "Aeromexico"
    }, 
    {
        "arrival": ", Guadalajara", 
        "consult date": "10/05/2018", 
        "flight duration": "0 days 4 hours 20 minutes", 
        "plane": "Embraer 190", 
        "departure date": "20/08/2018", 
        "stops": "1", 
        "plane code": "E90", 
        "departure": ", Chihuahua", 
        "timings": [
            {
                "arrival_airport": "Ciudad de M\u00e9xico, Distrito Federal (MEX-A. Internacional de la Ciudad de M\u00e9xico)", 
                "arrival_time": "18:10", 
                "departure_airport": "Chihuahua, Chihuahua (CUU-A. Internacional General Roberto Fierro Villalobos)", 
                "departure_time": "14:57"
            }, 
            {
                "arrival_airport": "Guadalajara, Jalisco (GDL-Don Miguel Hidalgo y Costilla Intl.)", 
                "arrival_time": "20:17", 
                "departure_airport": "Ciudad de M\u00e9xico, Distrito Federal (MEX-A. Internacional de la Ciudad de M\u00e9xico)", 
                "departure_time": "19:05"
            }
        ], 
        "ticket price": "5986.00", 
        "airline": "Aeromexico"
    }, 
    {
        "arrival": ", Guadalajara", 
        "consult date": "10/05/2018", 
        "flight duration": "0 days 6 hours 40 minutes", 
        "plane": "Embraer 190", 
        "departure date": "20/08/2018", 
        "stops": "1", 
        "plane code": "E90", 
        "departure": ", Chihuahua", 
        "timings": [
            {
                "arrival_airport": "Ciudad de M\u00e9xico, Distrito Federal (MEX-A. Internacional de la Ciudad de M\u00e9xico)", 
                "arrival_time": "09:15", 
                "departure_airport": "Chihuahua, Chihuahua (CUU-A. Internacional General Roberto Fierro Villalobos)", 
                "departure_time": "06:00"
            }, 
            {
                "arrival_airport": "Guadalajara, Jalisco (GDL-Don Miguel Hidalgo y Costilla Intl.)", 
                "arrival_time": "13:40", 
                "departure_airport": "Ciudad de M\u00e9xico, Distrito Federal (MEX-A. Internacional de la Ciudad de M\u00e9xico)", 
                "departure_time": "12:05"
            }
        ], 
        "ticket price": "5986.00", 
        "airline": "Aeromexico"
    }, 
    {
        "arrival": ", Guadalajara", 
        "consult date": "10/05/2018", 
        "flight duration": "0 days 7 hours 28 minutes", 
        "plane": "Embraer 190", 
        "departure date": "20/08/2018", 
        "stops": "1", 
        "plane code": "E90", 
        "departure": ", Chihuahua", 
        "timings": [
            {
                "arrival_airport": "Ciudad de M\u00e9xico, Distrito Federal (MEX-A. Internacional de la Ciudad de M\u00e9xico)", 
                "arrival_time": "09:15", 
                "departure_airport": "Chihuahua, Chihuahua (CUU-A. Internacional General Roberto Fierro Villalobos)", 
                "departure_time": "06:00"
            }, 
            {
                "arrival_airport": "Guadalajara, Jalisco (GDL-Don Miguel Hidalgo y Costilla Intl.)", 
                "arrival_time": "14:28", 
                "departure_airport": "Ciudad de M\u00e9xico, Distrito Federal (MEX-A. Internacional de la Ciudad de M\u00e9xico)", 
                "departure_time": "13:00"
            }
        ], 
        "ticket price": "5986.00", 
        "airline": "Aeromexico"
    }
]