[
    {
        "arrival": ", Acapulco", 
        "consult date": "10/05/2018", 
        "flight duration": "0 days 11 hours 12 minutes", 
        "plane": "Embraer RJ145", 
        "departure date": "07/12/2018", 
        "stops": "2", 
        "plane code": "ER4", 
        "departure": ", Chihuahua", 
        "timings": [
            {
                "arrival_airport": "Dallas, TX, Estados Unidos (DFW-A. Internacional de Dallas - Fort Worth)", 
                "arrival_time": "09:03", 
                "departure_airport": "Chihuahua, Chihuahua (CUU-A. Internacional General Roberto Fierro Villalobos)", 
                "departure_time": "06:02"
            }, 
            {
                "arrival_airport": "Ciudad de M\u00e9xico, Distrito Federal (MEX-A. Internacional de la Ciudad de M\u00e9xico)", 
                "arrival_time": "15:40", 
                "departure_airport": "Dallas, TX, Estados Unidos (DFW-A. Internacional de Dallas - Fort Worth)", 
                "departure_time": "12:50"
            }, 
            {
                "arrival_airport": "Acapulco, Guerrero (ACA-A. Internacional General Juan N. \u00c1lvarez)", 
                "arrival_time": "18:14", 
                "departure_airport": "Ciudad de M\u00e9xico, Distrito Federal (MEX-A. Internacional de la Ciudad de M\u00e9xico)", 
                "departure_time": "17:10"
            }
        ], 
        "ticket price": "111072.00", 
        "airline": "Envoy Air As American Eagle"
    }, 
    {
        "arrival": ", Acapulco", 
        "consult date": "10/05/2018", 
        "flight duration": "0 days 7 hours 54 minutes", 
        "plane": "EMBRAER 170", 
        "departure date": "07/12/2018", 
        "stops": "2", 
        "plane code": "E70", 
        "departure": ", Chihuahua", 
        "timings": [
            {
                "arrival_airport": "Monterrey, Nuevo Le\u00f3n (MTY-A. Internacional General Mariano Escobedo)", 
                "arrival_time": "11:49", 
                "departure_airport": "Chihuahua, Chihuahua (CUU-A. Internacional General Roberto Fierro Villalobos)", 
                "departure_time": "09:20"
            }, 
            {
                "arrival_airport": "Ciudad de M\u00e9xico, Distrito Federal (MEX-A. Internacional de la Ciudad de M\u00e9xico)", 
                "arrival_time": "15:25", 
                "departure_airport": "Monterrey, Nuevo Le\u00f3n (MTY-A. Internacional General Mariano Escobedo)", 
                "departure_time": "13:50"
            }, 
            {
                "arrival_airport": "Acapulco, Guerrero (ACA-A. Internacional General Juan N. \u00c1lvarez)", 
                "arrival_time": "18:14", 
                "departure_airport": "Ciudad de M\u00e9xico, Distrito Federal (MEX-A. Internacional de la Ciudad de M\u00e9xico)", 
                "departure_time": "17:10"
            }
        ], 
        "ticket price": "11568.00", 
        "airline": "Aeromexico"
    }, 
    {
        "arrival": ", Acapulco", 
        "consult date": "10/05/2018", 
        "flight duration": "0 days 7 hours 54 minutes", 
        "plane": "EMBRAER 170", 
        "departure date": "07/12/2018", 
        "stops": "2", 
        "plane code": "E70", 
        "departure": ", Chihuahua", 
        "timings": [
            {
                "arrival_airport": "Monterrey, Nuevo Le\u00f3n (MTY-A. Internacional General Mariano Escobedo)", 
                "arrival_time": "11:49", 
                "departure_airport": "Chihuahua, Chihuahua (CUU-A. Internacional General Roberto Fierro Villalobos)", 
                "departure_time": "09:20"
            }, 
            {
                "arrival_airport": "Ciudad de M\u00e9xico, Distrito Federal (MEX-A. Internacional de la Ciudad de M\u00e9xico)", 
                "arrival_time": "15:55", 
                "departure_airport": "Monterrey, Nuevo Le\u00f3n (MTY-A. Internacional General Mariano Escobedo)", 
                "departure_time": "14:21"
            }, 
            {
                "arrival_airport": "Acapulco, Guerrero (ACA-A. Internacional General Juan N. \u00c1lvarez)", 
                "arrival_time": "18:14", 
                "departure_airport": "Ciudad de M\u00e9xico, Distrito Federal (MEX-A. Internacional de la Ciudad de M\u00e9xico)", 
                "departure_time": "17:10"
            }
        ], 
        "ticket price": "11568.00", 
        "airline": "Aeromexico"
    }, 
    {
        "arrival": ", Acapulco", 
        "consult date": "10/05/2018", 
        "flight duration": "1 days 18 hours 14 minutes", 
        "plane": "Embraer EMB-140", 
        "departure date": "07/12/2018", 
        "stops": "3", 
        "plane code": "ERD", 
        "departure": ", Chihuahua", 
        "timings": [
            {
                "arrival_airport": "Dallas, TX, Estados Unidos (DFW-A. Internacional de Dallas - Fort Worth)", 
                "arrival_time": "15:50", 
                "departure_airport": "Chihuahua, Chihuahua (CUU-A. Internacional General Roberto Fierro Villalobos)", 
                "departure_time": "12:52"
            }, 
            {
                "arrival_airport": "Miami, FL, Estados Unidos (MIA-A. Internacional de Miami)", 
                "arrival_time": "22:31", 
                "departure_airport": "Dallas, TX, Estados Unidos (DFW-A. Internacional de Dallas - Fort Worth)", 
                "departure_time": "18:35"
            }, 
            {
                "arrival_airport": "Ciudad de M\u00e9xico, Distrito Federal (MEX-A. Internacional de la Ciudad de M\u00e9xico)", 
                "arrival_time": "04:05", 
                "departure_airport": "Miami, FL, Estados Unidos (MIA-A. Internacional de Miami)", 
                "departure_time": "01:30"
            }, 
            {
                "arrival_airport": "Acapulco, Guerrero (ACA-A. Internacional General Juan N. \u00c1lvarez)", 
                "arrival_time": "08:06", 
                "departure_airport": "Ciudad de M\u00e9xico, Distrito Federal (MEX-A. Internacional de la Ciudad de M\u00e9xico)", 
                "departure_time": "07:00"
            }
        ], 
        "ticket price": "131716.00", 
        "airline": "Envoy Air As American Eagle"
    }, 
    {
        "arrival": ", Acapulco", 
        "consult date": "10/05/2018", 
        "flight duration": "0 days 11 hours 12 minutes", 
        "plane": "Embraer RJ145", 
        "departure date": "07/12/2018", 
        "stops": "3", 
        "plane code": "ER4", 
        "departure": ", Chihuahua", 
        "timings": [
            {
                "arrival_airport": "Dallas, TX, Estados Unidos (DFW-A. Internacional de Dallas - Fort Worth)", 
                "arrival_time": "09:03", 
                "departure_airport": "Chihuahua, Chihuahua (CUU-A. Internacional General Roberto Fierro Villalobos)", 
                "departure_time": "06:02"
            }, 
            {
                "arrival_airport": "San Antonio, TX, Estados Unidos (SAT-A. Internacional de San Antonio)", 
                "arrival_time": "11:42", 
                "departure_airport": "Dallas, TX, Estados Unidos (DFW-A. Internacional de Dallas - Fort Worth)", 
                "departure_time": "10:40"
            }, 
            {
                "arrival_airport": "Ciudad de M\u00e9xico, Distrito Federal (MEX-A. Internacional de la Ciudad de M\u00e9xico)", 
                "arrival_time": "15:45", 
                "departure_airport": "San Antonio, TX, Estados Unidos (SAT-A. Internacional de San Antonio)", 
                "departure_time": "13:35"
            }, 
            {
                "arrival_airport": "Acapulco, Guerrero (ACA-A. Internacional General Juan N. \u00c1lvarez)", 
                "arrival_time": "18:14", 
                "departure_airport": "Ciudad de M\u00e9xico, Distrito Federal (MEX-A. Internacional de la Ciudad de M\u00e9xico)", 
                "departure_time": "17:10"
            }
        ], 
        "ticket price": "57176.00", 
        "airline": "Envoy Air As American Eagle"
    }, 
    {
        "arrival": ", Acapulco", 
        "consult date": "10/05/2018", 
        "flight duration": "0 days 9 hours 54 minutes", 
        "plane": "Embraer EMB-145", 
        "departure date": "07/12/2018", 
        "stops": "2", 
        "plane code": "ERJ", 
        "departure": ", Chihuahua", 
        "timings": [
            {
                "arrival_airport": "Houston, TX, Estados Unidos (IAH-A. Intercontinental George Bush)", 
                "arrival_time": "10:22", 
                "departure_airport": "Chihuahua, Chihuahua (CUU-A. Internacional General Roberto Fierro Villalobos)", 
                "departure_time": "07:20"
            }, 
            {
                "arrival_airport": "Ciudad de M\u00e9xico, Distrito Federal (MEX-A. Internacional de la Ciudad de M\u00e9xico)", 
                "arrival_time": "15:05", 
                "departure_airport": "Houston, TX, Estados Unidos (IAH-A. Intercontinental George Bush)", 
                "departure_time": "12:45"
            }, 
            {
                "arrival_airport": "Acapulco, Guerrero (ACA-A. Internacional General Juan N. \u00c1lvarez)", 
                "arrival_time": "18:14", 
                "departure_airport": "Ciudad de M\u00e9xico, Distrito Federal (MEX-A. Internacional de la Ciudad de M\u00e9xico)", 
                "departure_time": "17:10"
            }
        ], 
        "ticket price": "62832.00", 
        "airline": "Expressjet Airlines DBA United Exp"
    }, 
    {
        "arrival": ", Acapulco", 
        "consult date": "10/05/2018", 
        "flight duration": "0 days 9 hours 15 minutes", 
        "plane": "", 
        "departure date": "07/12/2018", 
        "stops": "1", 
        "plane code": "", 
        "departure": ", Chihuahua", 
        "timings": [
            {
                "arrival_airport": "Ciudad de M\u00e9xico, Distrito Federal (MEX-A. Internacional de la Ciudad de M\u00e9xico)", 
                "arrival_time": "11:20", 
                "departure_airport": "Chihuahua, Chihuahua (CUU-A. Internacional General Roberto Fierro Villalobos)", 
                "departure_time": "08:15"
            }, 
            {
                "arrival_airport": "Acapulco, Guerrero (ACA-A. Internacional General Juan N. \u00c1lvarez)", 
                "arrival_time": "18:30", 
                "departure_airport": "Ciudad de M\u00e9xico, Distrito Federal (MEX-A. Internacional de la Ciudad de M\u00e9xico)", 
                "departure_time": "17:30"
            }
        ], 
        "ticket price": "6647.54", 
        "airline": "Interjet"
    }, 
    {
        "arrival": ", Acapulco", 
        "consult date": "10/05/2018", 
        "flight duration": "0 days 7 hours 6 minutes", 
        "plane": "Embraer 190", 
        "departure date": "07/12/2018", 
        "stops": "1", 
        "plane code": "E90", 
        "departure": ", Chihuahua", 
        "timings": [
            {
                "arrival_airport": "Ciudad de M\u00e9xico, Distrito Federal (MEX-A. Internacional de la Ciudad de M\u00e9xico)", 
                "arrival_time": "09:45", 
                "departure_airport": "Chihuahua, Chihuahua (CUU-A. Internacional General Roberto Fierro Villalobos)", 
                "departure_time": "06:25"
            }, 
            {
                "arrival_airport": "Acapulco, Guerrero (ACA-A. Internacional General Juan N. \u00c1lvarez)", 
                "arrival_time": "14:31", 
                "departure_airport": "Ciudad de M\u00e9xico, Distrito Federal (MEX-A. Internacional de la Ciudad de M\u00e9xico)", 
                "departure_time": "13:25"
            }
        ], 
        "ticket price": "8502.00", 
        "airline": "Aeromexico"
    }, 
    {
        "arrival": ", Acapulco", 
        "consult date": "10/05/2018", 
        "flight duration": "0 days 9 hours 54 minutes", 
        "plane": "Embraer EMB-145", 
        "departure date": "07/12/2018", 
        "stops": "2", 
        "plane code": "ERJ", 
        "departure": ", Chihuahua", 
        "timings": [
            {
                "arrival_airport": "Houston, TX, Estados Unidos (IAH-A. Intercontinental George Bush)", 
                "arrival_time": "10:22", 
                "departure_airport": "Chihuahua, Chihuahua (CUU-A. Internacional General Roberto Fierro Villalobos)", 
                "departure_time": "07:20"
            }, 
            {
                "arrival_airport": "Ciudad de M\u00e9xico, Distrito Federal (MEX-A. Internacional de la Ciudad de M\u00e9xico)", 
                "arrival_time": "15:05", 
                "departure_airport": "Houston, TX, Estados Unidos (IAH-A. Intercontinental George Bush)", 
                "departure_time": "12:45"
            }, 
            {
                "arrival_airport": "Acapulco, Guerrero (ACA-A. Internacional General Juan N. \u00c1lvarez)", 
                "arrival_time": "18:14", 
                "departure_airport": "Ciudad de M\u00e9xico, Distrito Federal (MEX-A. Internacional de la Ciudad de M\u00e9xico)", 
                "departure_time": "17:10"
            }
        ], 
        "ticket price": "88688.00", 
        "airline": "Expressjet Airlines DBA United Exp"
    }, 
    {
        "arrival": ", Acapulco", 
        "consult date": "10/05/2018", 
        "flight duration": "0 days 4 hours 24 minutes", 
        "plane": "Embraer 190", 
        "departure date": "07/12/2018", 
        "stops": "1", 
        "plane code": "E90", 
        "departure": ", Chihuahua", 
        "timings": [
            {
                "arrival_airport": "Ciudad de M\u00e9xico, Distrito Federal (MEX-A. Internacional de la Ciudad de M\u00e9xico)", 
                "arrival_time": "09:45", 
                "departure_airport": "Chihuahua, Chihuahua (CUU-A. Internacional General Roberto Fierro Villalobos)", 
                "departure_time": "06:25"
            }, 
            {
                "arrival_airport": "Acapulco, Guerrero (ACA-A. Internacional General Juan N. \u00c1lvarez)", 
                "arrival_time": "11:49", 
                "departure_airport": "Ciudad de M\u00e9xico, Distrito Federal (MEX-A. Internacional de la Ciudad de M\u00e9xico)", 
                "departure_time": "10:45"
            }
        ], 
        "ticket price": "9662.00", 
        "airline": "Aeromexico"
    }, 
    {
        "arrival": ", Acapulco", 
        "consult date": "10/05/2018", 
        "flight duration": "0 days 5 hours 27 minutes", 
        "plane": "Embraer 190", 
        "departure date": "07/12/2018", 
        "stops": "1", 
        "plane code": "E90", 
        "departure": ", Chihuahua", 
        "timings": [
            {
                "arrival_airport": "Ciudad de M\u00e9xico, Distrito Federal (MEX-A. Internacional de la Ciudad de M\u00e9xico)", 
                "arrival_time": "11:25", 
                "departure_airport": "Chihuahua, Chihuahua (CUU-A. Internacional General Roberto Fierro Villalobos)", 
                "departure_time": "08:04"
            }, 
            {
                "arrival_airport": "Acapulco, Guerrero (ACA-A. Internacional General Juan N. \u00c1lvarez)", 
                "arrival_time": "14:31", 
                "departure_airport": "Ciudad de M\u00e9xico, Distrito Federal (MEX-A. Internacional de la Ciudad de M\u00e9xico)", 
                "departure_time": "13:25"
            }
        ], 
        "ticket price": "9662.00", 
        "airline": "Aeromexico"
    }
]