[
    {
        "arrival": ", Puerto Vallarta", 
        "consult date": "10/05/2018", 
        "flight duration": "0 days 11 hours 28 minutes", 
        "plane": "", 
        "departure date": "09/11/2018", 
        "stops": "1", 
        "plane code": "", 
        "departure": ", Chihuahua", 
        "timings": [
            {
                "arrival_airport": "Ciudad de M\u00e9xico, Distrito Federal (MEX-A. Internacional de la Ciudad de M\u00e9xico)", 
                "arrival_time": "11:37", 
                "departure_airport": "Chihuahua, Chihuahua (CUU-A. Internacional General Roberto Fierro Villalobos)", 
                "departure_time": "08:23"
            }, 
            {
                "arrival_airport": "Puerto Vallarta, Jalisco (PVR-A. Internacional Licenciado Gustavo D\u00edaz Ordaz)", 
                "arrival_time": "20:51", 
                "departure_airport": "Ciudad de M\u00e9xico, Distrito Federal (MEX-A. Internacional de la Ciudad de M\u00e9xico)", 
                "departure_time": "19:10"
            }
        ], 
        "ticket price": "2678.70", 
        "airline": "Volaris"
    }, 
    {
        "arrival": ", Puerto Vallarta", 
        "consult date": "10/05/2018", 
        "flight duration": "0 days 5 hours 50 minutes", 
        "plane": "Embraer 190", 
        "departure date": "09/11/2018", 
        "stops": "1", 
        "plane code": "E90", 
        "departure": ", Chihuahua", 
        "timings": [
            {
                "arrival_airport": "Ciudad de M\u00e9xico, Distrito Federal (MEX-A. Internacional de la Ciudad de M\u00e9xico)", 
                "arrival_time": "18:20", 
                "departure_airport": "Chihuahua, Chihuahua (CUU-A. Internacional General Roberto Fierro Villalobos)", 
                "departure_time": "15:03"
            }, 
            {
                "arrival_airport": "Puerto Vallarta, Jalisco (PVR-A. Internacional Licenciado Gustavo D\u00edaz Ordaz)", 
                "arrival_time": "21:53", 
                "departure_airport": "Ciudad de M\u00e9xico, Distrito Federal (MEX-A. Internacional de la Ciudad de M\u00e9xico)", 
                "departure_time": "20:15"
            }
        ], 
        "ticket price": "3030.50", 
        "airline": "Aeromexico"
    }, 
    {
        "arrival": ", Puerto Vallarta", 
        "consult date": "10/05/2018", 
        "flight duration": "0 days 4 hours 43 minutes", 
        "plane": "Embraer 190", 
        "departure date": "09/11/2018", 
        "stops": "1", 
        "plane code": "E90", 
        "departure": ", Chihuahua", 
        "timings": [
            {
                "arrival_airport": "Ciudad de M\u00e9xico, Distrito Federal (MEX-A. Internacional de la Ciudad de M\u00e9xico)", 
                "arrival_time": "09:35", 
                "departure_airport": "Chihuahua, Chihuahua (CUU-A. Internacional General Roberto Fierro Villalobos)", 
                "departure_time": "06:20"
            }, 
            {
                "arrival_airport": "Puerto Vallarta, Jalisco (PVR-A. Internacional Licenciado Gustavo D\u00edaz Ordaz)", 
                "arrival_time": "12:03", 
                "departure_airport": "Ciudad de M\u00e9xico, Distrito Federal (MEX-A. Internacional de la Ciudad de M\u00e9xico)", 
                "departure_time": "10:25"
            }
        ], 
        "ticket price": "3030.50", 
        "airline": "Aeromexico"
    }, 
    {
        "arrival": ", Puerto Vallarta", 
        "consult date": "10/05/2018", 
        "flight duration": "0 days 6 hours 34 minutes", 
        "plane": "Embraer 190", 
        "departure date": "09/11/2018", 
        "stops": "1", 
        "plane code": "E90", 
        "departure": ", Chihuahua", 
        "timings": [
            {
                "arrival_airport": "Ciudad de M\u00e9xico, Distrito Federal (MEX-A. Internacional de la Ciudad de M\u00e9xico)", 
                "arrival_time": "09:35", 
                "departure_airport": "Chihuahua, Chihuahua (CUU-A. Internacional General Roberto Fierro Villalobos)", 
                "departure_time": "06:20"
            }, 
            {
                "arrival_airport": "Puerto Vallarta, Jalisco (PVR-A. Internacional Licenciado Gustavo D\u00edaz Ordaz)", 
                "arrival_time": "13:54", 
                "departure_airport": "Ciudad de M\u00e9xico, Distrito Federal (MEX-A. Internacional de la Ciudad de M\u00e9xico)", 
                "departure_time": "12:05"
            }
        ], 
        "ticket price": "3326.75", 
        "airline": "Aeromexico"
    }, 
    {
        "arrival": ", Puerto Vallarta", 
        "consult date": "10/05/2018", 
        "flight duration": "0 days 10 hours 19 minutes", 
        "plane": "Embraer EMB-145", 
        "departure date": "09/11/2018", 
        "stops": "2", 
        "plane code": "ERJ", 
        "departure": ", Chihuahua", 
        "timings": [
            {
                "arrival_airport": "Houston, TX, Estados Unidos (IAH-A. Intercontinental George Bush)", 
                "arrival_time": "10:22", 
                "departure_airport": "Chihuahua, Chihuahua (CUU-A. Internacional General Roberto Fierro Villalobos)", 
                "departure_time": "07:20"
            }, 
            {
                "arrival_airport": "Ciudad de M\u00e9xico, Distrito Federal (MEX-A. Internacional de la Ciudad de M\u00e9xico)", 
                "arrival_time": "15:05", 
                "departure_airport": "Houston, TX, Estados Unidos (IAH-A. Intercontinental George Bush)", 
                "departure_time": "12:45"
            }, 
            {
                "arrival_airport": "Puerto Vallarta, Jalisco (PVR-A. Internacional Licenciado Gustavo D\u00edaz Ordaz)", 
                "arrival_time": "18:39", 
                "departure_airport": "Ciudad de M\u00e9xico, Distrito Federal (MEX-A. Internacional de la Ciudad de M\u00e9xico)", 
                "departure_time": "17:05"
            }
        ], 
        "ticket price": "36037.00", 
        "airline": "Expressjet Airlines DBA United Exp"
    }, 
    {
        "arrival": ", Puerto Vallarta", 
        "consult date": "10/05/2018", 
        "flight duration": "0 days 4 hours 51 minutes", 
        "plane": "Embraer 190", 
        "departure date": "09/11/2018", 
        "stops": "1", 
        "plane code": "E90", 
        "departure": ", Chihuahua", 
        "timings": [
            {
                "arrival_airport": "Ciudad de M\u00e9xico, Distrito Federal (MEX-A. Internacional de la Ciudad de M\u00e9xico)", 
                "arrival_time": "11:20", 
                "departure_airport": "Chihuahua, Chihuahua (CUU-A. Internacional General Roberto Fierro Villalobos)", 
                "departure_time": "08:03"
            }, 
            {
                "arrival_airport": "Puerto Vallarta, Jalisco (PVR-A. Internacional Licenciado Gustavo D\u00edaz Ordaz)", 
                "arrival_time": "13:54", 
                "departure_airport": "Ciudad de M\u00e9xico, Distrito Federal (MEX-A. Internacional de la Ciudad de M\u00e9xico)", 
                "departure_time": "12:05"
            }
        ], 
        "ticket price": "4452.50", 
        "airline": "Aeromexico"
    }, 
    {
        "arrival": ", Puerto Vallarta", 
        "consult date": "10/05/2018", 
        "flight duration": "0 days 5 hours 55 minutes", 
        "plane": "", 
        "departure date": "09/11/2018", 
        "stops": "1", 
        "plane code": "", 
        "departure": ", Chihuahua", 
        "timings": [
            {
                "arrival_airport": "Ciudad de M\u00e9xico, Distrito Federal (MEX-A. Internacional de la Ciudad de M\u00e9xico)", 
                "arrival_time": "13:15", 
                "departure_airport": "Chihuahua, Chihuahua (CUU-A. Internacional General Roberto Fierro Villalobos)", 
                "departure_time": "10:10"
            }, 
            {
                "arrival_airport": "Puerto Vallarta, Jalisco (PVR-A. Internacional Licenciado Gustavo D\u00edaz Ordaz)", 
                "arrival_time": "17:05", 
                "departure_airport": "Ciudad de M\u00e9xico, Distrito Federal (MEX-A. Internacional de la Ciudad de M\u00e9xico)", 
                "departure_time": "15:35"
            }
        ], 
        "ticket price": "4628.02", 
        "airline": "Interjet"
    }, 
    {
        "arrival": ", Puerto Vallarta", 
        "consult date": "10/05/2018", 
        "flight duration": "0 days 10 hours 19 minutes", 
        "plane": "Embraer EMB-145", 
        "departure date": "09/11/2018", 
        "stops": "2", 
        "plane code": "ERJ", 
        "departure": ", Chihuahua", 
        "timings": [
            {
                "arrival_airport": "Houston, TX, Estados Unidos (IAH-A. Intercontinental George Bush)", 
                "arrival_time": "10:22", 
                "departure_airport": "Chihuahua, Chihuahua (CUU-A. Internacional General Roberto Fierro Villalobos)", 
                "departure_time": "07:20"
            }, 
            {
                "arrival_airport": "Ciudad de M\u00e9xico, Distrito Federal (MEX-A. Internacional de la Ciudad de M\u00e9xico)", 
                "arrival_time": "15:05", 
                "departure_airport": "Houston, TX, Estados Unidos (IAH-A. Intercontinental George Bush)", 
                "departure_time": "12:45"
            }, 
            {
                "arrival_airport": "Puerto Vallarta, Jalisco (PVR-A. Internacional Licenciado Gustavo D\u00edaz Ordaz)", 
                "arrival_time": "18:39", 
                "departure_airport": "Ciudad de M\u00e9xico, Distrito Federal (MEX-A. Internacional de la Ciudad de M\u00e9xico)", 
                "departure_time": "17:05"
            }
        ], 
        "ticket price": "48965.00", 
        "airline": "Expressjet Airlines DBA United Exp"
    }, 
    {
        "arrival": ", Puerto Vallarta", 
        "consult date": "10/05/2018", 
        "flight duration": "0 days 12 hours 33 minutes", 
        "plane": "Embraer 190", 
        "departure date": "09/11/2018", 
        "stops": "2", 
        "plane code": "E90", 
        "departure": ", Chihuahua", 
        "timings": [
            {
                "arrival_airport": "Monterrey, Nuevo Le\u00f3n (MTY-A. Internacional General Mariano Escobedo)", 
                "arrival_time": "10:44", 
                "departure_airport": "Chihuahua, Chihuahua (CUU-A. Internacional General Roberto Fierro Villalobos)", 
                "departure_time": "08:20"
            }, 
            {
                "arrival_airport": "Ciudad de M\u00e9xico, Distrito Federal (MEX-A. Internacional de la Ciudad de M\u00e9xico)", 
                "arrival_time": "16:00", 
                "departure_airport": "Monterrey, Nuevo Le\u00f3n (MTY-A. Internacional General Mariano Escobedo)", 
                "departure_time": "14:27"
            }, 
            {
                "arrival_airport": "Puerto Vallarta, Jalisco (PVR-A. Internacional Licenciado Gustavo D\u00edaz Ordaz)", 
                "arrival_time": "21:53", 
                "departure_airport": "Ciudad de M\u00e9xico, Distrito Federal (MEX-A. Internacional de la Ciudad de M\u00e9xico)", 
                "departure_time": "20:15"
            }
        ], 
        "ticket price": "5185.98", 
        "airline": "Aeromexico"
    }, 
    {
        "arrival": ", Puerto Vallarta", 
        "consult date": "10/05/2018", 
        "flight duration": "0 days 12 hours 33 minutes", 
        "plane": "Embraer 190", 
        "departure date": "09/11/2018", 
        "stops": "2", 
        "plane code": "E90", 
        "departure": ", Chihuahua", 
        "timings": [
            {
                "arrival_airport": "Monterrey, Nuevo Le\u00f3n (MTY-A. Internacional General Mariano Escobedo)", 
                "arrival_time": "10:44", 
                "departure_airport": "Chihuahua, Chihuahua (CUU-A. Internacional General Roberto Fierro Villalobos)", 
                "departure_time": "08:20"
            }, 
            {
                "arrival_airport": "Ciudad de M\u00e9xico, Distrito Federal (MEX-A. Internacional de la Ciudad de M\u00e9xico)", 
                "arrival_time": "17:00", 
                "departure_airport": "Monterrey, Nuevo Le\u00f3n (MTY-A. Internacional General Mariano Escobedo)", 
                "departure_time": "15:24"
            }, 
            {
                "arrival_airport": "Puerto Vallarta, Jalisco (PVR-A. Internacional Licenciado Gustavo D\u00edaz Ordaz)", 
                "arrival_time": "21:53", 
                "departure_airport": "Ciudad de M\u00e9xico, Distrito Federal (MEX-A. Internacional de la Ciudad de M\u00e9xico)", 
                "departure_time": "20:15"
            }
        ], 
        "ticket price": "5185.98", 
        "airline": "Aeromexico"
    }, 
    {
        "arrival": ", Puerto Vallarta", 
        "consult date": "10/05/2018", 
        "flight duration": "0 days 12 hours 33 minutes", 
        "plane": "Embraer 190", 
        "departure date": "09/11/2018", 
        "stops": "2", 
        "plane code": "E90", 
        "departure": ", Chihuahua", 
        "timings": [
            {
                "arrival_airport": "Monterrey, Nuevo Le\u00f3n (MTY-A. Internacional General Mariano Escobedo)", 
                "arrival_time": "10:44", 
                "departure_airport": "Chihuahua, Chihuahua (CUU-A. Internacional General Roberto Fierro Villalobos)", 
                "departure_time": "08:20"
            }, 
            {
                "arrival_airport": "Ciudad de M\u00e9xico, Distrito Federal (MEX-A. Internacional de la Ciudad de M\u00e9xico)", 
                "arrival_time": "15:15", 
                "departure_airport": "Monterrey, Nuevo Le\u00f3n (MTY-A. Internacional General Mariano Escobedo)", 
                "departure_time": "13:41"
            }, 
            {
                "arrival_airport": "Puerto Vallarta, Jalisco (PVR-A. Internacional Licenciado Gustavo D\u00edaz Ordaz)", 
                "arrival_time": "21:53", 
                "departure_airport": "Ciudad de M\u00e9xico, Distrito Federal (MEX-A. Internacional de la Ciudad de M\u00e9xico)", 
                "departure_time": "20:15"
            }
        ], 
        "ticket price": "5689.60", 
        "airline": "Aeromexico"
    }, 
    {
        "arrival": ", Puerto Vallarta", 
        "consult date": "10/05/2018", 
        "flight duration": "0 days 11 hours 38 minutes", 
        "plane": "Embraer RJ145", 
        "departure date": "09/11/2018", 
        "stops": "2", 
        "plane code": "ER4", 
        "departure": ", Chihuahua", 
        "timings": [
            {
                "arrival_airport": "Dallas, TX, Estados Unidos (DFW-A. Internacional de Dallas - Fort Worth)", 
                "arrival_time": "09:03", 
                "departure_airport": "Chihuahua, Chihuahua (CUU-A. Internacional General Roberto Fierro Villalobos)", 
                "departure_time": "06:01"
            }, 
            {
                "arrival_airport": "Ciudad de M\u00e9xico, Distrito Federal (MEX-A. Internacional de la Ciudad de M\u00e9xico)", 
                "arrival_time": "15:35", 
                "departure_airport": "Dallas, TX, Estados Unidos (DFW-A. Internacional de Dallas - Fort Worth)", 
                "departure_time": "12:50"
            }, 
            {
                "arrival_airport": "Puerto Vallarta, Jalisco (PVR-A. Internacional Licenciado Gustavo D\u00edaz Ordaz)", 
                "arrival_time": "18:39", 
                "departure_airport": "Ciudad de M\u00e9xico, Distrito Federal (MEX-A. Internacional de la Ciudad de M\u00e9xico)", 
                "departure_time": "17:05"
            }
        ], 
        "ticket price": "57530.00", 
        "airline": "Envoy Air As American Eagle"
    }, 
    {
        "arrival": ", Puerto Vallarta", 
        "consult date": "10/05/2018", 
        "flight duration": "0 days 14 hours 52 minutes", 
        "plane": "Embraer RJ145", 
        "departure date": "09/11/2018", 
        "stops": "2", 
        "plane code": "ER4", 
        "departure": ", Chihuahua", 
        "timings": [
            {
                "arrival_airport": "Dallas, TX, Estados Unidos (DFW-A. Internacional de Dallas - Fort Worth)", 
                "arrival_time": "09:03", 
                "departure_airport": "Chihuahua, Chihuahua (CUU-A. Internacional General Roberto Fierro Villalobos)", 
                "departure_time": "06:01"
            }, 
            {
                "arrival_airport": "Ciudad de M\u00e9xico, Distrito Federal (MEX-A. Internacional de la Ciudad de M\u00e9xico)", 
                "arrival_time": "15:35", 
                "departure_airport": "Dallas, TX, Estados Unidos (DFW-A. Internacional de Dallas - Fort Worth)", 
                "departure_time": "12:50"
            }, 
            {
                "arrival_airport": "Puerto Vallarta, Jalisco (PVR-A. Internacional Licenciado Gustavo D\u00edaz Ordaz)", 
                "arrival_time": "21:53", 
                "departure_airport": "Ciudad de M\u00e9xico, Distrito Federal (MEX-A. Internacional de la Ciudad de M\u00e9xico)", 
                "departure_time": "20:15"
            }
        ], 
        "ticket price": "57530.00", 
        "airline": "Envoy Air As American Eagle"
    }, 
    {
        "arrival": ", Puerto Vallarta", 
        "consult date": "10/05/2018", 
        "flight duration": "1 days 15 hours 15 minutes", 
        "plane": "", 
        "departure date": "09/11/2018", 
        "stops": "1", 
        "plane code": "", 
        "departure": ", Chihuahua", 
        "timings": [
            {
                "arrival_airport": "Ciudad de M\u00e9xico, Distrito Federal (MEX-A. Internacional de la Ciudad de M\u00e9xico)", 
                "arrival_time": "20:20", 
                "departure_airport": "Chihuahua, Chihuahua (CUU-A. Internacional General Roberto Fierro Villalobos)", 
                "departure_time": "17:15"
            }, 
            {
                "arrival_airport": "Puerto Vallarta, Jalisco (PVR-A. Internacional Licenciado Gustavo D\u00edaz Ordaz)", 
                "arrival_time": "09:30", 
                "departure_airport": "Ciudad de M\u00e9xico, Distrito Federal (MEX-A. Internacional de la Ciudad de M\u00e9xico)", 
                "departure_time": "08:00"
            }
        ], 
        "ticket price": "5898.34", 
        "airline": "Interjet"
    }, 
    {
        "arrival": ", Puerto Vallarta", 
        "consult date": "10/05/2018", 
        "flight duration": "0 days 9 hours 19 minutes", 
        "plane": "Embraer 190", 
        "departure date": "09/11/2018", 
        "stops": "2", 
        "plane code": "E90", 
        "departure": ", Chihuahua", 
        "timings": [
            {
                "arrival_airport": "Monterrey, Nuevo Le\u00f3n (MTY-A. Internacional General Mariano Escobedo)", 
                "arrival_time": "10:44", 
                "departure_airport": "Chihuahua, Chihuahua (CUU-A. Internacional General Roberto Fierro Villalobos)", 
                "departure_time": "08:20"
            }, 
            {
                "arrival_airport": "Ciudad de M\u00e9xico, Distrito Federal (MEX-A. Internacional de la Ciudad de M\u00e9xico)", 
                "arrival_time": "16:00", 
                "departure_airport": "Monterrey, Nuevo Le\u00f3n (MTY-A. Internacional General Mariano Escobedo)", 
                "departure_time": "14:27"
            }, 
            {
                "arrival_airport": "Puerto Vallarta, Jalisco (PVR-A. Internacional Licenciado Gustavo D\u00edaz Ordaz)", 
                "arrival_time": "18:39", 
                "departure_airport": "Ciudad de M\u00e9xico, Distrito Federal (MEX-A. Internacional de la Ciudad de M\u00e9xico)", 
                "departure_time": "17:05"
            }
        ], 
        "ticket price": "7555.98", 
        "airline": "Aeromexico"
    }, 
    {
        "arrival": ", Puerto Vallarta", 
        "consult date": "10/05/2018", 
        "flight duration": "0 days 9 hours 19 minutes", 
        "plane": "Embraer 190", 
        "departure date": "09/11/2018", 
        "stops": "2", 
        "plane code": "E90", 
        "departure": ", Chihuahua", 
        "timings": [
            {
                "arrival_airport": "Monterrey, Nuevo Le\u00f3n (MTY-A. Internacional General Mariano Escobedo)", 
                "arrival_time": "10:44", 
                "departure_airport": "Chihuahua, Chihuahua (CUU-A. Internacional General Roberto Fierro Villalobos)", 
                "departure_time": "08:20"
            }, 
            {
                "arrival_airport": "Ciudad de M\u00e9xico, Distrito Federal (MEX-A. Internacional de la Ciudad de M\u00e9xico)", 
                "arrival_time": "12:55", 
                "departure_airport": "Monterrey, Nuevo Le\u00f3n (MTY-A. Internacional General Mariano Escobedo)", 
                "departure_time": "11:19"
            }, 
            {
                "arrival_airport": "Puerto Vallarta, Jalisco (PVR-A. Internacional Licenciado Gustavo D\u00edaz Ordaz)", 
                "arrival_time": "18:39", 
                "departure_airport": "Ciudad de M\u00e9xico, Distrito Federal (MEX-A. Internacional de la Ciudad de M\u00e9xico)", 
                "departure_time": "17:05"
            }
        ], 
        "ticket price": "8207.73", 
        "airline": "Aeromexico"
    }, 
    {
        "arrival": ", Puerto Vallarta", 
        "consult date": "10/05/2018", 
        "flight duration": "0 days 9 hours 19 minutes", 
        "plane": "Embraer 190", 
        "departure date": "09/11/2018", 
        "stops": "2", 
        "plane code": "E90", 
        "departure": ", Chihuahua", 
        "timings": [
            {
                "arrival_airport": "Monterrey, Nuevo Le\u00f3n (MTY-A. Internacional General Mariano Escobedo)", 
                "arrival_time": "10:44", 
                "departure_airport": "Chihuahua, Chihuahua (CUU-A. Internacional General Roberto Fierro Villalobos)", 
                "departure_time": "08:20"
            }, 
            {
                "arrival_airport": "Ciudad de M\u00e9xico, Distrito Federal (MEX-A. Internacional de la Ciudad de M\u00e9xico)", 
                "arrival_time": "15:15", 
                "departure_airport": "Monterrey, Nuevo Le\u00f3n (MTY-A. Internacional General Mariano Escobedo)", 
                "departure_time": "13:41"
            }, 
            {
                "arrival_airport": "Puerto Vallarta, Jalisco (PVR-A. Internacional Licenciado Gustavo D\u00edaz Ordaz)", 
                "arrival_time": "18:39", 
                "departure_airport": "Ciudad de M\u00e9xico, Distrito Federal (MEX-A. Internacional de la Ciudad de M\u00e9xico)", 
                "departure_time": "17:05"
            }
        ], 
        "ticket price": "8859.48", 
        "airline": "Aeromexico"
    }
]