[
    {
        "arrival": ", Villahermosa", 
        "consult date": "10/05/2018", 
        "flight duration": "0 days 9 hours 53 minutes", 
        "plane": "Embraer EMB-145", 
        "departure date": "20/06/2018", 
        "stops": "2", 
        "plane code": "ERJ", 
        "departure": ", Chihuahua", 
        "timings": [
            {
                "arrival_airport": "Houston, TX, Estados Unidos (IAH-A. Intercontinental George Bush)", 
                "arrival_time": "10:22", 
                "departure_airport": "Chihuahua, Chihuahua (CUU-A. Internacional General Roberto Fierro Villalobos)", 
                "departure_time": "07:20"
            }, 
            {
                "arrival_airport": "Ciudad de M\u00e9xico, Distrito Federal (MEX-A. Internacional de la Ciudad de M\u00e9xico)", 
                "arrival_time": "15:15", 
                "departure_airport": "Houston, TX, Estados Unidos (IAH-A. Intercontinental George Bush)", 
                "departure_time": "12:45"
            }, 
            {
                "arrival_airport": "Villahermosa, Tabasco (VSA-A. Internacional Carlos Rovirosa P\u00e9rez)", 
                "arrival_time": "18:13", 
                "departure_airport": "Ciudad de M\u00e9xico, Distrito Federal (MEX-A. Internacional de la Ciudad de M\u00e9xico)", 
                "departure_time": "16:40"
            }
        ], 
        "ticket price": "23074.00", 
        "airline": "Expressjet Airlines DBA United Exp"
    }, 
    {
        "arrival": ", Villahermosa", 
        "consult date": "10/05/2018", 
        "flight duration": "0 days 4 hours 55 minutes", 
        "plane": "", 
        "departure date": "20/06/2018", 
        "stops": "1", 
        "plane code": "", 
        "departure": ", Chihuahua", 
        "timings": [
            {
                "arrival_airport": "Ciudad de M\u00e9xico, Distrito Federal (MEX-A. Internacional de la Ciudad de M\u00e9xico)", 
                "arrival_time": "20:20", 
                "departure_airport": "Chihuahua, Chihuahua (CUU-A. Internacional General Roberto Fierro Villalobos)", 
                "departure_time": "17:15"
            }, 
            {
                "arrival_airport": "Villahermosa, Tabasco (VSA-A. Internacional Carlos Rovirosa P\u00e9rez)", 
                "arrival_time": "23:10", 
                "departure_airport": "Ciudad de M\u00e9xico, Distrito Federal (MEX-A. Internacional de la Ciudad de M\u00e9xico)", 
                "departure_time": "21:45"
            }
        ], 
        "ticket price": "3062.09", 
        "airline": "Interjet"
    }, 
    {
        "arrival": ", Villahermosa", 
        "consult date": "10/05/2018", 
        "flight duration": "0 days 14 hours 5 minutes", 
        "plane": "", 
        "departure date": "20/06/2018", 
        "stops": "1", 
        "plane code": "", 
        "departure": ", Chihuahua", 
        "timings": [
            {
                "arrival_airport": "Ciudad de M\u00e9xico, Distrito Federal (MEX-A. Internacional de la Ciudad de M\u00e9xico)", 
                "arrival_time": "20:20", 
                "departure_airport": "Chihuahua, Chihuahua (CUU-A. Internacional General Roberto Fierro Villalobos)", 
                "departure_time": "17:15"
            }, 
            {
                "arrival_airport": "Villahermosa, Tabasco (VSA-A. Internacional Carlos Rovirosa P\u00e9rez)", 
                "arrival_time": "08:20", 
                "departure_airport": "Ciudad de M\u00e9xico, Distrito Federal (MEX-A. Internacional de la Ciudad de M\u00e9xico)", 
                "departure_time": "07:00"
            }
        ], 
        "ticket price": "3062.09", 
        "airline": "Interjet"
    }, 
    {
        "arrival": ", Villahermosa", 
        "consult date": "10/05/2018", 
        "flight duration": "0 days 13 hours 55 minutes", 
        "plane": "", 
        "departure date": "20/06/2018", 
        "stops": "1", 
        "plane code": "", 
        "departure": ", Chihuahua", 
        "timings": [
            {
                "arrival_airport": "Ciudad de M\u00e9xico, Distrito Federal (MEX-A. Internacional de la Ciudad de M\u00e9xico)", 
                "arrival_time": "11:20", 
                "departure_airport": "Chihuahua, Chihuahua (CUU-A. Internacional General Roberto Fierro Villalobos)", 
                "departure_time": "08:15"
            }, 
            {
                "arrival_airport": "Villahermosa, Tabasco (VSA-A. Internacional Carlos Rovirosa P\u00e9rez)", 
                "arrival_time": "23:10", 
                "departure_airport": "Ciudad de M\u00e9xico, Distrito Federal (MEX-A. Internacional de la Ciudad de M\u00e9xico)", 
                "departure_time": "21:45"
            }
        ], 
        "ticket price": "3253.49", 
        "airline": "Interjet"
    }, 
    {
        "arrival": ", Villahermosa", 
        "consult date": "10/05/2018", 
        "flight duration": "0 days 9 hours 20 minutes", 
        "plane": "", 
        "departure date": "20/06/2018", 
        "stops": "1", 
        "plane code": "", 
        "departure": ", Chihuahua", 
        "timings": [
            {
                "arrival_airport": "Ciudad de M\u00e9xico, Distrito Federal (MEX-A. Internacional de la Ciudad de M\u00e9xico)", 
                "arrival_time": "11:20", 
                "departure_airport": "Chihuahua, Chihuahua (CUU-A. Internacional General Roberto Fierro Villalobos)", 
                "departure_time": "08:15"
            }, 
            {
                "arrival_airport": "Villahermosa, Tabasco (VSA-A. Internacional Carlos Rovirosa P\u00e9rez)", 
                "arrival_time": "18:35", 
                "departure_airport": "Ciudad de M\u00e9xico, Distrito Federal (MEX-A. Internacional de la Ciudad de M\u00e9xico)", 
                "departure_time": "17:05"
            }
        ], 
        "ticket price": "3253.49", 
        "airline": "Interjet"
    }, 
    {
        "arrival": ", Villahermosa", 
        "consult date": "10/05/2018", 
        "flight duration": "0 days 7 hours 45 minutes", 
        "plane": "EMBRAER 170", 
        "departure date": "20/06/2018", 
        "stops": "2", 
        "plane code": "E70", 
        "departure": ", Chihuahua", 
        "timings": [
            {
                "arrival_airport": "Monterrey, Nuevo Le\u00f3n (MTY-A. Internacional General Mariano Escobedo)", 
                "arrival_time": "11:51", 
                "departure_airport": "Chihuahua, Chihuahua (CUU-A. Internacional General Roberto Fierro Villalobos)", 
                "departure_time": "09:28"
            }, 
            {
                "arrival_airport": "Ciudad de M\u00e9xico, Distrito Federal (MEX-A. Internacional de la Ciudad de M\u00e9xico)", 
                "arrival_time": "16:00", 
                "departure_airport": "Monterrey, Nuevo Le\u00f3n (MTY-A. Internacional General Mariano Escobedo)", 
                "departure_time": "14:26"
            }, 
            {
                "arrival_airport": "Villahermosa, Tabasco (VSA-A. Internacional Carlos Rovirosa P\u00e9rez)", 
                "arrival_time": "18:13", 
                "departure_airport": "Ciudad de M\u00e9xico, Distrito Federal (MEX-A. Internacional de la Ciudad de M\u00e9xico)", 
                "departure_time": "16:40"
            }
        ], 
        "ticket price": "3379.00", 
        "airline": "Aeromexico"
    }, 
    {
        "arrival": ", Villahermosa", 
        "consult date": "10/05/2018", 
        "flight duration": "0 days 19 hours 3 minutes", 
        "plane": "Embraer RJ145", 
        "departure date": "20/06/2018", 
        "stops": "3", 
        "plane code": "ER4", 
        "departure": ", Chihuahua", 
        "timings": [
            {
                "arrival_airport": "Dallas, TX, Estados Unidos (DFW-A. Internacional de Dallas - Fort Worth)", 
                "arrival_time": "15:33", 
                "departure_airport": "Chihuahua, Chihuahua (CUU-A. Internacional General Roberto Fierro Villalobos)", 
                "departure_time": "12:40"
            }, 
            {
                "arrival_airport": "Los \u00c1ngeles, CA, Estados Unidos (LAX-A. Internacional de Los \u00c1ngeles)", 
                "arrival_time": "21:59", 
                "departure_airport": "Dallas, TX, Estados Unidos (DFW-A. Internacional de Dallas - Fort Worth)", 
                "departure_time": "20:25"
            }, 
            {
                "arrival_airport": "Ciudad de M\u00e9xico, Distrito Federal (MEX-A. Internacional de la Ciudad de M\u00e9xico)", 
                "arrival_time": "05:25", 
                "departure_airport": "Los \u00c1ngeles, CA, Estados Unidos (LAX-A. Internacional de Los \u00c1ngeles)", 
                "departure_time": "23:30"
            }, 
            {
                "arrival_airport": "Villahermosa, Tabasco (VSA-A. Internacional Carlos Rovirosa P\u00e9rez)", 
                "arrival_time": "08:43", 
                "departure_airport": "Ciudad de M\u00e9xico, Distrito Federal (MEX-A. Internacional de la Ciudad de M\u00e9xico)", 
                "departure_time": "07:05"
            }
        ], 
        "ticket price": "33800.00", 
        "airline": "Envoy Air As American Eagle"
    }, 
    {
        "arrival": ", Villahermosa", 
        "consult date": "10/05/2018", 
        "flight duration": "0 days 19 hours 3 minutes", 
        "plane": "Embraer RJ145", 
        "departure date": "20/06/2018", 
        "stops": "3", 
        "plane code": "ER4", 
        "departure": ", Chihuahua", 
        "timings": [
            {
                "arrival_airport": "Dallas, TX, Estados Unidos (DFW-A. Internacional de Dallas - Fort Worth)", 
                "arrival_time": "15:33", 
                "departure_airport": "Chihuahua, Chihuahua (CUU-A. Internacional General Roberto Fierro Villalobos)", 
                "departure_time": "12:40"
            }, 
            {
                "arrival_airport": "Los \u00c1ngeles, CA, Estados Unidos (LAX-A. Internacional de Los \u00c1ngeles)", 
                "arrival_time": "19:11", 
                "departure_airport": "Dallas, TX, Estados Unidos (DFW-A. Internacional de Dallas - Fort Worth)", 
                "departure_time": "17:45"
            }, 
            {
                "arrival_airport": "Ciudad de M\u00e9xico, Distrito Federal (MEX-A. Internacional de la Ciudad de M\u00e9xico)", 
                "arrival_time": "05:25", 
                "departure_airport": "Los \u00c1ngeles, CA, Estados Unidos (LAX-A. Internacional de Los \u00c1ngeles)", 
                "departure_time": "23:30"
            }, 
            {
                "arrival_airport": "Villahermosa, Tabasco (VSA-A. Internacional Carlos Rovirosa P\u00e9rez)", 
                "arrival_time": "08:43", 
                "departure_airport": "Ciudad de M\u00e9xico, Distrito Federal (MEX-A. Internacional de la Ciudad de M\u00e9xico)", 
                "departure_time": "07:05"
            }
        ], 
        "ticket price": "33800.00", 
        "airline": "Envoy Air As American Eagle"
    }, 
    {
        "arrival": ", Villahermosa", 
        "consult date": "10/05/2018", 
        "flight duration": "0 days 19 hours 3 minutes", 
        "plane": "Embraer RJ145", 
        "departure date": "20/06/2018", 
        "stops": "3", 
        "plane code": "ER4", 
        "departure": ", Chihuahua", 
        "timings": [
            {
                "arrival_airport": "Dallas, TX, Estados Unidos (DFW-A. Internacional de Dallas - Fort Worth)", 
                "arrival_time": "15:33", 
                "departure_airport": "Chihuahua, Chihuahua (CUU-A. Internacional General Roberto Fierro Villalobos)", 
                "departure_time": "12:40"
            }, 
            {
                "arrival_airport": "Los \u00c1ngeles, CA, Estados Unidos (LAX-A. Internacional de Los \u00c1ngeles)", 
                "arrival_time": "20:22", 
                "departure_airport": "Dallas, TX, Estados Unidos (DFW-A. Internacional de Dallas - Fort Worth)", 
                "departure_time": "18:55"
            }, 
            {
                "arrival_airport": "Ciudad de M\u00e9xico, Distrito Federal (MEX-A. Internacional de la Ciudad de M\u00e9xico)", 
                "arrival_time": "05:25", 
                "departure_airport": "Los \u00c1ngeles, CA, Estados Unidos (LAX-A. Internacional de Los \u00c1ngeles)", 
                "departure_time": "23:30"
            }, 
            {
                "arrival_airport": "Villahermosa, Tabasco (VSA-A. Internacional Carlos Rovirosa P\u00e9rez)", 
                "arrival_time": "08:43", 
                "departure_airport": "Ciudad de M\u00e9xico, Distrito Federal (MEX-A. Internacional de la Ciudad de M\u00e9xico)", 
                "departure_time": "07:05"
            }
        ], 
        "ticket price": "33800.00", 
        "airline": "Envoy Air As American Eagle"
    }, 
    {
        "arrival": ", Villahermosa", 
        "consult date": "10/05/2018", 
        "flight duration": "0 days 7 hours 18 minutes", 
        "plane": "Embraer 190", 
        "departure date": "20/06/2018", 
        "stops": "1", 
        "plane code": "E90", 
        "departure": ", Chihuahua", 
        "timings": [
            {
                "arrival_airport": "Ciudad de M\u00e9xico, Distrito Federal (MEX-A. Internacional de la Ciudad de M\u00e9xico)", 
                "arrival_time": "18:10", 
                "departure_airport": "Chihuahua, Chihuahua (CUU-A. Internacional General Roberto Fierro Villalobos)", 
                "departure_time": "14:57"
            }, 
            {
                "arrival_airport": "Villahermosa, Tabasco (VSA-A. Internacional Carlos Rovirosa P\u00e9rez)", 
                "arrival_time": "23:15", 
                "departure_airport": "Ciudad de M\u00e9xico, Distrito Federal (MEX-A. Internacional de la Ciudad de M\u00e9xico)", 
                "departure_time": "21:40"
            }
        ], 
        "ticket price": "3408.00", 
        "airline": "Aeromexico"
    }, 
    {
        "arrival": ", Villahermosa", 
        "consult date": "10/05/2018", 
        "flight duration": "0 days 8 hours 21 minutes", 
        "plane": "Embraer 190", 
        "departure date": "20/06/2018", 
        "stops": "1", 
        "plane code": "E90", 
        "departure": ", Chihuahua", 
        "timings": [
            {
                "arrival_airport": "Ciudad de M\u00e9xico, Distrito Federal (MEX-A. Internacional de la Ciudad de M\u00e9xico)", 
                "arrival_time": "09:15", 
                "departure_airport": "Chihuahua, Chihuahua (CUU-A. Internacional General Roberto Fierro Villalobos)", 
                "departure_time": "06:00"
            }, 
            {
                "arrival_airport": "Villahermosa, Tabasco (VSA-A. Internacional Carlos Rovirosa P\u00e9rez)", 
                "arrival_time": "15:21", 
                "departure_airport": "Ciudad de M\u00e9xico, Distrito Federal (MEX-A. Internacional de la Ciudad de M\u00e9xico)", 
                "departure_time": "13:50"
            }
        ], 
        "ticket price": "3408.00", 
        "airline": "Aeromexico"
    }, 
    {
        "arrival": ", Villahermosa", 
        "consult date": "10/05/2018", 
        "flight duration": "0 days 6 hours 19 minutes", 
        "plane": "Embraer 190", 
        "departure date": "20/06/2018", 
        "stops": "1", 
        "plane code": "E90", 
        "departure": ", Chihuahua", 
        "timings": [
            {
                "arrival_airport": "Ciudad de M\u00e9xico, Distrito Federal (MEX-A. Internacional de la Ciudad de M\u00e9xico)", 
                "arrival_time": "11:20", 
                "departure_airport": "Chihuahua, Chihuahua (CUU-A. Internacional General Roberto Fierro Villalobos)", 
                "departure_time": "08:02"
            }, 
            {
                "arrival_airport": "Villahermosa, Tabasco (VSA-A. Internacional Carlos Rovirosa P\u00e9rez)", 
                "arrival_time": "15:21", 
                "departure_airport": "Ciudad de M\u00e9xico, Distrito Federal (MEX-A. Internacional de la Ciudad de M\u00e9xico)", 
                "departure_time": "13:50"
            }
        ], 
        "ticket price": "3408.00", 
        "airline": "Aeromexico"
    }, 
    {
        "arrival": ", Villahermosa", 
        "consult date": "10/05/2018", 
        "flight duration": "0 days 9 hours 53 minutes", 
        "plane": "Embraer EMB-145", 
        "departure date": "20/06/2018", 
        "stops": "2", 
        "plane code": "ERJ", 
        "departure": ", Chihuahua", 
        "timings": [
            {
                "arrival_airport": "Houston, TX, Estados Unidos (IAH-A. Intercontinental George Bush)", 
                "arrival_time": "10:22", 
                "departure_airport": "Chihuahua, Chihuahua (CUU-A. Internacional General Roberto Fierro Villalobos)", 
                "departure_time": "07:20"
            }, 
            {
                "arrival_airport": "Ciudad de M\u00e9xico, Distrito Federal (MEX-A. Internacional de la Ciudad de M\u00e9xico)", 
                "arrival_time": "15:15", 
                "departure_airport": "Houston, TX, Estados Unidos (IAH-A. Intercontinental George Bush)", 
                "departure_time": "12:45"
            }, 
            {
                "arrival_airport": "Villahermosa, Tabasco (VSA-A. Internacional Carlos Rovirosa P\u00e9rez)", 
                "arrival_time": "18:13", 
                "departure_airport": "Ciudad de M\u00e9xico, Distrito Federal (MEX-A. Internacional de la Ciudad de M\u00e9xico)", 
                "departure_time": "16:40"
            }
        ], 
        "ticket price": "36002.00", 
        "airline": "Expressjet Airlines DBA United Exp"
    }, 
    {
        "arrival": ", Villahermosa", 
        "consult date": "10/05/2018", 
        "flight duration": "0 days 5 hours 3 minutes", 
        "plane": "Embraer 190", 
        "departure date": "20/06/2018", 
        "stops": "1", 
        "plane code": "E90", 
        "departure": ", Chihuahua", 
        "timings": [
            {
                "arrival_airport": "Ciudad de M\u00e9xico, Distrito Federal (MEX-A. Internacional de la Ciudad de M\u00e9xico)", 
                "arrival_time": "20:30", 
                "departure_airport": "Chihuahua, Chihuahua (CUU-A. Internacional General Roberto Fierro Villalobos)", 
                "departure_time": "17:12"
            }, 
            {
                "arrival_airport": "Villahermosa, Tabasco (VSA-A. Internacional Carlos Rovirosa P\u00e9rez)", 
                "arrival_time": "23:15", 
                "departure_airport": "Ciudad de M\u00e9xico, Distrito Federal (MEX-A. Internacional de la Ciudad de M\u00e9xico)", 
                "departure_time": "21:40"
            }
        ], 
        "ticket price": "3698.00", 
        "airline": "Aeromexico"
    }, 
    {
        "arrival": ", Villahermosa", 
        "consult date": "10/05/2018", 
        "flight duration": "0 days 7 hours 45 minutes", 
        "plane": "EMBRAER 170", 
        "departure date": "20/06/2018", 
        "stops": "2", 
        "plane code": "E70", 
        "departure": ", Chihuahua", 
        "timings": [
            {
                "arrival_airport": "Monterrey, Nuevo Le\u00f3n (MTY-A. Internacional General Mariano Escobedo)", 
                "arrival_time": "11:51", 
                "departure_airport": "Chihuahua, Chihuahua (CUU-A. Internacional General Roberto Fierro Villalobos)", 
                "departure_time": "09:28"
            }, 
            {
                "arrival_airport": "Ciudad de M\u00e9xico, Distrito Federal (MEX-A. Internacional de la Ciudad de M\u00e9xico)", 
                "arrival_time": "15:15", 
                "departure_airport": "Monterrey, Nuevo Le\u00f3n (MTY-A. Internacional General Mariano Escobedo)", 
                "departure_time": "13:42"
            }, 
            {
                "arrival_airport": "Villahermosa, Tabasco (VSA-A. Internacional Carlos Rovirosa P\u00e9rez)", 
                "arrival_time": "18:13", 
                "departure_airport": "Ciudad de M\u00e9xico, Distrito Federal (MEX-A. Internacional de la Ciudad de M\u00e9xico)", 
                "departure_time": "16:40"
            }
        ], 
        "ticket price": "3901.00", 
        "airline": "Aeromexico"
    }, 
    {
        "arrival": ", Villahermosa", 
        "consult date": "10/05/2018", 
        "flight duration": "0 days 12 hours 47 minutes", 
        "plane": "EMBRAER 170", 
        "departure date": "20/06/2018", 
        "stops": "2", 
        "plane code": "E70", 
        "departure": ", Chihuahua", 
        "timings": [
            {
                "arrival_airport": "Monterrey, Nuevo Le\u00f3n (MTY-A. Internacional General Mariano Escobedo)", 
                "arrival_time": "11:51", 
                "departure_airport": "Chihuahua, Chihuahua (CUU-A. Internacional General Roberto Fierro Villalobos)", 
                "departure_time": "09:28"
            }, 
            {
                "arrival_airport": "Ciudad de M\u00e9xico, Distrito Federal (MEX-A. Internacional de la Ciudad de M\u00e9xico)", 
                "arrival_time": "17:55", 
                "departure_airport": "Monterrey, Nuevo Le\u00f3n (MTY-A. Internacional General Mariano Escobedo)", 
                "departure_time": "16:18"
            }, 
            {
                "arrival_airport": "Villahermosa, Tabasco (VSA-A. Internacional Carlos Rovirosa P\u00e9rez)", 
                "arrival_time": "23:15", 
                "departure_airport": "Ciudad de M\u00e9xico, Distrito Federal (MEX-A. Internacional de la Ciudad de M\u00e9xico)", 
                "departure_time": "21:40"
            }
        ], 
        "ticket price": "4510.00", 
        "airline": "Aeromexico"
    }, 
    {
        "arrival": ", Villahermosa", 
        "consult date": "10/05/2018", 
        "flight duration": "0 days 12 hours 47 minutes", 
        "plane": "EMBRAER 170", 
        "departure date": "20/06/2018", 
        "stops": "2", 
        "plane code": "E70", 
        "departure": ", Chihuahua", 
        "timings": [
            {
                "arrival_airport": "Monterrey, Nuevo Le\u00f3n (MTY-A. Internacional General Mariano Escobedo)", 
                "arrival_time": "11:51", 
                "departure_airport": "Chihuahua, Chihuahua (CUU-A. Internacional General Roberto Fierro Villalobos)", 
                "departure_time": "09:28"
            }, 
            {
                "arrival_airport": "Ciudad de M\u00e9xico, Distrito Federal (MEX-A. Internacional de la Ciudad de M\u00e9xico)", 
                "arrival_time": "16:45", 
                "departure_airport": "Monterrey, Nuevo Le\u00f3n (MTY-A. Internacional General Mariano Escobedo)", 
                "departure_time": "15:15"
            }, 
            {
                "arrival_airport": "Villahermosa, Tabasco (VSA-A. Internacional Carlos Rovirosa P\u00e9rez)", 
                "arrival_time": "23:15", 
                "departure_airport": "Ciudad de M\u00e9xico, Distrito Federal (MEX-A. Internacional de la Ciudad de M\u00e9xico)", 
                "departure_time": "21:40"
            }
        ], 
        "ticket price": "4510.00", 
        "airline": "Aeromexico"
    }, 
    {
        "arrival": ", Villahermosa", 
        "consult date": "10/05/2018", 
        "flight duration": "0 days 12 hours 15 minutes", 
        "plane": "Embraer 190", 
        "departure date": "20/06/2018", 
        "stops": "3", 
        "plane code": "E90", 
        "departure": ", Chihuahua", 
        "timings": [
            {
                "arrival_airport": "Ciudad de M\u00e9xico, Distrito Federal (MEX-A. Internacional de la Ciudad de M\u00e9xico)", 
                "arrival_time": "09:15", 
                "departure_airport": "Chihuahua, Chihuahua (CUU-A. Internacional General Roberto Fierro Villalobos)", 
                "departure_time": "06:00"
            }, 
            {
                "arrival_airport": "Austin, TX, Estados Unidos (AUS-A. Internacional de Austin-Bergstrom)", 
                "arrival_time": "12:30", 
                "departure_airport": "Ciudad de M\u00e9xico, Distrito Federal (MEX-A. Internacional de la Ciudad de M\u00e9xico)", 
                "departure_time": "10:10"
            }, 
            {
                "arrival_airport": "Houston, TX, Estados Unidos (IAH-A. Intercontinental George Bush)", 
                "arrival_time": "15:22", 
                "departure_airport": "Austin, TX, Estados Unidos (AUS-A. Internacional de Austin-Bergstrom)", 
                "departure_time": "14:24"
            }, 
            {
                "arrival_airport": "Villahermosa, Tabasco (VSA-A. Internacional Carlos Rovirosa P\u00e9rez)", 
                "arrival_time": "19:15", 
                "departure_airport": "Houston, TX, Estados Unidos (IAH-A. Intercontinental George Bush)", 
                "departure_time": "16:35"
            }
        ], 
        "ticket price": "51011.00", 
        "airline": "Aerolitoral DBA Aeromexico Connect"
    }, 
    {
        "arrival": ", Villahermosa", 
        "consult date": "10/05/2018", 
        "flight duration": "0 days 7 hours 43 minutes", 
        "plane": "EMBRAER 170", 
        "departure date": "20/06/2018", 
        "stops": "2", 
        "plane code": "E70", 
        "departure": ", Chihuahua", 
        "timings": [
            {
                "arrival_airport": "Monterrey, Nuevo Le\u00f3n (MTY-A. Internacional General Mariano Escobedo)", 
                "arrival_time": "16:54", 
                "departure_airport": "Chihuahua, Chihuahua (CUU-A. Internacional General Roberto Fierro Villalobos)", 
                "departure_time": "14:32"
            }, 
            {
                "arrival_airport": "Ciudad de M\u00e9xico, Distrito Federal (MEX-A. Internacional de la Ciudad de M\u00e9xico)", 
                "arrival_time": "21:00", 
                "departure_airport": "Monterrey, Nuevo Le\u00f3n (MTY-A. Internacional General Mariano Escobedo)", 
                "departure_time": "19:14"
            }, 
            {
                "arrival_airport": "Villahermosa, Tabasco (VSA-A. Internacional Carlos Rovirosa P\u00e9rez)", 
                "arrival_time": "23:15", 
                "departure_airport": "Ciudad de M\u00e9xico, Distrito Federal (MEX-A. Internacional de la Ciudad de M\u00e9xico)", 
                "departure_time": "21:40"
            }
        ], 
        "ticket price": "5699.00", 
        "airline": "Aeromexico"
    }, 
    {
        "arrival": ", Villahermosa", 
        "consult date": "10/05/2018", 
        "flight duration": "0 days 11 hours 14 minutes", 
        "plane": "", 
        "departure date": "20/06/2018", 
        "stops": "1", 
        "plane code": "", 
        "departure": ", Chihuahua", 
        "timings": [
            {
                "arrival_airport": "Ciudad de M\u00e9xico, Distrito Federal (MEX-A. Internacional de la Ciudad de M\u00e9xico)", 
                "arrival_time": "11:37", 
                "departure_airport": "Chihuahua, Chihuahua (CUU-A. Internacional General Roberto Fierro Villalobos)", 
                "departure_time": "08:23"
            }, 
            {
                "arrival_airport": "Villahermosa, Tabasco (VSA-A. Internacional Carlos Rovirosa P\u00e9rez)", 
                "arrival_time": "20:37", 
                "departure_airport": "Ciudad de M\u00e9xico, Distrito Federal (MEX-A. Internacional de la Ciudad de M\u00e9xico)", 
                "departure_time": "19:00"
            }
        ], 
        "ticket price": "5881.00", 
        "airline": "Volaris"
    }, 
    {
        "arrival": ", Villahermosa", 
        "consult date": "10/05/2018", 
        "flight duration": "0 days 7 hours 43 minutes", 
        "plane": "EMBRAER 170", 
        "departure date": "20/06/2018", 
        "stops": "2", 
        "plane code": "E70", 
        "departure": ", Chihuahua", 
        "timings": [
            {
                "arrival_airport": "Monterrey, Nuevo Le\u00f3n (MTY-A. Internacional General Mariano Escobedo)", 
                "arrival_time": "16:54", 
                "departure_airport": "Chihuahua, Chihuahua (CUU-A. Internacional General Roberto Fierro Villalobos)", 
                "departure_time": "14:32"
            }, 
            {
                "arrival_airport": "Ciudad de M\u00e9xico, Distrito Federal (MEX-A. Internacional de la Ciudad de M\u00e9xico)", 
                "arrival_time": "20:00", 
                "departure_airport": "Monterrey, Nuevo Le\u00f3n (MTY-A. Internacional General Mariano Escobedo)", 
                "departure_time": "18:20"
            }, 
            {
                "arrival_airport": "Villahermosa, Tabasco (VSA-A. Internacional Carlos Rovirosa P\u00e9rez)", 
                "arrival_time": "23:15", 
                "departure_airport": "Ciudad de M\u00e9xico, Distrito Federal (MEX-A. Internacional de la Ciudad de M\u00e9xico)", 
                "departure_time": "21:40"
            }
        ], 
        "ticket price": "6337.00", 
        "airline": "Aeromexico"
    }, 
    {
        "arrival": ", Villahermosa", 
        "consult date": "10/05/2018", 
        "flight duration": "0 days 12 hours 47 minutes", 
        "plane": "EMBRAER 170", 
        "departure date": "20/06/2018", 
        "stops": "3", 
        "plane code": "E70", 
        "departure": ", Chihuahua", 
        "timings": [
            {
                "arrival_airport": "Monterrey, Nuevo Le\u00f3n (MTY-A. Internacional General Mariano Escobedo)", 
                "arrival_time": "11:51", 
                "departure_airport": "Chihuahua, Chihuahua (CUU-A. Internacional General Roberto Fierro Villalobos)", 
                "departure_time": "09:28"
            }, 
            {
                "arrival_airport": "Guadalajara, Jalisco (GDL-Don Miguel Hidalgo y Costilla Intl.)", 
                "arrival_time": "15:08", 
                "departure_airport": "Monterrey, Nuevo Le\u00f3n (MTY-A. Internacional General Mariano Escobedo)", 
                "departure_time": "13:34"
            }, 
            {
                "arrival_airport": "Ciudad de M\u00e9xico, Distrito Federal (MEX-A. Internacional de la Ciudad de M\u00e9xico)", 
                "arrival_time": "19:15", 
                "departure_airport": "Guadalajara, Jalisco (GDL-Don Miguel Hidalgo y Costilla Intl.)", 
                "departure_time": "17:54"
            }, 
            {
                "arrival_airport": "Villahermosa, Tabasco (VSA-A. Internacional Carlos Rovirosa P\u00e9rez)", 
                "arrival_time": "23:15", 
                "departure_airport": "Ciudad de M\u00e9xico, Distrito Federal (MEX-A. Internacional de la Ciudad de M\u00e9xico)", 
                "departure_time": "21:40"
            }
        ], 
        "ticket price": "8457.00", 
        "airline": "Aeromexico"
    }
]