[
    {
        "arrival": ", Monterrey", 
        "consult date": "10/05/2018", 
        "flight duration": "0 days 11 hours 43 minutes", 
        "plane": "Embraer 175", 
        "departure date": "20/07/2018", 
        "stops": "2", 
        "plane code": "E75", 
        "departure": ", Cozumel", 
        "timings": [
            {
                "arrival_airport": "Miami, FL, Estados Unidos (MIA-A. Internacional de Miami)", 
                "arrival_time": "14:54", 
                "departure_airport": "Cozumel, Quintana Roo (CZM-A. Internacional de Cozumel)", 
                "departure_time": "12:11"
            }, 
            {
                "arrival_airport": "Ciudad de M\u00e9xico, Distrito Federal (MEX-A. Internacional de la Ciudad de M\u00e9xico)", 
                "arrival_time": "20:10", 
                "departure_airport": "Miami, FL, Estados Unidos (MIA-A. Internacional de Miami)", 
                "departure_time": "17:30"
            }, 
            {
                "arrival_airport": "Monterrey, Nuevo Le\u00f3n (MTY-A. Internacional General Mariano Escobedo)", 
                "arrival_time": "23:54", 
                "departure_airport": "Ciudad de M\u00e9xico, Distrito Federal (MEX-A. Internacional de la Ciudad de M\u00e9xico)", 
                "departure_time": "22:00"
            }
        ], 
        "ticket price": "52090.00", 
        "airline": "Republic Airlines As American Eagl"
    }
]