[
    {
        "arrival": ", Ciudad de M\u00e9xico", 
        "consult date": "10/05/2018", 
        "flight duration": "0 days 7 hours 57 minutes", 
        "plane": "Embraer 175", 
        "departure date": "27/12/2018", 
        "stops": "1", 
        "plane code": "E75", 
        "departure": ", Cozumel", 
        "timings": [
            {
                "arrival_airport": "Miami, FL, Estados Unidos (MIA-A. Internacional de Miami)", 
                "arrival_time": "14:45", 
                "departure_airport": "Cozumel, Quintana Roo (CZM-A. Internacional de Cozumel)", 
                "departure_time": "12:08"
            }, 
            {
                "arrival_airport": "Ciudad de M\u00e9xico, Distrito Federal (MEX-A. Internacional de la Ciudad de M\u00e9xico)", 
                "arrival_time": "20:05", 
                "departure_airport": "Miami, FL, Estados Unidos (MIA-A. Internacional de Miami)", 
                "departure_time": "17:20"
            }
        ], 
        "ticket price": "110574.00", 
        "airline": "Republic Airlines As American Eagl"
    }, 
    {
        "arrival": ", Ciudad de M\u00e9xico", 
        "consult date": "10/05/2018", 
        "flight duration": "1 days 15 hours 5 minutes", 
        "plane": "BOEING (DOUGLAS) MD-88", 
        "departure date": "27/12/2018", 
        "stops": "2", 
        "plane code": "M88", 
        "departure": ", Cozumel", 
        "timings": [
            {
                "arrival_airport": "Atlanta, GA, Estados Unidos (ATL-A. Internacional de Hartsfield-Jackson de Atlanta)", 
                "arrival_time": "17:05", 
                "departure_airport": "Cozumel, Quintana Roo (CZM-A. Internacional de Cozumel)", 
                "departure_time": "13:25"
            }, 
            {
                "arrival_airport": "Chicago, IL, Estados Unidos (ORD-A. Internacional O'Hare)", 
                "arrival_time": "20:06", 
                "departure_airport": "Atlanta, GA, Estados Unidos (ATL-A. Internacional de Hartsfield-Jackson de Atlanta)", 
                "departure_time": "19:01"
            }, 
            {
                "arrival_airport": "Ciudad de M\u00e9xico, Distrito Federal (MEX-A. Internacional de la Ciudad de M\u00e9xico)", 
                "arrival_time": "04:30", 
                "departure_airport": "Chicago, IL, Estados Unidos (ORD-A. Internacional O'Hare)", 
                "departure_time": "00:20"
            }
        ], 
        "ticket price": "25222.00", 
        "airline": "Aeromexico"
    }, 
    {
        "arrival": ", Ciudad de M\u00e9xico", 
        "consult date": "10/05/2018", 
        "flight duration": "1 days 15 hours 5 minutes", 
        "plane": "BOEING (DOUGLAS) MD-88", 
        "departure date": "27/12/2018", 
        "stops": "2", 
        "plane code": "M88", 
        "departure": ", Cozumel", 
        "timings": [
            {
                "arrival_airport": "Atlanta, GA, Estados Unidos (ATL-A. Internacional de Hartsfield-Jackson de Atlanta)", 
                "arrival_time": "17:05", 
                "departure_airport": "Cozumel, Quintana Roo (CZM-A. Internacional de Cozumel)", 
                "departure_time": "13:25"
            }, 
            {
                "arrival_airport": "Chicago, IL, Estados Unidos (ORD-A. Internacional O'Hare)", 
                "arrival_time": "22:08", 
                "departure_airport": "Atlanta, GA, Estados Unidos (ATL-A. Internacional de Hartsfield-Jackson de Atlanta)", 
                "departure_time": "21:05"
            }, 
            {
                "arrival_airport": "Ciudad de M\u00e9xico, Distrito Federal (MEX-A. Internacional de la Ciudad de M\u00e9xico)", 
                "arrival_time": "04:30", 
                "departure_airport": "Chicago, IL, Estados Unidos (ORD-A. Internacional O'Hare)", 
                "departure_time": "00:20"
            }
        ], 
        "ticket price": "25222.00", 
        "airline": "Aeromexico"
    }, 
    {
        "arrival": ", Ciudad de M\u00e9xico", 
        "consult date": "10/05/2018", 
        "flight duration": "0 days 8 hours 2 minutes", 
        "plane": "Boeing 737-800", 
        "departure date": "27/12/2018", 
        "stops": "1", 
        "plane code": "738", 
        "departure": ", Cozumel", 
        "timings": [
            {
                "arrival_airport": "Houston, TX, Estados Unidos (IAH-A. Intercontinental George Bush)", 
                "arrival_time": "15:28", 
                "departure_airport": "Cozumel, Quintana Roo (CZM-A. Internacional de Cozumel)", 
                "departure_time": "13:08"
            }, 
            {
                "arrival_airport": "Ciudad de M\u00e9xico, Distrito Federal (MEX-A. Internacional de la Ciudad de M\u00e9xico)", 
                "arrival_time": "21:10", 
                "departure_airport": "Houston, TX, Estados Unidos (IAH-A. Intercontinental George Bush)", 
                "departure_time": "18:40"
            }
        ], 
        "ticket price": "73354.00", 
        "airline": ""
    }, 
    {
        "arrival": ", Ciudad de M\u00e9xico", 
        "consult date": "10/05/2018", 
        "flight duration": "0 days 2 hours 30 minutes", 
        "plane": "", 
        "departure date": "27/12/2018", 
        "stops": 0, 
        "plane code": "", 
        "departure": ", Cozumel", 
        "timings": [
            {
                "arrival_airport": "Ciudad de M\u00e9xico, Distrito Federal (MEX-A. Internacional de la Ciudad de M\u00e9xico)", 
                "arrival_time": "17:35", 
                "departure_airport": "Cozumel, Quintana Roo (CZM-A. Internacional de Cozumel)", 
                "departure_time": "15:05"
            }
        ], 
        "ticket price": "8792.31", 
        "airline": "Interjet"
    }
]