[
    {
        "arrival": ", Canc\u00fan", 
        "consult date": "10/05/2018", 
        "flight duration": "0 days 14 hours 54 minutes", 
        "plane": "Boeing 737-800", 
        "departure date": "27/08/2018", 
        "stops": "2", 
        "plane code": "738", 
        "departure": ", Cozumel", 
        "timings": [
            {
                "arrival_airport": "Houston, TX, Estados Unidos (IAH-A. Intercontinental George Bush)", 
                "arrival_time": "15:28", 
                "departure_airport": "Cozumel, Quintana Roo (CZM-A. Internacional de Cozumel)", 
                "departure_time": "13:08"
            }, 
            {
                "arrival_airport": "Ciudad de M\u00e9xico, Distrito Federal (MEX-A. Internacional de la Ciudad de M\u00e9xico)", 
                "arrival_time": "21:10", 
                "departure_airport": "Houston, TX, Estados Unidos (IAH-A. Intercontinental George Bush)", 
                "departure_time": "18:40"
            }, 
            {
                "arrival_airport": "Canc\u00fan, Quintana Roo (CUN-Aeropuerto Internacional de Canc\u00fan)", 
                "arrival_time": "04:02", 
                "departure_airport": "Ciudad de M\u00e9xico, Distrito Federal (MEX-A. Internacional de la Ciudad de M\u00e9xico)", 
                "departure_time": "01:53"
            }
        ], 
        "ticket price": "104820.00", 
        "airline": ""
    }, 
    {
        "arrival": ", Canc\u00fan", 
        "consult date": "10/05/2018", 
        "flight duration": "0 days 11 hours 51 minutes", 
        "plane": "Embraer 175", 
        "departure date": "27/08/2018", 
        "stops": "2", 
        "plane code": "E75", 
        "departure": ", Cozumel", 
        "timings": [
            {
                "arrival_airport": "Miami, FL, Estados Unidos (MIA-A. Internacional de Miami)", 
                "arrival_time": "14:45", 
                "departure_airport": "Cozumel, Quintana Roo (CZM-A. Internacional de Cozumel)", 
                "departure_time": "12:08"
            }, 
            {
                "arrival_airport": "Ciudad de M\u00e9xico, Distrito Federal (MEX-A. Internacional de la Ciudad de M\u00e9xico)", 
                "arrival_time": "20:05", 
                "departure_airport": "Miami, FL, Estados Unidos (MIA-A. Internacional de Miami)", 
                "departure_time": "17:20"
            }, 
            {
                "arrival_airport": "Canc\u00fan, Quintana Roo (CUN-Aeropuerto Internacional de Canc\u00fan)", 
                "arrival_time": "23:59", 
                "departure_airport": "Ciudad de M\u00e9xico, Distrito Federal (MEX-A. Internacional de la Ciudad de M\u00e9xico)", 
                "departure_time": "21:45"
            }
        ], 
        "ticket price": "140514.00", 
        "airline": "Republic Airlines As American Eagl"
    }, 
    {
        "arrival": ", Canc\u00fan", 
        "consult date": "10/05/2018", 
        "flight duration": "0 days 14 hours 54 minutes", 
        "plane": "Boeing 737-800", 
        "departure date": "27/08/2018", 
        "stops": "2", 
        "plane code": "738", 
        "departure": ", Cozumel", 
        "timings": [
            {
                "arrival_airport": "Houston, TX, Estados Unidos (IAH-A. Intercontinental George Bush)", 
                "arrival_time": "15:28", 
                "departure_airport": "Cozumel, Quintana Roo (CZM-A. Internacional de Cozumel)", 
                "departure_time": "13:08"
            }, 
            {
                "arrival_airport": "Ciudad de M\u00e9xico, Distrito Federal (MEX-A. Internacional de la Ciudad de M\u00e9xico)", 
                "arrival_time": "21:10", 
                "departure_airport": "Houston, TX, Estados Unidos (IAH-A. Intercontinental George Bush)", 
                "departure_time": "18:40"
            }, 
            {
                "arrival_airport": "Canc\u00fan, Quintana Roo (CUN-Aeropuerto Internacional de Canc\u00fan)", 
                "arrival_time": "04:02", 
                "departure_airport": "Ciudad de M\u00e9xico, Distrito Federal (MEX-A. Internacional de la Ciudad de M\u00e9xico)", 
                "departure_time": "01:53"
            }
        ], 
        "ticket price": "154269.00", 
        "airline": ""
    }, 
    {
        "arrival": ", Canc\u00fan", 
        "consult date": "10/05/2018", 
        "flight duration": "0 days 0 hours 30 minutes", 
        "plane": "", 
        "departure date": "27/08/2018", 
        "stops": 0, 
        "plane code": "", 
        "departure": ", Cozumel", 
        "timings": [
            {
                "arrival_airport": "Canc\u00fan, Quintana Roo (CUN-Aeropuerto Internacional de Canc\u00fan)", 
                "arrival_time": "15:30", 
                "departure_airport": "Cozumel, Quintana Roo (CZM-A. Internacional de Cozumel)", 
                "departure_time": "15:00"
            }
        ], 
        "ticket price": "2156.16", 
        "airline": "Mayair"
    }, 
    {
        "arrival": ", Canc\u00fan", 
        "consult date": "10/05/2018", 
        "flight duration": "0 days 0 hours 30 minutes", 
        "plane": "", 
        "departure date": "27/08/2018", 
        "stops": 0, 
        "plane code": "", 
        "departure": ", Cozumel", 
        "timings": [
            {
                "arrival_airport": "Canc\u00fan, Quintana Roo (CUN-Aeropuerto Internacional de Canc\u00fan)", 
                "arrival_time": "17:30", 
                "departure_airport": "Cozumel, Quintana Roo (CZM-A. Internacional de Cozumel)", 
                "departure_time": "17:00"
            }
        ], 
        "ticket price": "2156.16", 
        "airline": "Mayair"
    }, 
    {
        "arrival": ", Canc\u00fan", 
        "consult date": "10/05/2018", 
        "flight duration": "0 days 0 hours 30 minutes", 
        "plane": "", 
        "departure date": "27/08/2018", 
        "stops": 0, 
        "plane code": "", 
        "departure": ", Cozumel", 
        "timings": [
            {
                "arrival_airport": "Canc\u00fan, Quintana Roo (CUN-Aeropuerto Internacional de Canc\u00fan)", 
                "arrival_time": "08:30", 
                "departure_airport": "Cozumel, Quintana Roo (CZM-A. Internacional de Cozumel)", 
                "departure_time": "08:00"
            }
        ], 
        "ticket price": "2156.16", 
        "airline": "Mayair"
    }, 
    {
        "arrival": ", Canc\u00fan", 
        "consult date": "10/05/2018", 
        "flight duration": "0 days 0 hours 30 minutes", 
        "plane": "", 
        "departure date": "27/08/2018", 
        "stops": 0, 
        "plane code": "", 
        "departure": ", Cozumel", 
        "timings": [
            {
                "arrival_airport": "Canc\u00fan, Quintana Roo (CUN-Aeropuerto Internacional de Canc\u00fan)", 
                "arrival_time": "07:30", 
                "departure_airport": "Cozumel, Quintana Roo (CZM-A. Internacional de Cozumel)", 
                "departure_time": "07:00"
            }
        ], 
        "ticket price": "2156.16", 
        "airline": "Mayair"
    }, 
    {
        "arrival": ", Canc\u00fan", 
        "consult date": "10/05/2018", 
        "flight duration": "0 days 0 hours 30 minutes", 
        "plane": "", 
        "departure date": "27/08/2018", 
        "stops": 0, 
        "plane code": "", 
        "departure": ", Cozumel", 
        "timings": [
            {
                "arrival_airport": "Canc\u00fan, Quintana Roo (CUN-Aeropuerto Internacional de Canc\u00fan)", 
                "arrival_time": "11:30", 
                "departure_airport": "Cozumel, Quintana Roo (CZM-A. Internacional de Cozumel)", 
                "departure_time": "11:00"
            }
        ], 
        "ticket price": "2156.16", 
        "airline": "Mayair"
    }, 
    {
        "arrival": ", Canc\u00fan", 
        "consult date": "10/05/2018", 
        "flight duration": "0 days 14 hours 37 minutes", 
        "plane": "BOEING (DOUGLAS) MD-88", 
        "departure date": "27/08/2018", 
        "stops": "2", 
        "plane code": "M88", 
        "departure": ", Cozumel", 
        "timings": [
            {
                "arrival_airport": "Atlanta, GA, Estados Unidos (ATL-A. Internacional de Hartsfield-Jackson de Atlanta)", 
                "arrival_time": "17:05", 
                "departure_airport": "Cozumel, Quintana Roo (CZM-A. Internacional de Cozumel)", 
                "departure_time": "13:25"
            }, 
            {
                "arrival_airport": "Ciudad de M\u00e9xico, Distrito Federal (MEX-A. Internacional de la Ciudad de M\u00e9xico)", 
                "arrival_time": "22:05", 
                "departure_airport": "Atlanta, GA, Estados Unidos (ATL-A. Internacional de Hartsfield-Jackson de Atlanta)", 
                "departure_time": "19:18"
            }, 
            {
                "arrival_airport": "Canc\u00fan, Quintana Roo (CUN-Aeropuerto Internacional de Canc\u00fan)", 
                "arrival_time": "04:02", 
                "departure_airport": "Ciudad de M\u00e9xico, Distrito Federal (MEX-A. Internacional de la Ciudad de M\u00e9xico)", 
                "departure_time": "01:53"
            }
        ], 
        "ticket price": "70398.00", 
        "airline": "Aeromexico"
    }, 
    {
        "arrival": ", Canc\u00fan", 
        "consult date": "10/05/2018", 
        "flight duration": "0 days 14 hours 37 minutes", 
        "plane": "BOEING (DOUGLAS) MD-88", 
        "departure date": "27/08/2018", 
        "stops": "2", 
        "plane code": "M88", 
        "departure": ", Cozumel", 
        "timings": [
            {
                "arrival_airport": "Atlanta, GA, Estados Unidos (ATL-A. Internacional de Hartsfield-Jackson de Atlanta)", 
                "arrival_time": "17:05", 
                "departure_airport": "Cozumel, Quintana Roo (CZM-A. Internacional de Cozumel)", 
                "departure_time": "13:25"
            }, 
            {
                "arrival_airport": "Ciudad de M\u00e9xico, Distrito Federal (MEX-A. Internacional de la Ciudad de M\u00e9xico)", 
                "arrival_time": "22:05", 
                "departure_airport": "Atlanta, GA, Estados Unidos (ATL-A. Internacional de Hartsfield-Jackson de Atlanta)", 
                "departure_time": "19:18"
            }, 
            {
                "arrival_airport": "Canc\u00fan, Quintana Roo (CUN-Aeropuerto Internacional de Canc\u00fan)", 
                "arrival_time": "04:02", 
                "departure_airport": "Ciudad de M\u00e9xico, Distrito Federal (MEX-A. Internacional de la Ciudad de M\u00e9xico)", 
                "departure_time": "01:53"
            }
        ], 
        "ticket price": "70398.00", 
        "airline": "Delta"
    }, 
    {
        "arrival": ", Canc\u00fan", 
        "consult date": "10/05/2018", 
        "flight duration": "0 days 14 hours 37 minutes", 
        "plane": "BOEING (DOUGLAS) MD-88", 
        "departure date": "27/08/2018", 
        "stops": "2", 
        "plane code": "M88", 
        "departure": ", Cozumel", 
        "timings": [
            {
                "arrival_airport": "Atlanta, GA, Estados Unidos (ATL-A. Internacional de Hartsfield-Jackson de Atlanta)", 
                "arrival_time": "17:05", 
                "departure_airport": "Cozumel, Quintana Roo (CZM-A. Internacional de Cozumel)", 
                "departure_time": "13:25"
            }, 
            {
                "arrival_airport": "Ciudad de M\u00e9xico, Distrito Federal (MEX-A. Internacional de la Ciudad de M\u00e9xico)", 
                "arrival_time": "22:05", 
                "departure_airport": "Atlanta, GA, Estados Unidos (ATL-A. Internacional de Hartsfield-Jackson de Atlanta)", 
                "departure_time": "19:18"
            }, 
            {
                "arrival_airport": "Canc\u00fan, Quintana Roo (CUN-Aeropuerto Internacional de Canc\u00fan)", 
                "arrival_time": "04:02", 
                "departure_airport": "Ciudad de M\u00e9xico, Distrito Federal (MEX-A. Internacional de la Ciudad de M\u00e9xico)", 
                "departure_time": "01:53"
            }
        ], 
        "ticket price": "70398.00", 
        "airline": ""
    }, 
    {
        "arrival": ", Canc\u00fan", 
        "consult date": "10/05/2018", 
        "flight duration": "0 days 14 hours 37 minutes", 
        "plane": "BOEING (DOUGLAS) MD-88", 
        "departure date": "27/08/2018", 
        "stops": "2", 
        "plane code": "M88", 
        "departure": ", Cozumel", 
        "timings": [
            {
                "arrival_airport": "Atlanta, GA, Estados Unidos (ATL-A. Internacional de Hartsfield-Jackson de Atlanta)", 
                "arrival_time": "17:05", 
                "departure_airport": "Cozumel, Quintana Roo (CZM-A. Internacional de Cozumel)", 
                "departure_time": "13:25"
            }, 
            {
                "arrival_airport": "Ciudad de M\u00e9xico, Distrito Federal (MEX-A. Internacional de la Ciudad de M\u00e9xico)", 
                "arrival_time": "22:05", 
                "departure_airport": "Atlanta, GA, Estados Unidos (ATL-A. Internacional de Hartsfield-Jackson de Atlanta)", 
                "departure_time": "19:18"
            }, 
            {
                "arrival_airport": "Canc\u00fan, Quintana Roo (CUN-Aeropuerto Internacional de Canc\u00fan)", 
                "arrival_time": "04:02", 
                "departure_airport": "Ciudad de M\u00e9xico, Distrito Federal (MEX-A. Internacional de la Ciudad de M\u00e9xico)", 
                "departure_time": "01:53"
            }
        ], 
        "ticket price": "70398.00", 
        "airline": ""
    }
]