[
    {
        "arrival": ", Tampico", 
        "consult date": "10/05/2018", 
        "flight duration": "0 days 1 hours 20 minutes", 
        "plane": "", 
        "departure date": "10/10/2018", 
        "stops": 0, 
        "plane code": "", 
        "departure": ", Guadalajara", 
        "timings": [
            {
                "arrival_airport": "Tampico, Tamaulipas (TAM-A. Internacional General Francisco Javier Mina)", 
                "arrival_time": "11:20", 
                "departure_airport": "Guadalajara, Jalisco (GDL-Don Miguel Hidalgo y Costilla Intl.)", 
                "departure_time": "10:00"
            }
        ], 
        "ticket price": "1123.86", 
        "airline": "VivaAerobus"
    }, 
    {
        "arrival": ", Tampico", 
        "consult date": "10/05/2018", 
        "flight duration": "0 days 7 hours 30 minutes", 
        "plane": "Boeing 737-800", 
        "departure date": "10/10/2018", 
        "stops": "1", 
        "plane code": "738", 
        "departure": ", Guadalajara", 
        "timings": [
            {
                "arrival_airport": "Ciudad de M\u00e9xico, Distrito Federal (MEX-A. Internacional de la Ciudad de M\u00e9xico)", 
                "arrival_time": "16:50", 
                "departure_airport": "Guadalajara, Jalisco (GDL-Don Miguel Hidalgo y Costilla Intl.)", 
                "departure_time": "15:23"
            }, 
            {
                "arrival_airport": "Tampico, Tamaulipas (TAM-A. Internacional General Francisco Javier Mina)", 
                "arrival_time": "22:53", 
                "departure_airport": "Ciudad de M\u00e9xico, Distrito Federal (MEX-A. Internacional de la Ciudad de M\u00e9xico)", 
                "departure_time": "21:45"
            }
        ], 
        "ticket price": "2382.00", 
        "airline": "Aeromexico"
    }, 
    {
        "arrival": ", Tampico", 
        "consult date": "10/05/2018", 
        "flight duration": "0 days 6 hours 56 minutes", 
        "plane": "BOEING 737-800 SCIMITAR WINGLETS", 
        "departure date": "10/10/2018", 
        "stops": "1", 
        "plane code": "7S8", 
        "departure": ", Guadalajara", 
        "timings": [
            {
                "arrival_airport": "Ciudad de M\u00e9xico, Distrito Federal (MEX-A. Internacional de la Ciudad de M\u00e9xico)", 
                "arrival_time": "07:30", 
                "departure_airport": "Guadalajara, Jalisco (GDL-Don Miguel Hidalgo y Costilla Intl.)", 
                "departure_time": "06:04"
            }, 
            {
                "arrival_airport": "Tampico, Tamaulipas (TAM-A. Internacional General Francisco Javier Mina)", 
                "arrival_time": "13:00", 
                "departure_airport": "Ciudad de M\u00e9xico, Distrito Federal (MEX-A. Internacional de la Ciudad de M\u00e9xico)", 
                "departure_time": "11:55"
            }
        ], 
        "ticket price": "3774.00", 
        "airline": "Aeromexico"
    }, 
    {
        "arrival": ", Tampico", 
        "consult date": "10/05/2018", 
        "flight duration": "0 days 5 hours 14 minutes", 
        "plane": "Boeing 737-800", 
        "departure date": "10/10/2018", 
        "stops": "1", 
        "plane code": "738", 
        "departure": ", Guadalajara", 
        "timings": [
            {
                "arrival_airport": "Ciudad de M\u00e9xico, Distrito Federal (MEX-A. Internacional de la Ciudad de M\u00e9xico)", 
                "arrival_time": "09:10", 
                "departure_airport": "Guadalajara, Jalisco (GDL-Don Miguel Hidalgo y Costilla Intl.)", 
                "departure_time": "07:46"
            }, 
            {
                "arrival_airport": "Tampico, Tamaulipas (TAM-A. Internacional General Francisco Javier Mina)", 
                "arrival_time": "13:00", 
                "departure_airport": "Ciudad de M\u00e9xico, Distrito Federal (MEX-A. Internacional de la Ciudad de M\u00e9xico)", 
                "departure_time": "11:55"
            }
        ], 
        "ticket price": "3774.00", 
        "airline": "Aeromexico"
    }, 
    {
        "arrival": ", Tampico", 
        "consult date": "10/05/2018", 
        "flight duration": "0 days 7 hours 31 minutes", 
        "plane": "BOEING 737-800 SCIMITAR WINGLETS", 
        "departure date": "10/10/2018", 
        "stops": "1", 
        "plane code": "7S8", 
        "departure": ", Guadalajara", 
        "timings": [
            {
                "arrival_airport": "Ciudad de M\u00e9xico, Distrito Federal (MEX-A. Internacional de la Ciudad de M\u00e9xico)", 
                "arrival_time": "12:25", 
                "departure_airport": "Guadalajara, Jalisco (GDL-Don Miguel Hidalgo y Costilla Intl.)", 
                "departure_time": "10:59"
            }, 
            {
                "arrival_airport": "Tampico, Tamaulipas (TAM-A. Internacional General Francisco Javier Mina)", 
                "arrival_time": "18:30", 
                "departure_airport": "Ciudad de M\u00e9xico, Distrito Federal (MEX-A. Internacional de la Ciudad de M\u00e9xico)", 
                "departure_time": "17:20"
            }
        ], 
        "ticket price": "3774.00", 
        "airline": "Aeromexico"
    }, 
    {
        "arrival": ", Tampico", 
        "consult date": "10/05/2018", 
        "flight duration": "0 days 4 hours 15 minutes", 
        "plane": "Embraer 190", 
        "departure date": "10/10/2018", 
        "stops": "1", 
        "plane code": "E90", 
        "departure": ", Guadalajara", 
        "timings": [
            {
                "arrival_airport": "Ciudad de M\u00e9xico, Distrito Federal (MEX-A. Internacional de la Ciudad de M\u00e9xico)", 
                "arrival_time": "15:35", 
                "departure_airport": "Guadalajara, Jalisco (GDL-Don Miguel Hidalgo y Costilla Intl.)", 
                "departure_time": "14:15"
            }, 
            {
                "arrival_airport": "Tampico, Tamaulipas (TAM-A. Internacional General Francisco Javier Mina)", 
                "arrival_time": "18:30", 
                "departure_airport": "Ciudad de M\u00e9xico, Distrito Federal (MEX-A. Internacional de la Ciudad de M\u00e9xico)", 
                "departure_time": "17:20"
            }
        ], 
        "ticket price": "3774.00", 
        "airline": "Aeromexico"
    }, 
    {
        "arrival": ", Tampico", 
        "consult date": "10/05/2018", 
        "flight duration": "0 days 3 hours 27 minutes", 
        "plane": "BOEING 737-800 SCIMITAR WINGLETS", 
        "departure date": "10/10/2018", 
        "stops": "1", 
        "plane code": "7S8", 
        "departure": ", Guadalajara", 
        "timings": [
            {
                "arrival_airport": "Ciudad de M\u00e9xico, Distrito Federal (MEX-A. Internacional de la Ciudad de M\u00e9xico)", 
                "arrival_time": "16:30", 
                "departure_airport": "Guadalajara, Jalisco (GDL-Don Miguel Hidalgo y Costilla Intl.)", 
                "departure_time": "15:03"
            }, 
            {
                "arrival_airport": "Tampico, Tamaulipas (TAM-A. Internacional General Francisco Javier Mina)", 
                "arrival_time": "18:30", 
                "departure_airport": "Ciudad de M\u00e9xico, Distrito Federal (MEX-A. Internacional de la Ciudad de M\u00e9xico)", 
                "departure_time": "17:20"
            }
        ], 
        "ticket price": "3774.00", 
        "airline": "Aeromexico"
    }, 
    {
        "arrival": ", Tampico", 
        "consult date": "10/05/2018", 
        "flight duration": "0 days 3 hours 23 minutes", 
        "plane": "Embraer 190", 
        "departure date": "10/10/2018", 
        "stops": "1", 
        "plane code": "E90", 
        "departure": ", Guadalajara", 
        "timings": [
            {
                "arrival_airport": "Ciudad de M\u00e9xico, Distrito Federal (MEX-A. Internacional de la Ciudad de M\u00e9xico)", 
                "arrival_time": "20:55", 
                "departure_airport": "Guadalajara, Jalisco (GDL-Don Miguel Hidalgo y Costilla Intl.)", 
                "departure_time": "19:30"
            }, 
            {
                "arrival_airport": "Tampico, Tamaulipas (TAM-A. Internacional General Francisco Javier Mina)", 
                "arrival_time": "22:53", 
                "departure_airport": "Ciudad de M\u00e9xico, Distrito Federal (MEX-A. Internacional de la Ciudad de M\u00e9xico)", 
                "departure_time": "21:45"
            }
        ], 
        "ticket price": "4064.00", 
        "airline": "Aeromexico"
    }, 
    {
        "arrival": ", Tampico", 
        "consult date": "10/05/2018", 
        "flight duration": "0 days 6 hours 3 minutes", 
        "plane": "BOEING 737-800 SCIMITAR WINGLETS", 
        "departure date": "10/10/2018", 
        "stops": "1", 
        "plane code": "7S8", 
        "departure": ", Guadalajara", 
        "timings": [
            {
                "arrival_airport": "Ciudad de M\u00e9xico, Distrito Federal (MEX-A. Internacional de la Ciudad de M\u00e9xico)", 
                "arrival_time": "18:20", 
                "departure_airport": "Guadalajara, Jalisco (GDL-Don Miguel Hidalgo y Costilla Intl.)", 
                "departure_time": "16:50"
            }, 
            {
                "arrival_airport": "Tampico, Tamaulipas (TAM-A. Internacional General Francisco Javier Mina)", 
                "arrival_time": "22:53", 
                "departure_airport": "Ciudad de M\u00e9xico, Distrito Federal (MEX-A. Internacional de la Ciudad de M\u00e9xico)", 
                "departure_time": "21:45"
            }
        ], 
        "ticket price": "4064.00", 
        "airline": "Aeromexico"
    }, 
    {
        "arrival": ", Tampico", 
        "consult date": "10/05/2018", 
        "flight duration": "0 days 5 hours 13 minutes", 
        "plane": "Embraer 190", 
        "departure date": "10/10/2018", 
        "stops": "1", 
        "plane code": "E90", 
        "departure": ", Guadalajara", 
        "timings": [
            {
                "arrival_airport": "Ciudad de M\u00e9xico, Distrito Federal (MEX-A. Internacional de la Ciudad de M\u00e9xico)", 
                "arrival_time": "14:40", 
                "departure_airport": "Guadalajara, Jalisco (GDL-Don Miguel Hidalgo y Costilla Intl.)", 
                "departure_time": "13:17"
            }, 
            {
                "arrival_airport": "Tampico, Tamaulipas (TAM-A. Internacional General Francisco Javier Mina)", 
                "arrival_time": "18:30", 
                "departure_airport": "Ciudad de M\u00e9xico, Distrito Federal (MEX-A. Internacional de la Ciudad de M\u00e9xico)", 
                "departure_time": "17:20"
            }
        ], 
        "ticket price": "4064.00", 
        "airline": "Aeromexico"
    }, 
    {
        "arrival": ", Tampico", 
        "consult date": "10/05/2018", 
        "flight duration": "0 days 6 hours 55 minutes", 
        "plane": "BOEING 737-800 SCIMITAR WINGLETS", 
        "departure date": "10/10/2018", 
        "stops": "1", 
        "plane code": "7S8", 
        "departure": ", Guadalajara", 
        "timings": [
            {
                "arrival_airport": "Ciudad de M\u00e9xico, Distrito Federal (MEX-A. Internacional de la Ciudad de M\u00e9xico)", 
                "arrival_time": "17:25", 
                "departure_airport": "Guadalajara, Jalisco (GDL-Don Miguel Hidalgo y Costilla Intl.)", 
                "departure_time": "15:58"
            }, 
            {
                "arrival_airport": "Tampico, Tamaulipas (TAM-A. Internacional General Francisco Javier Mina)", 
                "arrival_time": "22:53", 
                "departure_airport": "Ciudad de M\u00e9xico, Distrito Federal (MEX-A. Internacional de la Ciudad de M\u00e9xico)", 
                "departure_time": "21:45"
            }
        ], 
        "ticket price": "4064.00", 
        "airline": "Aeromexico"
    }, 
    {
        "arrival": ", Tampico", 
        "consult date": "10/05/2018", 
        "flight duration": "0 days 4 hours 0 minutes", 
        "plane": "BOEING 737-800 SCIMITAR WINGLETS", 
        "departure date": "10/10/2018", 
        "stops": "1", 
        "plane code": "7S8", 
        "departure": ", Guadalajara", 
        "timings": [
            {
                "arrival_airport": "Ciudad de M\u00e9xico, Distrito Federal (MEX-A. Internacional de la Ciudad de M\u00e9xico)", 
                "arrival_time": "20:20", 
                "departure_airport": "Guadalajara, Jalisco (GDL-Don Miguel Hidalgo y Costilla Intl.)", 
                "departure_time": "18:53"
            }, 
            {
                "arrival_airport": "Tampico, Tamaulipas (TAM-A. Internacional General Francisco Javier Mina)", 
                "arrival_time": "22:53", 
                "departure_airport": "Ciudad de M\u00e9xico, Distrito Federal (MEX-A. Internacional de la Ciudad de M\u00e9xico)", 
                "departure_time": "21:45"
            }
        ], 
        "ticket price": "4064.00", 
        "airline": "Aeromexico"
    }, 
    {
        "arrival": ", Tampico", 
        "consult date": "10/05/2018", 
        "flight duration": "0 days 4 hours 59 minutes", 
        "plane": "Embraer 190", 
        "departure date": "10/10/2018", 
        "stops": "1", 
        "plane code": "E90", 
        "departure": ", Guadalajara", 
        "timings": [
            {
                "arrival_airport": "Ciudad de M\u00e9xico, Distrito Federal (MEX-A. Internacional de la Ciudad de M\u00e9xico)", 
                "arrival_time": "19:15", 
                "departure_airport": "Guadalajara, Jalisco (GDL-Don Miguel Hidalgo y Costilla Intl.)", 
                "departure_time": "17:54"
            }, 
            {
                "arrival_airport": "Tampico, Tamaulipas (TAM-A. Internacional General Francisco Javier Mina)", 
                "arrival_time": "22:53", 
                "departure_airport": "Ciudad de M\u00e9xico, Distrito Federal (MEX-A. Internacional de la Ciudad de M\u00e9xico)", 
                "departure_time": "21:45"
            }
        ], 
        "ticket price": "4064.00", 
        "airline": "Aeromexico"
    }, 
    {
        "arrival": ", Tampico", 
        "consult date": "10/05/2018", 
        "flight duration": "0 days 4 hours 1 minutes", 
        "plane": "BOEING 737-800 SCIMITAR WINGLETS", 
        "departure date": "10/10/2018", 
        "stops": "1", 
        "plane code": "7S8", 
        "departure": ", Guadalajara", 
        "timings": [
            {
                "arrival_airport": "Ciudad de M\u00e9xico, Distrito Federal (MEX-A. Internacional de la Ciudad de M\u00e9xico)", 
                "arrival_time": "10:25", 
                "departure_airport": "Guadalajara, Jalisco (GDL-Don Miguel Hidalgo y Costilla Intl.)", 
                "departure_time": "08:59"
            }, 
            {
                "arrival_airport": "Tampico, Tamaulipas (TAM-A. Internacional General Francisco Javier Mina)", 
                "arrival_time": "13:00", 
                "departure_airport": "Ciudad de M\u00e9xico, Distrito Federal (MEX-A. Internacional de la Ciudad de M\u00e9xico)", 
                "departure_time": "11:55"
            }
        ], 
        "ticket price": "4064.00", 
        "airline": "Aeromexico"
    }, 
    {
        "arrival": ", Tampico", 
        "consult date": "10/05/2018", 
        "flight duration": "0 days 6 hours 15 minutes", 
        "plane": "Boeing 737", 
        "departure date": "10/10/2018", 
        "stops": "1", 
        "plane code": "737", 
        "departure": ", Guadalajara", 
        "timings": [
            {
                "arrival_airport": "Ciudad de M\u00e9xico, Distrito Federal (MEX-A. Internacional de la Ciudad de M\u00e9xico)", 
                "arrival_time": "08:10", 
                "departure_airport": "Guadalajara, Jalisco (GDL-Don Miguel Hidalgo y Costilla Intl.)", 
                "departure_time": "06:45"
            }, 
            {
                "arrival_airport": "Tampico, Tamaulipas (TAM-A. Internacional General Francisco Javier Mina)", 
                "arrival_time": "13:00", 
                "departure_airport": "Ciudad de M\u00e9xico, Distrito Federal (MEX-A. Internacional de la Ciudad de M\u00e9xico)", 
                "departure_time": "11:55"
            }
        ], 
        "ticket price": "5050.00", 
        "airline": "Aeromexico"
    }, 
    {
        "arrival": ", Tampico", 
        "consult date": "10/05/2018", 
        "flight duration": "0 days 6 hours 59 minutes", 
        "plane": "Embraer 190", 
        "departure date": "10/10/2018", 
        "stops": "2", 
        "plane code": "E90", 
        "departure": ", Guadalajara", 
        "timings": [
            {
                "arrival_airport": "Monterrey, Nuevo Le\u00f3n (MTY-A. Internacional General Mariano Escobedo)", 
                "arrival_time": "07:32", 
                "departure_airport": "Guadalajara, Jalisco (GDL-Don Miguel Hidalgo y Costilla Intl.)", 
                "departure_time": "06:01"
            }, 
            {
                "arrival_airport": "Ciudad de M\u00e9xico, Distrito Federal (MEX-A. Internacional de la Ciudad de M\u00e9xico)", 
                "arrival_time": "11:00", 
                "departure_airport": "Monterrey, Nuevo Le\u00f3n (MTY-A. Internacional General Mariano Escobedo)", 
                "departure_time": "09:21"
            }, 
            {
                "arrival_airport": "Tampico, Tamaulipas (TAM-A. Internacional General Francisco Javier Mina)", 
                "arrival_time": "13:00", 
                "departure_airport": "Ciudad de M\u00e9xico, Distrito Federal (MEX-A. Internacional de la Ciudad de M\u00e9xico)", 
                "departure_time": "11:55"
            }
        ], 
        "ticket price": "8372.00", 
        "airline": "Aeromexico"
    }, 
    {
        "arrival": ", Tampico", 
        "consult date": "10/05/2018", 
        "flight duration": "0 days 9 hours 55 minutes", 
        "plane": "Embraer 190", 
        "departure date": "10/10/2018", 
        "stops": "2", 
        "plane code": "E90", 
        "departure": ", Guadalajara", 
        "timings": [
            {
                "arrival_airport": "Monterrey, Nuevo Le\u00f3n (MTY-A. Internacional General Mariano Escobedo)", 
                "arrival_time": "10:05", 
                "departure_airport": "Guadalajara, Jalisco (GDL-Don Miguel Hidalgo y Costilla Intl.)", 
                "departure_time": "08:35"
            }, 
            {
                "arrival_airport": "Ciudad de M\u00e9xico, Distrito Federal (MEX-A. Internacional de la Ciudad de M\u00e9xico)", 
                "arrival_time": "13:05", 
                "departure_airport": "Monterrey, Nuevo Le\u00f3n (MTY-A. Internacional General Mariano Escobedo)", 
                "departure_time": "11:26"
            }, 
            {
                "arrival_airport": "Tampico, Tamaulipas (TAM-A. Internacional General Francisco Javier Mina)", 
                "arrival_time": "18:30", 
                "departure_airport": "Ciudad de M\u00e9xico, Distrito Federal (MEX-A. Internacional de la Ciudad de M\u00e9xico)", 
                "departure_time": "17:20"
            }
        ], 
        "ticket price": "9416.00", 
        "airline": "Aeromexico"
    }, 
    {
        "arrival": ", Tampico", 
        "consult date": "10/05/2018", 
        "flight duration": "0 days 9 hours 55 minutes", 
        "plane": "Embraer 190", 
        "departure date": "10/10/2018", 
        "stops": "2", 
        "plane code": "E90", 
        "departure": ", Guadalajara", 
        "timings": [
            {
                "arrival_airport": "Monterrey, Nuevo Le\u00f3n (MTY-A. Internacional General Mariano Escobedo)", 
                "arrival_time": "10:05", 
                "departure_airport": "Guadalajara, Jalisco (GDL-Don Miguel Hidalgo y Costilla Intl.)", 
                "departure_time": "08:35"
            }, 
            {
                "arrival_airport": "Ciudad de M\u00e9xico, Distrito Federal (MEX-A. Internacional de la Ciudad de M\u00e9xico)", 
                "arrival_time": "15:15", 
                "departure_airport": "Monterrey, Nuevo Le\u00f3n (MTY-A. Internacional General Mariano Escobedo)", 
                "departure_time": "13:42"
            }, 
            {
                "arrival_airport": "Tampico, Tamaulipas (TAM-A. Internacional General Francisco Javier Mina)", 
                "arrival_time": "18:30", 
                "departure_airport": "Ciudad de M\u00e9xico, Distrito Federal (MEX-A. Internacional de la Ciudad de M\u00e9xico)", 
                "departure_time": "17:20"
            }
        ], 
        "ticket price": "9416.00", 
        "airline": "Aeromexico"
    }
]