[
    {
        "arrival": ", Ciudad del Carmen", 
        "consult date": "10/05/2018", 
        "flight duration": "0 days 10 hours 5 minutes", 
        "plane": "Boeing 737-800", 
        "departure date": "25/06/2018", 
        "stops": "2", 
        "plane code": "738", 
        "departure": ", Guadalajara", 
        "timings": [
            {
                "arrival_airport": "Tijuana, Baja California Norte (TIJ-A. Internacional General Abelardo L. Rodr\u00edguez)", 
                "arrival_time": "22:48", 
                "departure_airport": "Guadalajara, Jalisco (GDL-Don Miguel Hidalgo y Costilla Intl.)", 
                "departure_time": "21:40"
            }, 
            {
                "arrival_airport": "Ciudad de M\u00e9xico, Distrito Federal (MEX-A. Internacional de la Ciudad de M\u00e9xico)", 
                "arrival_time": "05:15", 
                "departure_airport": "Tijuana, Baja California Norte (TIJ-A. Internacional General Abelardo L. Rodr\u00edguez)", 
                "departure_time": "23:51"
            }, 
            {
                "arrival_airport": "Ciudad del Carmen, Campeche (CME-A. Internacional Ciudad del Carmen)", 
                "arrival_time": "07:45", 
                "departure_airport": "Ciudad de M\u00e9xico, Distrito Federal (MEX-A. Internacional de la Ciudad de M\u00e9xico)", 
                "departure_time": "06:02"
            }
        ], 
        "ticket price": "13128.00", 
        "airline": "Aeromexico"
    }, 
    {
        "arrival": ", Ciudad del Carmen", 
        "consult date": "10/05/2018", 
        "flight duration": "0 days 11 hours 10 minutes", 
        "plane": "", 
        "departure date": "25/06/2018", 
        "stops": "1", 
        "plane code": "", 
        "departure": ", Guadalajara", 
        "timings": [
            {
                "arrival_airport": "Ciudad de M\u00e9xico, Distrito Federal (MEX-A. Internacional de la Ciudad de M\u00e9xico)", 
                "arrival_time": "22:20", 
                "departure_airport": "Guadalajara, Jalisco (GDL-Don Miguel Hidalgo y Costilla Intl.)", 
                "departure_time": "21:00"
            }, 
            {
                "arrival_airport": "Ciudad del Carmen, Campeche (CME-A. Internacional Ciudad del Carmen)", 
                "arrival_time": "08:10", 
                "departure_airport": "Ciudad de M\u00e9xico, Distrito Federal (MEX-A. Internacional de la Ciudad de M\u00e9xico)", 
                "departure_time": "06:45"
            }
        ], 
        "ticket price": "3210.78", 
        "airline": "Interjet"
    }, 
    {
        "arrival": ", Ciudad del Carmen", 
        "consult date": "10/05/2018", 
        "flight duration": "0 days 12 hours 40 minutes", 
        "plane": "", 
        "departure date": "25/06/2018", 
        "stops": "1", 
        "plane code": "", 
        "departure": ", Guadalajara", 
        "timings": [
            {
                "arrival_airport": "Ciudad de M\u00e9xico, Distrito Federal (MEX-A. Internacional de la Ciudad de M\u00e9xico)", 
                "arrival_time": "20:50", 
                "departure_airport": "Guadalajara, Jalisco (GDL-Don Miguel Hidalgo y Costilla Intl.)", 
                "departure_time": "19:30"
            }, 
            {
                "arrival_airport": "Ciudad del Carmen, Campeche (CME-A. Internacional Ciudad del Carmen)", 
                "arrival_time": "08:10", 
                "departure_airport": "Ciudad de M\u00e9xico, Distrito Federal (MEX-A. Internacional de la Ciudad de M\u00e9xico)", 
                "departure_time": "06:45"
            }
        ], 
        "ticket price": "3457.68", 
        "airline": "Interjet"
    }, 
    {
        "arrival": ", Ciudad del Carmen", 
        "consult date": "10/05/2018", 
        "flight duration": "0 days 13 hours 20 minutes", 
        "plane": "", 
        "departure date": "25/06/2018", 
        "stops": "1", 
        "plane code": "", 
        "departure": ", Guadalajara", 
        "timings": [
            {
                "arrival_airport": "Ciudad de M\u00e9xico, Distrito Federal (MEX-A. Internacional de la Ciudad de M\u00e9xico)", 
                "arrival_time": "20:10", 
                "departure_airport": "Guadalajara, Jalisco (GDL-Don Miguel Hidalgo y Costilla Intl.)", 
                "departure_time": "18:50"
            }, 
            {
                "arrival_airport": "Ciudad del Carmen, Campeche (CME-A. Internacional Ciudad del Carmen)", 
                "arrival_time": "08:10", 
                "departure_airport": "Ciudad de M\u00e9xico, Distrito Federal (MEX-A. Internacional de la Ciudad de M\u00e9xico)", 
                "departure_time": "06:45"
            }
        ], 
        "ticket price": "3457.68", 
        "airline": "Interjet"
    }, 
    {
        "arrival": ", Ciudad del Carmen", 
        "consult date": "10/05/2018", 
        "flight duration": "0 days 4 hours 10 minutes", 
        "plane": "", 
        "departure date": "25/06/2018", 
        "stops": "1", 
        "plane code": "", 
        "departure": ", Guadalajara", 
        "timings": [
            {
                "arrival_airport": "Ciudad de M\u00e9xico, Distrito Federal (MEX-A. Internacional de la Ciudad de M\u00e9xico)", 
                "arrival_time": "13:55", 
                "departure_airport": "Guadalajara, Jalisco (GDL-Don Miguel Hidalgo y Costilla Intl.)", 
                "departure_time": "12:35"
            }, 
            {
                "arrival_airport": "Ciudad del Carmen, Campeche (CME-A. Internacional Ciudad del Carmen)", 
                "arrival_time": "16:45", 
                "departure_airport": "Ciudad de M\u00e9xico, Distrito Federal (MEX-A. Internacional de la Ciudad de M\u00e9xico)", 
                "departure_time": "15:25"
            }
        ], 
        "ticket price": "4323.40", 
        "airline": "Interjet"
    }, 
    {
        "arrival": ", Ciudad del Carmen", 
        "consult date": "10/05/2018", 
        "flight duration": "0 days 5 hours 30 minutes", 
        "plane": "", 
        "departure date": "25/06/2018", 
        "stops": "1", 
        "plane code": "", 
        "departure": ", Guadalajara", 
        "timings": [
            {
                "arrival_airport": "Ciudad de M\u00e9xico, Distrito Federal (MEX-A. Internacional de la Ciudad de M\u00e9xico)", 
                "arrival_time": "12:35", 
                "departure_airport": "Guadalajara, Jalisco (GDL-Don Miguel Hidalgo y Costilla Intl.)", 
                "departure_time": "11:15"
            }, 
            {
                "arrival_airport": "Ciudad del Carmen, Campeche (CME-A. Internacional Ciudad del Carmen)", 
                "arrival_time": "16:45", 
                "departure_airport": "Ciudad de M\u00e9xico, Distrito Federal (MEX-A. Internacional de la Ciudad de M\u00e9xico)", 
                "departure_time": "15:25"
            }
        ], 
        "ticket price": "4561.94", 
        "airline": "Interjet"
    }, 
    {
        "arrival": ", Ciudad del Carmen", 
        "consult date": "10/05/2018", 
        "flight duration": "0 days 10 hours 45 minutes", 
        "plane": "", 
        "departure date": "25/06/2018", 
        "stops": "1", 
        "plane code": "", 
        "departure": ", Guadalajara", 
        "timings": [
            {
                "arrival_airport": "Ciudad de M\u00e9xico, Distrito Federal (MEX-A. Internacional de la Ciudad de M\u00e9xico)", 
                "arrival_time": "07:20", 
                "departure_airport": "Guadalajara, Jalisco (GDL-Don Miguel Hidalgo y Costilla Intl.)", 
                "departure_time": "06:00"
            }, 
            {
                "arrival_airport": "Ciudad del Carmen, Campeche (CME-A. Internacional Ciudad del Carmen)", 
                "arrival_time": "16:45", 
                "departure_airport": "Ciudad de M\u00e9xico, Distrito Federal (MEX-A. Internacional de la Ciudad de M\u00e9xico)", 
                "departure_time": "15:25"
            }
        ], 
        "ticket price": "5187.23", 
        "airline": "Interjet"
    }, 
    {
        "arrival": ", Ciudad del Carmen", 
        "consult date": "10/05/2018", 
        "flight duration": "0 days 7 hours 55 minutes", 
        "plane": "", 
        "departure date": "25/06/2018", 
        "stops": "1", 
        "plane code": "", 
        "departure": ", Guadalajara", 
        "timings": [
            {
                "arrival_airport": "Ciudad de M\u00e9xico, Distrito Federal (MEX-A. Internacional de la Ciudad de M\u00e9xico)", 
                "arrival_time": "10:05", 
                "departure_airport": "Guadalajara, Jalisco (GDL-Don Miguel Hidalgo y Costilla Intl.)", 
                "departure_time": "08:50"
            }, 
            {
                "arrival_airport": "Ciudad del Carmen, Campeche (CME-A. Internacional Ciudad del Carmen)", 
                "arrival_time": "16:45", 
                "departure_airport": "Ciudad de M\u00e9xico, Distrito Federal (MEX-A. Internacional de la Ciudad de M\u00e9xico)", 
                "departure_time": "15:25"
            }
        ], 
        "ticket price": "5434.14", 
        "airline": "Interjet"
    }, 
    {
        "arrival": ", Ciudad del Carmen", 
        "consult date": "10/05/2018", 
        "flight duration": "0 days 5 hours 3 minutes", 
        "plane": "Embraer 190", 
        "departure date": "25/06/2018", 
        "stops": "1", 
        "plane code": "E90", 
        "departure": ", Guadalajara", 
        "timings": [
            {
                "arrival_airport": "Ciudad de M\u00e9xico, Distrito Federal (MEX-A. Internacional de la Ciudad de M\u00e9xico)", 
                "arrival_time": "14:40", 
                "departure_airport": "Guadalajara, Jalisco (GDL-Don Miguel Hidalgo y Costilla Intl.)", 
                "departure_time": "13:17"
            }, 
            {
                "arrival_airport": "Ciudad del Carmen, Campeche (CME-A. Internacional Ciudad del Carmen)", 
                "arrival_time": "18:20", 
                "departure_airport": "Ciudad de M\u00e9xico, Distrito Federal (MEX-A. Internacional de la Ciudad de M\u00e9xico)", 
                "departure_time": "16:40"
            }
        ], 
        "ticket price": "5676.00", 
        "airline": "Aeromexico"
    }, 
    {
        "arrival": ", Ciudad del Carmen", 
        "consult date": "10/05/2018", 
        "flight duration": "0 days 4 hours 5 minutes", 
        "plane": "Boeing 737", 
        "departure date": "25/06/2018", 
        "stops": "1", 
        "plane code": "737", 
        "departure": ", Guadalajara", 
        "timings": [
            {
                "arrival_airport": "Ciudad de M\u00e9xico, Distrito Federal (MEX-A. Internacional de la Ciudad de M\u00e9xico)", 
                "arrival_time": "15:35", 
                "departure_airport": "Guadalajara, Jalisco (GDL-Don Miguel Hidalgo y Costilla Intl.)", 
                "departure_time": "14:15"
            }, 
            {
                "arrival_airport": "Ciudad del Carmen, Campeche (CME-A. Internacional Ciudad del Carmen)", 
                "arrival_time": "18:20", 
                "departure_airport": "Ciudad de M\u00e9xico, Distrito Federal (MEX-A. Internacional de la Ciudad de M\u00e9xico)", 
                "departure_time": "16:40"
            }
        ], 
        "ticket price": "5676.00", 
        "airline": "Aeromexico"
    }, 
    {
        "arrival": ", Ciudad del Carmen", 
        "consult date": "10/05/2018", 
        "flight duration": "0 days 7 hours 21 minutes", 
        "plane": "BOEING 737-800 SCIMITAR WINGLETS", 
        "departure date": "25/06/2018", 
        "stops": "1", 
        "plane code": "7S8", 
        "departure": ", Guadalajara", 
        "timings": [
            {
                "arrival_airport": "Ciudad de M\u00e9xico, Distrito Federal (MEX-A. Internacional de la Ciudad de M\u00e9xico)", 
                "arrival_time": "12:25", 
                "departure_airport": "Guadalajara, Jalisco (GDL-Don Miguel Hidalgo y Costilla Intl.)", 
                "departure_time": "10:59"
            }, 
            {
                "arrival_airport": "Ciudad del Carmen, Campeche (CME-A. Internacional Ciudad del Carmen)", 
                "arrival_time": "18:20", 
                "departure_airport": "Ciudad de M\u00e9xico, Distrito Federal (MEX-A. Internacional de la Ciudad de M\u00e9xico)", 
                "departure_time": "16:40"
            }
        ], 
        "ticket price": "5676.00", 
        "airline": "Aeromexico"
    }, 
    {
        "arrival": ", Ciudad del Carmen", 
        "consult date": "10/05/2018", 
        "flight duration": "0 days 9 hours 45 minutes", 
        "plane": "Embraer 190", 
        "departure date": "25/06/2018", 
        "stops": "2", 
        "plane code": "E90", 
        "departure": ", Guadalajara", 
        "timings": [
            {
                "arrival_airport": "Monterrey, Nuevo Le\u00f3n (MTY-A. Internacional General Mariano Escobedo)", 
                "arrival_time": "10:05", 
                "departure_airport": "Guadalajara, Jalisco (GDL-Don Miguel Hidalgo y Costilla Intl.)", 
                "departure_time": "08:35"
            }, 
            {
                "arrival_airport": "Ciudad de M\u00e9xico, Distrito Federal (MEX-A. Internacional de la Ciudad de M\u00e9xico)", 
                "arrival_time": "15:15", 
                "departure_airport": "Monterrey, Nuevo Le\u00f3n (MTY-A. Internacional General Mariano Escobedo)", 
                "departure_time": "13:42"
            }, 
            {
                "arrival_airport": "Ciudad del Carmen, Campeche (CME-A. Internacional Ciudad del Carmen)", 
                "arrival_time": "18:20", 
                "departure_airport": "Ciudad de M\u00e9xico, Distrito Federal (MEX-A. Internacional de la Ciudad de M\u00e9xico)", 
                "departure_time": "16:40"
            }
        ], 
        "ticket price": "7489.00", 
        "airline": "Aeromexico"
    }, 
    {
        "arrival": ", Ciudad del Carmen", 
        "consult date": "10/05/2018", 
        "flight duration": "0 days 9 hours 45 minutes", 
        "plane": "Embraer 190", 
        "departure date": "25/06/2018", 
        "stops": "2", 
        "plane code": "E90", 
        "departure": ", Guadalajara", 
        "timings": [
            {
                "arrival_airport": "Monterrey, Nuevo Le\u00f3n (MTY-A. Internacional General Mariano Escobedo)", 
                "arrival_time": "10:05", 
                "departure_airport": "Guadalajara, Jalisco (GDL-Don Miguel Hidalgo y Costilla Intl.)", 
                "departure_time": "08:35"
            }, 
            {
                "arrival_airport": "Ciudad de M\u00e9xico, Distrito Federal (MEX-A. Internacional de la Ciudad de M\u00e9xico)", 
                "arrival_time": "13:05", 
                "departure_airport": "Monterrey, Nuevo Le\u00f3n (MTY-A. Internacional General Mariano Escobedo)", 
                "departure_time": "11:26"
            }, 
            {
                "arrival_airport": "Ciudad del Carmen, Campeche (CME-A. Internacional Ciudad del Carmen)", 
                "arrival_time": "18:20", 
                "departure_airport": "Ciudad de M\u00e9xico, Distrito Federal (MEX-A. Internacional de la Ciudad de M\u00e9xico)", 
                "departure_time": "16:40"
            }
        ], 
        "ticket price": "7489.00", 
        "airline": "Aeromexico"
    }
]