[
    {
        "arrival": ", Toluca", 
        "consult date": "10/05/2018", 
        "flight duration": "0 days 1 hours 0 minutes", 
        "plane": "", 
        "departure date": "29/06/2018", 
        "stops": 0, 
        "plane code": "", 
        "departure": ", Guadalajara", 
        "timings": [
            {
                "arrival_airport": "Toluca, Estado de M\u00e9xico (TLC-Aeropuerto Internacional de Toluca)", 
                "arrival_time": "08:10", 
                "departure_airport": "Guadalajara, Jalisco (GDL-Don Miguel Hidalgo y Costilla Intl.)", 
                "departure_time": "07:10"
            }
        ], 
        "ticket price": "1281.00", 
        "airline": "Interjet"
    }, 
    {
        "arrival": ", Toluca", 
        "consult date": "10/05/2018", 
        "flight duration": "0 days 1 hours 0 minutes", 
        "plane": "", 
        "departure date": "29/06/2018", 
        "stops": 0, 
        "plane code": "", 
        "departure": ", Guadalajara", 
        "timings": [
            {
                "arrival_airport": "Toluca, Estado de M\u00e9xico (TLC-Aeropuerto Internacional de Toluca)", 
                "arrival_time": "21:35", 
                "departure_airport": "Guadalajara, Jalisco (GDL-Don Miguel Hidalgo y Costilla Intl.)", 
                "departure_time": "20:35"
            }
        ], 
        "ticket price": "1953.80", 
        "airline": "Interjet"
    }, 
    {
        "arrival": ", Toluca", 
        "consult date": "10/05/2018", 
        "flight duration": "1 days 13 hours 40 minutes", 
        "plane": "", 
        "departure date": "29/06/2018", 
        "stops": "1", 
        "plane code": "", 
        "departure": ", Guadalajara", 
        "timings": [
            {
                "arrival_airport": "Monterrey, Nuevo Le\u00f3n (MTY-A. Internacional General Mariano Escobedo)", 
                "arrival_time": "20:00", 
                "departure_airport": "Guadalajara, Jalisco (GDL-Don Miguel Hidalgo y Costilla Intl.)", 
                "departure_time": "18:40"
            }, 
            {
                "arrival_airport": "Toluca, Estado de M\u00e9xico (TLC-Aeropuerto Internacional de Toluca)", 
                "arrival_time": "08:20", 
                "departure_airport": "Monterrey, Nuevo Le\u00f3n (MTY-A. Internacional General Mariano Escobedo)", 
                "departure_time": "07:00"
            }
        ], 
        "ticket price": "3552.07", 
        "airline": "Interjet"
    }, 
    {
        "arrival": ", Toluca", 
        "consult date": "10/05/2018", 
        "flight duration": "0 days 13 hours 15 minutes", 
        "plane": "", 
        "departure date": "29/06/2018", 
        "stops": "1", 
        "plane code": "", 
        "departure": ", Guadalajara", 
        "timings": [
            {
                "arrival_airport": "Monterrey, Nuevo Le\u00f3n (MTY-A. Internacional General Mariano Escobedo)", 
                "arrival_time": "07:20", 
                "departure_airport": "Guadalajara, Jalisco (GDL-Don Miguel Hidalgo y Costilla Intl.)", 
                "departure_time": "06:00"
            }, 
            {
                "arrival_airport": "Toluca, Estado de M\u00e9xico (TLC-Aeropuerto Internacional de Toluca)", 
                "arrival_time": "19:15", 
                "departure_airport": "Monterrey, Nuevo Le\u00f3n (MTY-A. Internacional General Mariano Escobedo)", 
                "departure_time": "17:55"
            }
        ], 
        "ticket price": "4000.56", 
        "airline": "Interjet"
    }, 
    {
        "arrival": ", Toluca", 
        "consult date": "10/05/2018", 
        "flight duration": "0 days 11 hours 0 minutes", 
        "plane": "", 
        "departure date": "29/06/2018", 
        "stops": "1", 
        "plane code": "", 
        "departure": ", Guadalajara", 
        "timings": [
            {
                "arrival_airport": "Monterrey, Nuevo Le\u00f3n (MTY-A. Internacional General Mariano Escobedo)", 
                "arrival_time": "07:20", 
                "departure_airport": "Guadalajara, Jalisco (GDL-Don Miguel Hidalgo y Costilla Intl.)", 
                "departure_time": "06:00"
            }, 
            {
                "arrival_airport": "Toluca, Estado de M\u00e9xico (TLC-Aeropuerto Internacional de Toluca)", 
                "arrival_time": "17:00", 
                "departure_airport": "Monterrey, Nuevo Le\u00f3n (MTY-A. Internacional General Mariano Escobedo)", 
                "departure_time": "15:40"
            }
        ], 
        "ticket price": "4000.56", 
        "airline": "Interjet"
    }, 
    {
        "arrival": ", Toluca", 
        "consult date": "10/05/2018", 
        "flight duration": "0 days 7 hours 10 minutes", 
        "plane": "", 
        "departure date": "29/06/2018", 
        "stops": "1", 
        "plane code": "", 
        "departure": ", Guadalajara", 
        "timings": [
            {
                "arrival_airport": "Monterrey, Nuevo Le\u00f3n (MTY-A. Internacional General Mariano Escobedo)", 
                "arrival_time": "16:05", 
                "departure_airport": "Guadalajara, Jalisco (GDL-Don Miguel Hidalgo y Costilla Intl.)", 
                "departure_time": "14:45"
            }, 
            {
                "arrival_airport": "Toluca, Estado de M\u00e9xico (TLC-Aeropuerto Internacional de Toluca)", 
                "arrival_time": "21:55", 
                "departure_airport": "Monterrey, Nuevo Le\u00f3n (MTY-A. Internacional General Mariano Escobedo)", 
                "departure_time": "20:35"
            }
        ], 
        "ticket price": "6041.05", 
        "airline": "Interjet"
    }, 
    {
        "arrival": ", Toluca", 
        "consult date": "10/05/2018", 
        "flight duration": "0 days 4 hours 30 minutes", 
        "plane": "", 
        "departure date": "29/06/2018", 
        "stops": "1", 
        "plane code": "", 
        "departure": ", Guadalajara", 
        "timings": [
            {
                "arrival_airport": "Monterrey, Nuevo Le\u00f3n (MTY-A. Internacional General Mariano Escobedo)", 
                "arrival_time": "16:05", 
                "departure_airport": "Guadalajara, Jalisco (GDL-Don Miguel Hidalgo y Costilla Intl.)", 
                "departure_time": "14:45"
            }, 
            {
                "arrival_airport": "Toluca, Estado de M\u00e9xico (TLC-Aeropuerto Internacional de Toluca)", 
                "arrival_time": "19:15", 
                "departure_airport": "Monterrey, Nuevo Le\u00f3n (MTY-A. Internacional General Mariano Escobedo)", 
                "departure_time": "17:55"
            }
        ], 
        "ticket price": "6041.05", 
        "airline": "Interjet"
    }
]