[
    {
        "arrival": ", Huatulco", 
        "consult date": "10/05/2018", 
        "flight duration": "0 days 4 hours 55 minutes", 
        "plane": "", 
        "departure date": "15/12/2018", 
        "stops": "1", 
        "plane code": "", 
        "departure": ", Guadalajara", 
        "timings": [
            {
                "arrival_airport": "Ciudad de M\u00e9xico, Distrito Federal (MEX-A. Internacional de la Ciudad de M\u00e9xico)", 
                "arrival_time": "13:55", 
                "departure_airport": "Guadalajara, Jalisco (GDL-Don Miguel Hidalgo y Costilla Intl.)", 
                "departure_time": "12:35"
            }, 
            {
                "arrival_airport": "Huatulco, Oaxaca (HUX-A. Internacional Bah\u00edas de Huatulco)", 
                "arrival_time": "17:30", 
                "departure_airport": "Ciudad de M\u00e9xico, Distrito Federal (MEX-A. Internacional de la Ciudad de M\u00e9xico)", 
                "departure_time": "16:20"
            }
        ], 
        "ticket price": "1412.21", 
        "airline": "Interjet"
    }, 
    {
        "arrival": ", Huatulco", 
        "consult date": "10/05/2018", 
        "flight duration": "0 days 8 hours 45 minutes", 
        "plane": "", 
        "departure date": "15/12/2018", 
        "stops": "1", 
        "plane code": "", 
        "departure": ", Guadalajara", 
        "timings": [
            {
                "arrival_airport": "Ciudad de M\u00e9xico, Distrito Federal (MEX-A. Internacional de la Ciudad de M\u00e9xico)", 
                "arrival_time": "10:00", 
                "departure_airport": "Guadalajara, Jalisco (GDL-Don Miguel Hidalgo y Costilla Intl.)", 
                "departure_time": "08:45"
            }, 
            {
                "arrival_airport": "Huatulco, Oaxaca (HUX-A. Internacional Bah\u00edas de Huatulco)", 
                "arrival_time": "17:30", 
                "departure_airport": "Ciudad de M\u00e9xico, Distrito Federal (MEX-A. Internacional de la Ciudad de M\u00e9xico)", 
                "departure_time": "16:20"
            }
        ], 
        "ticket price": "1412.21", 
        "airline": "Interjet"
    }, 
    {
        "arrival": ", Huatulco", 
        "consult date": "10/05/2018", 
        "flight duration": "0 days 9 hours 40 minutes", 
        "plane": "", 
        "departure date": "15/12/2018", 
        "stops": "1", 
        "plane code": "", 
        "departure": ", Guadalajara", 
        "timings": [
            {
                "arrival_airport": "Ciudad de M\u00e9xico, Distrito Federal (MEX-A. Internacional de la Ciudad de M\u00e9xico)", 
                "arrival_time": "09:10", 
                "departure_airport": "Guadalajara, Jalisco (GDL-Don Miguel Hidalgo y Costilla Intl.)", 
                "departure_time": "07:50"
            }, 
            {
                "arrival_airport": "Huatulco, Oaxaca (HUX-A. Internacional Bah\u00edas de Huatulco)", 
                "arrival_time": "17:30", 
                "departure_airport": "Ciudad de M\u00e9xico, Distrito Federal (MEX-A. Internacional de la Ciudad de M\u00e9xico)", 
                "departure_time": "16:20"
            }
        ], 
        "ticket price": "1681.37", 
        "airline": "Interjet"
    }, 
    {
        "arrival": ", Huatulco", 
        "consult date": "10/05/2018", 
        "flight duration": "0 days 11 hours 30 minutes", 
        "plane": "", 
        "departure date": "15/12/2018", 
        "stops": "1", 
        "plane code": "", 
        "departure": ", Guadalajara", 
        "timings": [
            {
                "arrival_airport": "Ciudad de M\u00e9xico, Distrito Federal (MEX-A. Internacional de la Ciudad de M\u00e9xico)", 
                "arrival_time": "07:20", 
                "departure_airport": "Guadalajara, Jalisco (GDL-Don Miguel Hidalgo y Costilla Intl.)", 
                "departure_time": "06:00"
            }, 
            {
                "arrival_airport": "Huatulco, Oaxaca (HUX-A. Internacional Bah\u00edas de Huatulco)", 
                "arrival_time": "17:30", 
                "departure_airport": "Ciudad de M\u00e9xico, Distrito Federal (MEX-A. Internacional de la Ciudad de M\u00e9xico)", 
                "departure_time": "16:20"
            }
        ], 
        "ticket price": "1681.37", 
        "airline": "Interjet"
    }, 
    {
        "arrival": ", Huatulco", 
        "consult date": "10/05/2018", 
        "flight duration": "0 days 7 hours 40 minutes", 
        "plane": "", 
        "departure date": "15/12/2018", 
        "stops": "1", 
        "plane code": "", 
        "departure": ", Guadalajara", 
        "timings": [
            {
                "arrival_airport": "Ciudad de M\u00e9xico, Distrito Federal (MEX-A. Internacional de la Ciudad de M\u00e9xico)", 
                "arrival_time": "11:10", 
                "departure_airport": "Guadalajara, Jalisco (GDL-Don Miguel Hidalgo y Costilla Intl.)", 
                "departure_time": "09:50"
            }, 
            {
                "arrival_airport": "Huatulco, Oaxaca (HUX-A. Internacional Bah\u00edas de Huatulco)", 
                "arrival_time": "17:30", 
                "departure_airport": "Ciudad de M\u00e9xico, Distrito Federal (MEX-A. Internacional de la Ciudad de M\u00e9xico)", 
                "departure_time": "16:20"
            }
        ], 
        "ticket price": "1681.37", 
        "airline": "Interjet"
    }, 
    {
        "arrival": ", Huatulco", 
        "consult date": "10/05/2018", 
        "flight duration": "0 days 4 hours 5 minutes", 
        "plane": "", 
        "departure date": "15/12/2018", 
        "stops": "1", 
        "plane code": "", 
        "departure": ", Guadalajara", 
        "timings": [
            {
                "arrival_airport": "Ciudad de M\u00e9xico, Distrito Federal (MEX-A. Internacional de la Ciudad de M\u00e9xico)", 
                "arrival_time": "07:20", 
                "departure_airport": "Guadalajara, Jalisco (GDL-Don Miguel Hidalgo y Costilla Intl.)", 
                "departure_time": "06:00"
            }, 
            {
                "arrival_airport": "Huatulco, Oaxaca (HUX-A. Internacional Bah\u00edas de Huatulco)", 
                "arrival_time": "10:05", 
                "departure_airport": "Ciudad de M\u00e9xico, Distrito Federal (MEX-A. Internacional de la Ciudad de M\u00e9xico)", 
                "departure_time": "08:55"
            }
        ], 
        "ticket price": "1881.37", 
        "airline": "Interjet"
    }, 
    {
        "arrival": ", Huatulco", 
        "consult date": "10/05/2018", 
        "flight duration": "1 days 10 hours 35 minutes", 
        "plane": "", 
        "departure date": "15/12/2018", 
        "stops": "1", 
        "plane code": "", 
        "departure": ", Guadalajara", 
        "timings": [
            {
                "arrival_airport": "Ciudad de M\u00e9xico, Distrito Federal (MEX-A. Internacional de la Ciudad de M\u00e9xico)", 
                "arrival_time": "00:45", 
                "departure_airport": "Guadalajara, Jalisco (GDL-Don Miguel Hidalgo y Costilla Intl.)", 
                "departure_time": "23:30"
            }, 
            {
                "arrival_airport": "Huatulco, Oaxaca (HUX-A. Internacional Bah\u00edas de Huatulco)", 
                "arrival_time": "10:05", 
                "departure_airport": "Ciudad de M\u00e9xico, Distrito Federal (MEX-A. Internacional de la Ciudad de M\u00e9xico)", 
                "departure_time": "08:55"
            }
        ], 
        "ticket price": "1926.60", 
        "airline": "Interjet"
    }, 
    {
        "arrival": ", Huatulco", 
        "consult date": "10/05/2018", 
        "flight duration": "1 days 13 hours 5 minutes", 
        "plane": "", 
        "departure date": "15/12/2018", 
        "stops": "1", 
        "plane code": "", 
        "departure": ", Guadalajara", 
        "timings": [
            {
                "arrival_airport": "Ciudad de M\u00e9xico, Distrito Federal (MEX-A. Internacional de la Ciudad de M\u00e9xico)", 
                "arrival_time": "22:20", 
                "departure_airport": "Guadalajara, Jalisco (GDL-Don Miguel Hidalgo y Costilla Intl.)", 
                "departure_time": "21:00"
            }, 
            {
                "arrival_airport": "Huatulco, Oaxaca (HUX-A. Internacional Bah\u00edas de Huatulco)", 
                "arrival_time": "10:05", 
                "departure_airport": "Ciudad de M\u00e9xico, Distrito Federal (MEX-A. Internacional de la Ciudad de M\u00e9xico)", 
                "departure_time": "08:55"
            }
        ], 
        "ticket price": "2287.37", 
        "airline": "Interjet"
    }, 
    {
        "arrival": ", Huatulco", 
        "consult date": "10/05/2018", 
        "flight duration": "0 days 6 hours 3 minutes", 
        "plane": "BOEING 737-800 SCIMITAR WINGLETS", 
        "departure date": "15/12/2018", 
        "stops": "1", 
        "plane code": "7S8", 
        "departure": ", Guadalajara", 
        "timings": [
            {
                "arrival_airport": "Ciudad de M\u00e9xico, Distrito Federal (MEX-A. Internacional de la Ciudad de M\u00e9xico)", 
                "arrival_time": "10:25", 
                "departure_airport": "Guadalajara, Jalisco (GDL-Don Miguel Hidalgo y Costilla Intl.)", 
                "departure_time": "08:58"
            }, 
            {
                "arrival_airport": "Huatulco, Oaxaca (HUX-A. Internacional Bah\u00edas de Huatulco)", 
                "arrival_time": "15:01", 
                "departure_airport": "Ciudad de M\u00e9xico, Distrito Federal (MEX-A. Internacional de la Ciudad de M\u00e9xico)", 
                "departure_time": "13:35"
            }
        ], 
        "ticket price": "2382.00", 
        "airline": "Aeromexico"
    }, 
    {
        "arrival": ", Huatulco", 
        "consult date": "10/05/2018", 
        "flight duration": "0 days 7 hours 17 minutes", 
        "plane": "Boeing 737", 
        "departure date": "15/12/2018", 
        "stops": "1", 
        "plane code": "737", 
        "departure": ", Guadalajara", 
        "timings": [
            {
                "arrival_airport": "Ciudad de M\u00e9xico, Distrito Federal (MEX-A. Internacional de la Ciudad de M\u00e9xico)", 
                "arrival_time": "09:15", 
                "departure_airport": "Guadalajara, Jalisco (GDL-Don Miguel Hidalgo y Costilla Intl.)", 
                "departure_time": "07:44"
            }, 
            {
                "arrival_airport": "Huatulco, Oaxaca (HUX-A. Internacional Bah\u00edas de Huatulco)", 
                "arrival_time": "15:01", 
                "departure_airport": "Ciudad de M\u00e9xico, Distrito Federal (MEX-A. Internacional de la Ciudad de M\u00e9xico)", 
                "departure_time": "13:35"
            }
        ], 
        "ticket price": "2382.00", 
        "airline": "Aeromexico"
    }, 
    {
        "arrival": ", Huatulco", 
        "consult date": "10/05/2018", 
        "flight duration": "0 days 4 hours 0 minutes", 
        "plane": "Embraer 190", 
        "departure date": "15/12/2018", 
        "stops": "1", 
        "plane code": "E90", 
        "departure": ", Guadalajara", 
        "timings": [
            {
                "arrival_airport": "Ciudad de M\u00e9xico, Distrito Federal (MEX-A. Internacional de la Ciudad de M\u00e9xico)", 
                "arrival_time": "12:25", 
                "departure_airport": "Guadalajara, Jalisco (GDL-Don Miguel Hidalgo y Costilla Intl.)", 
                "departure_time": "11:01"
            }, 
            {
                "arrival_airport": "Huatulco, Oaxaca (HUX-A. Internacional Bah\u00edas de Huatulco)", 
                "arrival_time": "15:01", 
                "departure_airport": "Ciudad de M\u00e9xico, Distrito Federal (MEX-A. Internacional de la Ciudad de M\u00e9xico)", 
                "departure_time": "13:35"
            }
        ], 
        "ticket price": "2382.00", 
        "airline": "Aeromexico"
    }, 
    {
        "arrival": ", Huatulco", 
        "consult date": "10/05/2018", 
        "flight duration": "0 days 4 hours 57 minutes", 
        "plane": "BOEING 737-800 SCIMITAR WINGLETS", 
        "departure date": "15/12/2018", 
        "stops": "1", 
        "plane code": "7S8", 
        "departure": ", Guadalajara", 
        "timings": [
            {
                "arrival_airport": "Ciudad de M\u00e9xico, Distrito Federal (MEX-A. Internacional de la Ciudad de M\u00e9xico)", 
                "arrival_time": "11:40", 
                "departure_airport": "Guadalajara, Jalisco (GDL-Don Miguel Hidalgo y Costilla Intl.)", 
                "departure_time": "10:04"
            }, 
            {
                "arrival_airport": "Huatulco, Oaxaca (HUX-A. Internacional Bah\u00edas de Huatulco)", 
                "arrival_time": "15:01", 
                "departure_airport": "Ciudad de M\u00e9xico, Distrito Federal (MEX-A. Internacional de la Ciudad de M\u00e9xico)", 
                "departure_time": "13:35"
            }
        ], 
        "ticket price": "2382.00", 
        "airline": "Aeromexico"
    }, 
    {
        "arrival": ", Huatulco", 
        "consult date": "10/05/2018", 
        "flight duration": "0 days 6 hours 33 minutes", 
        "plane": "", 
        "departure date": "15/12/2018", 
        "stops": "1", 
        "plane code": "", 
        "departure": ", Guadalajara", 
        "timings": [
            {
                "arrival_airport": "Ciudad de M\u00e9xico, Distrito Federal (MEX-A. Internacional de la Ciudad de M\u00e9xico)", 
                "arrival_time": "08:32", 
                "departure_airport": "Guadalajara, Jalisco (GDL-Don Miguel Hidalgo y Costilla Intl.)", 
                "departure_time": "07:02"
            }, 
            {
                "arrival_airport": "Huatulco, Oaxaca (HUX-A. Internacional Bah\u00edas de Huatulco)", 
                "arrival_time": "13:35", 
                "departure_airport": "Ciudad de M\u00e9xico, Distrito Federal (MEX-A. Internacional de la Ciudad de M\u00e9xico)", 
                "departure_time": "12:10"
            }
        ], 
        "ticket price": "3001.00", 
        "airline": "Volaris"
    }, 
    {
        "arrival": ", Huatulco", 
        "consult date": "10/05/2018", 
        "flight duration": "0 days 5 hours 24 minutes", 
        "plane": "", 
        "departure date": "15/12/2018", 
        "stops": "1", 
        "plane code": "", 
        "departure": ", Guadalajara", 
        "timings": [
            {
                "arrival_airport": "Ciudad de M\u00e9xico, Distrito Federal (MEX-A. Internacional de la Ciudad de M\u00e9xico)", 
                "arrival_time": "09:41", 
                "departure_airport": "Guadalajara, Jalisco (GDL-Don Miguel Hidalgo y Costilla Intl.)", 
                "departure_time": "08:11"
            }, 
            {
                "arrival_airport": "Huatulco, Oaxaca (HUX-A. Internacional Bah\u00edas de Huatulco)", 
                "arrival_time": "13:35", 
                "departure_airport": "Ciudad de M\u00e9xico, Distrito Federal (MEX-A. Internacional de la Ciudad de M\u00e9xico)", 
                "departure_time": "12:10"
            }
        ], 
        "ticket price": "3001.00", 
        "airline": "Volaris"
    }, 
    {
        "arrival": ", Huatulco", 
        "consult date": "10/05/2018", 
        "flight duration": "0 days 7 hours 33 minutes", 
        "plane": "", 
        "departure date": "15/12/2018", 
        "stops": "1", 
        "plane code": "", 
        "departure": ", Guadalajara", 
        "timings": [
            {
                "arrival_airport": "Ciudad de M\u00e9xico, Distrito Federal (MEX-A. Internacional de la Ciudad de M\u00e9xico)", 
                "arrival_time": "07:32", 
                "departure_airport": "Guadalajara, Jalisco (GDL-Don Miguel Hidalgo y Costilla Intl.)", 
                "departure_time": "06:02"
            }, 
            {
                "arrival_airport": "Huatulco, Oaxaca (HUX-A. Internacional Bah\u00edas de Huatulco)", 
                "arrival_time": "13:35", 
                "departure_airport": "Ciudad de M\u00e9xico, Distrito Federal (MEX-A. Internacional de la Ciudad de M\u00e9xico)", 
                "departure_time": "12:10"
            }
        ], 
        "ticket price": "3001.00", 
        "airline": "Volaris"
    }, 
    {
        "arrival": ", Huatulco", 
        "consult date": "10/05/2018", 
        "flight duration": "0 days 3 hours 42 minutes", 
        "plane": "Boeing 737", 
        "departure date": "15/12/2018", 
        "stops": "1", 
        "plane code": "737", 
        "departure": ", Guadalajara", 
        "timings": [
            {
                "arrival_airport": "Ciudad de M\u00e9xico, Distrito Federal (MEX-A. Internacional de la Ciudad de M\u00e9xico)", 
                "arrival_time": "07:35", 
                "departure_airport": "Guadalajara, Jalisco (GDL-Don Miguel Hidalgo y Costilla Intl.)", 
                "departure_time": "06:04"
            }, 
            {
                "arrival_airport": "Huatulco, Oaxaca (HUX-A. Internacional Bah\u00edas de Huatulco)", 
                "arrival_time": "09:46", 
                "departure_airport": "Ciudad de M\u00e9xico, Distrito Federal (MEX-A. Internacional de la Ciudad de M\u00e9xico)", 
                "departure_time": "08:20"
            }
        ], 
        "ticket price": "3484.00", 
        "airline": "Aeromexico"
    }, 
    {
        "arrival": ", Huatulco", 
        "consult date": "10/05/2018", 
        "flight duration": "0 days 4 hours 36 minutes", 
        "plane": "ATR 42", 
        "departure date": "15/12/2018", 
        "stops": "1", 
        "plane code": "ATR", 
        "departure": ", Guadalajara", 
        "timings": [
            {
                "arrival_airport": "Ciudad de M\u00e9xico, Distrito Federal (MEX-A. Internacional de la Ciudad de M\u00e9xico)", 
                "arrival_time": "12:05", 
                "departure_airport": "Guadalajara, Jalisco (GDL-Don Miguel Hidalgo y Costilla Intl.)", 
                "departure_time": "10:25"
            }, 
            {
                "arrival_airport": "Huatulco, Oaxaca (HUX-A. Internacional Bah\u00edas de Huatulco)", 
                "arrival_time": "15:01", 
                "departure_airport": "Ciudad de M\u00e9xico, Distrito Federal (MEX-A. Internacional de la Ciudad de M\u00e9xico)", 
                "departure_time": "13:35"
            }
        ], 
        "ticket price": "4180.00", 
        "airline": ""
    }
]