[
    {
        "arrival": ", La Paz", 
        "consult date": "10/05/2018", 
        "flight duration": "0 days 1 hours 35 minutes", 
        "plane": "", 
        "departure date": "23/08/2018", 
        "stops": 0, 
        "plane code": "", 
        "departure": ", Guadalajara", 
        "timings": [
            {
                "arrival_airport": "La Paz, Baja California Sur (LAP-A. Internacional Manuel M\u00e1rquez de Le\u00f3n)", 
                "arrival_time": "06:45", 
                "departure_airport": "Guadalajara, Jalisco (GDL-Don Miguel Hidalgo y Costilla Intl.)", 
                "departure_time": "06:10"
            }
        ], 
        "ticket price": "1103.86", 
        "airline": "VivaAerobus"
    }, 
    {
        "arrival": ", La Paz", 
        "consult date": "10/05/2018", 
        "flight duration": "0 days 1 hours 45 minutes", 
        "plane": "", 
        "departure date": "23/08/2018", 
        "stops": 0, 
        "plane code": "", 
        "departure": ", Guadalajara", 
        "timings": [
            {
                "arrival_airport": "La Paz, Baja California Sur (LAP-A. Internacional Manuel M\u00e1rquez de Le\u00f3n)", 
                "arrival_time": "17:43", 
                "departure_airport": "Guadalajara, Jalisco (GDL-Don Miguel Hidalgo y Costilla Intl.)", 
                "departure_time": "16:58"
            }
        ], 
        "ticket price": "1401.00", 
        "airline": "Volaris"
    }, 
    {
        "arrival": ", La Paz", 
        "consult date": "10/05/2018", 
        "flight duration": "0 days 2 hours 40 minutes", 
        "plane": "", 
        "departure date": "23/08/2018", 
        "stops": "1", 
        "plane code": "", 
        "departure": ", Guadalajara", 
        "timings": [
            {
                "arrival_airport": "Los Mochis, Sinaloa (LMM-A. Internacional Federal del Valle del Fuerte)", 
                "arrival_time": "19:15", 
                "departure_airport": "Guadalajara, Jalisco (GDL-Don Miguel Hidalgo y Costilla Intl.)", 
                "departure_time": "18:40"
            }, 
            {
                "arrival_airport": "La Paz, Baja California Sur (LAP-A. Internacional Manuel M\u00e1rquez de Le\u00f3n)", 
                "arrival_time": "20:20", 
                "departure_airport": "Los Mochis, Sinaloa (LMM-A. Internacional Federal del Valle del Fuerte)", 
                "departure_time": "19:35"
            }
        ], 
        "ticket price": "1919.00", 
        "airline": "Calafia Airlines"
    }, 
    {
        "arrival": ", La Paz", 
        "consult date": "10/05/2018", 
        "flight duration": "0 days 6 hours 30 minutes", 
        "plane": "", 
        "departure date": "23/08/2018", 
        "stops": "1", 
        "plane code": "", 
        "departure": ", Guadalajara", 
        "timings": [
            {
                "arrival_airport": "Ciudad de M\u00e9xico, Distrito Federal (MEX-A. Internacional de la Ciudad de M\u00e9xico)", 
                "arrival_time": "09:41", 
                "departure_airport": "Guadalajara, Jalisco (GDL-Don Miguel Hidalgo y Costilla Intl.)", 
                "departure_time": "08:11"
            }, 
            {
                "arrival_airport": "La Paz, Baja California Sur (LAP-A. Internacional Manuel M\u00e1rquez de Le\u00f3n)", 
                "arrival_time": "13:41", 
                "departure_airport": "Ciudad de M\u00e9xico, Distrito Federal (MEX-A. Internacional de la Ciudad de M\u00e9xico)", 
                "departure_time": "12:12"
            }
        ], 
        "ticket price": "3001.00", 
        "airline": "Volaris"
    }, 
    {
        "arrival": ", La Paz", 
        "consult date": "10/05/2018", 
        "flight duration": "0 days 8 hours 41 minutes", 
        "plane": "", 
        "departure date": "23/08/2018", 
        "stops": "1", 
        "plane code": "", 
        "departure": ", Guadalajara", 
        "timings": [
            {
                "arrival_airport": "Ciudad de M\u00e9xico, Distrito Federal (MEX-A. Internacional de la Ciudad de M\u00e9xico)", 
                "arrival_time": "07:30", 
                "departure_airport": "Guadalajara, Jalisco (GDL-Don Miguel Hidalgo y Costilla Intl.)", 
                "departure_time": "06:00"
            }, 
            {
                "arrival_airport": "La Paz, Baja California Sur (LAP-A. Internacional Manuel M\u00e1rquez de Le\u00f3n)", 
                "arrival_time": "13:41", 
                "departure_airport": "Ciudad de M\u00e9xico, Distrito Federal (MEX-A. Internacional de la Ciudad de M\u00e9xico)", 
                "departure_time": "12:12"
            }
        ], 
        "ticket price": "3001.00", 
        "airline": "Volaris"
    }, 
    {
        "arrival": ", La Paz", 
        "consult date": "10/05/2018", 
        "flight duration": "0 days 7 hours 39 minutes", 
        "plane": "", 
        "departure date": "23/08/2018", 
        "stops": "1", 
        "plane code": "", 
        "departure": ", Guadalajara", 
        "timings": [
            {
                "arrival_airport": "Ciudad de M\u00e9xico, Distrito Federal (MEX-A. Internacional de la Ciudad de M\u00e9xico)", 
                "arrival_time": "08:32", 
                "departure_airport": "Guadalajara, Jalisco (GDL-Don Miguel Hidalgo y Costilla Intl.)", 
                "departure_time": "07:02"
            }, 
            {
                "arrival_airport": "La Paz, Baja California Sur (LAP-A. Internacional Manuel M\u00e1rquez de Le\u00f3n)", 
                "arrival_time": "13:41", 
                "departure_airport": "Ciudad de M\u00e9xico, Distrito Federal (MEX-A. Internacional de la Ciudad de M\u00e9xico)", 
                "departure_time": "12:12"
            }
        ], 
        "ticket price": "3001.00", 
        "airline": "Volaris"
    }, 
    {
        "arrival": ", La Paz", 
        "consult date": "10/05/2018", 
        "flight duration": "0 days 5 hours 0 minutes", 
        "plane": "", 
        "departure date": "23/08/2018", 
        "stops": "1", 
        "plane code": "", 
        "departure": ", Guadalajara", 
        "timings": [
            {
                "arrival_airport": "Ciudad de M\u00e9xico, Distrito Federal (MEX-A. Internacional de la Ciudad de M\u00e9xico)", 
                "arrival_time": "11:11", 
                "departure_airport": "Guadalajara, Jalisco (GDL-Don Miguel Hidalgo y Costilla Intl.)", 
                "departure_time": "09:41"
            }, 
            {
                "arrival_airport": "La Paz, Baja California Sur (LAP-A. Internacional Manuel M\u00e1rquez de Le\u00f3n)", 
                "arrival_time": "13:41", 
                "departure_airport": "Ciudad de M\u00e9xico, Distrito Federal (MEX-A. Internacional de la Ciudad de M\u00e9xico)", 
                "departure_time": "12:12"
            }
        ], 
        "ticket price": "3001.00", 
        "airline": "Volaris"
    }, 
    {
        "arrival": ", La Paz", 
        "consult date": "10/05/2018", 
        "flight duration": "0 days 8 hours 30 minutes", 
        "plane": "", 
        "departure date": "23/08/2018", 
        "stops": "1", 
        "plane code": "", 
        "departure": ", Guadalajara", 
        "timings": [
            {
                "arrival_airport": "Tijuana, Baja California Norte (TIJ-A. Internacional General Abelardo L. Rodr\u00edguez)", 
                "arrival_time": "08:51", 
                "departure_airport": "Guadalajara, Jalisco (GDL-Don Miguel Hidalgo y Costilla Intl.)", 
                "departure_time": "07:43"
            }, 
            {
                "arrival_airport": "La Paz, Baja California Sur (LAP-A. Internacional Manuel M\u00e1rquez de Le\u00f3n)", 
                "arrival_time": "15:13", 
                "departure_airport": "Tijuana, Baja California Norte (TIJ-A. Internacional General Abelardo L. Rodr\u00edguez)", 
                "departure_time": "12:10"
            }
        ], 
        "ticket price": "3781.00", 
        "airline": "Volaris"
    }, 
    {
        "arrival": ", La Paz", 
        "consult date": "10/05/2018", 
        "flight duration": "0 days 10 hours 38 minutes", 
        "plane": "", 
        "departure date": "23/08/2018", 
        "stops": "1", 
        "plane code": "", 
        "departure": ", Guadalajara", 
        "timings": [
            {
                "arrival_airport": "Tijuana, Baja California Norte (TIJ-A. Internacional General Abelardo L. Rodr\u00edguez)", 
                "arrival_time": "06:43", 
                "departure_airport": "Guadalajara, Jalisco (GDL-Don Miguel Hidalgo y Costilla Intl.)", 
                "departure_time": "05:35"
            }, 
            {
                "arrival_airport": "La Paz, Baja California Sur (LAP-A. Internacional Manuel M\u00e1rquez de Le\u00f3n)", 
                "arrival_time": "15:13", 
                "departure_airport": "Tijuana, Baja California Norte (TIJ-A. Internacional General Abelardo L. Rodr\u00edguez)", 
                "departure_time": "12:10"
            }
        ], 
        "ticket price": "3781.00", 
        "airline": "Volaris"
    }, 
    {
        "arrival": ", La Paz", 
        "consult date": "10/05/2018", 
        "flight duration": "0 days 6 hours 49 minutes", 
        "plane": "", 
        "departure date": "23/08/2018", 
        "stops": "1", 
        "plane code": "", 
        "departure": ", Guadalajara", 
        "timings": [
            {
                "arrival_airport": "Tijuana, Baja California Norte (TIJ-A. Internacional General Abelardo L. Rodr\u00edguez)", 
                "arrival_time": "10:32", 
                "departure_airport": "Guadalajara, Jalisco (GDL-Don Miguel Hidalgo y Costilla Intl.)", 
                "departure_time": "09:24"
            }, 
            {
                "arrival_airport": "La Paz, Baja California Sur (LAP-A. Internacional Manuel M\u00e1rquez de Le\u00f3n)", 
                "arrival_time": "15:13", 
                "departure_airport": "Tijuana, Baja California Norte (TIJ-A. Internacional General Abelardo L. Rodr\u00edguez)", 
                "departure_time": "12:10"
            }
        ], 
        "ticket price": "3781.00", 
        "airline": "Volaris"
    }, 
    {
        "arrival": ", La Paz", 
        "consult date": "10/05/2018", 
        "flight duration": "0 days 7 hours 56 minutes", 
        "plane": "BOEING 737-800 SCIMITAR WINGLETS", 
        "departure date": "23/08/2018", 
        "stops": "1", 
        "plane code": "7S8", 
        "departure": ", Guadalajara", 
        "timings": [
            {
                "arrival_airport": "Ciudad de M\u00e9xico, Distrito Federal (MEX-A. Internacional de la Ciudad de M\u00e9xico)", 
                "arrival_time": "08:10", 
                "departure_airport": "Guadalajara, Jalisco (GDL-Don Miguel Hidalgo y Costilla Intl.)", 
                "departure_time": "06:45"
            }, 
            {
                "arrival_airport": "La Paz, Baja California Sur (LAP-A. Internacional Manuel M\u00e1rquez de Le\u00f3n)", 
                "arrival_time": "13:41", 
                "departure_airport": "Ciudad de M\u00e9xico, Distrito Federal (MEX-A. Internacional de la Ciudad de M\u00e9xico)", 
                "departure_time": "12:00"
            }
        ], 
        "ticket price": "3994.00", 
        "airline": "Aeromexico"
    }, 
    {
        "arrival": ", La Paz", 
        "consult date": "10/05/2018", 
        "flight duration": "0 days 8 hours 37 minutes", 
        "plane": "Boeing 737", 
        "departure date": "23/08/2018", 
        "stops": "1", 
        "plane code": "737", 
        "departure": ", Guadalajara", 
        "timings": [
            {
                "arrival_airport": "Ciudad de M\u00e9xico, Distrito Federal (MEX-A. Internacional de la Ciudad de M\u00e9xico)", 
                "arrival_time": "07:30", 
                "departure_airport": "Guadalajara, Jalisco (GDL-Don Miguel Hidalgo y Costilla Intl.)", 
                "departure_time": "06:04"
            }, 
            {
                "arrival_airport": "La Paz, Baja California Sur (LAP-A. Internacional Manuel M\u00e1rquez de Le\u00f3n)", 
                "arrival_time": "13:41", 
                "departure_airport": "Ciudad de M\u00e9xico, Distrito Federal (MEX-A. Internacional de la Ciudad de M\u00e9xico)", 
                "departure_time": "12:00"
            }
        ], 
        "ticket price": "3994.00", 
        "airline": "Aeromexico"
    }, 
    {
        "arrival": ", La Paz", 
        "consult date": "10/05/2018", 
        "flight duration": "0 days 4 hours 51 minutes", 
        "plane": "BOEING 737-800 SCIMITAR WINGLETS", 
        "departure date": "23/08/2018", 
        "stops": "1", 
        "plane code": "7S8", 
        "departure": ", Guadalajara", 
        "timings": [
            {
                "arrival_airport": "Ciudad de M\u00e9xico, Distrito Federal (MEX-A. Internacional de la Ciudad de M\u00e9xico)", 
                "arrival_time": "11:15", 
                "departure_airport": "Guadalajara, Jalisco (GDL-Don Miguel Hidalgo y Costilla Intl.)", 
                "departure_time": "09:50"
            }, 
            {
                "arrival_airport": "La Paz, Baja California Sur (LAP-A. Internacional Manuel M\u00e1rquez de Le\u00f3n)", 
                "arrival_time": "13:41", 
                "departure_airport": "Ciudad de M\u00e9xico, Distrito Federal (MEX-A. Internacional de la Ciudad de M\u00e9xico)", 
                "departure_time": "12:00"
            }
        ], 
        "ticket price": "3994.00", 
        "airline": "Aeromexico"
    }, 
    {
        "arrival": ", La Paz", 
        "consult date": "10/05/2018", 
        "flight duration": "0 days 6 hours 55 minutes", 
        "plane": "Boeing 737", 
        "departure date": "23/08/2018", 
        "stops": "1", 
        "plane code": "737", 
        "departure": ", Guadalajara", 
        "timings": [
            {
                "arrival_airport": "Ciudad de M\u00e9xico, Distrito Federal (MEX-A. Internacional de la Ciudad de M\u00e9xico)", 
                "arrival_time": "09:10", 
                "departure_airport": "Guadalajara, Jalisco (GDL-Don Miguel Hidalgo y Costilla Intl.)", 
                "departure_time": "07:46"
            }, 
            {
                "arrival_airport": "La Paz, Baja California Sur (LAP-A. Internacional Manuel M\u00e1rquez de Le\u00f3n)", 
                "arrival_time": "13:41", 
                "departure_airport": "Ciudad de M\u00e9xico, Distrito Federal (MEX-A. Internacional de la Ciudad de M\u00e9xico)", 
                "departure_time": "12:00"
            }
        ], 
        "ticket price": "4342.00", 
        "airline": "Aeromexico"
    }, 
    {
        "arrival": ", La Paz", 
        "consult date": "10/05/2018", 
        "flight duration": "0 days 7 hours 2 minutes", 
        "plane": "BOEING 737-800 SCIMITAR WINGLETS", 
        "departure date": "23/08/2018", 
        "stops": "1", 
        "plane code": "7S8", 
        "departure": ", Guadalajara", 
        "timings": [
            {
                "arrival_airport": "Ciudad de M\u00e9xico, Distrito Federal (MEX-A. Internacional de la Ciudad de M\u00e9xico)", 
                "arrival_time": "12:25", 
                "departure_airport": "Guadalajara, Jalisco (GDL-Don Miguel Hidalgo y Costilla Intl.)", 
                "departure_time": "10:59"
            }, 
            {
                "arrival_airport": "La Paz, Baja California Sur (LAP-A. Internacional Manuel M\u00e1rquez de Le\u00f3n)", 
                "arrival_time": "17:01", 
                "departure_airport": "Ciudad de M\u00e9xico, Distrito Federal (MEX-A. Internacional de la Ciudad de M\u00e9xico)", 
                "departure_time": "15:25"
            }
        ], 
        "ticket price": "4342.00", 
        "airline": "Aeromexico"
    }, 
    {
        "arrival": ", La Paz", 
        "consult date": "10/05/2018", 
        "flight duration": "0 days 8 hours 11 minutes", 
        "plane": "BOEING 737-800 SCIMITAR WINGLETS", 
        "departure date": "23/08/2018", 
        "stops": "1", 
        "plane code": "7S8", 
        "departure": ", Guadalajara", 
        "timings": [
            {
                "arrival_airport": "Ciudad de M\u00e9xico, Distrito Federal (MEX-A. Internacional de la Ciudad de M\u00e9xico)", 
                "arrival_time": "11:15", 
                "departure_airport": "Guadalajara, Jalisco (GDL-Don Miguel Hidalgo y Costilla Intl.)", 
                "departure_time": "09:50"
            }, 
            {
                "arrival_airport": "La Paz, Baja California Sur (LAP-A. Internacional Manuel M\u00e1rquez de Le\u00f3n)", 
                "arrival_time": "17:01", 
                "departure_airport": "Ciudad de M\u00e9xico, Distrito Federal (MEX-A. Internacional de la Ciudad de M\u00e9xico)", 
                "departure_time": "15:25"
            }
        ], 
        "ticket price": "4342.00", 
        "airline": "Aeromexico"
    }, 
    {
        "arrival": ", La Paz", 
        "consult date": "10/05/2018", 
        "flight duration": "0 days 5 hours 42 minutes", 
        "plane": "Boeing 737", 
        "departure date": "23/08/2018", 
        "stops": "1", 
        "plane code": "737", 
        "departure": ", Guadalajara", 
        "timings": [
            {
                "arrival_airport": "Ciudad de M\u00e9xico, Distrito Federal (MEX-A. Internacional de la Ciudad de M\u00e9xico)", 
                "arrival_time": "10:25", 
                "departure_airport": "Guadalajara, Jalisco (GDL-Don Miguel Hidalgo y Costilla Intl.)", 
                "departure_time": "08:59"
            }, 
            {
                "arrival_airport": "La Paz, Baja California Sur (LAP-A. Internacional Manuel M\u00e1rquez de Le\u00f3n)", 
                "arrival_time": "13:41", 
                "departure_airport": "Ciudad de M\u00e9xico, Distrito Federal (MEX-A. Internacional de la Ciudad de M\u00e9xico)", 
                "departure_time": "12:00"
            }
        ], 
        "ticket price": "4342.00", 
        "airline": "Aeromexico"
    }, 
    {
        "arrival": ", La Paz", 
        "consult date": "10/05/2018", 
        "flight duration": "0 days 9 hours 2 minutes", 
        "plane": "Boeing 737", 
        "departure date": "23/08/2018", 
        "stops": "1", 
        "plane code": "737", 
        "departure": ", Guadalajara", 
        "timings": [
            {
                "arrival_airport": "Ciudad de M\u00e9xico, Distrito Federal (MEX-A. Internacional de la Ciudad de M\u00e9xico)", 
                "arrival_time": "10:25", 
                "departure_airport": "Guadalajara, Jalisco (GDL-Don Miguel Hidalgo y Costilla Intl.)", 
                "departure_time": "08:59"
            }, 
            {
                "arrival_airport": "La Paz, Baja California Sur (LAP-A. Internacional Manuel M\u00e1rquez de Le\u00f3n)", 
                "arrival_time": "17:01", 
                "departure_airport": "Ciudad de M\u00e9xico, Distrito Federal (MEX-A. Internacional de la Ciudad de M\u00e9xico)", 
                "departure_time": "15:25"
            }
        ], 
        "ticket price": "4806.00", 
        "airline": "Aeromexico"
    }, 
    {
        "arrival": ", La Paz", 
        "consult date": "10/05/2018", 
        "flight duration": "0 days 4 hours 44 minutes", 
        "plane": "Embraer 190", 
        "departure date": "23/08/2018", 
        "stops": "1", 
        "plane code": "E90", 
        "departure": ", Guadalajara", 
        "timings": [
            {
                "arrival_airport": "Ciudad de M\u00e9xico, Distrito Federal (MEX-A. Internacional de la Ciudad de M\u00e9xico)", 
                "arrival_time": "14:40", 
                "departure_airport": "Guadalajara, Jalisco (GDL-Don Miguel Hidalgo y Costilla Intl.)", 
                "departure_time": "13:17"
            }, 
            {
                "arrival_airport": "La Paz, Baja California Sur (LAP-A. Internacional Manuel M\u00e1rquez de Le\u00f3n)", 
                "arrival_time": "17:01", 
                "departure_airport": "Ciudad de M\u00e9xico, Distrito Federal (MEX-A. Internacional de la Ciudad de M\u00e9xico)", 
                "departure_time": "15:25"
            }
        ], 
        "ticket price": "4806.00", 
        "airline": "Aeromexico"
    }, 
    {
        "arrival": ", La Paz", 
        "consult date": "10/05/2018", 
        "flight duration": "0 days 1 hours 20 minutes", 
        "plane": "", 
        "departure date": "23/08/2018", 
        "stops": 0, 
        "plane code": "", 
        "departure": ", Guadalajara", 
        "timings": [
            {
                "arrival_airport": "La Paz, Baja California Sur (LAP-A. Internacional Manuel M\u00e1rquez de Le\u00f3n)", 
                "arrival_time": "12:15", 
                "departure_airport": "Guadalajara, Jalisco (GDL-Don Miguel Hidalgo y Costilla Intl.)", 
                "departure_time": "11:55"
            }
        ], 
        "ticket price": "884.00", 
        "airline": "Interjet"
    }, 
    {
        "arrival": ", La Paz", 
        "consult date": "10/05/2018", 
        "flight duration": "0 days 1 hours 35 minutes", 
        "plane": "", 
        "departure date": "23/08/2018", 
        "stops": 0, 
        "plane code": "", 
        "departure": ", Guadalajara", 
        "timings": [
            {
                "arrival_airport": "La Paz, Baja California Sur (LAP-A. Internacional Manuel M\u00e1rquez de Le\u00f3n)", 
                "arrival_time": "19:25", 
                "departure_airport": "Guadalajara, Jalisco (GDL-Don Miguel Hidalgo y Costilla Intl.)", 
                "departure_time": "18:50"
            }
        ], 
        "ticket price": "959.00", 
        "airline": "Calafia Airlines"
    }
]