[
    {
        "arrival": ", Cozumel", 
        "consult date": "10/05/2018", 
        "flight duration": "0 days 2 hours 48 minutes", 
        "plane": "", 
        "departure date": "08/09/2018", 
        "stops": 0, 
        "plane code": "", 
        "departure": ", Guadalajara", 
        "timings": [
            {
                "arrival_airport": "Cozumel, Quintana Roo (CZM-A. Internacional de Cozumel)", 
                "arrival_time": "12:59", 
                "departure_airport": "Guadalajara, Jalisco (GDL-Don Miguel Hidalgo y Costilla Intl.)", 
                "departure_time": "10:11"
            }
        ], 
        "ticket price": "1932.00", 
        "airline": "Volaris"
    }
]