[
    {
        "arrival": ", San Luis Potos\u00ed", 
        "consult date": "10/05/2018", 
        "flight duration": "0 days 6 hours 57 minutes", 
        "plane": "Boeing 737", 
        "departure date": "19/12/2018", 
        "stops": "1", 
        "plane code": "737", 
        "departure": ", Guadalajara", 
        "timings": [
            {
                "arrival_airport": "Ciudad de M\u00e9xico, Distrito Federal (MEX-A. Internacional de la Ciudad de M\u00e9xico)", 
                "arrival_time": "07:30", 
                "departure_airport": "Guadalajara, Jalisco (GDL-Don Miguel Hidalgo y Costilla Intl.)", 
                "departure_time": "06:04"
            }, 
            {
                "arrival_airport": "San Luis Potos\u00ed, San Luis Potos\u00ed (SLP-A. Internacional Ponciano Arriaga)", 
                "arrival_time": "13:01", 
                "departure_airport": "Ciudad de M\u00e9xico, Distrito Federal (MEX-A. Internacional de la Ciudad de M\u00e9xico)", 
                "departure_time": "11:45"
            }
        ], 
        "ticket price": "11204.00", 
        "airline": "Aeromexico"
    }, 
    {
        "arrival": ", San Luis Potos\u00ed", 
        "consult date": "10/05/2018", 
        "flight duration": "0 days 5 hours 50 minutes", 
        "plane": "BOEING 737-800 SCIMITAR WINGLETS", 
        "departure date": "19/12/2018", 
        "stops": "1", 
        "plane code": "7S8", 
        "departure": ", Guadalajara", 
        "timings": [
            {
                "arrival_airport": "Ciudad de M\u00e9xico, Distrito Federal (MEX-A. Internacional de la Ciudad de M\u00e9xico)", 
                "arrival_time": "11:25", 
                "departure_airport": "Guadalajara, Jalisco (GDL-Don Miguel Hidalgo y Costilla Intl.)", 
                "departure_time": "10:00"
            }, 
            {
                "arrival_airport": "San Luis Potos\u00ed, San Luis Potos\u00ed (SLP-A. Internacional Ponciano Arriaga)", 
                "arrival_time": "15:50", 
                "departure_airport": "Ciudad de M\u00e9xico, Distrito Federal (MEX-A. Internacional de la Ciudad de M\u00e9xico)", 
                "departure_time": "14:35"
            }
        ], 
        "ticket price": "11204.00", 
        "airline": "Aeromexico"
    }, 
    {
        "arrival": ", San Luis Potos\u00ed", 
        "consult date": "10/05/2018", 
        "flight duration": "0 days 5 hours 15 minutes", 
        "plane": "Boeing 737", 
        "departure date": "19/12/2018", 
        "stops": "1", 
        "plane code": "737", 
        "departure": ", Guadalajara", 
        "timings": [
            {
                "arrival_airport": "Ciudad de M\u00e9xico, Distrito Federal (MEX-A. Internacional de la Ciudad de M\u00e9xico)", 
                "arrival_time": "09:10", 
                "departure_airport": "Guadalajara, Jalisco (GDL-Don Miguel Hidalgo y Costilla Intl.)", 
                "departure_time": "07:46"
            }, 
            {
                "arrival_airport": "San Luis Potos\u00ed, San Luis Potos\u00ed (SLP-A. Internacional Ponciano Arriaga)", 
                "arrival_time": "13:01", 
                "departure_airport": "Ciudad de M\u00e9xico, Distrito Federal (MEX-A. Internacional de la Ciudad de M\u00e9xico)", 
                "departure_time": "11:45"
            }
        ], 
        "ticket price": "11204.00", 
        "airline": "Aeromexico"
    }, 
    {
        "arrival": ", San Luis Potos\u00ed", 
        "consult date": "10/05/2018", 
        "flight duration": "0 days 4 hours 2 minutes", 
        "plane": "BOEING 737-800 SCIMITAR WINGLETS", 
        "departure date": "19/12/2018", 
        "stops": "1", 
        "plane code": "7S8", 
        "departure": ", Guadalajara", 
        "timings": [
            {
                "arrival_airport": "Ciudad de M\u00e9xico, Distrito Federal (MEX-A. Internacional de la Ciudad de M\u00e9xico)", 
                "arrival_time": "10:25", 
                "departure_airport": "Guadalajara, Jalisco (GDL-Don Miguel Hidalgo y Costilla Intl.)", 
                "departure_time": "08:59"
            }, 
            {
                "arrival_airport": "San Luis Potos\u00ed, San Luis Potos\u00ed (SLP-A. Internacional Ponciano Arriaga)", 
                "arrival_time": "13:01", 
                "departure_airport": "Ciudad de M\u00e9xico, Distrito Federal (MEX-A. Internacional de la Ciudad de M\u00e9xico)", 
                "departure_time": "11:45"
            }
        ], 
        "ticket price": "11204.00", 
        "airline": "Aeromexico"
    }, 
    {
        "arrival": ", San Luis Potos\u00ed", 
        "consult date": "10/05/2018", 
        "flight duration": "0 days 6 hours 51 minutes", 
        "plane": "BOEING 737-800 SCIMITAR WINGLETS", 
        "departure date": "19/12/2018", 
        "stops": "1", 
        "plane code": "7S8", 
        "departure": ", Guadalajara", 
        "timings": [
            {
                "arrival_airport": "Ciudad de M\u00e9xico, Distrito Federal (MEX-A. Internacional de la Ciudad de M\u00e9xico)", 
                "arrival_time": "10:25", 
                "departure_airport": "Guadalajara, Jalisco (GDL-Don Miguel Hidalgo y Costilla Intl.)", 
                "departure_time": "08:59"
            }, 
            {
                "arrival_airport": "San Luis Potos\u00ed, San Luis Potos\u00ed (SLP-A. Internacional Ponciano Arriaga)", 
                "arrival_time": "15:50", 
                "departure_airport": "Ciudad de M\u00e9xico, Distrito Federal (MEX-A. Internacional de la Ciudad de M\u00e9xico)", 
                "departure_time": "14:35"
            }
        ], 
        "ticket price": "11204.00", 
        "airline": "Aeromexico"
    }, 
    {
        "arrival": ", San Luis Potos\u00ed", 
        "consult date": "10/05/2018", 
        "flight duration": "0 days 6 hours 16 minutes", 
        "plane": "BOEING 737-800 SCIMITAR WINGLETS", 
        "departure date": "19/12/2018", 
        "stops": "1", 
        "plane code": "7S8", 
        "departure": ", Guadalajara", 
        "timings": [
            {
                "arrival_airport": "Ciudad de M\u00e9xico, Distrito Federal (MEX-A. Internacional de la Ciudad de M\u00e9xico)", 
                "arrival_time": "08:10", 
                "departure_airport": "Guadalajara, Jalisco (GDL-Don Miguel Hidalgo y Costilla Intl.)", 
                "departure_time": "06:45"
            }, 
            {
                "arrival_airport": "San Luis Potos\u00ed, San Luis Potos\u00ed (SLP-A. Internacional Ponciano Arriaga)", 
                "arrival_time": "13:01", 
                "departure_airport": "Ciudad de M\u00e9xico, Distrito Federal (MEX-A. Internacional de la Ciudad de M\u00e9xico)", 
                "departure_time": "11:45"
            }
        ], 
        "ticket price": "11204.00", 
        "airline": "Aeromexico"
    }, 
    {
        "arrival": ", San Luis Potos\u00ed", 
        "consult date": "10/05/2018", 
        "flight duration": "0 days 3 hours 44 minutes", 
        "plane": "BOEING 737-800 SCIMITAR WINGLETS", 
        "departure date": "19/12/2018", 
        "stops": "1", 
        "plane code": "7S8", 
        "departure": ", Guadalajara", 
        "timings": [
            {
                "arrival_airport": "Ciudad de M\u00e9xico, Distrito Federal (MEX-A. Internacional de la Ciudad de M\u00e9xico)", 
                "arrival_time": "16:30", 
                "departure_airport": "Guadalajara, Jalisco (GDL-Don Miguel Hidalgo y Costilla Intl.)", 
                "departure_time": "15:03"
            }, 
            {
                "arrival_airport": "San Luis Potos\u00ed, San Luis Potos\u00ed (SLP-A. Internacional Ponciano Arriaga)", 
                "arrival_time": "18:47", 
                "departure_airport": "Ciudad de M\u00e9xico, Distrito Federal (MEX-A. Internacional de la Ciudad de M\u00e9xico)", 
                "departure_time": "17:35"
            }
        ], 
        "ticket price": "11204.00", 
        "airline": "Aeromexico"
    }, 
    {
        "arrival": ", San Luis Potos\u00ed", 
        "consult date": "10/05/2018", 
        "flight duration": "0 days 4 hours 51 minutes", 
        "plane": "Boeing 737", 
        "departure date": "19/12/2018", 
        "stops": "1", 
        "plane code": "737", 
        "departure": ", Guadalajara", 
        "timings": [
            {
                "arrival_airport": "Ciudad de M\u00e9xico, Distrito Federal (MEX-A. Internacional de la Ciudad de M\u00e9xico)", 
                "arrival_time": "12:25", 
                "departure_airport": "Guadalajara, Jalisco (GDL-Don Miguel Hidalgo y Costilla Intl.)", 
                "departure_time": "10:59"
            }, 
            {
                "arrival_airport": "San Luis Potos\u00ed, San Luis Potos\u00ed (SLP-A. Internacional Ponciano Arriaga)", 
                "arrival_time": "15:50", 
                "departure_airport": "Ciudad de M\u00e9xico, Distrito Federal (MEX-A. Internacional de la Ciudad de M\u00e9xico)", 
                "departure_time": "14:35"
            }
        ], 
        "ticket price": "11204.00", 
        "airline": "Aeromexico"
    }, 
    {
        "arrival": ", San Luis Potos\u00ed", 
        "consult date": "10/05/2018", 
        "flight duration": "0 days 5 hours 30 minutes", 
        "plane": "EMBRAER 170", 
        "departure date": "19/12/2018", 
        "stops": "1", 
        "plane code": "E70", 
        "departure": ", Guadalajara", 
        "timings": [
            {
                "arrival_airport": "Ciudad de M\u00e9xico, Distrito Federal (MEX-A. Internacional de la Ciudad de M\u00e9xico)", 
                "arrival_time": "14:40", 
                "departure_airport": "Guadalajara, Jalisco (GDL-Don Miguel Hidalgo y Costilla Intl.)", 
                "departure_time": "13:17"
            }, 
            {
                "arrival_airport": "San Luis Potos\u00ed, San Luis Potos\u00ed (SLP-A. Internacional Ponciano Arriaga)", 
                "arrival_time": "18:47", 
                "departure_airport": "Ciudad de M\u00e9xico, Distrito Federal (MEX-A. Internacional de la Ciudad de M\u00e9xico)", 
                "departure_time": "17:35"
            }
        ], 
        "ticket price": "11204.00", 
        "airline": "Aeromexico"
    }, 
    {
        "arrival": ", San Luis Potos\u00ed", 
        "consult date": "10/05/2018", 
        "flight duration": "0 days 4 hours 32 minutes", 
        "plane": "Embraer 190", 
        "departure date": "19/12/2018", 
        "stops": "1", 
        "plane code": "E90", 
        "departure": ", Guadalajara", 
        "timings": [
            {
                "arrival_airport": "Ciudad de M\u00e9xico, Distrito Federal (MEX-A. Internacional de la Ciudad de M\u00e9xico)", 
                "arrival_time": "15:35", 
                "departure_airport": "Guadalajara, Jalisco (GDL-Don Miguel Hidalgo y Costilla Intl.)", 
                "departure_time": "14:15"
            }, 
            {
                "arrival_airport": "San Luis Potos\u00ed, San Luis Potos\u00ed (SLP-A. Internacional Ponciano Arriaga)", 
                "arrival_time": "18:47", 
                "departure_airport": "Ciudad de M\u00e9xico, Distrito Federal (MEX-A. Internacional de la Ciudad de M\u00e9xico)", 
                "departure_time": "17:35"
            }
        ], 
        "ticket price": "11204.00", 
        "airline": "Aeromexico"
    }, 
    {
        "arrival": ", San Luis Potos\u00ed", 
        "consult date": "10/05/2018", 
        "flight duration": "0 days 7 hours 44 minutes", 
        "plane": "", 
        "departure date": "19/12/2018", 
        "stops": "1", 
        "plane code": "", 
        "departure": ", Guadalajara", 
        "timings": [
            {
                "arrival_airport": "Canc\u00fan, Quintana Roo (CUN-Aeropuerto Internacional de Canc\u00fan)", 
                "arrival_time": "09:00", 
                "departure_airport": "Guadalajara, Jalisco (GDL-Don Miguel Hidalgo y Costilla Intl.)", 
                "departure_time": "06:10"
            }, 
            {
                "arrival_airport": "San Luis Potos\u00ed, San Luis Potos\u00ed (SLP-A. Internacional Ponciano Arriaga)", 
                "arrival_time": "13:54", 
                "departure_airport": "Canc\u00fan, Quintana Roo (CUN-Aeropuerto Internacional de Canc\u00fan)", 
                "departure_time": "11:27"
            }
        ], 
        "ticket price": "11282.00", 
        "airline": "Volaris"
    }, 
    {
        "arrival": ", San Luis Potos\u00ed", 
        "consult date": "10/05/2018", 
        "flight duration": "0 days 7 hours 40 minutes", 
        "plane": "EMBRAER 170", 
        "departure date": "19/12/2018", 
        "stops": "1", 
        "plane code": "E70", 
        "departure": ", Guadalajara", 
        "timings": [
            {
                "arrival_airport": "Monterrey, Nuevo Le\u00f3n (MTY-A. Internacional General Mariano Escobedo)", 
                "arrival_time": "17:09", 
                "departure_airport": "Guadalajara, Jalisco (GDL-Don Miguel Hidalgo y Costilla Intl.)", 
                "departure_time": "15:38"
            }, 
            {
                "arrival_airport": "San Luis Potos\u00ed, San Luis Potos\u00ed (SLP-A. Internacional Ponciano Arriaga)", 
                "arrival_time": "23:18", 
                "departure_airport": "Monterrey, Nuevo Le\u00f3n (MTY-A. Internacional General Mariano Escobedo)", 
                "departure_time": "22:07"
            }
        ], 
        "ticket price": "4612.00", 
        "airline": "Aeromexico"
    }, 
    {
        "arrival": ", San Luis Potos\u00ed", 
        "consult date": "10/05/2018", 
        "flight duration": "0 days 10 hours 30 minutes", 
        "plane": "", 
        "departure date": "19/12/2018", 
        "stops": "1", 
        "plane code": "", 
        "departure": ", Guadalajara", 
        "timings": [
            {
                "arrival_airport": "Ciudad de M\u00e9xico, Distrito Federal (MEX-A. Internacional de la Ciudad de M\u00e9xico)", 
                "arrival_time": "16:25", 
                "departure_airport": "Guadalajara, Jalisco (GDL-Don Miguel Hidalgo y Costilla Intl.)", 
                "departure_time": "15:05"
            }, 
            {
                "arrival_airport": "San Luis Potos\u00ed, San Luis Potos\u00ed (SLP-A. Internacional Ponciano Arriaga)", 
                "arrival_time": "01:35", 
                "departure_airport": "Ciudad de M\u00e9xico, Distrito Federal (MEX-A. Internacional de la Ciudad de M\u00e9xico)", 
                "departure_time": "00:20"
            }
        ], 
        "ticket price": "4855.46", 
        "airline": "Interjet"
    }, 
    {
        "arrival": ", San Luis Potos\u00ed", 
        "consult date": "10/05/2018", 
        "flight duration": "0 days 4 hours 35 minutes", 
        "plane": "", 
        "departure date": "19/12/2018", 
        "stops": "1", 
        "plane code": "", 
        "departure": ", Guadalajara", 
        "timings": [
            {
                "arrival_airport": "Ciudad de M\u00e9xico, Distrito Federal (MEX-A. Internacional de la Ciudad de M\u00e9xico)", 
                "arrival_time": "22:20", 
                "departure_airport": "Guadalajara, Jalisco (GDL-Don Miguel Hidalgo y Costilla Intl.)", 
                "departure_time": "21:00"
            }, 
            {
                "arrival_airport": "San Luis Potos\u00ed, San Luis Potos\u00ed (SLP-A. Internacional Ponciano Arriaga)", 
                "arrival_time": "01:35", 
                "departure_airport": "Ciudad de M\u00e9xico, Distrito Federal (MEX-A. Internacional de la Ciudad de M\u00e9xico)", 
                "departure_time": "00:20"
            }
        ], 
        "ticket price": "4855.46", 
        "airline": "Interjet"
    }, 
    {
        "arrival": ", San Luis Potos\u00ed", 
        "consult date": "10/05/2018", 
        "flight duration": "0 days 6 hours 45 minutes", 
        "plane": "", 
        "departure date": "19/12/2018", 
        "stops": "1", 
        "plane code": "", 
        "departure": ", Guadalajara", 
        "timings": [
            {
                "arrival_airport": "Ciudad de M\u00e9xico, Distrito Federal (MEX-A. Internacional de la Ciudad de M\u00e9xico)", 
                "arrival_time": "20:10", 
                "departure_airport": "Guadalajara, Jalisco (GDL-Don Miguel Hidalgo y Costilla Intl.)", 
                "departure_time": "18:50"
            }, 
            {
                "arrival_airport": "San Luis Potos\u00ed, San Luis Potos\u00ed (SLP-A. Internacional Ponciano Arriaga)", 
                "arrival_time": "01:35", 
                "departure_airport": "Ciudad de M\u00e9xico, Distrito Federal (MEX-A. Internacional de la Ciudad de M\u00e9xico)", 
                "departure_time": "00:20"
            }
        ], 
        "ticket price": "5332.54", 
        "airline": "Interjet"
    }, 
    {
        "arrival": ", San Luis Potos\u00ed", 
        "consult date": "10/05/2018", 
        "flight duration": "0 days 11 hours 20 minutes", 
        "plane": "", 
        "departure date": "19/12/2018", 
        "stops": "1", 
        "plane code": "", 
        "departure": ", Guadalajara", 
        "timings": [
            {
                "arrival_airport": "Ciudad de M\u00e9xico, Distrito Federal (MEX-A. Internacional de la Ciudad de M\u00e9xico)", 
                "arrival_time": "15:30", 
                "departure_airport": "Guadalajara, Jalisco (GDL-Don Miguel Hidalgo y Costilla Intl.)", 
                "departure_time": "14:15"
            }, 
            {
                "arrival_airport": "San Luis Potos\u00ed, San Luis Potos\u00ed (SLP-A. Internacional Ponciano Arriaga)", 
                "arrival_time": "01:35", 
                "departure_airport": "Ciudad de M\u00e9xico, Distrito Federal (MEX-A. Internacional de la Ciudad de M\u00e9xico)", 
                "departure_time": "00:20"
            }
        ], 
        "ticket price": "5332.54", 
        "airline": "Interjet"
    }, 
    {
        "arrival": ", San Luis Potos\u00ed", 
        "consult date": "10/05/2018", 
        "flight duration": "0 days 6 hours 5 minutes", 
        "plane": "", 
        "departure date": "19/12/2018", 
        "stops": "1", 
        "plane code": "", 
        "departure": ", Guadalajara", 
        "timings": [
            {
                "arrival_airport": "Ciudad de M\u00e9xico, Distrito Federal (MEX-A. Internacional de la Ciudad de M\u00e9xico)", 
                "arrival_time": "20:50", 
                "departure_airport": "Guadalajara, Jalisco (GDL-Don Miguel Hidalgo y Costilla Intl.)", 
                "departure_time": "19:30"
            }, 
            {
                "arrival_airport": "San Luis Potos\u00ed, San Luis Potos\u00ed (SLP-A. Internacional Ponciano Arriaga)", 
                "arrival_time": "01:35", 
                "departure_airport": "Ciudad de M\u00e9xico, Distrito Federal (MEX-A. Internacional de la Ciudad de M\u00e9xico)", 
                "departure_time": "00:20"
            }
        ], 
        "ticket price": "5332.54", 
        "airline": "Interjet"
    }, 
    {
        "arrival": ", San Luis Potos\u00ed", 
        "consult date": "10/05/2018", 
        "flight duration": "0 days 8 hours 50 minutes", 
        "plane": "", 
        "departure date": "19/12/2018", 
        "stops": "1", 
        "plane code": "", 
        "departure": ", Guadalajara", 
        "timings": [
            {
                "arrival_airport": "Ciudad de M\u00e9xico, Distrito Federal (MEX-A. Internacional de la Ciudad de M\u00e9xico)", 
                "arrival_time": "18:05", 
                "departure_airport": "Guadalajara, Jalisco (GDL-Don Miguel Hidalgo y Costilla Intl.)", 
                "departure_time": "16:45"
            }, 
            {
                "arrival_airport": "San Luis Potos\u00ed, San Luis Potos\u00ed (SLP-A. Internacional Ponciano Arriaga)", 
                "arrival_time": "01:35", 
                "departure_airport": "Ciudad de M\u00e9xico, Distrito Federal (MEX-A. Internacional de la Ciudad de M\u00e9xico)", 
                "departure_time": "00:20"
            }
        ], 
        "ticket price": "6090.84", 
        "airline": "Interjet"
    }, 
    {
        "arrival": ", San Luis Potos\u00ed", 
        "consult date": "10/05/2018", 
        "flight duration": "0 days 14 hours 20 minutes", 
        "plane": "", 
        "departure date": "19/12/2018", 
        "stops": "1", 
        "plane code": "", 
        "departure": ", Guadalajara", 
        "timings": [
            {
                "arrival_airport": "Ciudad de M\u00e9xico, Distrito Federal (MEX-A. Internacional de la Ciudad de M\u00e9xico)", 
                "arrival_time": "12:35", 
                "departure_airport": "Guadalajara, Jalisco (GDL-Don Miguel Hidalgo y Costilla Intl.)", 
                "departure_time": "11:15"
            }, 
            {
                "arrival_airport": "San Luis Potos\u00ed, San Luis Potos\u00ed (SLP-A. Internacional Ponciano Arriaga)", 
                "arrival_time": "01:35", 
                "departure_airport": "Ciudad de M\u00e9xico, Distrito Federal (MEX-A. Internacional de la Ciudad de M\u00e9xico)", 
                "departure_time": "00:20"
            }
        ], 
        "ticket price": "6583.12", 
        "airline": "Interjet"
    }, 
    {
        "arrival": ", San Luis Potos\u00ed", 
        "consult date": "10/05/2018", 
        "flight duration": "0 days 4 hours 17 minutes", 
        "plane": "BOEING 737-800 SCIMITAR WINGLETS", 
        "departure date": "19/12/2018", 
        "stops": "1", 
        "plane code": "7S8", 
        "departure": ", Guadalajara", 
        "timings": [
            {
                "arrival_airport": "Ciudad de M\u00e9xico, Distrito Federal (MEX-A. Internacional de la Ciudad de M\u00e9xico)", 
                "arrival_time": "16:30", 
                "departure_airport": "Guadalajara, Jalisco (GDL-Don Miguel Hidalgo y Costilla Intl.)", 
                "departure_time": "15:03"
            }, 
            {
                "arrival_airport": "San Luis Potos\u00ed, San Luis Potos\u00ed (SLP-A. Internacional Ponciano Arriaga)", 
                "arrival_time": "19:20", 
                "departure_airport": "Ciudad de M\u00e9xico, Distrito Federal (MEX-A. Internacional de la Ciudad de M\u00e9xico)", 
                "departure_time": "17:55"
            }
        ], 
        "ticket price": "6810.00", 
        "airline": ""
    }, 
    {
        "arrival": ", San Luis Potos\u00ed", 
        "consult date": "10/05/2018", 
        "flight duration": "0 days 5 hours 5 minutes", 
        "plane": "Embraer 190", 
        "departure date": "19/12/2018", 
        "stops": "1", 
        "plane code": "E90", 
        "departure": ", Guadalajara", 
        "timings": [
            {
                "arrival_airport": "Ciudad de M\u00e9xico, Distrito Federal (MEX-A. Internacional de la Ciudad de M\u00e9xico)", 
                "arrival_time": "15:35", 
                "departure_airport": "Guadalajara, Jalisco (GDL-Don Miguel Hidalgo y Costilla Intl.)", 
                "departure_time": "14:15"
            }, 
            {
                "arrival_airport": "San Luis Potos\u00ed, San Luis Potos\u00ed (SLP-A. Internacional Ponciano Arriaga)", 
                "arrival_time": "19:20", 
                "departure_airport": "Ciudad de M\u00e9xico, Distrito Federal (MEX-A. Internacional de la Ciudad de M\u00e9xico)", 
                "departure_time": "17:55"
            }
        ], 
        "ticket price": "6810.00", 
        "airline": "Aerolitoral DBA Aeromexico Connect"
    }, 
    {
        "arrival": ", San Luis Potos\u00ed", 
        "consult date": "10/05/2018", 
        "flight duration": "0 days 3 hours 55 minutes", 
        "plane": "ATR 42", 
        "departure date": "19/12/2018", 
        "stops": "1", 
        "plane code": "ATR", 
        "departure": ", Guadalajara", 
        "timings": [
            {
                "arrival_airport": "Ciudad de M\u00e9xico, Distrito Federal (MEX-A. Internacional de la Ciudad de M\u00e9xico)", 
                "arrival_time": "12:05", 
                "departure_airport": "Guadalajara, Jalisco (GDL-Don Miguel Hidalgo y Costilla Intl.)", 
                "departure_time": "10:25"
            }, 
            {
                "arrival_airport": "San Luis Potos\u00ed, San Luis Potos\u00ed (SLP-A. Internacional Ponciano Arriaga)", 
                "arrival_time": "14:20", 
                "departure_airport": "Ciudad de M\u00e9xico, Distrito Federal (MEX-A. Internacional de la Ciudad de M\u00e9xico)", 
                "departure_time": "13:00"
            }
        ], 
        "ticket price": "7644.00", 
        "airline": "Aeromar Airlines"
    }
]