[
    {
        "arrival": ", Hermosillo", 
        "consult date": "10/05/2018", 
        "flight duration": "0 days 2 hours 5 minutes", 
        "plane": "", 
        "departure date": "16/06/2018", 
        "stops": 0, 
        "plane code": "", 
        "departure": ", Guadalajara", 
        "timings": [
            {
                "arrival_airport": "Hermosillo, Sonora (HMO-A. Internacional General Ignacio Pesqueira Garc\u00eda)", 
                "arrival_time": "18:20", 
                "departure_airport": "Guadalajara, Jalisco (GDL-Don Miguel Hidalgo y Costilla Intl.)", 
                "departure_time": "18:15"
            }
        ], 
        "ticket price": "1127.52", 
        "airline": "Interjet"
    }, 
    {
        "arrival": ", Hermosillo", 
        "consult date": "10/05/2018", 
        "flight duration": "0 days 2 hours 21 minutes", 
        "plane": "", 
        "departure date": "16/06/2018", 
        "stops": 0, 
        "plane code": "", 
        "departure": ", Guadalajara", 
        "timings": [
            {
                "arrival_airport": "Hermosillo, Sonora (HMO-A. Internacional General Ignacio Pesqueira Garc\u00eda)", 
                "arrival_time": "12:10", 
                "departure_airport": "Guadalajara, Jalisco (GDL-Don Miguel Hidalgo y Costilla Intl.)", 
                "departure_time": "11:49"
            }
        ], 
        "ticket price": "1178.00", 
        "airline": "Volaris"
    }, 
    {
        "arrival": ", Hermosillo", 
        "consult date": "10/05/2018", 
        "flight duration": "0 days 2 hours 21 minutes", 
        "plane": "", 
        "departure date": "16/06/2018", 
        "stops": 0, 
        "plane code": "", 
        "departure": ", Guadalajara", 
        "timings": [
            {
                "arrival_airport": "Hermosillo, Sonora (HMO-A. Internacional General Ignacio Pesqueira Garc\u00eda)", 
                "arrival_time": "07:06", 
                "departure_airport": "Guadalajara, Jalisco (GDL-Don Miguel Hidalgo y Costilla Intl.)", 
                "departure_time": "06:45"
            }
        ], 
        "ticket price": "1178.00", 
        "airline": "Volaris"
    }, 
    {
        "arrival": ", Hermosillo", 
        "consult date": "10/05/2018", 
        "flight duration": "0 days 12 hours 52 minutes", 
        "plane": "Boeing 737-800", 
        "departure date": "16/06/2018", 
        "stops": "2", 
        "plane code": "738", 
        "departure": ", Guadalajara", 
        "timings": [
            {
                "arrival_airport": "Tijuana, Baja California Norte (TIJ-A. Internacional General Abelardo L. Rodr\u00edguez)", 
                "arrival_time": "22:33", 
                "departure_airport": "Guadalajara, Jalisco (GDL-Don Miguel Hidalgo y Costilla Intl.)", 
                "departure_time": "21:30"
            }, 
            {
                "arrival_airport": "Monterrey, Nuevo Le\u00f3n (MTY-A. Internacional General Mariano Escobedo)", 
                "arrival_time": "06:10", 
                "departure_airport": "Tijuana, Baja California Norte (TIJ-A. Internacional General Abelardo L. Rodr\u00edguez)", 
                "departure_time": "01:15"
            }, 
            {
                "arrival_airport": "Hermosillo, Sonora (HMO-A. Internacional General Ignacio Pesqueira Garc\u00eda)", 
                "arrival_time": "08:22", 
                "departure_airport": "Monterrey, Nuevo Le\u00f3n (MTY-A. Internacional General Mariano Escobedo)", 
                "departure_time": "08:21"
            }
        ], 
        "ticket price": "12523.00", 
        "airline": "Aeromexico"
    }, 
    {
        "arrival": ", Hermosillo", 
        "consult date": "10/05/2018", 
        "flight duration": "0 days 11 hours 52 minutes", 
        "plane": "BOEING 737-800 SCIMITAR WINGLETS", 
        "departure date": "16/06/2018", 
        "stops": "2", 
        "plane code": "7S8", 
        "departure": ", Guadalajara", 
        "timings": [
            {
                "arrival_airport": "Tijuana, Baja California Norte (TIJ-A. Internacional General Abelardo L. Rodr\u00edguez)", 
                "arrival_time": "23:28", 
                "departure_airport": "Guadalajara, Jalisco (GDL-Don Miguel Hidalgo y Costilla Intl.)", 
                "departure_time": "22:30"
            }, 
            {
                "arrival_airport": "Monterrey, Nuevo Le\u00f3n (MTY-A. Internacional General Mariano Escobedo)", 
                "arrival_time": "06:10", 
                "departure_airport": "Tijuana, Baja California Norte (TIJ-A. Internacional General Abelardo L. Rodr\u00edguez)", 
                "departure_time": "01:15"
            }, 
            {
                "arrival_airport": "Hermosillo, Sonora (HMO-A. Internacional General Ignacio Pesqueira Garc\u00eda)", 
                "arrival_time": "08:22", 
                "departure_airport": "Monterrey, Nuevo Le\u00f3n (MTY-A. Internacional General Mariano Escobedo)", 
                "departure_time": "08:21"
            }
        ], 
        "ticket price": "12523.00", 
        "airline": "Aeromexico"
    }, 
    {
        "arrival": ", Hermosillo", 
        "consult date": "10/05/2018", 
        "flight duration": "0 days 4 hours 21 minutes", 
        "plane": "Embraer 190", 
        "departure date": "16/06/2018", 
        "stops": "1", 
        "plane code": "E90", 
        "departure": ", Guadalajara", 
        "timings": [
            {
                "arrival_airport": "Monterrey, Nuevo Le\u00f3n (MTY-A. Internacional General Mariano Escobedo)", 
                "arrival_time": "07:41", 
                "departure_airport": "Guadalajara, Jalisco (GDL-Don Miguel Hidalgo y Costilla Intl.)", 
                "departure_time": "06:01"
            }, 
            {
                "arrival_airport": "Hermosillo, Sonora (HMO-A. Internacional General Ignacio Pesqueira Garc\u00eda)", 
                "arrival_time": "08:22", 
                "departure_airport": "Monterrey, Nuevo Le\u00f3n (MTY-A. Internacional General Mariano Escobedo)", 
                "departure_time": "08:21"
            }
        ], 
        "ticket price": "1563.00", 
        "airline": "Aeromexico"
    }, 
    {
        "arrival": ", Hermosillo", 
        "consult date": "10/05/2018", 
        "flight duration": "0 days 2 hours 21 minutes", 
        "plane": "", 
        "departure date": "16/06/2018", 
        "stops": 0, 
        "plane code": "", 
        "departure": ", Guadalajara", 
        "timings": [
            {
                "arrival_airport": "Hermosillo, Sonora (HMO-A. Internacional General Ignacio Pesqueira Garc\u00eda)", 
                "arrival_time": "18:27", 
                "departure_airport": "Guadalajara, Jalisco (GDL-Don Miguel Hidalgo y Costilla Intl.)", 
                "departure_time": "18:06"
            }
        ], 
        "ticket price": "1672.00", 
        "airline": "Volaris"
    }, 
    {
        "arrival": ", Hermosillo", 
        "consult date": "10/05/2018", 
        "flight duration": "0 days 8 hours 41 minutes", 
        "plane": "BOEING 737-800 SCIMITAR WINGLETS", 
        "departure date": "16/06/2018", 
        "stops": "1", 
        "plane code": "7S8", 
        "departure": ", Guadalajara", 
        "timings": [
            {
                "arrival_airport": "Ciudad de M\u00e9xico, Distrito Federal (MEX-A. Internacional de la Ciudad de M\u00e9xico)", 
                "arrival_time": "07:30", 
                "departure_airport": "Guadalajara, Jalisco (GDL-Don Miguel Hidalgo y Costilla Intl.)", 
                "departure_time": "06:04"
            }, 
            {
                "arrival_airport": "Hermosillo, Sonora (HMO-A. Internacional General Ignacio Pesqueira Garc\u00eda)", 
                "arrival_time": "12:45", 
                "departure_airport": "Ciudad de M\u00e9xico, Distrito Federal (MEX-A. Internacional de la Ciudad de M\u00e9xico)", 
                "departure_time": "12:00"
            }
        ], 
        "ticket price": "1790.00", 
        "airline": "Aeromexico"
    }, 
    {
        "arrival": ", Hermosillo", 
        "consult date": "10/05/2018", 
        "flight duration": "0 days 7 hours 56 minutes", 
        "plane": "BOEING 737-800 SCIMITAR WINGLETS", 
        "departure date": "16/06/2018", 
        "stops": "1", 
        "plane code": "7S8", 
        "departure": ", Guadalajara", 
        "timings": [
            {
                "arrival_airport": "Ciudad de M\u00e9xico, Distrito Federal (MEX-A. Internacional de la Ciudad de M\u00e9xico)", 
                "arrival_time": "08:15", 
                "departure_airport": "Guadalajara, Jalisco (GDL-Don Miguel Hidalgo y Costilla Intl.)", 
                "departure_time": "06:49"
            }, 
            {
                "arrival_airport": "Hermosillo, Sonora (HMO-A. Internacional General Ignacio Pesqueira Garc\u00eda)", 
                "arrival_time": "12:45", 
                "departure_airport": "Ciudad de M\u00e9xico, Distrito Federal (MEX-A. Internacional de la Ciudad de M\u00e9xico)", 
                "departure_time": "12:00"
            }
        ], 
        "ticket price": "2370.00", 
        "airline": "Aeromexico"
    }, 
    {
        "arrival": ", Hermosillo", 
        "consult date": "10/05/2018", 
        "flight duration": "0 days 5 hours 38 minutes", 
        "plane": "Boeing 737", 
        "departure date": "16/06/2018", 
        "stops": "1", 
        "plane code": "737", 
        "departure": ", Guadalajara", 
        "timings": [
            {
                "arrival_airport": "Ciudad de M\u00e9xico, Distrito Federal (MEX-A. Internacional de la Ciudad de M\u00e9xico)", 
                "arrival_time": "20:19", 
                "departure_airport": "Guadalajara, Jalisco (GDL-Don Miguel Hidalgo y Costilla Intl.)", 
                "departure_time": "18:51"
            }, 
            {
                "arrival_airport": "Hermosillo, Sonora (HMO-A. Internacional General Ignacio Pesqueira Garc\u00eda)", 
                "arrival_time": "22:29", 
                "departure_airport": "Ciudad de M\u00e9xico, Distrito Federal (MEX-A. Internacional de la Ciudad de M\u00e9xico)", 
                "departure_time": "21:45"
            }
        ], 
        "ticket price": "2370.00", 
        "airline": "Aeromexico"
    }, 
    {
        "arrival": ", Hermosillo", 
        "consult date": "10/05/2018", 
        "flight duration": "0 days 4 hours 59 minutes", 
        "plane": "Embraer 190", 
        "departure date": "16/06/2018", 
        "stops": "1", 
        "plane code": "E90", 
        "departure": ", Guadalajara", 
        "timings": [
            {
                "arrival_airport": "Ciudad de M\u00e9xico, Distrito Federal (MEX-A. Internacional de la Ciudad de M\u00e9xico)", 
                "arrival_time": "21:00", 
                "departure_airport": "Guadalajara, Jalisco (GDL-Don Miguel Hidalgo y Costilla Intl.)", 
                "departure_time": "19:30"
            }, 
            {
                "arrival_airport": "Hermosillo, Sonora (HMO-A. Internacional General Ignacio Pesqueira Garc\u00eda)", 
                "arrival_time": "22:29", 
                "departure_airport": "Ciudad de M\u00e9xico, Distrito Federal (MEX-A. Internacional de la Ciudad de M\u00e9xico)", 
                "departure_time": "21:45"
            }
        ], 
        "ticket price": "2370.00", 
        "airline": "Aeromexico"
    }, 
    {
        "arrival": ", Hermosillo", 
        "consult date": "10/05/2018", 
        "flight duration": "0 days 7 hours 32 minutes", 
        "plane": "BOEING 737-800 SCIMITAR WINGLETS", 
        "departure date": "16/06/2018", 
        "stops": "1", 
        "plane code": "7S8", 
        "departure": ", Guadalajara", 
        "timings": [
            {
                "arrival_airport": "Ciudad de M\u00e9xico, Distrito Federal (MEX-A. Internacional de la Ciudad de M\u00e9xico)", 
                "arrival_time": "18:15", 
                "departure_airport": "Guadalajara, Jalisco (GDL-Don Miguel Hidalgo y Costilla Intl.)", 
                "departure_time": "16:57"
            }, 
            {
                "arrival_airport": "Hermosillo, Sonora (HMO-A. Internacional General Ignacio Pesqueira Garc\u00eda)", 
                "arrival_time": "22:29", 
                "departure_airport": "Ciudad de M\u00e9xico, Distrito Federal (MEX-A. Internacional de la Ciudad de M\u00e9xico)", 
                "departure_time": "21:45"
            }
        ], 
        "ticket price": "2370.00", 
        "airline": "Aeromexico"
    }, 
    {
        "arrival": ", Hermosillo", 
        "consult date": "10/05/2018", 
        "flight duration": "0 days 6 hours 53 minutes", 
        "plane": "", 
        "departure date": "16/06/2018", 
        "stops": "1", 
        "plane code": "", 
        "departure": ", Guadalajara", 
        "timings": [
            {
                "arrival_airport": "Tijuana, Baja California Norte (TIJ-A. Internacional General Abelardo L. Rodr\u00edguez)", 
                "arrival_time": "06:08", 
                "departure_airport": "Guadalajara, Jalisco (GDL-Don Miguel Hidalgo y Costilla Intl.)", 
                "departure_time": "05:00"
            }, 
            {
                "arrival_airport": "Hermosillo, Sonora (HMO-A. Internacional General Ignacio Pesqueira Garc\u00eda)", 
                "arrival_time": "09:53", 
                "departure_airport": "Tijuana, Baja California Norte (TIJ-A. Internacional General Abelardo L. Rodr\u00edguez)", 
                "departure_time": "08:19"
            }
        ], 
        "ticket price": "2521.00", 
        "airline": "Volaris"
    }, 
    {
        "arrival": ", Hermosillo", 
        "consult date": "10/05/2018", 
        "flight duration": "0 days 5 hours 25 minutes", 
        "plane": "", 
        "departure date": "16/06/2018", 
        "stops": "1", 
        "plane code": "", 
        "departure": ", Guadalajara", 
        "timings": [
            {
                "arrival_airport": "Ciudad de M\u00e9xico, Distrito Federal (MEX-A. Internacional de la Ciudad de M\u00e9xico)", 
                "arrival_time": "09:10", 
                "departure_airport": "Guadalajara, Jalisco (GDL-Don Miguel Hidalgo y Costilla Intl.)", 
                "departure_time": "07:50"
            }, 
            {
                "arrival_airport": "Hermosillo, Sonora (HMO-A. Internacional General Ignacio Pesqueira Garc\u00eda)", 
                "arrival_time": "11:15", 
                "departure_airport": "Ciudad de M\u00e9xico, Distrito Federal (MEX-A. Internacional de la Ciudad de M\u00e9xico)", 
                "departure_time": "10:30"
            }
        ], 
        "ticket price": "2691.05", 
        "airline": "Interjet"
    }, 
    {
        "arrival": ", Hermosillo", 
        "consult date": "10/05/2018", 
        "flight duration": "0 days 7 hours 53 minutes", 
        "plane": "", 
        "departure date": "16/06/2018", 
        "stops": "1", 
        "plane code": "", 
        "departure": ", Guadalajara", 
        "timings": [
            {
                "arrival_airport": "Tijuana, Baja California Norte (TIJ-A. Internacional General Abelardo L. Rodr\u00edguez)", 
                "arrival_time": "16:26", 
                "departure_airport": "Guadalajara, Jalisco (GDL-Don Miguel Hidalgo y Costilla Intl.)", 
                "departure_time": "15:18"
            }, 
            {
                "arrival_airport": "Hermosillo, Sonora (HMO-A. Internacional General Ignacio Pesqueira Garc\u00eda)", 
                "arrival_time": "21:11", 
                "departure_airport": "Tijuana, Baja California Norte (TIJ-A. Internacional General Abelardo L. Rodr\u00edguez)", 
                "departure_time": "19:37"
            }
        ], 
        "ticket price": "2822.00", 
        "airline": "Volaris"
    }, 
    {
        "arrival": ", Hermosillo", 
        "consult date": "10/05/2018", 
        "flight duration": "0 days 6 hours 58 minutes", 
        "plane": "Boeing 737", 
        "departure date": "16/06/2018", 
        "stops": "1", 
        "plane code": "737", 
        "departure": ", Guadalajara", 
        "timings": [
            {
                "arrival_airport": "Ciudad de M\u00e9xico, Distrito Federal (MEX-A. Internacional de la Ciudad de M\u00e9xico)", 
                "arrival_time": "09:15", 
                "departure_airport": "Guadalajara, Jalisco (GDL-Don Miguel Hidalgo y Costilla Intl.)", 
                "departure_time": "07:47"
            }, 
            {
                "arrival_airport": "Hermosillo, Sonora (HMO-A. Internacional General Ignacio Pesqueira Garc\u00eda)", 
                "arrival_time": "12:45", 
                "departure_airport": "Ciudad de M\u00e9xico, Distrito Federal (MEX-A. Internacional de la Ciudad de M\u00e9xico)", 
                "departure_time": "12:00"
            }
        ], 
        "ticket price": "2950.00", 
        "airline": "Aeromexico"
    }, 
    {
        "arrival": ", Hermosillo", 
        "consult date": "10/05/2018", 
        "flight duration": "0 days 9 hours 26 minutes", 
        "plane": "", 
        "departure date": "16/06/2018", 
        "stops": "1", 
        "plane code": "", 
        "departure": ", Guadalajara", 
        "timings": [
            {
                "arrival_airport": "Ciudad de M\u00e9xico, Distrito Federal (MEX-A. Internacional de la Ciudad de M\u00e9xico)", 
                "arrival_time": "00:29", 
                "departure_airport": "Guadalajara, Jalisco (GDL-Don Miguel Hidalgo y Costilla Intl.)", 
                "departure_time": "22:59"
            }, 
            {
                "arrival_airport": "Hermosillo, Sonora (HMO-A. Internacional General Ignacio Pesqueira Garc\u00eda)", 
                "arrival_time": "06:25", 
                "departure_airport": "Ciudad de M\u00e9xico, Distrito Federal (MEX-A. Internacional de la Ciudad de M\u00e9xico)", 
                "departure_time": "05:30"
            }
        ], 
        "ticket price": "3241.00", 
        "airline": "Volaris"
    }, 
    {
        "arrival": ", Hermosillo", 
        "consult date": "10/05/2018", 
        "flight duration": "0 days 10 hours 27 minutes", 
        "plane": "", 
        "departure date": "16/06/2018", 
        "stops": "1", 
        "plane code": "", 
        "departure": ", Guadalajara", 
        "timings": [
            {
                "arrival_airport": "Tijuana, Baja California Norte (TIJ-A. Internacional General Abelardo L. Rodr\u00edguez)", 
                "arrival_time": "13:52", 
                "departure_airport": "Guadalajara, Jalisco (GDL-Don Miguel Hidalgo y Costilla Intl.)", 
                "departure_time": "12:44"
            }, 
            {
                "arrival_airport": "Hermosillo, Sonora (HMO-A. Internacional General Ignacio Pesqueira Garc\u00eda)", 
                "arrival_time": "21:11", 
                "departure_airport": "Tijuana, Baja California Norte (TIJ-A. Internacional General Abelardo L. Rodr\u00edguez)", 
                "departure_time": "19:37"
            }
        ], 
        "ticket price": "3241.00", 
        "airline": "Volaris"
    }, 
    {
        "arrival": ", Hermosillo", 
        "consult date": "10/05/2018", 
        "flight duration": "0 days 6 hours 29 minutes", 
        "plane": "EMBRAER 170", 
        "departure date": "16/06/2018", 
        "stops": "1", 
        "plane code": "E70", 
        "departure": ", Guadalajara", 
        "timings": [
            {
                "arrival_airport": "Ciudad de M\u00e9xico, Distrito Federal (MEX-A. Internacional de la Ciudad de M\u00e9xico)", 
                "arrival_time": "19:25", 
                "departure_airport": "Guadalajara, Jalisco (GDL-Don Miguel Hidalgo y Costilla Intl.)", 
                "departure_time": "18:00"
            }, 
            {
                "arrival_airport": "Hermosillo, Sonora (HMO-A. Internacional General Ignacio Pesqueira Garc\u00eda)", 
                "arrival_time": "22:29", 
                "departure_airport": "Ciudad de M\u00e9xico, Distrito Federal (MEX-A. Internacional de la Ciudad de M\u00e9xico)", 
                "departure_time": "21:45"
            }
        ], 
        "ticket price": "3298.00", 
        "airline": "Aeromexico"
    }, 
    {
        "arrival": ", Hermosillo", 
        "consult date": "10/05/2018", 
        "flight duration": "0 days 5 hours 39 minutes", 
        "plane": "Embraer 190", 
        "departure date": "16/06/2018", 
        "stops": "1", 
        "plane code": "E90", 
        "departure": ", Guadalajara", 
        "timings": [
            {
                "arrival_airport": "Ciudad de M\u00e9xico, Distrito Federal (MEX-A. Internacional de la Ciudad de M\u00e9xico)", 
                "arrival_time": "14:45", 
                "departure_airport": "Guadalajara, Jalisco (GDL-Don Miguel Hidalgo y Costilla Intl.)", 
                "departure_time": "13:24"
            }, 
            {
                "arrival_airport": "Hermosillo, Sonora (HMO-A. Internacional General Ignacio Pesqueira Garc\u00eda)", 
                "arrival_time": "17:03", 
                "departure_airport": "Ciudad de M\u00e9xico, Distrito Federal (MEX-A. Internacional de la Ciudad de M\u00e9xico)", 
                "departure_time": "16:25"
            }
        ], 
        "ticket price": "3994.00", 
        "airline": "Aeromexico"
    }, 
    {
        "arrival": ", Hermosillo", 
        "consult date": "10/05/2018", 
        "flight duration": "0 days 8 hours 4 minutes", 
        "plane": "Embraer 190", 
        "departure date": "16/06/2018", 
        "stops": "1", 
        "plane code": "E90", 
        "departure": ", Guadalajara", 
        "timings": [
            {
                "arrival_airport": "Ciudad de M\u00e9xico, Distrito Federal (MEX-A. Internacional de la Ciudad de M\u00e9xico)", 
                "arrival_time": "12:30", 
                "departure_airport": "Guadalajara, Jalisco (GDL-Don Miguel Hidalgo y Costilla Intl.)", 
                "departure_time": "10:59"
            }, 
            {
                "arrival_airport": "Hermosillo, Sonora (HMO-A. Internacional General Ignacio Pesqueira Garc\u00eda)", 
                "arrival_time": "17:03", 
                "departure_airport": "Ciudad de M\u00e9xico, Distrito Federal (MEX-A. Internacional de la Ciudad de M\u00e9xico)", 
                "departure_time": "16:25"
            }
        ], 
        "ticket price": "3994.00", 
        "airline": "Aeromexico"
    }, 
    {
        "arrival": ", Hermosillo", 
        "consult date": "10/05/2018", 
        "flight duration": "0 days 9 hours 4 minutes", 
        "plane": "BOEING 737-800 SCIMITAR WINGLETS", 
        "departure date": "16/06/2018", 
        "stops": "1", 
        "plane code": "7S8", 
        "departure": ", Guadalajara", 
        "timings": [
            {
                "arrival_airport": "Ciudad de M\u00e9xico, Distrito Federal (MEX-A. Internacional de la Ciudad de M\u00e9xico)", 
                "arrival_time": "11:25", 
                "departure_airport": "Guadalajara, Jalisco (GDL-Don Miguel Hidalgo y Costilla Intl.)", 
                "departure_time": "09:59"
            }, 
            {
                "arrival_airport": "Hermosillo, Sonora (HMO-A. Internacional General Ignacio Pesqueira Garc\u00eda)", 
                "arrival_time": "17:03", 
                "departure_airport": "Ciudad de M\u00e9xico, Distrito Federal (MEX-A. Internacional de la Ciudad de M\u00e9xico)", 
                "departure_time": "16:25"
            }
        ], 
        "ticket price": "3994.00", 
        "airline": "Aeromexico"
    }, 
    {
        "arrival": ", Hermosillo", 
        "consult date": "10/05/2018", 
        "flight duration": "0 days 4 hours 48 minutes", 
        "plane": "Boeing 737", 
        "departure date": "16/06/2018", 
        "stops": "1", 
        "plane code": "737", 
        "departure": ", Guadalajara", 
        "timings": [
            {
                "arrival_airport": "Ciudad de M\u00e9xico, Distrito Federal (MEX-A. Internacional de la Ciudad de M\u00e9xico)", 
                "arrival_time": "15:35", 
                "departure_airport": "Guadalajara, Jalisco (GDL-Don Miguel Hidalgo y Costilla Intl.)", 
                "departure_time": "14:15"
            }, 
            {
                "arrival_airport": "Hermosillo, Sonora (HMO-A. Internacional General Ignacio Pesqueira Garc\u00eda)", 
                "arrival_time": "17:03", 
                "departure_airport": "Ciudad de M\u00e9xico, Distrito Federal (MEX-A. Internacional de la Ciudad de M\u00e9xico)", 
                "departure_time": "16:25"
            }
        ], 
        "ticket price": "3994.00", 
        "airline": "Aeromexico"
    }, 
    {
        "arrival": ", Hermosillo", 
        "consult date": "10/05/2018", 
        "flight duration": "0 days 4 hours 46 minutes", 
        "plane": "BOEING 737-800 SCIMITAR WINGLETS", 
        "departure date": "16/06/2018", 
        "stops": "1", 
        "plane code": "7S8", 
        "departure": ", Guadalajara", 
        "timings": [
            {
                "arrival_airport": "Ciudad de M\u00e9xico, Distrito Federal (MEX-A. Internacional de la Ciudad de M\u00e9xico)", 
                "arrival_time": "11:25", 
                "departure_airport": "Guadalajara, Jalisco (GDL-Don Miguel Hidalgo y Costilla Intl.)", 
                "departure_time": "09:59"
            }, 
            {
                "arrival_airport": "Hermosillo, Sonora (HMO-A. Internacional General Ignacio Pesqueira Garc\u00eda)", 
                "arrival_time": "12:45", 
                "departure_airport": "Ciudad de M\u00e9xico, Distrito Federal (MEX-A. Internacional de la Ciudad de M\u00e9xico)", 
                "departure_time": "12:00"
            }
        ], 
        "ticket price": "3994.00", 
        "airline": "Aeromexico"
    }, 
    {
        "arrival": ", Hermosillo", 
        "consult date": "10/05/2018", 
        "flight duration": "0 days 5 hours 49 minutes", 
        "plane": "", 
        "departure date": "16/06/2018", 
        "stops": "1", 
        "plane code": "", 
        "departure": ", Guadalajara", 
        "timings": [
            {
                "arrival_airport": "Tijuana, Baja California Norte (TIJ-A. Internacional General Abelardo L. Rodr\u00edguez)", 
                "arrival_time": "18:30", 
                "departure_airport": "Guadalajara, Jalisco (GDL-Don Miguel Hidalgo y Costilla Intl.)", 
                "departure_time": "17:22"
            }, 
            {
                "arrival_airport": "Hermosillo, Sonora (HMO-A. Internacional General Ignacio Pesqueira Garc\u00eda)", 
                "arrival_time": "21:11", 
                "departure_airport": "Tijuana, Baja California Norte (TIJ-A. Internacional General Abelardo L. Rodr\u00edguez)", 
                "departure_time": "19:37"
            }
        ], 
        "ticket price": "4081.00", 
        "airline": "Volaris"
    }, 
    {
        "arrival": ", Hermosillo", 
        "consult date": "10/05/2018", 
        "flight duration": "0 days 2 hours 5 minutes", 
        "plane": "", 
        "departure date": "16/06/2018", 
        "stops": 0, 
        "plane code": "", 
        "departure": ", Guadalajara", 
        "timings": [
            {
                "arrival_airport": "Hermosillo, Sonora (HMO-A. Internacional General Ignacio Pesqueira Garc\u00eda)", 
                "arrival_time": "06:45", 
                "departure_airport": "Guadalajara, Jalisco (GDL-Don Miguel Hidalgo y Costilla Intl.)", 
                "departure_time": "06:40"
            }
        ], 
        "ticket price": "741.80", 
        "airline": "Interjet"
    }, 
    {
        "arrival": ", Hermosillo", 
        "consult date": "10/05/2018", 
        "flight duration": "0 days 2 hours 5 minutes", 
        "plane": "", 
        "departure date": "16/06/2018", 
        "stops": 0, 
        "plane code": "", 
        "departure": ", Guadalajara", 
        "timings": [
            {
                "arrival_airport": "Hermosillo, Sonora (HMO-A. Internacional General Ignacio Pesqueira Garc\u00eda)", 
                "arrival_time": "07:20", 
                "departure_airport": "Guadalajara, Jalisco (GDL-Don Miguel Hidalgo y Costilla Intl.)", 
                "departure_time": "07:15"
            }
        ], 
        "ticket price": "943.98", 
        "airline": "VivaAerobus"
    }
]