[
    {
        "arrival": ", San Jos\u00e9 del Cabo", 
        "consult date": "10/05/2018", 
        "flight duration": "0 days 1 hours 35 minutes", 
        "plane": "", 
        "departure date": "25/09/2018", 
        "stops": 0, 
        "plane code": "", 
        "departure": ", Guadalajara", 
        "timings": [
            {
                "arrival_airport": "San Jos\u00e9 del Cabo, Baja California Sur (SJD-A. Internacional de Los Cabos)", 
                "arrival_time": "17:30", 
                "departure_airport": "Guadalajara, Jalisco (GDL-Don Miguel Hidalgo y Costilla Intl.)", 
                "departure_time": "16:55"
            }
        ], 
        "ticket price": "1568.00", 
        "airline": "Calafia Airlines"
    }, 
    {
        "arrival": ", San Jos\u00e9 del Cabo", 
        "consult date": "10/05/2018", 
        "flight duration": "0 days 1 hours 40 minutes", 
        "plane": "", 
        "departure date": "25/09/2018", 
        "stops": 0, 
        "plane code": "", 
        "departure": ", Guadalajara", 
        "timings": [
            {
                "arrival_airport": "San Jos\u00e9 del Cabo, Baja California Sur (SJD-A. Internacional de Los Cabos)", 
                "arrival_time": "13:19", 
                "departure_airport": "Guadalajara, Jalisco (GDL-Don Miguel Hidalgo y Costilla Intl.)", 
                "departure_time": "12:39"
            }
        ], 
        "ticket price": "2122.00", 
        "airline": "Volaris"
    }, 
    {
        "arrival": ", San Jos\u00e9 del Cabo", 
        "consult date": "10/05/2018", 
        "flight duration": "0 days 1 hours 30 minutes", 
        "plane": "", 
        "departure date": "25/09/2018", 
        "stops": 0, 
        "plane code": "", 
        "departure": ", Guadalajara", 
        "timings": [
            {
                "arrival_airport": "San Jos\u00e9 del Cabo, Baja California Sur (SJD-A. Internacional de Los Cabos)", 
                "arrival_time": "14:45", 
                "departure_airport": "Guadalajara, Jalisco (GDL-Don Miguel Hidalgo y Costilla Intl.)", 
                "departure_time": "14:15"
            }
        ], 
        "ticket price": "2213.00", 
        "airline": "Interjet"
    }, 
    {
        "arrival": ", San Jos\u00e9 del Cabo", 
        "consult date": "10/05/2018", 
        "flight duration": "0 days 4 hours 55 minutes", 
        "plane": "", 
        "departure date": "25/09/2018", 
        "stops": "1", 
        "plane code": "", 
        "departure": ", Guadalajara", 
        "timings": [
            {
                "arrival_airport": "Ciudad de M\u00e9xico, Distrito Federal (MEX-A. Internacional de la Ciudad de M\u00e9xico)", 
                "arrival_time": "12:35", 
                "departure_airport": "Guadalajara, Jalisco (GDL-Don Miguel Hidalgo y Costilla Intl.)", 
                "departure_time": "11:15"
            }, 
            {
                "arrival_airport": "San Jos\u00e9 del Cabo, Baja California Sur (SJD-A. Internacional de Los Cabos)", 
                "arrival_time": "15:10", 
                "departure_airport": "Ciudad de M\u00e9xico, Distrito Federal (MEX-A. Internacional de la Ciudad de M\u00e9xico)", 
                "departure_time": "14:00"
            }
        ], 
        "ticket price": "3184.34", 
        "airline": "Interjet"
    }, 
    {
        "arrival": ", San Jos\u00e9 del Cabo", 
        "consult date": "10/05/2018", 
        "flight duration": "0 days 7 hours 20 minutes", 
        "plane": "", 
        "departure date": "25/09/2018", 
        "stops": "1", 
        "plane code": "", 
        "departure": ", Guadalajara", 
        "timings": [
            {
                "arrival_airport": "Ciudad de M\u00e9xico, Distrito Federal (MEX-A. Internacional de la Ciudad de M\u00e9xico)", 
                "arrival_time": "10:05", 
                "departure_airport": "Guadalajara, Jalisco (GDL-Don Miguel Hidalgo y Costilla Intl.)", 
                "departure_time": "08:50"
            }, 
            {
                "arrival_airport": "San Jos\u00e9 del Cabo, Baja California Sur (SJD-A. Internacional de Los Cabos)", 
                "arrival_time": "15:10", 
                "departure_airport": "Ciudad de M\u00e9xico, Distrito Federal (MEX-A. Internacional de la Ciudad de M\u00e9xico)", 
                "departure_time": "14:00"
            }
        ], 
        "ticket price": "3991.20", 
        "airline": "Interjet"
    }, 
    {
        "arrival": ", San Jos\u00e9 del Cabo", 
        "consult date": "10/05/2018", 
        "flight duration": "0 days 8 hours 10 minutes", 
        "plane": "", 
        "departure date": "25/09/2018", 
        "stops": "1", 
        "plane code": "", 
        "departure": ", Guadalajara", 
        "timings": [
            {
                "arrival_airport": "Tijuana, Baja California Norte (TIJ-A. Internacional General Abelardo L. Rodr\u00edguez)", 
                "arrival_time": "06:43", 
                "departure_airport": "Guadalajara, Jalisco (GDL-Don Miguel Hidalgo y Costilla Intl.)", 
                "departure_time": "05:35"
            }, 
            {
                "arrival_airport": "San Jos\u00e9 del Cabo, Baja California Sur (SJD-A. Internacional de Los Cabos)", 
                "arrival_time": "12:45", 
                "departure_airport": "Tijuana, Baja California Norte (TIJ-A. Internacional General Abelardo L. Rodr\u00edguez)", 
                "departure_time": "09:31"
            }
        ], 
        "ticket price": "4081.00", 
        "airline": "Volaris"
    }, 
    {
        "arrival": ", San Jos\u00e9 del Cabo", 
        "consult date": "10/05/2018", 
        "flight duration": "0 days 10 hours 10 minutes", 
        "plane": "", 
        "departure date": "25/09/2018", 
        "stops": "1", 
        "plane code": "", 
        "departure": ", Guadalajara", 
        "timings": [
            {
                "arrival_airport": "Ciudad de M\u00e9xico, Distrito Federal (MEX-A. Internacional de la Ciudad de M\u00e9xico)", 
                "arrival_time": "07:20", 
                "departure_airport": "Guadalajara, Jalisco (GDL-Don Miguel Hidalgo y Costilla Intl.)", 
                "departure_time": "06:00"
            }, 
            {
                "arrival_airport": "San Jos\u00e9 del Cabo, Baja California Sur (SJD-A. Internacional de Los Cabos)", 
                "arrival_time": "15:10", 
                "departure_airport": "Ciudad de M\u00e9xico, Distrito Federal (MEX-A. Internacional de la Ciudad de M\u00e9xico)", 
                "departure_time": "14:00"
            }
        ], 
        "ticket price": "4237.34", 
        "airline": "Interjet"
    }, 
    {
        "arrival": ", San Jos\u00e9 del Cabo", 
        "consult date": "10/05/2018", 
        "flight duration": "0 days 6 hours 29 minutes", 
        "plane": "Boeing 737-800", 
        "departure date": "25/09/2018", 
        "stops": "1", 
        "plane code": "738", 
        "departure": ", Guadalajara", 
        "timings": [
            {
                "arrival_airport": "Ciudad de M\u00e9xico, Distrito Federal (MEX-A. Internacional de la Ciudad de M\u00e9xico)", 
                "arrival_time": "19:15", 
                "departure_airport": "Guadalajara, Jalisco (GDL-Don Miguel Hidalgo y Costilla Intl.)", 
                "departure_time": "17:54"
            }, 
            {
                "arrival_airport": "San Jos\u00e9 del Cabo, Baja California Sur (SJD-A. Internacional de Los Cabos)", 
                "arrival_time": "23:23", 
                "departure_airport": "Ciudad de M\u00e9xico, Distrito Federal (MEX-A. Internacional de la Ciudad de M\u00e9xico)", 
                "departure_time": "21:50"
            }
        ], 
        "ticket price": "4440.00", 
        "airline": "Aeromexico"
    }, 
    {
        "arrival": ", San Jos\u00e9 del Cabo", 
        "consult date": "10/05/2018", 
        "flight duration": "0 days 5 hours 30 minutes", 
        "plane": "BOEING 737-800 SCIMITAR WINGLETS", 
        "departure date": "25/09/2018", 
        "stops": "1", 
        "plane code": "7S8", 
        "departure": ", Guadalajara", 
        "timings": [
            {
                "arrival_airport": "Ciudad de M\u00e9xico, Distrito Federal (MEX-A. Internacional de la Ciudad de M\u00e9xico)", 
                "arrival_time": "20:20", 
                "departure_airport": "Guadalajara, Jalisco (GDL-Don Miguel Hidalgo y Costilla Intl.)", 
                "departure_time": "18:53"
            }, 
            {
                "arrival_airport": "San Jos\u00e9 del Cabo, Baja California Sur (SJD-A. Internacional de Los Cabos)", 
                "arrival_time": "23:23", 
                "departure_airport": "Ciudad de M\u00e9xico, Distrito Federal (MEX-A. Internacional de la Ciudad de M\u00e9xico)", 
                "departure_time": "21:50"
            }
        ], 
        "ticket price": "4440.00", 
        "airline": "Aeromexico"
    }, 
    {
        "arrival": ", San Jos\u00e9 del Cabo", 
        "consult date": "10/05/2018", 
        "flight duration": "0 days 8 hours 25 minutes", 
        "plane": "BOEING 737-800 SCIMITAR WINGLETS", 
        "departure date": "25/09/2018", 
        "stops": "1", 
        "plane code": "7S8", 
        "departure": ", Guadalajara", 
        "timings": [
            {
                "arrival_airport": "Ciudad de M\u00e9xico, Distrito Federal (MEX-A. Internacional de la Ciudad de M\u00e9xico)", 
                "arrival_time": "17:25", 
                "departure_airport": "Guadalajara, Jalisco (GDL-Don Miguel Hidalgo y Costilla Intl.)", 
                "departure_time": "15:58"
            }, 
            {
                "arrival_airport": "San Jos\u00e9 del Cabo, Baja California Sur (SJD-A. Internacional de Los Cabos)", 
                "arrival_time": "23:23", 
                "departure_airport": "Ciudad de M\u00e9xico, Distrito Federal (MEX-A. Internacional de la Ciudad de M\u00e9xico)", 
                "departure_time": "21:50"
            }
        ], 
        "ticket price": "4440.00", 
        "airline": "Aeromexico"
    }, 
    {
        "arrival": ", San Jos\u00e9 del Cabo", 
        "consult date": "10/05/2018", 
        "flight duration": "0 days 4 hours 53 minutes", 
        "plane": "Embraer 190", 
        "departure date": "25/09/2018", 
        "stops": "1", 
        "plane code": "E90", 
        "departure": ", Guadalajara", 
        "timings": [
            {
                "arrival_airport": "Ciudad de M\u00e9xico, Distrito Federal (MEX-A. Internacional de la Ciudad de M\u00e9xico)", 
                "arrival_time": "20:55", 
                "departure_airport": "Guadalajara, Jalisco (GDL-Don Miguel Hidalgo y Costilla Intl.)", 
                "departure_time": "19:30"
            }, 
            {
                "arrival_airport": "San Jos\u00e9 del Cabo, Baja California Sur (SJD-A. Internacional de Los Cabos)", 
                "arrival_time": "23:23", 
                "departure_airport": "Ciudad de M\u00e9xico, Distrito Federal (MEX-A. Internacional de la Ciudad de M\u00e9xico)", 
                "departure_time": "21:50"
            }
        ], 
        "ticket price": "4440.00", 
        "airline": "Aeromexico"
    }, 
    {
        "arrival": ", San Jos\u00e9 del Cabo", 
        "consult date": "10/05/2018", 
        "flight duration": "0 days 8 hours 25 minutes", 
        "plane": "BOEING 737-800 SCIMITAR WINGLETS", 
        "departure date": "25/09/2018", 
        "stops": "1", 
        "plane code": "7S8", 
        "departure": ", Guadalajara", 
        "timings": [
            {
                "arrival_airport": "Ciudad de M\u00e9xico, Distrito Federal (MEX-A. Internacional de la Ciudad de M\u00e9xico)", 
                "arrival_time": "10:25", 
                "departure_airport": "Guadalajara, Jalisco (GDL-Don Miguel Hidalgo y Costilla Intl.)", 
                "departure_time": "08:59"
            }, 
            {
                "arrival_airport": "San Jos\u00e9 del Cabo, Baja California Sur (SJD-A. Internacional de Los Cabos)", 
                "arrival_time": "16:24", 
                "departure_airport": "Ciudad de M\u00e9xico, Distrito Federal (MEX-A. Internacional de la Ciudad de M\u00e9xico)", 
                "departure_time": "15:00"
            }
        ], 
        "ticket price": "4440.00", 
        "airline": "Aeromexico"
    }, 
    {
        "arrival": ", San Jos\u00e9 del Cabo", 
        "consult date": "10/05/2018", 
        "flight duration": "0 days 7 hours 38 minutes", 
        "plane": "", 
        "departure date": "25/09/2018", 
        "stops": "1", 
        "plane code": "", 
        "departure": ", Guadalajara", 
        "timings": [
            {
                "arrival_airport": "Ciudad de M\u00e9xico, Distrito Federal (MEX-A. Internacional de la Ciudad de M\u00e9xico)", 
                "arrival_time": "09:41", 
                "departure_airport": "Guadalajara, Jalisco (GDL-Don Miguel Hidalgo y Costilla Intl.)", 
                "departure_time": "08:11"
            }, 
            {
                "arrival_airport": "San Jos\u00e9 del Cabo, Baja California Sur (SJD-A. Internacional de Los Cabos)", 
                "arrival_time": "14:49", 
                "departure_airport": "Ciudad de M\u00e9xico, Distrito Federal (MEX-A. Internacional de la Ciudad de M\u00e9xico)", 
                "departure_time": "13:28"
            }
        ], 
        "ticket price": "4441.00", 
        "airline": "Volaris"
    }, 
    {
        "arrival": ", San Jos\u00e9 del Cabo", 
        "consult date": "10/05/2018", 
        "flight duration": "0 days 8 hours 47 minutes", 
        "plane": "", 
        "departure date": "25/09/2018", 
        "stops": "1", 
        "plane code": "", 
        "departure": ", Guadalajara", 
        "timings": [
            {
                "arrival_airport": "Ciudad de M\u00e9xico, Distrito Federal (MEX-A. Internacional de la Ciudad de M\u00e9xico)", 
                "arrival_time": "08:32", 
                "departure_airport": "Guadalajara, Jalisco (GDL-Don Miguel Hidalgo y Costilla Intl.)", 
                "departure_time": "07:02"
            }, 
            {
                "arrival_airport": "San Jos\u00e9 del Cabo, Baja California Sur (SJD-A. Internacional de Los Cabos)", 
                "arrival_time": "14:49", 
                "departure_airport": "Ciudad de M\u00e9xico, Distrito Federal (MEX-A. Internacional de la Ciudad de M\u00e9xico)", 
                "departure_time": "13:28"
            }
        ], 
        "ticket price": "4441.00", 
        "airline": "Volaris"
    }, 
    {
        "arrival": ", San Jos\u00e9 del Cabo", 
        "consult date": "10/05/2018", 
        "flight duration": "0 days 9 hours 49 minutes", 
        "plane": "", 
        "departure date": "25/09/2018", 
        "stops": "1", 
        "plane code": "", 
        "departure": ", Guadalajara", 
        "timings": [
            {
                "arrival_airport": "Ciudad de M\u00e9xico, Distrito Federal (MEX-A. Internacional de la Ciudad de M\u00e9xico)", 
                "arrival_time": "07:30", 
                "departure_airport": "Guadalajara, Jalisco (GDL-Don Miguel Hidalgo y Costilla Intl.)", 
                "departure_time": "06:00"
            }, 
            {
                "arrival_airport": "San Jos\u00e9 del Cabo, Baja California Sur (SJD-A. Internacional de Los Cabos)", 
                "arrival_time": "14:49", 
                "departure_airport": "Ciudad de M\u00e9xico, Distrito Federal (MEX-A. Internacional de la Ciudad de M\u00e9xico)", 
                "departure_time": "13:28"
            }
        ], 
        "ticket price": "4441.00", 
        "airline": "Volaris"
    }, 
    {
        "arrival": ", San Jos\u00e9 del Cabo", 
        "consult date": "10/05/2018", 
        "flight duration": "0 days 6 hours 8 minutes", 
        "plane": "", 
        "departure date": "25/09/2018", 
        "stops": "1", 
        "plane code": "", 
        "departure": ", Guadalajara", 
        "timings": [
            {
                "arrival_airport": "Ciudad de M\u00e9xico, Distrito Federal (MEX-A. Internacional de la Ciudad de M\u00e9xico)", 
                "arrival_time": "11:11", 
                "departure_airport": "Guadalajara, Jalisco (GDL-Don Miguel Hidalgo y Costilla Intl.)", 
                "departure_time": "09:41"
            }, 
            {
                "arrival_airport": "San Jos\u00e9 del Cabo, Baja California Sur (SJD-A. Internacional de Los Cabos)", 
                "arrival_time": "14:49", 
                "departure_airport": "Ciudad de M\u00e9xico, Distrito Federal (MEX-A. Internacional de la Ciudad de M\u00e9xico)", 
                "departure_time": "13:28"
            }
        ], 
        "ticket price": "4441.00", 
        "airline": "Volaris"
    }, 
    {
        "arrival": ", San Jos\u00e9 del Cabo", 
        "consult date": "10/05/2018", 
        "flight duration": "0 days 6 hours 59 minutes", 
        "plane": "Boeing 737", 
        "departure date": "25/09/2018", 
        "stops": "1", 
        "plane code": "737", 
        "departure": ", Guadalajara", 
        "timings": [
            {
                "arrival_airport": "Ciudad de M\u00e9xico, Distrito Federal (MEX-A. Internacional de la Ciudad de M\u00e9xico)", 
                "arrival_time": "07:30", 
                "departure_airport": "Guadalajara, Jalisco (GDL-Don Miguel Hidalgo y Costilla Intl.)", 
                "departure_time": "06:04"
            }, 
            {
                "arrival_airport": "San Jos\u00e9 del Cabo, Baja California Sur (SJD-A. Internacional de Los Cabos)", 
                "arrival_time": "12:03", 
                "departure_airport": "Ciudad de M\u00e9xico, Distrito Federal (MEX-A. Internacional de la Ciudad de M\u00e9xico)", 
                "departure_time": "10:30"
            }
        ], 
        "ticket price": "4788.00", 
        "airline": "Aeromexico"
    }, 
    {
        "arrival": ", San Jos\u00e9 del Cabo", 
        "consult date": "10/05/2018", 
        "flight duration": "0 days 5 hours 17 minutes", 
        "plane": "BOEING 737-800 SCIMITAR WINGLETS", 
        "departure date": "25/09/2018", 
        "stops": "1", 
        "plane code": "7S8", 
        "departure": ", Guadalajara", 
        "timings": [
            {
                "arrival_airport": "Ciudad de M\u00e9xico, Distrito Federal (MEX-A. Internacional de la Ciudad de M\u00e9xico)", 
                "arrival_time": "09:10", 
                "departure_airport": "Guadalajara, Jalisco (GDL-Don Miguel Hidalgo y Costilla Intl.)", 
                "departure_time": "07:46"
            }, 
            {
                "arrival_airport": "San Jos\u00e9 del Cabo, Baja California Sur (SJD-A. Internacional de Los Cabos)", 
                "arrival_time": "12:03", 
                "departure_airport": "Ciudad de M\u00e9xico, Distrito Federal (MEX-A. Internacional de la Ciudad de M\u00e9xico)", 
                "departure_time": "10:30"
            }
        ], 
        "ticket price": "4788.00", 
        "airline": "Aeromexico"
    }, 
    {
        "arrival": ", San Jos\u00e9 del Cabo", 
        "consult date": "10/05/2018", 
        "flight duration": "0 days 7 hours 24 minutes", 
        "plane": "BOEING 737-800 SCIMITAR WINGLETS", 
        "departure date": "25/09/2018", 
        "stops": "1", 
        "plane code": "7S8", 
        "departure": ", Guadalajara", 
        "timings": [
            {
                "arrival_airport": "Ciudad de M\u00e9xico, Distrito Federal (MEX-A. Internacional de la Ciudad de M\u00e9xico)", 
                "arrival_time": "11:25", 
                "departure_airport": "Guadalajara, Jalisco (GDL-Don Miguel Hidalgo y Costilla Intl.)", 
                "departure_time": "10:00"
            }, 
            {
                "arrival_airport": "San Jos\u00e9 del Cabo, Baja California Sur (SJD-A. Internacional de Los Cabos)", 
                "arrival_time": "16:24", 
                "departure_airport": "Ciudad de M\u00e9xico, Distrito Federal (MEX-A. Internacional de la Ciudad de M\u00e9xico)", 
                "departure_time": "15:00"
            }
        ], 
        "ticket price": "4788.00", 
        "airline": "Aeromexico"
    }, 
    {
        "arrival": ", San Jos\u00e9 del Cabo", 
        "consult date": "10/05/2018", 
        "flight duration": "0 days 6 hours 25 minutes", 
        "plane": "BOEING 737-800 SCIMITAR WINGLETS", 
        "departure date": "25/09/2018", 
        "stops": "1", 
        "plane code": "7S8", 
        "departure": ", Guadalajara", 
        "timings": [
            {
                "arrival_airport": "Ciudad de M\u00e9xico, Distrito Federal (MEX-A. Internacional de la Ciudad de M\u00e9xico)", 
                "arrival_time": "12:25", 
                "departure_airport": "Guadalajara, Jalisco (GDL-Don Miguel Hidalgo y Costilla Intl.)", 
                "departure_time": "10:59"
            }, 
            {
                "arrival_airport": "San Jos\u00e9 del Cabo, Baja California Sur (SJD-A. Internacional de Los Cabos)", 
                "arrival_time": "16:24", 
                "departure_airport": "Ciudad de M\u00e9xico, Distrito Federal (MEX-A. Internacional de la Ciudad de M\u00e9xico)", 
                "departure_time": "15:00"
            }
        ], 
        "ticket price": "4788.00", 
        "airline": "Aeromexico"
    }, 
    {
        "arrival": ", San Jos\u00e9 del Cabo", 
        "consult date": "10/05/2018", 
        "flight duration": "0 days 6 hours 18 minutes", 
        "plane": "Boeing 737", 
        "departure date": "25/09/2018", 
        "stops": "1", 
        "plane code": "737", 
        "departure": ", Guadalajara", 
        "timings": [
            {
                "arrival_airport": "Ciudad de M\u00e9xico, Distrito Federal (MEX-A. Internacional de la Ciudad de M\u00e9xico)", 
                "arrival_time": "08:10", 
                "departure_airport": "Guadalajara, Jalisco (GDL-Don Miguel Hidalgo y Costilla Intl.)", 
                "departure_time": "06:45"
            }, 
            {
                "arrival_airport": "San Jos\u00e9 del Cabo, Baja California Sur (SJD-A. Internacional de Los Cabos)", 
                "arrival_time": "12:03", 
                "departure_airport": "Ciudad de M\u00e9xico, Distrito Federal (MEX-A. Internacional de la Ciudad de M\u00e9xico)", 
                "departure_time": "10:30"
            }
        ], 
        "ticket price": "5136.00", 
        "airline": "Aeromexico"
    }, 
    {
        "arrival": ", San Jos\u00e9 del Cabo", 
        "consult date": "10/05/2018", 
        "flight duration": "0 days 6 hours 50 minutes", 
        "plane": "", 
        "departure date": "25/09/2018", 
        "stops": "1", 
        "plane code": "", 
        "departure": ", Guadalajara", 
        "timings": [
            {
                "arrival_airport": "Ciudad de M\u00e9xico, Distrito Federal (MEX-A. Internacional de la Ciudad de M\u00e9xico)", 
                "arrival_time": "07:20", 
                "departure_airport": "Guadalajara, Jalisco (GDL-Don Miguel Hidalgo y Costilla Intl.)", 
                "departure_time": "06:00"
            }, 
            {
                "arrival_airport": "San Jos\u00e9 del Cabo, Baja California Sur (SJD-A. Internacional de Los Cabos)", 
                "arrival_time": "11:50", 
                "departure_airport": "Ciudad de M\u00e9xico, Distrito Federal (MEX-A. Internacional de la Ciudad de M\u00e9xico)", 
                "departure_time": "10:40"
            }
        ], 
        "ticket price": "5397.34", 
        "airline": "Interjet"
    }, 
    {
        "arrival": ", San Jos\u00e9 del Cabo", 
        "consult date": "10/05/2018", 
        "flight duration": "0 days 7 hours 30 minutes", 
        "plane": "BOEING 737-800 SCIMITAR WINGLETS", 
        "departure date": "25/09/2018", 
        "stops": "1", 
        "plane code": "7S8", 
        "departure": ", Guadalajara", 
        "timings": [
            {
                "arrival_airport": "Ciudad de M\u00e9xico, Distrito Federal (MEX-A. Internacional de la Ciudad de M\u00e9xico)", 
                "arrival_time": "18:20", 
                "departure_airport": "Guadalajara, Jalisco (GDL-Don Miguel Hidalgo y Costilla Intl.)", 
                "departure_time": "16:53"
            }, 
            {
                "arrival_airport": "San Jos\u00e9 del Cabo, Baja California Sur (SJD-A. Internacional de Los Cabos)", 
                "arrival_time": "23:23", 
                "departure_airport": "Ciudad de M\u00e9xico, Distrito Federal (MEX-A. Internacional de la Ciudad de M\u00e9xico)", 
                "departure_time": "21:50"
            }
        ], 
        "ticket price": "5774.00", 
        "airline": "Aeromexico"
    }, 
    {
        "arrival": ", San Jos\u00e9 del Cabo", 
        "consult date": "10/05/2018", 
        "flight duration": "0 days 8 hours 49 minutes", 
        "plane": "Embraer 190", 
        "departure date": "25/09/2018", 
        "stops": "2", 
        "plane code": "E90", 
        "departure": ", Guadalajara", 
        "timings": [
            {
                "arrival_airport": "Monterrey, Nuevo Le\u00f3n (MTY-A. Internacional General Mariano Escobedo)", 
                "arrival_time": "10:05", 
                "departure_airport": "Guadalajara, Jalisco (GDL-Don Miguel Hidalgo y Costilla Intl.)", 
                "departure_time": "08:35"
            }, 
            {
                "arrival_airport": "Ciudad de M\u00e9xico, Distrito Federal (MEX-A. Internacional de la Ciudad de M\u00e9xico)", 
                "arrival_time": "13:05", 
                "departure_airport": "Monterrey, Nuevo Le\u00f3n (MTY-A. Internacional General Mariano Escobedo)", 
                "departure_time": "11:26"
            }, 
            {
                "arrival_airport": "San Jos\u00e9 del Cabo, Baja California Sur (SJD-A. Internacional de Los Cabos)", 
                "arrival_time": "16:24", 
                "departure_airport": "Ciudad de M\u00e9xico, Distrito Federal (MEX-A. Internacional de la Ciudad de M\u00e9xico)", 
                "departure_time": "15:00"
            }
        ], 
        "ticket price": "6284.00", 
        "airline": "Aeromexico"
    }, 
    {
        "arrival": ", San Jos\u00e9 del Cabo", 
        "consult date": "10/05/2018", 
        "flight duration": "0 days 8 hours 45 minutes", 
        "plane": "EMBRAER 170", 
        "departure date": "25/09/2018", 
        "stops": "2", 
        "plane code": "E70", 
        "departure": ", Guadalajara", 
        "timings": [
            {
                "arrival_airport": "Monterrey, Nuevo Le\u00f3n (MTY-A. Internacional General Mariano Escobedo)", 
                "arrival_time": "17:09", 
                "departure_airport": "Guadalajara, Jalisco (GDL-Don Miguel Hidalgo y Costilla Intl.)", 
                "departure_time": "15:38"
            }, 
            {
                "arrival_airport": "Ciudad de M\u00e9xico, Distrito Federal (MEX-A. Internacional de la Ciudad de M\u00e9xico)", 
                "arrival_time": "20:00", 
                "departure_airport": "Monterrey, Nuevo Le\u00f3n (MTY-A. Internacional General Mariano Escobedo)", 
                "departure_time": "18:20"
            }, 
            {
                "arrival_airport": "San Jos\u00e9 del Cabo, Baja California Sur (SJD-A. Internacional de Los Cabos)", 
                "arrival_time": "23:23", 
                "departure_airport": "Ciudad de M\u00e9xico, Distrito Federal (MEX-A. Internacional de la Ciudad de M\u00e9xico)", 
                "departure_time": "21:50"
            }
        ], 
        "ticket price": "9648.00", 
        "airline": "Aeromexico"
    }
]