[
    {
        "arrival": ", Tijuana", 
        "consult date": "10/05/2018", 
        "flight duration": "0 days 2 hours 55 minutes", 
        "plane": "", 
        "departure date": "30/12/2018", 
        "stops": 0, 
        "plane code": "", 
        "departure": ", Guadalajara", 
        "timings": [
            {
                "arrival_airport": "Tijuana, Baja California Norte (TIJ-A. Internacional General Abelardo L. Rodr\u00edguez)", 
                "arrival_time": "07:55", 
                "departure_airport": "Guadalajara, Jalisco (GDL-Don Miguel Hidalgo y Costilla Intl.)", 
                "departure_time": "07:00"
            }
        ], 
        "ticket price": "10195.80", 
        "airline": "VivaAerobus"
    }, 
    {
        "arrival": ", Tijuana", 
        "consult date": "10/05/2018", 
        "flight duration": "0 days 2 hours 55 minutes", 
        "plane": "", 
        "departure date": "30/12/2018", 
        "stops": 0, 
        "plane code": "", 
        "departure": ", Guadalajara", 
        "timings": [
            {
                "arrival_airport": "Tijuana, Baja California Norte (TIJ-A. Internacional General Abelardo L. Rodr\u00edguez)", 
                "arrival_time": "18:10", 
                "departure_airport": "Guadalajara, Jalisco (GDL-Don Miguel Hidalgo y Costilla Intl.)", 
                "departure_time": "17:15"
            }
        ], 
        "ticket price": "10195.80", 
        "airline": "VivaAerobus"
    }, 
    {
        "arrival": ", Tijuana", 
        "consult date": "10/05/2018", 
        "flight duration": "0 days 3 hours 8 minutes", 
        "plane": "", 
        "departure date": "30/12/2018", 
        "stops": 0, 
        "plane code": "", 
        "departure": ", Guadalajara", 
        "timings": [
            {
                "arrival_airport": "Tijuana, Baja California Norte (TIJ-A. Internacional General Abelardo L. Rodr\u00edguez)", 
                "arrival_time": "16:18", 
                "departure_airport": "Guadalajara, Jalisco (GDL-Don Miguel Hidalgo y Costilla Intl.)", 
                "departure_time": "15:10"
            }
        ], 
        "ticket price": "11650.00", 
        "airline": "Volaris"
    }, 
    {
        "arrival": ", Tijuana", 
        "consult date": "10/05/2018", 
        "flight duration": "0 days 3 hours 8 minutes", 
        "plane": "", 
        "departure date": "30/12/2018", 
        "stops": 0, 
        "plane code": "", 
        "departure": ", Guadalajara", 
        "timings": [
            {
                "arrival_airport": "Tijuana, Baja California Norte (TIJ-A. Internacional General Abelardo L. Rodr\u00edguez)", 
                "arrival_time": "22:59", 
                "departure_airport": "Guadalajara, Jalisco (GDL-Don Miguel Hidalgo y Costilla Intl.)", 
                "departure_time": "21:51"
            }
        ], 
        "ticket price": "11650.00", 
        "airline": "Volaris"
    }, 
    {
        "arrival": ", Tijuana", 
        "consult date": "10/05/2018", 
        "flight duration": "0 days 3 hours 8 minutes", 
        "plane": "", 
        "departure date": "30/12/2018", 
        "stops": 0, 
        "plane code": "", 
        "departure": ", Guadalajara", 
        "timings": [
            {
                "arrival_airport": "Tijuana, Baja California Norte (TIJ-A. Internacional General Abelardo L. Rodr\u00edguez)", 
                "arrival_time": "14:15", 
                "departure_airport": "Guadalajara, Jalisco (GDL-Don Miguel Hidalgo y Costilla Intl.)", 
                "departure_time": "13:07"
            }
        ], 
        "ticket price": "11650.00", 
        "airline": "Volaris"
    }, 
    {
        "arrival": ", Tijuana", 
        "consult date": "10/05/2018", 
        "flight duration": "0 days 7 hours 34 minutes", 
        "plane": "", 
        "departure date": "30/12/2018", 
        "stops": "1", 
        "plane code": "", 
        "departure": ", Guadalajara", 
        "timings": [
            {
                "arrival_airport": "Ciudad de M\u00e9xico, Distrito Federal (MEX-A. Internacional de la Ciudad de M\u00e9xico)", 
                "arrival_time": "17:50", 
                "departure_airport": "Guadalajara, Jalisco (GDL-Don Miguel Hidalgo y Costilla Intl.)", 
                "departure_time": "16:20"
            }, 
            {
                "arrival_airport": "Tijuana, Baja California Norte (TIJ-A. Internacional General Abelardo L. Rodr\u00edguez)", 
                "arrival_time": "21:54", 
                "departure_airport": "Ciudad de M\u00e9xico, Distrito Federal (MEX-A. Internacional de la Ciudad de M\u00e9xico)", 
                "departure_time": "20:08"
            }
        ], 
        "ticket price": "11908.00", 
        "airline": "Volaris"
    }, 
    {
        "arrival": ", Tijuana", 
        "consult date": "10/05/2018", 
        "flight duration": "0 days 12 hours 55 minutes", 
        "plane": "", 
        "departure date": "30/12/2018", 
        "stops": "1", 
        "plane code": "", 
        "departure": ", Guadalajara", 
        "timings": [
            {
                "arrival_airport": "Ciudad de M\u00e9xico, Distrito Federal (MEX-A. Internacional de la Ciudad de M\u00e9xico)", 
                "arrival_time": "22:40", 
                "departure_airport": "Guadalajara, Jalisco (GDL-Don Miguel Hidalgo y Costilla Intl.)", 
                "departure_time": "21:20"
            }, 
            {
                "arrival_airport": "Tijuana, Baja California Norte (TIJ-A. Internacional General Abelardo L. Rodr\u00edguez)", 
                "arrival_time": "08:15", 
                "departure_airport": "Ciudad de M\u00e9xico, Distrito Federal (MEX-A. Internacional de la Ciudad de M\u00e9xico)", 
                "departure_time": "06:35"
            }
        ], 
        "ticket price": "12602.76", 
        "airline": "Interjet"
    }, 
    {
        "arrival": ", Tijuana", 
        "consult date": "10/05/2018", 
        "flight duration": "0 days 13 hours 25 minutes", 
        "plane": "", 
        "departure date": "30/12/2018", 
        "stops": "1", 
        "plane code": "", 
        "departure": ", Guadalajara", 
        "timings": [
            {
                "arrival_airport": "Ciudad de M\u00e9xico, Distrito Federal (MEX-A. Internacional de la Ciudad de M\u00e9xico)", 
                "arrival_time": "22:10", 
                "departure_airport": "Guadalajara, Jalisco (GDL-Don Miguel Hidalgo y Costilla Intl.)", 
                "departure_time": "20:50"
            }, 
            {
                "arrival_airport": "Tijuana, Baja California Norte (TIJ-A. Internacional General Abelardo L. Rodr\u00edguez)", 
                "arrival_time": "08:15", 
                "departure_airport": "Ciudad de M\u00e9xico, Distrito Federal (MEX-A. Internacional de la Ciudad de M\u00e9xico)", 
                "departure_time": "06:35"
            }
        ], 
        "ticket price": "13018.76", 
        "airline": "Interjet"
    }, 
    {
        "arrival": ", Tijuana", 
        "consult date": "10/05/2018", 
        "flight duration": "0 days 13 hours 15 minutes", 
        "plane": "", 
        "departure date": "30/12/2018", 
        "stops": "1", 
        "plane code": "", 
        "departure": ", Guadalajara", 
        "timings": [
            {
                "arrival_airport": "Ciudad de M\u00e9xico, Distrito Federal (MEX-A. Internacional de la Ciudad de M\u00e9xico)", 
                "arrival_time": "22:20", 
                "departure_airport": "Guadalajara, Jalisco (GDL-Don Miguel Hidalgo y Costilla Intl.)", 
                "departure_time": "21:00"
            }, 
            {
                "arrival_airport": "Tijuana, Baja California Norte (TIJ-A. Internacional General Abelardo L. Rodr\u00edguez)", 
                "arrival_time": "08:15", 
                "departure_airport": "Ciudad de M\u00e9xico, Distrito Federal (MEX-A. Internacional de la Ciudad de M\u00e9xico)", 
                "departure_time": "06:35"
            }
        ], 
        "ticket price": "13434.76", 
        "airline": "Interjet"
    }, 
    {
        "arrival": ", Tijuana", 
        "consult date": "10/05/2018", 
        "flight duration": "0 days 16 hours 50 minutes", 
        "plane": "", 
        "departure date": "30/12/2018", 
        "stops": "1", 
        "plane code": "", 
        "departure": ", Guadalajara", 
        "timings": [
            {
                "arrival_airport": "Ciudad de M\u00e9xico, Distrito Federal (MEX-A. Internacional de la Ciudad de M\u00e9xico)", 
                "arrival_time": "22:40", 
                "departure_airport": "Guadalajara, Jalisco (GDL-Don Miguel Hidalgo y Costilla Intl.)", 
                "departure_time": "21:20"
            }, 
            {
                "arrival_airport": "Tijuana, Baja California Norte (TIJ-A. Internacional General Abelardo L. Rodr\u00edguez)", 
                "arrival_time": "12:10", 
                "departure_airport": "Ciudad de M\u00e9xico, Distrito Federal (MEX-A. Internacional de la Ciudad de M\u00e9xico)", 
                "departure_time": "10:40"
            }
        ], 
        "ticket price": "14062.92", 
        "airline": "Interjet"
    }, 
    {
        "arrival": ", Tijuana", 
        "consult date": "10/05/2018", 
        "flight duration": "0 days 15 hours 45 minutes", 
        "plane": "", 
        "departure date": "30/12/2018", 
        "stops": "1", 
        "plane code": "", 
        "departure": ", Guadalajara", 
        "timings": [
            {
                "arrival_airport": "Ciudad de M\u00e9xico, Distrito Federal (MEX-A. Internacional de la Ciudad de M\u00e9xico)", 
                "arrival_time": "11:10", 
                "departure_airport": "Guadalajara, Jalisco (GDL-Don Miguel Hidalgo y Costilla Intl.)", 
                "departure_time": "09:50"
            }, 
            {
                "arrival_airport": "Tijuana, Baja California Norte (TIJ-A. Internacional General Abelardo L. Rodr\u00edguez)", 
                "arrival_time": "23:35", 
                "departure_airport": "Ciudad de M\u00e9xico, Distrito Federal (MEX-A. Internacional de la Ciudad de M\u00e9xico)", 
                "departure_time": "22:00"
            }
        ], 
        "ticket price": "14670.28", 
        "airline": "Interjet"
    }, 
    {
        "arrival": ", Tijuana", 
        "consult date": "10/05/2018", 
        "flight duration": "0 days 14 hours 45 minutes", 
        "plane": "", 
        "departure date": "30/12/2018", 
        "stops": "1", 
        "plane code": "", 
        "departure": ", Guadalajara", 
        "timings": [
            {
                "arrival_airport": "Ciudad de M\u00e9xico, Distrito Federal (MEX-A. Internacional de la Ciudad de M\u00e9xico)", 
                "arrival_time": "20:50", 
                "departure_airport": "Guadalajara, Jalisco (GDL-Don Miguel Hidalgo y Costilla Intl.)", 
                "departure_time": "19:30"
            }, 
            {
                "arrival_airport": "Tijuana, Baja California Norte (TIJ-A. Internacional General Abelardo L. Rodr\u00edguez)", 
                "arrival_time": "08:15", 
                "departure_airport": "Ciudad de M\u00e9xico, Distrito Federal (MEX-A. Internacional de la Ciudad de M\u00e9xico)", 
                "departure_time": "06:35"
            }
        ], 
        "ticket price": "14670.28", 
        "airline": "Interjet"
    }, 
    {
        "arrival": ", Tijuana", 
        "consult date": "10/05/2018", 
        "flight duration": "0 days 10 hours 50 minutes", 
        "plane": "", 
        "departure date": "30/12/2018", 
        "stops": "1", 
        "plane code": "", 
        "departure": ", Guadalajara", 
        "timings": [
            {
                "arrival_airport": "Ciudad de M\u00e9xico, Distrito Federal (MEX-A. Internacional de la Ciudad de M\u00e9xico)", 
                "arrival_time": "11:10", 
                "departure_airport": "Guadalajara, Jalisco (GDL-Don Miguel Hidalgo y Costilla Intl.)", 
                "departure_time": "09:50"
            }, 
            {
                "arrival_airport": "Tijuana, Baja California Norte (TIJ-A. Internacional General Abelardo L. Rodr\u00edguez)", 
                "arrival_time": "18:40", 
                "departure_airport": "Ciudad de M\u00e9xico, Distrito Federal (MEX-A. Internacional de la Ciudad de M\u00e9xico)", 
                "departure_time": "17:00"
            }
        ], 
        "ticket price": "14670.28", 
        "airline": "Interjet"
    }, 
    {
        "arrival": ", Tijuana", 
        "consult date": "10/05/2018", 
        "flight duration": "0 days 9 hours 15 minutes", 
        "plane": "", 
        "departure date": "30/12/2018", 
        "stops": "1", 
        "plane code": "", 
        "departure": ", Guadalajara", 
        "timings": [
            {
                "arrival_airport": "Ciudad de M\u00e9xico, Distrito Federal (MEX-A. Internacional de la Ciudad de M\u00e9xico)", 
                "arrival_time": "11:10", 
                "departure_airport": "Guadalajara, Jalisco (GDL-Don Miguel Hidalgo y Costilla Intl.)", 
                "departure_time": "09:50"
            }, 
            {
                "arrival_airport": "Tijuana, Baja California Norte (TIJ-A. Internacional General Abelardo L. Rodr\u00edguez)", 
                "arrival_time": "17:05", 
                "departure_airport": "Ciudad de M\u00e9xico, Distrito Federal (MEX-A. Internacional de la Ciudad de M\u00e9xico)", 
                "departure_time": "15:25"
            }
        ], 
        "ticket price": "14670.28", 
        "airline": "Interjet"
    }, 
    {
        "arrival": ", Tijuana", 
        "consult date": "10/05/2018", 
        "flight duration": "0 days 8 hours 30 minutes", 
        "plane": "EMBRAER 170", 
        "departure date": "30/12/2018", 
        "stops": "1", 
        "plane code": "E70", 
        "departure": ", Guadalajara", 
        "timings": [
            {
                "arrival_airport": "Monterrey, Nuevo Le\u00f3n (MTY-A. Internacional General Mariano Escobedo)", 
                "arrival_time": "17:09", 
                "departure_airport": "Guadalajara, Jalisco (GDL-Don Miguel Hidalgo y Costilla Intl.)", 
                "departure_time": "15:38"
            }, 
            {
                "arrival_airport": "Tijuana, Baja California Norte (TIJ-A. Internacional General Abelardo L. Rodr\u00edguez)", 
                "arrival_time": "22:08", 
                "departure_airport": "Monterrey, Nuevo Le\u00f3n (MTY-A. Internacional General Mariano Escobedo)", 
                "departure_time": "21:00"
            }
        ], 
        "ticket price": "17844.00", 
        "airline": "Aeromexico"
    }, 
    {
        "arrival": ", Tijuana", 
        "consult date": "10/05/2018", 
        "flight duration": "0 days 12 hours 49 minutes", 
        "plane": "Embraer 190", 
        "departure date": "30/12/2018", 
        "stops": "2", 
        "plane code": "E90", 
        "departure": ", Guadalajara", 
        "timings": [
            {
                "arrival_airport": "Monterrey, Nuevo Le\u00f3n (MTY-A. Internacional General Mariano Escobedo)", 
                "arrival_time": "07:32", 
                "departure_airport": "Guadalajara, Jalisco (GDL-Don Miguel Hidalgo y Costilla Intl.)", 
                "departure_time": "06:01"
            }, 
            {
                "arrival_airport": "Ciudad de M\u00e9xico, Distrito Federal (MEX-A. Internacional de la Ciudad de M\u00e9xico)", 
                "arrival_time": "12:00", 
                "departure_airport": "Monterrey, Nuevo Le\u00f3n (MTY-A. Internacional General Mariano Escobedo)", 
                "departure_time": "10:23"
            }, 
            {
                "arrival_airport": "Tijuana, Baja California Norte (TIJ-A. Internacional General Abelardo L. Rodr\u00edguez)", 
                "arrival_time": "16:50", 
                "departure_airport": "Ciudad de M\u00e9xico, Distrito Federal (MEX-A. Internacional de la Ciudad de M\u00e9xico)", 
                "departure_time": "15:00"
            }
        ], 
        "ticket price": "20128.00", 
        "airline": "Aeromexico"
    }, 
    {
        "arrival": ", Tijuana", 
        "consult date": "10/05/2018", 
        "flight duration": "0 days 12 hours 49 minutes", 
        "plane": "Embraer 190", 
        "departure date": "30/12/2018", 
        "stops": "2", 
        "plane code": "E90", 
        "departure": ", Guadalajara", 
        "timings": [
            {
                "arrival_airport": "Monterrey, Nuevo Le\u00f3n (MTY-A. Internacional General Mariano Escobedo)", 
                "arrival_time": "07:32", 
                "departure_airport": "Guadalajara, Jalisco (GDL-Don Miguel Hidalgo y Costilla Intl.)", 
                "departure_time": "06:01"
            }, 
            {
                "arrival_airport": "Ciudad de M\u00e9xico, Distrito Federal (MEX-A. Internacional de la Ciudad de M\u00e9xico)", 
                "arrival_time": "11:15", 
                "departure_airport": "Monterrey, Nuevo Le\u00f3n (MTY-A. Internacional General Mariano Escobedo)", 
                "departure_time": "09:36"
            }, 
            {
                "arrival_airport": "Tijuana, Baja California Norte (TIJ-A. Internacional General Abelardo L. Rodr\u00edguez)", 
                "arrival_time": "16:50", 
                "departure_airport": "Ciudad de M\u00e9xico, Distrito Federal (MEX-A. Internacional de la Ciudad de M\u00e9xico)", 
                "departure_time": "15:00"
            }
        ], 
        "ticket price": "20128.00", 
        "airline": "Aeromexico"
    }, 
    {
        "arrival": ", Tijuana", 
        "consult date": "10/05/2018", 
        "flight duration": "0 days 9 hours 33 minutes", 
        "plane": "BOEING 737-800 SCIMITAR WINGLETS", 
        "departure date": "30/12/2018", 
        "stops": "1", 
        "plane code": "7S8", 
        "departure": ", Guadalajara", 
        "timings": [
            {
                "arrival_airport": "Ciudad de M\u00e9xico, Distrito Federal (MEX-A. Internacional de la Ciudad de M\u00e9xico)", 
                "arrival_time": "08:10", 
                "departure_airport": "Guadalajara, Jalisco (GDL-Don Miguel Hidalgo y Costilla Intl.)", 
                "departure_time": "06:45"
            }, 
            {
                "arrival_airport": "Tijuana, Baja California Norte (TIJ-A. Internacional General Abelardo L. Rodr\u00edguez)", 
                "arrival_time": "14:18", 
                "departure_airport": "Ciudad de M\u00e9xico, Distrito Federal (MEX-A. Internacional de la Ciudad de M\u00e9xico)", 
                "departure_time": "12:15"
            }
        ], 
        "ticket price": "20362.00", 
        "airline": "Aeromexico"
    }, 
    {
        "arrival": ", Tijuana", 
        "consult date": "10/05/2018", 
        "flight duration": "0 days 6 hours 20 minutes", 
        "plane": "Embraer 190", 
        "departure date": "30/12/2018", 
        "stops": "1", 
        "plane code": "E90", 
        "departure": ", Guadalajara", 
        "timings": [
            {
                "arrival_airport": "Ciudad de M\u00e9xico, Distrito Federal (MEX-A. Internacional de la Ciudad de M\u00e9xico)", 
                "arrival_time": "20:55", 
                "departure_airport": "Guadalajara, Jalisco (GDL-Don Miguel Hidalgo y Costilla Intl.)", 
                "departure_time": "19:30"
            }, 
            {
                "arrival_airport": "Tijuana, Baja California Norte (TIJ-A. Internacional General Abelardo L. Rodr\u00edguez)", 
                "arrival_time": "23:50", 
                "departure_airport": "Ciudad de M\u00e9xico, Distrito Federal (MEX-A. Internacional de la Ciudad de M\u00e9xico)", 
                "departure_time": "22:00"
            }
        ], 
        "ticket price": "20362.00", 
        "airline": "Aeromexico"
    }, 
    {
        "arrival": ", Tijuana", 
        "consult date": "10/05/2018", 
        "flight duration": "0 days 6 hours 6 minutes", 
        "plane": "BOEING 737-800 SCIMITAR WINGLETS", 
        "departure date": "30/12/2018", 
        "stops": "1", 
        "plane code": "7S8", 
        "departure": ", Guadalajara", 
        "timings": [
            {
                "arrival_airport": "Ciudad de M\u00e9xico, Distrito Federal (MEX-A. Internacional de la Ciudad de M\u00e9xico)", 
                "arrival_time": "08:10", 
                "departure_airport": "Guadalajara, Jalisco (GDL-Don Miguel Hidalgo y Costilla Intl.)", 
                "departure_time": "06:45"
            }, 
            {
                "arrival_airport": "Tijuana, Baja California Norte (TIJ-A. Internacional General Abelardo L. Rodr\u00edguez)", 
                "arrival_time": "10:51", 
                "departure_airport": "Ciudad de M\u00e9xico, Distrito Federal (MEX-A. Internacional de la Ciudad de M\u00e9xico)", 
                "departure_time": "09:01"
            }
        ], 
        "ticket price": "20362.00", 
        "airline": "Aeromexico"
    }, 
    {
        "arrival": ", Tijuana", 
        "consult date": "10/05/2018", 
        "flight duration": "0 days 7 hours 58 minutes", 
        "plane": "Embraer 190", 
        "departure date": "30/12/2018", 
        "stops": "1", 
        "plane code": "E90", 
        "departure": ", Guadalajara", 
        "timings": [
            {
                "arrival_airport": "Ciudad de M\u00e9xico, Distrito Federal (MEX-A. Internacional de la Ciudad de M\u00e9xico)", 
                "arrival_time": "22:20", 
                "departure_airport": "Guadalajara, Jalisco (GDL-Don Miguel Hidalgo y Costilla Intl.)", 
                "departure_time": "20:52"
            }, 
            {
                "arrival_airport": "Tijuana, Baja California Norte (TIJ-A. Internacional General Abelardo L. Rodr\u00edguez)", 
                "arrival_time": "02:50", 
                "departure_airport": "Ciudad de M\u00e9xico, Distrito Federal (MEX-A. Internacional de la Ciudad de M\u00e9xico)", 
                "departure_time": "01:20"
            }
        ], 
        "ticket price": "20362.00", 
        "airline": "Aeromexico"
    }, 
    {
        "arrival": ", Tijuana", 
        "consult date": "10/05/2018", 
        "flight duration": "0 days 9 hours 57 minutes", 
        "plane": "Boeing 737", 
        "departure date": "30/12/2018", 
        "stops": "1", 
        "plane code": "737", 
        "departure": ", Guadalajara", 
        "timings": [
            {
                "arrival_airport": "Ciudad de M\u00e9xico, Distrito Federal (MEX-A. Internacional de la Ciudad de M\u00e9xico)", 
                "arrival_time": "20:20", 
                "departure_airport": "Guadalajara, Jalisco (GDL-Don Miguel Hidalgo y Costilla Intl.)", 
                "departure_time": "18:53"
            }, 
            {
                "arrival_airport": "Tijuana, Baja California Norte (TIJ-A. Internacional General Abelardo L. Rodr\u00edguez)", 
                "arrival_time": "02:50", 
                "departure_airport": "Ciudad de M\u00e9xico, Distrito Federal (MEX-A. Internacional de la Ciudad de M\u00e9xico)", 
                "departure_time": "01:20"
            }
        ], 
        "ticket price": "20362.00", 
        "airline": "Aeromexico"
    }, 
    {
        "arrival": ", Tijuana", 
        "consult date": "10/05/2018", 
        "flight duration": "0 days 8 hours 32 minutes", 
        "plane": "Boeing 737", 
        "departure date": "30/12/2018", 
        "stops": "1", 
        "plane code": "737", 
        "departure": ", Guadalajara", 
        "timings": [
            {
                "arrival_airport": "Ciudad de M\u00e9xico, Distrito Federal (MEX-A. Internacional de la Ciudad de M\u00e9xico)", 
                "arrival_time": "09:10", 
                "departure_airport": "Guadalajara, Jalisco (GDL-Don Miguel Hidalgo y Costilla Intl.)", 
                "departure_time": "07:46"
            }, 
            {
                "arrival_airport": "Tijuana, Baja California Norte (TIJ-A. Internacional General Abelardo L. Rodr\u00edguez)", 
                "arrival_time": "14:18", 
                "departure_airport": "Ciudad de M\u00e9xico, Distrito Federal (MEX-A. Internacional de la Ciudad de M\u00e9xico)", 
                "departure_time": "12:15"
            }
        ], 
        "ticket price": "20362.00", 
        "airline": "Aeromexico"
    }, 
    {
        "arrival": ", Tijuana", 
        "consult date": "10/05/2018", 
        "flight duration": "0 days 5 hours 56 minutes", 
        "plane": "Embraer 190", 
        "departure date": "30/12/2018", 
        "stops": "1", 
        "plane code": "E90", 
        "departure": ", Guadalajara", 
        "timings": [
            {
                "arrival_airport": "Ciudad de M\u00e9xico, Distrito Federal (MEX-A. Internacional de la Ciudad de M\u00e9xico)", 
                "arrival_time": "21:20", 
                "departure_airport": "Guadalajara, Jalisco (GDL-Don Miguel Hidalgo y Costilla Intl.)", 
                "departure_time": "19:54"
            }, 
            {
                "arrival_airport": "Tijuana, Baja California Norte (TIJ-A. Internacional General Abelardo L. Rodr\u00edguez)", 
                "arrival_time": "23:50", 
                "departure_airport": "Ciudad de M\u00e9xico, Distrito Federal (MEX-A. Internacional de la Ciudad de M\u00e9xico)", 
                "departure_time": "22:00"
            }
        ], 
        "ticket price": "20362.00", 
        "airline": "Aeromexico"
    }, 
    {
        "arrival": ", Tijuana", 
        "consult date": "10/05/2018", 
        "flight duration": "0 days 8 hours 31 minutes", 
        "plane": "BOEING 737-800 SCIMITAR WINGLETS", 
        "departure date": "30/12/2018", 
        "stops": "1", 
        "plane code": "7S8", 
        "departure": ", Guadalajara", 
        "timings": [
            {
                "arrival_airport": "Ciudad de M\u00e9xico, Distrito Federal (MEX-A. Internacional de la Ciudad de M\u00e9xico)", 
                "arrival_time": "16:30", 
                "departure_airport": "Guadalajara, Jalisco (GDL-Don Miguel Hidalgo y Costilla Intl.)", 
                "departure_time": "15:03"
            }, 
            {
                "arrival_airport": "Tijuana, Baja California Norte (TIJ-A. Internacional General Abelardo L. Rodr\u00edguez)", 
                "arrival_time": "21:34", 
                "departure_airport": "Ciudad de M\u00e9xico, Distrito Federal (MEX-A. Internacional de la Ciudad de M\u00e9xico)", 
                "departure_time": "19:50"
            }
        ], 
        "ticket price": "20362.00", 
        "airline": "Aeromexico"
    }, 
    {
        "arrival": ", Tijuana", 
        "consult date": "10/05/2018", 
        "flight duration": "0 days 7 hours 36 minutes", 
        "plane": "BOEING 737-800 SCIMITAR WINGLETS", 
        "departure date": "30/12/2018", 
        "stops": "1", 
        "plane code": "7S8", 
        "departure": ", Guadalajara", 
        "timings": [
            {
                "arrival_airport": "Ciudad de M\u00e9xico, Distrito Federal (MEX-A. Internacional de la Ciudad de M\u00e9xico)", 
                "arrival_time": "17:25", 
                "departure_airport": "Guadalajara, Jalisco (GDL-Don Miguel Hidalgo y Costilla Intl.)", 
                "departure_time": "15:58"
            }, 
            {
                "arrival_airport": "Tijuana, Baja California Norte (TIJ-A. Internacional General Abelardo L. Rodr\u00edguez)", 
                "arrival_time": "21:34", 
                "departure_airport": "Ciudad de M\u00e9xico, Distrito Federal (MEX-A. Internacional de la Ciudad de M\u00e9xico)", 
                "departure_time": "19:50"
            }
        ], 
        "ticket price": "20362.00", 
        "airline": "Aeromexico"
    }, 
    {
        "arrival": ", Tijuana", 
        "consult date": "10/05/2018", 
        "flight duration": "0 days 9 hours 20 minutes", 
        "plane": "Embraer 190", 
        "departure date": "30/12/2018", 
        "stops": "1", 
        "plane code": "E90", 
        "departure": ", Guadalajara", 
        "timings": [
            {
                "arrival_airport": "Ciudad de M\u00e9xico, Distrito Federal (MEX-A. Internacional de la Ciudad de M\u00e9xico)", 
                "arrival_time": "20:55", 
                "departure_airport": "Guadalajara, Jalisco (GDL-Don Miguel Hidalgo y Costilla Intl.)", 
                "departure_time": "19:30"
            }, 
            {
                "arrival_airport": "Tijuana, Baja California Norte (TIJ-A. Internacional General Abelardo L. Rodr\u00edguez)", 
                "arrival_time": "02:50", 
                "departure_airport": "Ciudad de M\u00e9xico, Distrito Federal (MEX-A. Internacional de la Ciudad de M\u00e9xico)", 
                "departure_time": "01:20"
            }
        ], 
        "ticket price": "20362.00", 
        "airline": "Aeromexico"
    }, 
    {
        "arrival": ", Tijuana", 
        "consult date": "10/05/2018", 
        "flight duration": "0 days 5 hours 40 minutes", 
        "plane": "BOEING 737-800 SCIMITAR WINGLETS", 
        "departure date": "30/12/2018", 
        "stops": "1", 
        "plane code": "7S8", 
        "departure": ", Guadalajara", 
        "timings": [
            {
                "arrival_airport": "Ciudad de M\u00e9xico, Distrito Federal (MEX-A. Internacional de la Ciudad de M\u00e9xico)", 
                "arrival_time": "19:15", 
                "departure_airport": "Guadalajara, Jalisco (GDL-Don Miguel Hidalgo y Costilla Intl.)", 
                "departure_time": "17:54"
            }, 
            {
                "arrival_airport": "Tijuana, Baja California Norte (TIJ-A. Internacional General Abelardo L. Rodr\u00edguez)", 
                "arrival_time": "21:34", 
                "departure_airport": "Ciudad de M\u00e9xico, Distrito Federal (MEX-A. Internacional de la Ciudad de M\u00e9xico)", 
                "departure_time": "19:50"
            }
        ], 
        "ticket price": "20362.00", 
        "airline": "Aeromexico"
    }, 
    {
        "arrival": ", Tijuana", 
        "consult date": "10/05/2018", 
        "flight duration": "0 days 9 hours 52 minutes", 
        "plane": "BOEING 737-800 SCIMITAR WINGLETS", 
        "departure date": "30/12/2018", 
        "stops": "1", 
        "plane code": "7S8", 
        "departure": ", Guadalajara", 
        "timings": [
            {
                "arrival_airport": "Ciudad de M\u00e9xico, Distrito Federal (MEX-A. Internacional de la Ciudad de M\u00e9xico)", 
                "arrival_time": "17:25", 
                "departure_airport": "Guadalajara, Jalisco (GDL-Don Miguel Hidalgo y Costilla Intl.)", 
                "departure_time": "15:58"
            }, 
            {
                "arrival_airport": "Tijuana, Baja California Norte (TIJ-A. Internacional General Abelardo L. Rodr\u00edguez)", 
                "arrival_time": "23:50", 
                "departure_airport": "Ciudad de M\u00e9xico, Distrito Federal (MEX-A. Internacional de la Ciudad de M\u00e9xico)", 
                "departure_time": "22:00"
            }
        ], 
        "ticket price": "20362.00", 
        "airline": "Aeromexico"
    }, 
    {
        "arrival": ", Tijuana", 
        "consult date": "10/05/2018", 
        "flight duration": "0 days 6 hours 57 minutes", 
        "plane": "Boeing 737", 
        "departure date": "30/12/2018", 
        "stops": "1", 
        "plane code": "737", 
        "departure": ", Guadalajara", 
        "timings": [
            {
                "arrival_airport": "Ciudad de M\u00e9xico, Distrito Federal (MEX-A. Internacional de la Ciudad de M\u00e9xico)", 
                "arrival_time": "20:20", 
                "departure_airport": "Guadalajara, Jalisco (GDL-Don Miguel Hidalgo y Costilla Intl.)", 
                "departure_time": "18:53"
            }, 
            {
                "arrival_airport": "Tijuana, Baja California Norte (TIJ-A. Internacional General Abelardo L. Rodr\u00edguez)", 
                "arrival_time": "23:50", 
                "departure_airport": "Ciudad de M\u00e9xico, Distrito Federal (MEX-A. Internacional de la Ciudad de M\u00e9xico)", 
                "departure_time": "22:00"
            }
        ], 
        "ticket price": "20362.00", 
        "airline": "Aeromexico"
    }, 
    {
        "arrival": ", Tijuana", 
        "consult date": "10/05/2018", 
        "flight duration": "0 days 8 hours 57 minutes", 
        "plane": "BOEING 737-800 SCIMITAR WINGLETS", 
        "departure date": "30/12/2018", 
        "stops": "1", 
        "plane code": "7S8", 
        "departure": ", Guadalajara", 
        "timings": [
            {
                "arrival_airport": "Ciudad de M\u00e9xico, Distrito Federal (MEX-A. Internacional de la Ciudad de M\u00e9xico)", 
                "arrival_time": "18:20", 
                "departure_airport": "Guadalajara, Jalisco (GDL-Don Miguel Hidalgo y Costilla Intl.)", 
                "departure_time": "16:53"
            }, 
            {
                "arrival_airport": "Tijuana, Baja California Norte (TIJ-A. Internacional General Abelardo L. Rodr\u00edguez)", 
                "arrival_time": "23:50", 
                "departure_airport": "Ciudad de M\u00e9xico, Distrito Federal (MEX-A. Internacional de la Ciudad de M\u00e9xico)", 
                "departure_time": "22:00"
            }
        ], 
        "ticket price": "20362.00", 
        "airline": "Aeromexico"
    }, 
    {
        "arrival": ", Tijuana", 
        "consult date": "10/05/2018", 
        "flight duration": "0 days 8 hours 56 minutes", 
        "plane": "Embraer 190", 
        "departure date": "30/12/2018", 
        "stops": "1", 
        "plane code": "E90", 
        "departure": ", Guadalajara", 
        "timings": [
            {
                "arrival_airport": "Ciudad de M\u00e9xico, Distrito Federal (MEX-A. Internacional de la Ciudad de M\u00e9xico)", 
                "arrival_time": "21:20", 
                "departure_airport": "Guadalajara, Jalisco (GDL-Don Miguel Hidalgo y Costilla Intl.)", 
                "departure_time": "19:54"
            }, 
            {
                "arrival_airport": "Tijuana, Baja California Norte (TIJ-A. Internacional General Abelardo L. Rodr\u00edguez)", 
                "arrival_time": "02:50", 
                "departure_airport": "Ciudad de M\u00e9xico, Distrito Federal (MEX-A. Internacional de la Ciudad de M\u00e9xico)", 
                "departure_time": "01:20"
            }
        ], 
        "ticket price": "20362.00", 
        "airline": "Aeromexico"
    }, 
    {
        "arrival": ", Tijuana", 
        "consult date": "10/05/2018", 
        "flight duration": "0 days 7 hours 56 minutes", 
        "plane": "BOEING 737-800 SCIMITAR WINGLETS", 
        "departure date": "30/12/2018", 
        "stops": "1", 
        "plane code": "7S8", 
        "departure": ", Guadalajara", 
        "timings": [
            {
                "arrival_airport": "Ciudad de M\u00e9xico, Distrito Federal (MEX-A. Internacional de la Ciudad de M\u00e9xico)", 
                "arrival_time": "19:15", 
                "departure_airport": "Guadalajara, Jalisco (GDL-Don Miguel Hidalgo y Costilla Intl.)", 
                "departure_time": "17:54"
            }, 
            {
                "arrival_airport": "Tijuana, Baja California Norte (TIJ-A. Internacional General Abelardo L. Rodr\u00edguez)", 
                "arrival_time": "23:50", 
                "departure_airport": "Ciudad de M\u00e9xico, Distrito Federal (MEX-A. Internacional de la Ciudad de M\u00e9xico)", 
                "departure_time": "22:00"
            }
        ], 
        "ticket price": "20362.00", 
        "airline": "Aeromexico"
    }, 
    {
        "arrival": ", Tijuana", 
        "consult date": "10/05/2018", 
        "flight duration": "0 days 6 hours 41 minutes", 
        "plane": "BOEING 737-800 SCIMITAR WINGLETS", 
        "departure date": "30/12/2018", 
        "stops": "1", 
        "plane code": "7S8", 
        "departure": ", Guadalajara", 
        "timings": [
            {
                "arrival_airport": "Ciudad de M\u00e9xico, Distrito Federal (MEX-A. Internacional de la Ciudad de M\u00e9xico)", 
                "arrival_time": "18:20", 
                "departure_airport": "Guadalajara, Jalisco (GDL-Don Miguel Hidalgo y Costilla Intl.)", 
                "departure_time": "16:53"
            }, 
            {
                "arrival_airport": "Tijuana, Baja California Norte (TIJ-A. Internacional General Abelardo L. Rodr\u00edguez)", 
                "arrival_time": "21:34", 
                "departure_airport": "Ciudad de M\u00e9xico, Distrito Federal (MEX-A. Internacional de la Ciudad de M\u00e9xico)", 
                "departure_time": "19:50"
            }
        ], 
        "ticket price": "20362.00", 
        "airline": "Aeromexico"
    }, 
    {
        "arrival": ", Tijuana", 
        "consult date": "10/05/2018", 
        "flight duration": "0 days 11 hours 37 minutes", 
        "plane": "Boeing 737-800", 
        "departure date": "30/12/2018", 
        "stops": "2", 
        "plane code": "738", 
        "departure": ", Guadalajara", 
        "timings": [
            {
                "arrival_airport": "Canc\u00fan, Quintana Roo (CUN-Aeropuerto Internacional de Canc\u00fan)", 
                "arrival_time": "09:55", 
                "departure_airport": "Guadalajara, Jalisco (GDL-Don Miguel Hidalgo y Costilla Intl.)", 
                "departure_time": "07:13"
            }, 
            {
                "arrival_airport": "Ciudad de M\u00e9xico, Distrito Federal (MEX-A. Internacional de la Ciudad de M\u00e9xico)", 
                "arrival_time": "14:00", 
                "departure_airport": "Canc\u00fan, Quintana Roo (CUN-Aeropuerto Internacional de Canc\u00fan)", 
                "departure_time": "11:22"
            }, 
            {
                "arrival_airport": "Tijuana, Baja California Norte (TIJ-A. Internacional General Abelardo L. Rodr\u00edguez)", 
                "arrival_time": "16:50", 
                "departure_airport": "Ciudad de M\u00e9xico, Distrito Federal (MEX-A. Internacional de la Ciudad de M\u00e9xico)", 
                "departure_time": "15:00"
            }
        ], 
        "ticket price": "22824.00", 
        "airline": "Aeromexico"
    }, 
    {
        "arrival": ", Tijuana", 
        "consult date": "10/05/2018", 
        "flight duration": "0 days 9 hours 45 minutes", 
        "plane": "BOEING 737-800 SCIMITAR WINGLETS", 
        "departure date": "30/12/2018", 
        "stops": "2", 
        "plane code": "7S8", 
        "departure": ", Guadalajara", 
        "timings": [
            {
                "arrival_airport": "Ciudad de M\u00e9xico, Distrito Federal (MEX-A. Internacional de la Ciudad de M\u00e9xico)", 
                "arrival_time": "16:30", 
                "departure_airport": "Guadalajara, Jalisco (GDL-Don Miguel Hidalgo y Costilla Intl.)", 
                "departure_time": "15:03"
            }, 
            {
                "arrival_airport": "Le\u00f3n, Guanajuato (BJX-Del Baj\u00edo)", 
                "arrival_time": "19:23", 
                "departure_airport": "Ciudad de M\u00e9xico, Distrito Federal (MEX-A. Internacional de la Ciudad de M\u00e9xico)", 
                "departure_time": "18:20"
            }, 
            {
                "arrival_airport": "Tijuana, Baja California Norte (TIJ-A. Internacional General Abelardo L. Rodr\u00edguez)", 
                "arrival_time": "22:48", 
                "departure_airport": "Le\u00f3n, Guanajuato (BJX-Del Baj\u00edo)", 
                "departure_time": "21:30"
            }
        ], 
        "ticket price": "23034.00", 
        "airline": "Aeromexico"
    }, 
    {
        "arrival": ", Tijuana", 
        "consult date": "10/05/2018", 
        "flight duration": "0 days 8 hours 50 minutes", 
        "plane": "BOEING 737-800 SCIMITAR WINGLETS", 
        "departure date": "30/12/2018", 
        "stops": "2", 
        "plane code": "7S8", 
        "departure": ", Guadalajara", 
        "timings": [
            {
                "arrival_airport": "Ciudad de M\u00e9xico, Distrito Federal (MEX-A. Internacional de la Ciudad de M\u00e9xico)", 
                "arrival_time": "17:25", 
                "departure_airport": "Guadalajara, Jalisco (GDL-Don Miguel Hidalgo y Costilla Intl.)", 
                "departure_time": "15:58"
            }, 
            {
                "arrival_airport": "Le\u00f3n, Guanajuato (BJX-Del Baj\u00edo)", 
                "arrival_time": "19:23", 
                "departure_airport": "Ciudad de M\u00e9xico, Distrito Federal (MEX-A. Internacional de la Ciudad de M\u00e9xico)", 
                "departure_time": "18:20"
            }, 
            {
                "arrival_airport": "Tijuana, Baja California Norte (TIJ-A. Internacional General Abelardo L. Rodr\u00edguez)", 
                "arrival_time": "22:48", 
                "departure_airport": "Le\u00f3n, Guanajuato (BJX-Del Baj\u00edo)", 
                "departure_time": "21:30"
            }
        ], 
        "ticket price": "23034.00", 
        "airline": "Aeromexico"
    }, 
    {
        "arrival": ", Tijuana", 
        "consult date": "10/05/2018", 
        "flight duration": "0 days 3 hours 8 minutes", 
        "plane": "Boeing 737-800", 
        "departure date": "30/12/2018", 
        "stops": 0, 
        "plane code": "738", 
        "departure": ", Guadalajara", 
        "timings": [
            {
                "arrival_airport": "Tijuana, Baja California Norte (TIJ-A. Internacional General Abelardo L. Rodr\u00edguez)", 
                "arrival_time": "22:48", 
                "departure_airport": "Guadalajara, Jalisco (GDL-Don Miguel Hidalgo y Costilla Intl.)", 
                "departure_time": "21:40"
            }
        ], 
        "ticket price": "6870.00", 
        "airline": "Aeromexico"
    }, 
    {
        "arrival": ", Tijuana", 
        "consult date": "10/05/2018", 
        "flight duration": "0 days 3 hours 8 minutes", 
        "plane": "Boeing 737-800", 
        "departure date": "30/12/2018", 
        "stops": 0, 
        "plane code": "738", 
        "departure": ", Guadalajara", 
        "timings": [
            {
                "arrival_airport": "Tijuana, Baja California Norte (TIJ-A. Internacional General Abelardo L. Rodr\u00edguez)", 
                "arrival_time": "08:08", 
                "departure_airport": "Guadalajara, Jalisco (GDL-Don Miguel Hidalgo y Costilla Intl.)", 
                "departure_time": "07:00"
            }
        ], 
        "ticket price": "7598.00", 
        "airline": "Aeromexico"
    }, 
    {
        "arrival": ", Tijuana", 
        "consult date": "10/05/2018", 
        "flight duration": "0 days 7 hours 13 minutes", 
        "plane": "", 
        "departure date": "30/12/2018", 
        "stops": "1", 
        "plane code": "", 
        "departure": ", Guadalajara", 
        "timings": [
            {
                "arrival_airport": "Hermosillo, Sonora (HMO-A. Internacional General Ignacio Pesqueira Garc\u00eda)", 
                "arrival_time": "07:06", 
                "departure_airport": "Guadalajara, Jalisco (GDL-Don Miguel Hidalgo y Costilla Intl.)", 
                "departure_time": "06:45"
            }, 
            {
                "arrival_airport": "Tijuana, Baja California Norte (TIJ-A. Internacional General Abelardo L. Rodr\u00edguez)", 
                "arrival_time": "11:58", 
                "departure_airport": "Hermosillo, Sonora (HMO-A. Internacional General Ignacio Pesqueira Garc\u00eda)", 
                "departure_time": "10:29"
            }
        ], 
        "ticket price": "8186.00", 
        "airline": "Volaris"
    }, 
    {
        "arrival": ", Tijuana", 
        "consult date": "10/05/2018", 
        "flight duration": "0 days 3 hours 0 minutes", 
        "plane": "", 
        "departure date": "30/12/2018", 
        "stops": 0, 
        "plane code": "", 
        "departure": ", Guadalajara", 
        "timings": [
            {
                "arrival_airport": "Tijuana, Baja California Norte (TIJ-A. Internacional General Abelardo L. Rodr\u00edguez)", 
                "arrival_time": "07:15", 
                "departure_airport": "Guadalajara, Jalisco (GDL-Don Miguel Hidalgo y Costilla Intl.)", 
                "departure_time": "06:15"
            }
        ], 
        "ticket price": "8658.24", 
        "airline": "Interjet"
    }, 
    {
        "arrival": ", Tijuana", 
        "consult date": "10/05/2018", 
        "flight duration": "0 days 7 hours 55 minutes", 
        "plane": "", 
        "departure date": "30/12/2018", 
        "stops": "1", 
        "plane code": "", 
        "departure": ", Guadalajara", 
        "timings": [
            {
                "arrival_airport": "Monterrey, Nuevo Le\u00f3n (MTY-A. Internacional General Mariano Escobedo)", 
                "arrival_time": "07:21", 
                "departure_airport": "Guadalajara, Jalisco (GDL-Don Miguel Hidalgo y Costilla Intl.)", 
                "departure_time": "05:45"
            }, 
            {
                "arrival_airport": "Tijuana, Baja California Norte (TIJ-A. Internacional General Abelardo L. Rodr\u00edguez)", 
                "arrival_time": "11:40", 
                "departure_airport": "Monterrey, Nuevo Le\u00f3n (MTY-A. Internacional General Mariano Escobedo)", 
                "departure_time": "10:43"
            }
        ], 
        "ticket price": "8788.00", 
        "airline": "Volaris"
    }, 
    {
        "arrival": ", Tijuana", 
        "consult date": "10/05/2018", 
        "flight duration": "0 days 3 hours 8 minutes", 
        "plane": "", 
        "departure date": "30/12/2018", 
        "stops": 0, 
        "plane code": "", 
        "departure": ", Guadalajara", 
        "timings": [
            {
                "arrival_airport": "Tijuana, Baja California Norte (TIJ-A. Internacional General Abelardo L. Rodr\u00edguez)", 
                "arrival_time": "23:47", 
                "departure_airport": "Guadalajara, Jalisco (GDL-Don Miguel Hidalgo y Costilla Intl.)", 
                "departure_time": "22:39"
            }
        ], 
        "ticket price": "9248.00", 
        "airline": "Volaris"
    }, 
    {
        "arrival": ", Tijuana", 
        "consult date": "10/05/2018", 
        "flight duration": "0 days 3 hours 8 minutes", 
        "plane": "", 
        "departure date": "30/12/2018", 
        "stops": 0, 
        "plane code": "", 
        "departure": ", Guadalajara", 
        "timings": [
            {
                "arrival_airport": "Tijuana, Baja California Norte (TIJ-A. Internacional General Abelardo L. Rodr\u00edguez)", 
                "arrival_time": "06:43", 
                "departure_airport": "Guadalajara, Jalisco (GDL-Don Miguel Hidalgo y Costilla Intl.)", 
                "departure_time": "05:35"
            }
        ], 
        "ticket price": "9248.00", 
        "airline": "Volaris"
    }, 
    {
        "arrival": ", Tijuana", 
        "consult date": "10/05/2018", 
        "flight duration": "0 days 7 hours 26 minutes", 
        "plane": "", 
        "departure date": "30/12/2018", 
        "stops": "1", 
        "plane code": "", 
        "departure": ", Guadalajara", 
        "timings": [
            {
                "arrival_airport": "Hermosillo, Sonora (HMO-A. Internacional General Ignacio Pesqueira Garc\u00eda)", 
                "arrival_time": "18:11", 
                "departure_airport": "Guadalajara, Jalisco (GDL-Don Miguel Hidalgo y Costilla Intl.)", 
                "departure_time": "17:50"
            }, 
            {
                "arrival_airport": "Tijuana, Baja California Norte (TIJ-A. Internacional General Abelardo L. Rodr\u00edguez)", 
                "arrival_time": "23:16", 
                "departure_airport": "Hermosillo, Sonora (HMO-A. Internacional General Ignacio Pesqueira Garc\u00eda)", 
                "departure_time": "21:47"
            }
        ], 
        "ticket price": "9506.00", 
        "airline": "Volaris"
    }, 
    {
        "arrival": ", Tijuana", 
        "consult date": "10/05/2018", 
        "flight duration": "0 days 7 hours 10 minutes", 
        "plane": "", 
        "departure date": "30/12/2018", 
        "stops": "1", 
        "plane code": "", 
        "departure": ", Guadalajara", 
        "timings": [
            {
                "arrival_airport": "Ciudad de M\u00e9xico, Distrito Federal (MEX-A. Internacional de la Ciudad de M\u00e9xico)", 
                "arrival_time": "08:32", 
                "departure_airport": "Guadalajara, Jalisco (GDL-Don Miguel Hidalgo y Costilla Intl.)", 
                "departure_time": "07:02"
            }, 
            {
                "arrival_airport": "Tijuana, Baja California Norte (TIJ-A. Internacional General Abelardo L. Rodr\u00edguez)", 
                "arrival_time": "12:12", 
                "departure_airport": "Ciudad de M\u00e9xico, Distrito Federal (MEX-A. Internacional de la Ciudad de M\u00e9xico)", 
                "departure_time": "10:26"
            }
        ], 
        "ticket price": "9506.00", 
        "airline": "Volaris"
    }, 
    {
        "arrival": ", Tijuana", 
        "consult date": "10/05/2018", 
        "flight duration": "0 days 8 hours 12 minutes", 
        "plane": "", 
        "departure date": "30/12/2018", 
        "stops": "1", 
        "plane code": "", 
        "departure": ", Guadalajara", 
        "timings": [
            {
                "arrival_airport": "Ciudad de M\u00e9xico, Distrito Federal (MEX-A. Internacional de la Ciudad de M\u00e9xico)", 
                "arrival_time": "07:30", 
                "departure_airport": "Guadalajara, Jalisco (GDL-Don Miguel Hidalgo y Costilla Intl.)", 
                "departure_time": "06:00"
            }, 
            {
                "arrival_airport": "Tijuana, Baja California Norte (TIJ-A. Internacional General Abelardo L. Rodr\u00edguez)", 
                "arrival_time": "12:12", 
                "departure_airport": "Ciudad de M\u00e9xico, Distrito Federal (MEX-A. Internacional de la Ciudad de M\u00e9xico)", 
                "departure_time": "10:26"
            }
        ], 
        "ticket price": "9506.00", 
        "airline": "Volaris"
    }, 
    {
        "arrival": ", Tijuana", 
        "consult date": "10/05/2018", 
        "flight duration": "0 days 3 hours 0 minutes", 
        "plane": "", 
        "departure date": "30/12/2018", 
        "stops": 0, 
        "plane code": "", 
        "departure": ", Guadalajara", 
        "timings": [
            {
                "arrival_airport": "Tijuana, Baja California Norte (TIJ-A. Internacional General Abelardo L. Rodr\u00edguez)", 
                "arrival_time": "14:20", 
                "departure_airport": "Guadalajara, Jalisco (GDL-Don Miguel Hidalgo y Costilla Intl.)", 
                "departure_time": "13:20"
            }
        ], 
        "ticket price": "9906.24", 
        "airline": "Interjet"
    }
]