[
    {
        "arrival": ", Chetumal", 
        "consult date": "10/05/2018", 
        "flight duration": "0 days 8 hours 45 minutes", 
        "plane": "", 
        "departure date": "15/08/2018", 
        "stops": "1", 
        "plane code": "", 
        "departure": ", Guadalajara", 
        "timings": [
            {
                "arrival_airport": "Ciudad de M\u00e9xico, Distrito Federal (MEX-A. Internacional de la Ciudad de M\u00e9xico)", 
                "arrival_time": "12:35", 
                "departure_airport": "Guadalajara, Jalisco (GDL-Don Miguel Hidalgo y Costilla Intl.)", 
                "departure_time": "11:15"
            }, 
            {
                "arrival_airport": "Chetumal, Quintana Roo (CTM-A. Internacional de Chetumal)", 
                "arrival_time": "20:00", 
                "departure_airport": "Ciudad de M\u00e9xico, Distrito Federal (MEX-A. Internacional de la Ciudad de M\u00e9xico)", 
                "departure_time": "18:05"
            }
        ], 
        "ticket price": "2906.34", 
        "airline": "Interjet"
    }, 
    {
        "arrival": ", Chetumal", 
        "consult date": "10/05/2018", 
        "flight duration": "0 days 11 hours 10 minutes", 
        "plane": "", 
        "departure date": "15/08/2018", 
        "stops": "1", 
        "plane code": "", 
        "departure": ", Guadalajara", 
        "timings": [
            {
                "arrival_airport": "Ciudad de M\u00e9xico, Distrito Federal (MEX-A. Internacional de la Ciudad de M\u00e9xico)", 
                "arrival_time": "10:05", 
                "departure_airport": "Guadalajara, Jalisco (GDL-Don Miguel Hidalgo y Costilla Intl.)", 
                "departure_time": "08:50"
            }, 
            {
                "arrival_airport": "Chetumal, Quintana Roo (CTM-A. Internacional de Chetumal)", 
                "arrival_time": "20:00", 
                "departure_airport": "Ciudad de M\u00e9xico, Distrito Federal (MEX-A. Internacional de la Ciudad de M\u00e9xico)", 
                "departure_time": "18:05"
            }
        ], 
        "ticket price": "2906.34", 
        "airline": "Interjet"
    }, 
    {
        "arrival": ", Chetumal", 
        "consult date": "10/05/2018", 
        "flight duration": "0 days 14 hours 5 minutes", 
        "plane": "", 
        "departure date": "15/08/2018", 
        "stops": "1", 
        "plane code": "", 
        "departure": ", Guadalajara", 
        "timings": [
            {
                "arrival_airport": "Ciudad de M\u00e9xico, Distrito Federal (MEX-A. Internacional de la Ciudad de M\u00e9xico)", 
                "arrival_time": "07:15", 
                "departure_airport": "Guadalajara, Jalisco (GDL-Don Miguel Hidalgo y Costilla Intl.)", 
                "departure_time": "05:55"
            }, 
            {
                "arrival_airport": "Chetumal, Quintana Roo (CTM-A. Internacional de Chetumal)", 
                "arrival_time": "20:00", 
                "departure_airport": "Ciudad de M\u00e9xico, Distrito Federal (MEX-A. Internacional de la Ciudad de M\u00e9xico)", 
                "departure_time": "18:05"
            }
        ], 
        "ticket price": "2906.34", 
        "airline": "Interjet"
    }, 
    {
        "arrival": ", Chetumal", 
        "consult date": "10/05/2018", 
        "flight duration": "0 days 12 hours 25 minutes", 
        "plane": "", 
        "departure date": "15/08/2018", 
        "stops": "1", 
        "plane code": "", 
        "departure": ", Guadalajara", 
        "timings": [
            {
                "arrival_airport": "Ciudad de M\u00e9xico, Distrito Federal (MEX-A. Internacional de la Ciudad de M\u00e9xico)", 
                "arrival_time": "08:55", 
                "departure_airport": "Guadalajara, Jalisco (GDL-Don Miguel Hidalgo y Costilla Intl.)", 
                "departure_time": "07:35"
            }, 
            {
                "arrival_airport": "Chetumal, Quintana Roo (CTM-A. Internacional de Chetumal)", 
                "arrival_time": "20:00", 
                "departure_airport": "Ciudad de M\u00e9xico, Distrito Federal (MEX-A. Internacional de la Ciudad de M\u00e9xico)", 
                "departure_time": "18:05"
            }
        ], 
        "ticket price": "2906.34", 
        "airline": "Interjet"
    }, 
    {
        "arrival": ", Chetumal", 
        "consult date": "10/05/2018", 
        "flight duration": "0 days 12 hours 15 minutes", 
        "plane": "", 
        "departure date": "15/08/2018", 
        "stops": "1", 
        "plane code": "", 
        "departure": ", Guadalajara", 
        "timings": [
            {
                "arrival_airport": "Ciudad de M\u00e9xico, Distrito Federal (MEX-A. Internacional de la Ciudad de M\u00e9xico)", 
                "arrival_time": "12:35", 
                "departure_airport": "Guadalajara, Jalisco (GDL-Don Miguel Hidalgo y Costilla Intl.)", 
                "departure_time": "11:15"
            }, 
            {
                "arrival_airport": "Chetumal, Quintana Roo (CTM-A. Internacional de Chetumal)", 
                "arrival_time": "23:30", 
                "departure_airport": "Ciudad de M\u00e9xico, Distrito Federal (MEX-A. Internacional de la Ciudad de M\u00e9xico)", 
                "departure_time": "21:40"
            }
        ], 
        "ticket price": "2906.34", 
        "airline": "Interjet"
    }, 
    {
        "arrival": ", Chetumal", 
        "consult date": "10/05/2018", 
        "flight duration": "0 days 14 hours 40 minutes", 
        "plane": "", 
        "departure date": "15/08/2018", 
        "stops": "1", 
        "plane code": "", 
        "departure": ", Guadalajara", 
        "timings": [
            {
                "arrival_airport": "Ciudad de M\u00e9xico, Distrito Federal (MEX-A. Internacional de la Ciudad de M\u00e9xico)", 
                "arrival_time": "10:05", 
                "departure_airport": "Guadalajara, Jalisco (GDL-Don Miguel Hidalgo y Costilla Intl.)", 
                "departure_time": "08:50"
            }, 
            {
                "arrival_airport": "Chetumal, Quintana Roo (CTM-A. Internacional de Chetumal)", 
                "arrival_time": "23:30", 
                "departure_airport": "Ciudad de M\u00e9xico, Distrito Federal (MEX-A. Internacional de la Ciudad de M\u00e9xico)", 
                "departure_time": "21:40"
            }
        ], 
        "ticket price": "2906.34", 
        "airline": "Interjet"
    }, 
    {
        "arrival": ", Chetumal", 
        "consult date": "10/05/2018", 
        "flight duration": "0 days 6 hours 45 minutes", 
        "plane": "", 
        "departure date": "15/08/2018", 
        "stops": "1", 
        "plane code": "", 
        "departure": ", Guadalajara", 
        "timings": [
            {
                "arrival_airport": "Ciudad de M\u00e9xico, Distrito Federal (MEX-A. Internacional de la Ciudad de M\u00e9xico)", 
                "arrival_time": "18:05", 
                "departure_airport": "Guadalajara, Jalisco (GDL-Don Miguel Hidalgo y Costilla Intl.)", 
                "departure_time": "16:45"
            }, 
            {
                "arrival_airport": "Chetumal, Quintana Roo (CTM-A. Internacional de Chetumal)", 
                "arrival_time": "23:30", 
                "departure_airport": "Ciudad de M\u00e9xico, Distrito Federal (MEX-A. Internacional de la Ciudad de M\u00e9xico)", 
                "departure_time": "21:40"
            }
        ], 
        "ticket price": "2988.47", 
        "airline": "Interjet"
    }, 
    {
        "arrival": ", Chetumal", 
        "consult date": "10/05/2018", 
        "flight duration": "1 days 12 hours 40 minutes", 
        "plane": "", 
        "departure date": "15/08/2018", 
        "stops": "1", 
        "plane code": "", 
        "departure": ", Guadalajara", 
        "timings": [
            {
                "arrival_airport": "Ciudad de M\u00e9xico, Distrito Federal (MEX-A. Internacional de la Ciudad de M\u00e9xico)", 
                "arrival_time": "20:50", 
                "departure_airport": "Guadalajara, Jalisco (GDL-Don Miguel Hidalgo y Costilla Intl.)", 
                "departure_time": "19:30"
            }, 
            {
                "arrival_airport": "Chetumal, Quintana Roo (CTM-A. Internacional de Chetumal)", 
                "arrival_time": "08:10", 
                "departure_airport": "Ciudad de M\u00e9xico, Distrito Federal (MEX-A. Internacional de la Ciudad de M\u00e9xico)", 
                "departure_time": "06:15"
            }
        ], 
        "ticket price": "2988.47", 
        "airline": "Interjet"
    }, 
    {
        "arrival": ", Chetumal", 
        "consult date": "10/05/2018", 
        "flight duration": "1 days 11 hours 10 minutes", 
        "plane": "", 
        "departure date": "15/08/2018", 
        "stops": "1", 
        "plane code": "", 
        "departure": ", Guadalajara", 
        "timings": [
            {
                "arrival_airport": "Ciudad de M\u00e9xico, Distrito Federal (MEX-A. Internacional de la Ciudad de M\u00e9xico)", 
                "arrival_time": "22:20", 
                "departure_airport": "Guadalajara, Jalisco (GDL-Don Miguel Hidalgo y Costilla Intl.)", 
                "departure_time": "21:00"
            }, 
            {
                "arrival_airport": "Chetumal, Quintana Roo (CTM-A. Internacional de Chetumal)", 
                "arrival_time": "08:10", 
                "departure_airport": "Ciudad de M\u00e9xico, Distrito Federal (MEX-A. Internacional de la Ciudad de M\u00e9xico)", 
                "departure_time": "06:15"
            }
        ], 
        "ticket price": "3060.18", 
        "airline": "Interjet"
    }, 
    {
        "arrival": ", Chetumal", 
        "consult date": "10/05/2018", 
        "flight duration": "1 days 13 hours 20 minutes", 
        "plane": "", 
        "departure date": "15/08/2018", 
        "stops": "1", 
        "plane code": "", 
        "departure": ", Guadalajara", 
        "timings": [
            {
                "arrival_airport": "Ciudad de M\u00e9xico, Distrito Federal (MEX-A. Internacional de la Ciudad de M\u00e9xico)", 
                "arrival_time": "20:10", 
                "departure_airport": "Guadalajara, Jalisco (GDL-Don Miguel Hidalgo y Costilla Intl.)", 
                "departure_time": "18:50"
            }, 
            {
                "arrival_airport": "Chetumal, Quintana Roo (CTM-A. Internacional de Chetumal)", 
                "arrival_time": "08:10", 
                "departure_airport": "Ciudad de M\u00e9xico, Distrito Federal (MEX-A. Internacional de la Ciudad de M\u00e9xico)", 
                "departure_time": "06:15"
            }
        ], 
        "ticket price": "4004.26", 
        "airline": "Interjet"
    }, 
    {
        "arrival": ", Chetumal", 
        "consult date": "10/05/2018", 
        "flight duration": "0 days 4 hours 40 minutes", 
        "plane": "", 
        "departure date": "15/08/2018", 
        "stops": "1", 
        "plane code": "", 
        "departure": ", Guadalajara", 
        "timings": [
            {
                "arrival_airport": "Ciudad de M\u00e9xico, Distrito Federal (MEX-A. Internacional de la Ciudad de M\u00e9xico)", 
                "arrival_time": "20:10", 
                "departure_airport": "Guadalajara, Jalisco (GDL-Don Miguel Hidalgo y Costilla Intl.)", 
                "departure_time": "18:50"
            }, 
            {
                "arrival_airport": "Chetumal, Quintana Roo (CTM-A. Internacional de Chetumal)", 
                "arrival_time": "23:30", 
                "departure_airport": "Ciudad de M\u00e9xico, Distrito Federal (MEX-A. Internacional de la Ciudad de M\u00e9xico)", 
                "departure_time": "21:40"
            }
        ], 
        "ticket price": "4004.26", 
        "airline": "Interjet"
    }, 
    {
        "arrival": ", Chetumal", 
        "consult date": "10/05/2018", 
        "flight duration": "0 days 9 hours 15 minutes", 
        "plane": "", 
        "departure date": "15/08/2018", 
        "stops": "1", 
        "plane code": "", 
        "departure": ", Guadalajara", 
        "timings": [
            {
                "arrival_airport": "Ciudad de M\u00e9xico, Distrito Federal (MEX-A. Internacional de la Ciudad de M\u00e9xico)", 
                "arrival_time": "15:30", 
                "departure_airport": "Guadalajara, Jalisco (GDL-Don Miguel Hidalgo y Costilla Intl.)", 
                "departure_time": "14:15"
            }, 
            {
                "arrival_airport": "Chetumal, Quintana Roo (CTM-A. Internacional de Chetumal)", 
                "arrival_time": "23:30", 
                "departure_airport": "Ciudad de M\u00e9xico, Distrito Federal (MEX-A. Internacional de la Ciudad de M\u00e9xico)", 
                "departure_time": "21:40"
            }
        ], 
        "ticket price": "4225.62", 
        "airline": "Interjet"
    }, 
    {
        "arrival": ", Chetumal", 
        "consult date": "10/05/2018", 
        "flight duration": "0 days 5 hours 45 minutes", 
        "plane": "", 
        "departure date": "15/08/2018", 
        "stops": "1", 
        "plane code": "", 
        "departure": ", Guadalajara", 
        "timings": [
            {
                "arrival_airport": "Ciudad de M\u00e9xico, Distrito Federal (MEX-A. Internacional de la Ciudad de M\u00e9xico)", 
                "arrival_time": "15:30", 
                "departure_airport": "Guadalajara, Jalisco (GDL-Don Miguel Hidalgo y Costilla Intl.)", 
                "departure_time": "14:15"
            }, 
            {
                "arrival_airport": "Chetumal, Quintana Roo (CTM-A. Internacional de Chetumal)", 
                "arrival_time": "20:00", 
                "departure_airport": "Ciudad de M\u00e9xico, Distrito Federal (MEX-A. Internacional de la Ciudad de M\u00e9xico)", 
                "departure_time": "18:05"
            }
        ], 
        "ticket price": "4225.62", 
        "airline": "Interjet"
    }
]