[
    {
        "arrival": ", Mazatl\u00e1n", 
        "consult date": "10/05/2018", 
        "flight duration": "0 days 13 hours 12 minutes", 
        "plane": "EMBRAER 170", 
        "departure date": "30/07/2018", 
        "stops": "3", 
        "plane code": "E70", 
        "departure": ", Hermosillo", 
        "timings": [
            {
                "arrival_airport": "Monterrey, Nuevo Le\u00f3n (MTY-A. Internacional General Mariano Escobedo)", 
                "arrival_time": "12:59", 
                "departure_airport": "Hermosillo, Sonora (HMO-A. Internacional General Ignacio Pesqueira Garc\u00eda)", 
                "departure_time": "09:03"
            }, 
            {
                "arrival_airport": "Guadalajara, Jalisco (GDL-Don Miguel Hidalgo y Costilla Intl.)", 
                "arrival_time": "15:08", 
                "departure_airport": "Monterrey, Nuevo Le\u00f3n (MTY-A. Internacional General Mariano Escobedo)", 
                "departure_time": "13:34"
            }, 
            {
                "arrival_airport": "Ciudad de M\u00e9xico, Distrito Federal (MEX-A. Internacional de la Ciudad de M\u00e9xico)", 
                "arrival_time": "21:20", 
                "departure_airport": "Guadalajara, Jalisco (GDL-Don Miguel Hidalgo y Costilla Intl.)", 
                "departure_time": "19:54"
            }, 
            {
                "arrival_airport": "Mazatl\u00e1n, Sinaloa (MZT-A. Internacional General Rafael Buelna)", 
                "arrival_time": "23:15", 
                "departure_airport": "Ciudad de M\u00e9xico, Distrito Federal (MEX-A. Internacional de la Ciudad de M\u00e9xico)", 
                "departure_time": "22:15"
            }
        ], 
        "ticket price": "10311.00", 
        "airline": "Aeromexico"
    }, 
    {
        "arrival": ", Mazatl\u00e1n", 
        "consult date": "10/05/2018", 
        "flight duration": "0 days 13 hours 12 minutes", 
        "plane": "EMBRAER 170", 
        "departure date": "30/07/2018", 
        "stops": "3", 
        "plane code": "E70", 
        "departure": ", Hermosillo", 
        "timings": [
            {
                "arrival_airport": "Monterrey, Nuevo Le\u00f3n (MTY-A. Internacional General Mariano Escobedo)", 
                "arrival_time": "12:59", 
                "departure_airport": "Hermosillo, Sonora (HMO-A. Internacional General Ignacio Pesqueira Garc\u00eda)", 
                "departure_time": "09:03"
            }, 
            {
                "arrival_airport": "Guadalajara, Jalisco (GDL-Don Miguel Hidalgo y Costilla Intl.)", 
                "arrival_time": "15:08", 
                "departure_airport": "Monterrey, Nuevo Le\u00f3n (MTY-A. Internacional General Mariano Escobedo)", 
                "departure_time": "13:34"
            }, 
            {
                "arrival_airport": "Ciudad de M\u00e9xico, Distrito Federal (MEX-A. Internacional de la Ciudad de M\u00e9xico)", 
                "arrival_time": "19:15", 
                "departure_airport": "Guadalajara, Jalisco (GDL-Don Miguel Hidalgo y Costilla Intl.)", 
                "departure_time": "17:54"
            }, 
            {
                "arrival_airport": "Mazatl\u00e1n, Sinaloa (MZT-A. Internacional General Rafael Buelna)", 
                "arrival_time": "23:15", 
                "departure_airport": "Ciudad de M\u00e9xico, Distrito Federal (MEX-A. Internacional de la Ciudad de M\u00e9xico)", 
                "departure_time": "22:15"
            }
        ], 
        "ticket price": "10311.00", 
        "airline": "Aeromexico"
    }, 
    {
        "arrival": ", Mazatl\u00e1n", 
        "consult date": "10/05/2018", 
        "flight duration": "0 days 7 hours 53 minutes", 
        "plane": "EMBRAER 170", 
        "departure date": "30/07/2018", 
        "stops": "2", 
        "plane code": "E70", 
        "departure": ", Hermosillo", 
        "timings": [
            {
                "arrival_airport": "Monterrey, Nuevo Le\u00f3n (MTY-A. Internacional General Mariano Escobedo)", 
                "arrival_time": "12:59", 
                "departure_airport": "Hermosillo, Sonora (HMO-A. Internacional General Ignacio Pesqueira Garc\u00eda)", 
                "departure_time": "09:03"
            }, 
            {
                "arrival_airport": "Ciudad de M\u00e9xico, Distrito Federal (MEX-A. Internacional de la Ciudad de M\u00e9xico)", 
                "arrival_time": "15:15", 
                "departure_airport": "Monterrey, Nuevo Le\u00f3n (MTY-A. Internacional General Mariano Escobedo)", 
                "departure_time": "13:42"
            }, 
            {
                "arrival_airport": "Mazatl\u00e1n, Sinaloa (MZT-A. Internacional General Rafael Buelna)", 
                "arrival_time": "17:56", 
                "departure_airport": "Ciudad de M\u00e9xico, Distrito Federal (MEX-A. Internacional de la Ciudad de M\u00e9xico)", 
                "departure_time": "17:00"
            }
        ], 
        "ticket price": "10368.00", 
        "airline": "Aeromexico"
    }, 
    {
        "arrival": ", Mazatl\u00e1n", 
        "consult date": "10/05/2018", 
        "flight duration": "0 days 10 hours 0 minutes", 
        "plane": "", 
        "departure date": "30/07/2018", 
        "stops": "1", 
        "plane code": "", 
        "departure": ", Hermosillo", 
        "timings": [
            {
                "arrival_airport": "Ciudad de M\u00e9xico, Distrito Federal (MEX-A. Internacional de la Ciudad de M\u00e9xico)", 
                "arrival_time": "12:05", 
                "departure_airport": "Hermosillo, Sonora (HMO-A. Internacional General Ignacio Pesqueira Garc\u00eda)", 
                "departure_time": "07:35"
            }, 
            {
                "arrival_airport": "Mazatl\u00e1n, Sinaloa (MZT-A. Internacional General Rafael Buelna)", 
                "arrival_time": "18:35", 
                "departure_airport": "Ciudad de M\u00e9xico, Distrito Federal (MEX-A. Internacional de la Ciudad de M\u00e9xico)", 
                "departure_time": "17:55"
            }
        ], 
        "ticket price": "5403.84", 
        "airline": "Interjet"
    }, 
    {
        "arrival": ", Mazatl\u00e1n", 
        "consult date": "10/05/2018", 
        "flight duration": "0 days 9 hours 1 minutes", 
        "plane": "BOEING 737-800 SCIMITAR WINGLETS", 
        "departure date": "30/07/2018", 
        "stops": "1", 
        "plane code": "7S8", 
        "departure": ", Hermosillo", 
        "timings": [
            {
                "arrival_airport": "Ciudad de M\u00e9xico, Distrito Federal (MEX-A. Internacional de la Ciudad de M\u00e9xico)", 
                "arrival_time": "12:35", 
                "departure_airport": "Hermosillo, Sonora (HMO-A. Internacional General Ignacio Pesqueira Garc\u00eda)", 
                "departure_time": "07:55"
            }, 
            {
                "arrival_airport": "Mazatl\u00e1n, Sinaloa (MZT-A. Internacional General Rafael Buelna)", 
                "arrival_time": "17:56", 
                "departure_airport": "Ciudad de M\u00e9xico, Distrito Federal (MEX-A. Internacional de la Ciudad de M\u00e9xico)", 
                "departure_time": "17:00"
            }
        ], 
        "ticket price": "5873.00", 
        "airline": "Aeromexico"
    }, 
    {
        "arrival": ", Mazatl\u00e1n", 
        "consult date": "10/05/2018", 
        "flight duration": "0 days 8 hours 57 minutes", 
        "plane": "Boeing 737", 
        "departure date": "30/07/2018", 
        "stops": "1", 
        "plane code": "737", 
        "departure": ", Hermosillo", 
        "timings": [
            {
                "arrival_airport": "Ciudad de M\u00e9xico, Distrito Federal (MEX-A. Internacional de la Ciudad de M\u00e9xico)", 
                "arrival_time": "17:50", 
                "departure_airport": "Hermosillo, Sonora (HMO-A. Internacional General Ignacio Pesqueira Garc\u00eda)", 
                "departure_time": "13:18"
            }, 
            {
                "arrival_airport": "Mazatl\u00e1n, Sinaloa (MZT-A. Internacional General Rafael Buelna)", 
                "arrival_time": "23:15", 
                "departure_airport": "Ciudad de M\u00e9xico, Distrito Federal (MEX-A. Internacional de la Ciudad de M\u00e9xico)", 
                "departure_time": "22:15"
            }
        ], 
        "ticket price": "5873.00", 
        "airline": "Aeromexico"
    }, 
    {
        "arrival": ", Mazatl\u00e1n", 
        "consult date": "10/05/2018", 
        "flight duration": "0 days 13 hours 12 minutes", 
        "plane": "EMBRAER 170", 
        "departure date": "30/07/2018", 
        "stops": "2", 
        "plane code": "E70", 
        "departure": ", Hermosillo", 
        "timings": [
            {
                "arrival_airport": "Monterrey, Nuevo Le\u00f3n (MTY-A. Internacional General Mariano Escobedo)", 
                "arrival_time": "12:59", 
                "departure_airport": "Hermosillo, Sonora (HMO-A. Internacional General Ignacio Pesqueira Garc\u00eda)", 
                "departure_time": "09:03"
            }, 
            {
                "arrival_airport": "Ciudad de M\u00e9xico, Distrito Federal (MEX-A. Internacional de la Ciudad de M\u00e9xico)", 
                "arrival_time": "18:50", 
                "departure_airport": "Monterrey, Nuevo Le\u00f3n (MTY-A. Internacional General Mariano Escobedo)", 
                "departure_time": "17:15"
            }, 
            {
                "arrival_airport": "Mazatl\u00e1n, Sinaloa (MZT-A. Internacional General Rafael Buelna)", 
                "arrival_time": "23:15", 
                "departure_airport": "Ciudad de M\u00e9xico, Distrito Federal (MEX-A. Internacional de la Ciudad de M\u00e9xico)", 
                "departure_time": "22:15"
            }
        ], 
        "ticket price": "8918.00", 
        "airline": "Aeromexico"
    }, 
    {
        "arrival": ", Mazatl\u00e1n", 
        "consult date": "10/05/2018", 
        "flight duration": "0 days 13 hours 12 minutes", 
        "plane": "EMBRAER 170", 
        "departure date": "30/07/2018", 
        "stops": "2", 
        "plane code": "E70", 
        "departure": ", Hermosillo", 
        "timings": [
            {
                "arrival_airport": "Monterrey, Nuevo Le\u00f3n (MTY-A. Internacional General Mariano Escobedo)", 
                "arrival_time": "12:59", 
                "departure_airport": "Hermosillo, Sonora (HMO-A. Internacional General Ignacio Pesqueira Garc\u00eda)", 
                "departure_time": "09:03"
            }, 
            {
                "arrival_airport": "Ciudad de M\u00e9xico, Distrito Federal (MEX-A. Internacional de la Ciudad de M\u00e9xico)", 
                "arrival_time": "17:55", 
                "departure_airport": "Monterrey, Nuevo Le\u00f3n (MTY-A. Internacional General Mariano Escobedo)", 
                "departure_time": "16:18"
            }, 
            {
                "arrival_airport": "Mazatl\u00e1n, Sinaloa (MZT-A. Internacional General Rafael Buelna)", 
                "arrival_time": "23:15", 
                "departure_airport": "Ciudad de M\u00e9xico, Distrito Federal (MEX-A. Internacional de la Ciudad de M\u00e9xico)", 
                "departure_time": "22:15"
            }
        ], 
        "ticket price": "9614.00", 
        "airline": "Aeromexico"
    }, 
    {
        "arrival": ", Mazatl\u00e1n", 
        "consult date": "10/05/2018", 
        "flight duration": "0 days 7 hours 53 minutes", 
        "plane": "EMBRAER 170", 
        "departure date": "30/07/2018", 
        "stops": "2", 
        "plane code": "E70", 
        "departure": ", Hermosillo", 
        "timings": [
            {
                "arrival_airport": "Monterrey, Nuevo Le\u00f3n (MTY-A. Internacional General Mariano Escobedo)", 
                "arrival_time": "12:59", 
                "departure_airport": "Hermosillo, Sonora (HMO-A. Internacional General Ignacio Pesqueira Garc\u00eda)", 
                "departure_time": "09:03"
            }, 
            {
                "arrival_airport": "Ciudad de M\u00e9xico, Distrito Federal (MEX-A. Internacional de la Ciudad de M\u00e9xico)", 
                "arrival_time": "16:00", 
                "departure_airport": "Monterrey, Nuevo Le\u00f3n (MTY-A. Internacional General Mariano Escobedo)", 
                "departure_time": "14:26"
            }, 
            {
                "arrival_airport": "Mazatl\u00e1n, Sinaloa (MZT-A. Internacional General Rafael Buelna)", 
                "arrival_time": "17:56", 
                "departure_airport": "Ciudad de M\u00e9xico, Distrito Federal (MEX-A. Internacional de la Ciudad de M\u00e9xico)", 
                "departure_time": "17:00"
            }
        ], 
        "ticket price": "9614.00", 
        "airline": "Aeromexico"
    }
]