[
    {
        "arrival": ", Monterrey", 
        "consult date": "10/05/2018", 
        "flight duration": "0 days 6 hours 50 minutes", 
        "plane": "", 
        "departure date": "29/12/2018", 
        "stops": "1", 
        "plane code": "", 
        "departure": ", Hermosillo", 
        "timings": [
            {
                "arrival_airport": "Guadalajara, Jalisco (GDL-Don Miguel Hidalgo y Costilla Intl.)", 
                "arrival_time": "11:20", 
                "departure_airport": "Hermosillo, Sonora (HMO-A. Internacional General Ignacio Pesqueira Garc\u00eda)", 
                "departure_time": "07:15"
            }, 
            {
                "arrival_airport": "Monterrey, Nuevo Le\u00f3n (MTY-A. Internacional General Mariano Escobedo)", 
                "arrival_time": "16:05", 
                "departure_airport": "Guadalajara, Jalisco (GDL-Don Miguel Hidalgo y Costilla Intl.)", 
                "departure_time": "14:45"
            }
        ], 
        "ticket price": "1236.80", 
        "airline": "Interjet"
    }, 
    {
        "arrival": ", Monterrey", 
        "consult date": "10/05/2018", 
        "flight duration": "1 days 14 hours 10 minutes", 
        "plane": "", 
        "departure date": "29/12/2018", 
        "stops": "1", 
        "plane code": "", 
        "departure": ", Hermosillo", 
        "timings": [
            {
                "arrival_airport": "Guadalajara, Jalisco (GDL-Don Miguel Hidalgo y Costilla Intl.)", 
                "arrival_time": "23:10", 
                "departure_airport": "Hermosillo, Sonora (HMO-A. Internacional General Ignacio Pesqueira Garc\u00eda)", 
                "departure_time": "19:05"
            }, 
            {
                "arrival_airport": "Monterrey, Nuevo Le\u00f3n (MTY-A. Internacional General Mariano Escobedo)", 
                "arrival_time": "11:15", 
                "departure_airport": "Guadalajara, Jalisco (GDL-Don Miguel Hidalgo y Costilla Intl.)", 
                "departure_time": "09:55"
            }
        ], 
        "ticket price": "1398.96", 
        "airline": "Interjet"
    }, 
    {
        "arrival": ", Monterrey", 
        "consult date": "10/05/2018", 
        "flight duration": "0 days 2 hours 0 minutes", 
        "plane": "", 
        "departure date": "29/12/2018", 
        "stops": 0, 
        "plane code": "", 
        "departure": ", Hermosillo", 
        "timings": [
            {
                "arrival_airport": "Monterrey, Nuevo Le\u00f3n (MTY-A. Internacional General Mariano Escobedo)", 
                "arrival_time": "19:15", 
                "departure_airport": "Hermosillo, Sonora (HMO-A. Internacional General Ignacio Pesqueira Garc\u00eda)", 
                "departure_time": "15:15"
            }
        ], 
        "ticket price": "1780.34", 
        "airline": "VivaAerobus"
    }, 
    {
        "arrival": ", Monterrey", 
        "consult date": "10/05/2018", 
        "flight duration": "0 days 2 hours 5 minutes", 
        "plane": "EMBRAER 170", 
        "departure date": "29/12/2018", 
        "stops": 0, 
        "plane code": "E70", 
        "departure": ", Hermosillo", 
        "timings": [
            {
                "arrival_airport": "Monterrey, Nuevo Le\u00f3n (MTY-A. Internacional General Mariano Escobedo)", 
                "arrival_time": "13:00", 
                "departure_airport": "Hermosillo, Sonora (HMO-A. Internacional General Ignacio Pesqueira Garc\u00eda)", 
                "departure_time": "08:55"
            }
        ], 
        "ticket price": "1919.38", 
        "airline": "Aeromexico"
    }, 
    {
        "arrival": ", Monterrey", 
        "consult date": "10/05/2018", 
        "flight duration": "0 days 8 hours 25 minutes", 
        "plane": "", 
        "departure date": "29/12/2018", 
        "stops": "1", 
        "plane code": "", 
        "departure": ", Hermosillo", 
        "timings": [
            {
                "arrival_airport": "Ciudad de M\u00e9xico, Distrito Federal (MEX-A. Internacional de la Ciudad de M\u00e9xico)", 
                "arrival_time": "16:15", 
                "departure_airport": "Hermosillo, Sonora (HMO-A. Internacional General Ignacio Pesqueira Garc\u00eda)", 
                "departure_time": "11:45"
            }, 
            {
                "arrival_airport": "Monterrey, Nuevo Le\u00f3n (MTY-A. Internacional General Mariano Escobedo)", 
                "arrival_time": "22:10", 
                "departure_airport": "Ciudad de M\u00e9xico, Distrito Federal (MEX-A. Internacional de la Ciudad de M\u00e9xico)", 
                "departure_time": "20:35"
            }
        ], 
        "ticket price": "2196.44", 
        "airline": "Interjet"
    }, 
    {
        "arrival": ", Monterrey", 
        "consult date": "10/05/2018", 
        "flight duration": "1 days 10 hours 13 minutes", 
        "plane": "", 
        "departure date": "29/12/2018", 
        "stops": "1", 
        "plane code": "", 
        "departure": ", Hermosillo", 
        "timings": [
            {
                "arrival_airport": "Tijuana, Baja California Norte (TIJ-A. Internacional General Abelardo L. Rodr\u00edguez)", 
                "arrival_time": "23:16", 
                "departure_airport": "Hermosillo, Sonora (HMO-A. Internacional General Ignacio Pesqueira Garc\u00eda)", 
                "departure_time": "21:45"
            }, 
            {
                "arrival_airport": "Monterrey, Nuevo Le\u00f3n (MTY-A. Internacional General Mariano Escobedo)", 
                "arrival_time": "09:58", 
                "departure_airport": "Tijuana, Baja California Norte (TIJ-A. Internacional General Abelardo L. Rodr\u00edguez)", 
                "departure_time": "05:00"
            }
        ], 
        "ticket price": "2685.00", 
        "airline": "Volaris"
    }, 
    {
        "arrival": ", Monterrey", 
        "consult date": "10/05/2018", 
        "flight duration": "1 days 7 hours 13 minutes", 
        "plane": "", 
        "departure date": "29/12/2018", 
        "stops": "1", 
        "plane code": "", 
        "departure": ", Hermosillo", 
        "timings": [
            {
                "arrival_airport": "Tijuana, Baja California Norte (TIJ-A. Internacional General Abelardo L. Rodr\u00edguez)", 
                "arrival_time": "23:16", 
                "departure_airport": "Hermosillo, Sonora (HMO-A. Internacional General Ignacio Pesqueira Garc\u00eda)", 
                "departure_time": "21:45"
            }, 
            {
                "arrival_airport": "Monterrey, Nuevo Le\u00f3n (MTY-A. Internacional General Mariano Escobedo)", 
                "arrival_time": "06:58", 
                "departure_airport": "Tijuana, Baja California Norte (TIJ-A. Internacional General Abelardo L. Rodr\u00edguez)", 
                "departure_time": "02:00"
            }
        ], 
        "ticket price": "2685.00", 
        "airline": "Volaris"
    }, 
    {
        "arrival": ", Monterrey", 
        "consult date": "10/05/2018", 
        "flight duration": "0 days 6 hours 20 minutes", 
        "plane": "Boeing 737", 
        "departure date": "29/12/2018", 
        "stops": "1", 
        "plane code": "737", 
        "departure": ", Hermosillo", 
        "timings": [
            {
                "arrival_airport": "Ciudad de M\u00e9xico, Distrito Federal (MEX-A. Internacional de la Ciudad de M\u00e9xico)", 
                "arrival_time": "18:05", 
                "departure_airport": "Hermosillo, Sonora (HMO-A. Internacional General Ignacio Pesqueira Garc\u00eda)", 
                "departure_time": "13:20"
            }, 
            {
                "arrival_airport": "Monterrey, Nuevo Le\u00f3n (MTY-A. Internacional General Mariano Escobedo)", 
                "arrival_time": "21:40", 
                "departure_airport": "Ciudad de M\u00e9xico, Distrito Federal (MEX-A. Internacional de la Ciudad de M\u00e9xico)", 
                "departure_time": "20:00"
            }
        ], 
        "ticket price": "3467.00", 
        "airline": "Aeromexico"
    }, 
    {
        "arrival": ", Monterrey", 
        "consult date": "10/05/2018", 
        "flight duration": "0 days 8 hours 34 minutes", 
        "plane": "Boeing 737", 
        "departure date": "29/12/2018", 
        "stops": "1", 
        "plane code": "737", 
        "departure": ", Hermosillo", 
        "timings": [
            {
                "arrival_airport": "Ciudad de M\u00e9xico, Distrito Federal (MEX-A. Internacional de la Ciudad de M\u00e9xico)", 
                "arrival_time": "18:05", 
                "departure_airport": "Hermosillo, Sonora (HMO-A. Internacional General Ignacio Pesqueira Garc\u00eda)", 
                "departure_time": "13:20"
            }, 
            {
                "arrival_airport": "Monterrey, Nuevo Le\u00f3n (MTY-A. Internacional General Mariano Escobedo)", 
                "arrival_time": "23:54", 
                "departure_airport": "Ciudad de M\u00e9xico, Distrito Federal (MEX-A. Internacional de la Ciudad de M\u00e9xico)", 
                "departure_time": "22:00"
            }
        ], 
        "ticket price": "3467.00", 
        "airline": "Aeromexico"
    }, 
    {
        "arrival": ", Monterrey", 
        "consult date": "10/05/2018", 
        "flight duration": "0 days 5 hours 45 minutes", 
        "plane": "Boeing 737", 
        "departure date": "29/12/2018", 
        "stops": "1", 
        "plane code": "737", 
        "departure": ", Hermosillo", 
        "timings": [
            {
                "arrival_airport": "Ciudad de M\u00e9xico, Distrito Federal (MEX-A. Internacional de la Ciudad de M\u00e9xico)", 
                "arrival_time": "10:45", 
                "departure_airport": "Hermosillo, Sonora (HMO-A. Internacional General Ignacio Pesqueira Garc\u00eda)", 
                "departure_time": "06:00"
            }, 
            {
                "arrival_airport": "Monterrey, Nuevo Le\u00f3n (MTY-A. Internacional General Mariano Escobedo)", 
                "arrival_time": "13:45", 
                "departure_airport": "Ciudad de M\u00e9xico, Distrito Federal (MEX-A. Internacional de la Ciudad de M\u00e9xico)", 
                "departure_time": "11:55"
            }
        ], 
        "ticket price": "3467.00", 
        "airline": "Aeromexico"
    }, 
    {
        "arrival": ", Monterrey", 
        "consult date": "10/05/2018", 
        "flight duration": "0 days 6 hours 45 minutes", 
        "plane": "Boeing 737", 
        "departure date": "29/12/2018", 
        "stops": "1", 
        "plane code": "737", 
        "departure": ", Hermosillo", 
        "timings": [
            {
                "arrival_airport": "Ciudad de M\u00e9xico, Distrito Federal (MEX-A. Internacional de la Ciudad de M\u00e9xico)", 
                "arrival_time": "10:45", 
                "departure_airport": "Hermosillo, Sonora (HMO-A. Internacional General Ignacio Pesqueira Garc\u00eda)", 
                "departure_time": "06:00"
            }, 
            {
                "arrival_airport": "Monterrey, Nuevo Le\u00f3n (MTY-A. Internacional General Mariano Escobedo)", 
                "arrival_time": "14:45", 
                "departure_airport": "Ciudad de M\u00e9xico, Distrito Federal (MEX-A. Internacional de la Ciudad de M\u00e9xico)", 
                "departure_time": "13:00"
            }
        ], 
        "ticket price": "3467.00", 
        "airline": "Aeromexico"
    }, 
    {
        "arrival": ", Monterrey", 
        "consult date": "10/05/2018", 
        "flight duration": "0 days 7 hours 32 minutes", 
        "plane": "Boeing 737", 
        "departure date": "29/12/2018", 
        "stops": "1", 
        "plane code": "737", 
        "departure": ", Hermosillo", 
        "timings": [
            {
                "arrival_airport": "Ciudad de M\u00e9xico, Distrito Federal (MEX-A. Internacional de la Ciudad de M\u00e9xico)", 
                "arrival_time": "18:05", 
                "departure_airport": "Hermosillo, Sonora (HMO-A. Internacional General Ignacio Pesqueira Garc\u00eda)", 
                "departure_time": "13:20"
            }, 
            {
                "arrival_airport": "Monterrey, Nuevo Le\u00f3n (MTY-A. Internacional General Mariano Escobedo)", 
                "arrival_time": "22:52", 
                "departure_airport": "Ciudad de M\u00e9xico, Distrito Federal (MEX-A. Internacional de la Ciudad de M\u00e9xico)", 
                "departure_time": "21:00"
            }
        ], 
        "ticket price": "3467.00", 
        "airline": "Aeromexico"
    }, 
    {
        "arrival": ", Monterrey", 
        "consult date": "10/05/2018", 
        "flight duration": "0 days 9 hours 10 minutes", 
        "plane": "Boeing 737", 
        "departure date": "29/12/2018", 
        "stops": "2", 
        "plane code": "737", 
        "departure": ", Hermosillo", 
        "timings": [
            {
                "arrival_airport": "Ciudad de M\u00e9xico, Distrito Federal (MEX-A. Internacional de la Ciudad de M\u00e9xico)", 
                "arrival_time": "10:45", 
                "departure_airport": "Hermosillo, Sonora (HMO-A. Internacional General Ignacio Pesqueira Garc\u00eda)", 
                "departure_time": "06:00"
            }, 
            {
                "arrival_airport": "Guadalajara, Jalisco (GDL-Don Miguel Hidalgo y Costilla Intl.)", 
                "arrival_time": "14:29", 
                "departure_airport": "Ciudad de M\u00e9xico, Distrito Federal (MEX-A. Internacional de la Ciudad de M\u00e9xico)", 
                "departure_time": "13:10"
            }, 
            {
                "arrival_airport": "Monterrey, Nuevo Le\u00f3n (MTY-A. Internacional General Mariano Escobedo)", 
                "arrival_time": "17:10", 
                "departure_airport": "Guadalajara, Jalisco (GDL-Don Miguel Hidalgo y Costilla Intl.)", 
                "departure_time": "15:30"
            }
        ], 
        "ticket price": "4402.75", 
        "airline": "Aeromexico"
    }, 
    {
        "arrival": ", Monterrey", 
        "consult date": "10/05/2018", 
        "flight duration": "0 days 5 hours 26 minutes", 
        "plane": "Boeing 737", 
        "departure date": "29/12/2018", 
        "stops": "1", 
        "plane code": "737", 
        "departure": ", Hermosillo", 
        "timings": [
            {
                "arrival_airport": "Ciudad de M\u00e9xico, Distrito Federal (MEX-A. Internacional de la Ciudad de M\u00e9xico)", 
                "arrival_time": "18:05", 
                "departure_airport": "Hermosillo, Sonora (HMO-A. Internacional General Ignacio Pesqueira Garc\u00eda)", 
                "departure_time": "13:20"
            }, 
            {
                "arrival_airport": "Monterrey, Nuevo Le\u00f3n (MTY-A. Internacional General Mariano Escobedo)", 
                "arrival_time": "20:46", 
                "departure_airport": "Ciudad de M\u00e9xico, Distrito Federal (MEX-A. Internacional de la Ciudad de M\u00e9xico)", 
                "departure_time": "19:00"
            }
        ], 
        "ticket price": "4829.75", 
        "airline": "Aeromexico"
    }, 
    {
        "arrival": ", Monterrey", 
        "consult date": "10/05/2018", 
        "flight duration": "0 days 8 hours 44 minutes", 
        "plane": "Boeing 737", 
        "departure date": "29/12/2018", 
        "stops": "1", 
        "plane code": "737", 
        "departure": ", Hermosillo", 
        "timings": [
            {
                "arrival_airport": "Ciudad de M\u00e9xico, Distrito Federal (MEX-A. Internacional de la Ciudad de M\u00e9xico)", 
                "arrival_time": "12:40", 
                "departure_airport": "Hermosillo, Sonora (HMO-A. Internacional General Ignacio Pesqueira Garc\u00eda)", 
                "departure_time": "07:54"
            }, 
            {
                "arrival_airport": "Monterrey, Nuevo Le\u00f3n (MTY-A. Internacional General Mariano Escobedo)", 
                "arrival_time": "18:38", 
                "departure_airport": "Ciudad de M\u00e9xico, Distrito Federal (MEX-A. Internacional de la Ciudad de M\u00e9xico)", 
                "departure_time": "17:00"
            }
        ], 
        "ticket price": "6014.75", 
        "airline": "Aeromexico"
    }, 
    {
        "arrival": ", Monterrey", 
        "consult date": "10/05/2018", 
        "flight duration": "0 days 7 hours 47 minutes", 
        "plane": "Boeing 737", 
        "departure date": "29/12/2018", 
        "stops": "1", 
        "plane code": "737", 
        "departure": ", Hermosillo", 
        "timings": [
            {
                "arrival_airport": "Ciudad de M\u00e9xico, Distrito Federal (MEX-A. Internacional de la Ciudad de M\u00e9xico)", 
                "arrival_time": "12:40", 
                "departure_airport": "Hermosillo, Sonora (HMO-A. Internacional General Ignacio Pesqueira Garc\u00eda)", 
                "departure_time": "07:54"
            }, 
            {
                "arrival_airport": "Monterrey, Nuevo Le\u00f3n (MTY-A. Internacional General Mariano Escobedo)", 
                "arrival_time": "17:41", 
                "departure_airport": "Ciudad de M\u00e9xico, Distrito Federal (MEX-A. Internacional de la Ciudad de M\u00e9xico)", 
                "departure_time": "16:00"
            }
        ], 
        "ticket price": "6014.75", 
        "airline": "Aeromexico"
    }, 
    {
        "arrival": ", Monterrey", 
        "consult date": "10/05/2018", 
        "flight duration": "0 days 7 hours 11 minutes", 
        "plane": "Boeing 737", 
        "departure date": "29/12/2018", 
        "stops": "2", 
        "plane code": "737", 
        "departure": ", Hermosillo", 
        "timings": [
            {
                "arrival_airport": "Ciudad de M\u00e9xico, Distrito Federal (MEX-A. Internacional de la Ciudad de M\u00e9xico)", 
                "arrival_time": "12:40", 
                "departure_airport": "Hermosillo, Sonora (HMO-A. Internacional General Ignacio Pesqueira Garc\u00eda)", 
                "departure_time": "07:54"
            }, 
            {
                "arrival_airport": "Veracruz, Veracruz (VER-A. Internacional General Heriberto Jara)", 
                "arrival_time": "14:30", 
                "departure_airport": "Ciudad de M\u00e9xico, Distrito Federal (MEX-A. Internacional de la Ciudad de M\u00e9xico)", 
                "departure_time": "13:30"
            }, 
            {
                "arrival_airport": "Monterrey, Nuevo Le\u00f3n (MTY-A. Internacional General Mariano Escobedo)", 
                "arrival_time": "17:05", 
                "departure_airport": "Veracruz, Veracruz (VER-A. Internacional General Heriberto Jara)", 
                "departure_time": "15:35"
            }
        ], 
        "ticket price": "7912.80", 
        "airline": "Aeromexico"
    }, 
    {
        "arrival": ", Monterrey", 
        "consult date": "10/05/2018", 
        "flight duration": "0 days 9 hours 5 minutes", 
        "plane": "Boeing 737", 
        "departure date": "29/12/2018", 
        "stops": "2", 
        "plane code": "737", 
        "departure": ", Hermosillo", 
        "timings": [
            {
                "arrival_airport": "Ciudad de M\u00e9xico, Distrito Federal (MEX-A. Internacional de la Ciudad de M\u00e9xico)", 
                "arrival_time": "10:45", 
                "departure_airport": "Hermosillo, Sonora (HMO-A. Internacional General Ignacio Pesqueira Garc\u00eda)", 
                "departure_time": "06:00"
            }, 
            {
                "arrival_airport": "Veracruz, Veracruz (VER-A. Internacional General Heriberto Jara)", 
                "arrival_time": "14:30", 
                "departure_airport": "Ciudad de M\u00e9xico, Distrito Federal (MEX-A. Internacional de la Ciudad de M\u00e9xico)", 
                "departure_time": "13:30"
            }, 
            {
                "arrival_airport": "Monterrey, Nuevo Le\u00f3n (MTY-A. Internacional General Mariano Escobedo)", 
                "arrival_time": "17:05", 
                "departure_airport": "Veracruz, Veracruz (VER-A. Internacional General Heriberto Jara)", 
                "departure_time": "15:35"
            }
        ], 
        "ticket price": "7912.80", 
        "airline": "Aeromexico"
    }, 
    {
        "arrival": ", Monterrey", 
        "consult date": "10/05/2018", 
        "flight duration": "0 days 9 hours 5 minutes", 
        "plane": "Boeing 737", 
        "departure date": "29/12/2018", 
        "stops": "2", 
        "plane code": "737", 
        "departure": ", Hermosillo", 
        "timings": [
            {
                "arrival_airport": "Ciudad de M\u00e9xico, Distrito Federal (MEX-A. Internacional de la Ciudad de M\u00e9xico)", 
                "arrival_time": "10:45", 
                "departure_airport": "Hermosillo, Sonora (HMO-A. Internacional General Ignacio Pesqueira Garc\u00eda)", 
                "departure_time": "06:00"
            }, 
            {
                "arrival_airport": "Veracruz, Veracruz (VER-A. Internacional General Heriberto Jara)", 
                "arrival_time": "13:01", 
                "departure_airport": "Ciudad de M\u00e9xico, Distrito Federal (MEX-A. Internacional de la Ciudad de M\u00e9xico)", 
                "departure_time": "11:50"
            }, 
            {
                "arrival_airport": "Monterrey, Nuevo Le\u00f3n (MTY-A. Internacional General Mariano Escobedo)", 
                "arrival_time": "17:05", 
                "departure_airport": "Veracruz, Veracruz (VER-A. Internacional General Heriberto Jara)", 
                "departure_time": "15:35"
            }
        ], 
        "ticket price": "7912.80", 
        "airline": "Aeromexico"
    }, 
    {
        "arrival": ", Monterrey", 
        "consult date": "10/05/2018", 
        "flight duration": "0 days 8 hours 45 minutes", 
        "plane": "Boeing 737", 
        "departure date": "29/12/2018", 
        "stops": "1", 
        "plane code": "737", 
        "departure": ", Hermosillo", 
        "timings": [
            {
                "arrival_airport": "Ciudad de M\u00e9xico, Distrito Federal (MEX-A. Internacional de la Ciudad de M\u00e9xico)", 
                "arrival_time": "10:45", 
                "departure_airport": "Hermosillo, Sonora (HMO-A. Internacional General Ignacio Pesqueira Garc\u00eda)", 
                "departure_time": "06:00"
            }, 
            {
                "arrival_airport": "Monterrey, Nuevo Le\u00f3n (MTY-A. Internacional General Mariano Escobedo)", 
                "arrival_time": "16:45", 
                "departure_airport": "Ciudad de M\u00e9xico, Distrito Federal (MEX-A. Internacional de la Ciudad de M\u00e9xico)", 
                "departure_time": "15:00"
            }
        ], 
        "ticket price": "8621.75", 
        "airline": "Aeromexico"
    }, 
    {
        "arrival": ", Monterrey", 
        "consult date": "10/05/2018", 
        "flight duration": "0 days 6 hours 51 minutes", 
        "plane": "Boeing 737", 
        "departure date": "29/12/2018", 
        "stops": "1", 
        "plane code": "737", 
        "departure": ", Hermosillo", 
        "timings": [
            {
                "arrival_airport": "Ciudad de M\u00e9xico, Distrito Federal (MEX-A. Internacional de la Ciudad de M\u00e9xico)", 
                "arrival_time": "12:40", 
                "departure_airport": "Hermosillo, Sonora (HMO-A. Internacional General Ignacio Pesqueira Garc\u00eda)", 
                "departure_time": "07:54"
            }, 
            {
                "arrival_airport": "Monterrey, Nuevo Le\u00f3n (MTY-A. Internacional General Mariano Escobedo)", 
                "arrival_time": "16:45", 
                "departure_airport": "Ciudad de M\u00e9xico, Distrito Federal (MEX-A. Internacional de la Ciudad de M\u00e9xico)", 
                "departure_time": "15:00"
            }
        ], 
        "ticket price": "8621.75", 
        "airline": "Aeromexico"
    }
]