[
    {
        "arrival": ", Puerto Vallarta", 
        "consult date": "10/05/2018", 
        "flight duration": "0 days 11 hours 46 minutes", 
        "plane": "", 
        "departure date": "20/10/2018", 
        "stops": "1", 
        "plane code": "", 
        "departure": ", Hermosillo", 
        "timings": [
            {
                "arrival_airport": "Ciudad de M\u00e9xico, Distrito Federal (MEX-A. Internacional de la Ciudad de M\u00e9xico)", 
                "arrival_time": "11:46", 
                "departure_airport": "Hermosillo, Sonora (HMO-A. Internacional General Ignacio Pesqueira Garc\u00eda)", 
                "departure_time": "07:06"
            }, 
            {
                "arrival_airport": "Puerto Vallarta, Jalisco (PVR-A. Internacional Licenciado Gustavo D\u00edaz Ordaz)", 
                "arrival_time": "20:52", 
                "departure_airport": "Ciudad de M\u00e9xico, Distrito Federal (MEX-A. Internacional de la Ciudad de M\u00e9xico)", 
                "departure_time": "19:10"
            }
        ], 
        "ticket price": "2286.00", 
        "airline": "Volaris"
    }, 
    {
        "arrival": ", Puerto Vallarta", 
        "consult date": "10/05/2018", 
        "flight duration": "0 days 8 hours 3 minutes", 
        "plane": "", 
        "departure date": "20/10/2018", 
        "stops": "1", 
        "plane code": "", 
        "departure": ", Hermosillo", 
        "timings": [
            {
                "arrival_airport": "Tijuana, Baja California Norte (TIJ-A. Internacional General Abelardo L. Rodr\u00edguez)", 
                "arrival_time": "11:58", 
                "departure_airport": "Hermosillo, Sonora (HMO-A. Internacional General Ignacio Pesqueira Garc\u00eda)", 
                "departure_time": "10:27"
            }, 
            {
                "arrival_airport": "Puerto Vallarta, Jalisco (PVR-A. Internacional Licenciado Gustavo D\u00edaz Ordaz)", 
                "arrival_time": "20:30", 
                "departure_airport": "Tijuana, Baja California Norte (TIJ-A. Internacional General Abelardo L. Rodr\u00edguez)", 
                "departure_time": "15:40"
            }
        ], 
        "ticket price": "2521.00", 
        "airline": "Volaris"
    }, 
    {
        "arrival": ", Puerto Vallarta", 
        "consult date": "10/05/2018", 
        "flight duration": "0 days 7 hours 19 minutes", 
        "plane": "Boeing 737", 
        "departure date": "20/10/2018", 
        "stops": "1", 
        "plane code": "737", 
        "departure": ", Hermosillo", 
        "timings": [
            {
                "arrival_airport": "Ciudad de M\u00e9xico, Distrito Federal (MEX-A. Internacional de la Ciudad de M\u00e9xico)", 
                "arrival_time": "12:40", 
                "departure_airport": "Hermosillo, Sonora (HMO-A. Internacional General Ignacio Pesqueira Garc\u00eda)", 
                "departure_time": "07:54"
            }, 
            {
                "arrival_airport": "Puerto Vallarta, Jalisco (PVR-A. Internacional Licenciado Gustavo D\u00edaz Ordaz)", 
                "arrival_time": "17:13", 
                "departure_airport": "Ciudad de M\u00e9xico, Distrito Federal (MEX-A. Internacional de la Ciudad de M\u00e9xico)", 
                "departure_time": "15:30"
            }
        ], 
        "ticket price": "3229.00", 
        "airline": "Aeromexico"
    }, 
    {
        "arrival": ", Puerto Vallarta", 
        "consult date": "10/05/2018", 
        "flight duration": "0 days 6 hours 38 minutes", 
        "plane": "Boeing 737", 
        "departure date": "20/10/2018", 
        "stops": "1", 
        "plane code": "737", 
        "departure": ", Hermosillo", 
        "timings": [
            {
                "arrival_airport": "Ciudad de M\u00e9xico, Distrito Federal (MEX-A. Internacional de la Ciudad de M\u00e9xico)", 
                "arrival_time": "18:05", 
                "departure_airport": "Hermosillo, Sonora (HMO-A. Internacional General Ignacio Pesqueira Garc\u00eda)", 
                "departure_time": "13:20"
            }, 
            {
                "arrival_airport": "Puerto Vallarta, Jalisco (PVR-A. Internacional Licenciado Gustavo D\u00edaz Ordaz)", 
                "arrival_time": "21:58", 
                "departure_airport": "Ciudad de M\u00e9xico, Distrito Federal (MEX-A. Internacional de la Ciudad de M\u00e9xico)", 
                "departure_time": "20:15"
            }
        ], 
        "ticket price": "3229.00", 
        "airline": "Aeromexico"
    }, 
    {
        "arrival": ", Puerto Vallarta", 
        "consult date": "10/05/2018", 
        "flight duration": "0 days 9 hours 13 minutes", 
        "plane": "Boeing 737", 
        "departure date": "20/10/2018", 
        "stops": "1", 
        "plane code": "737", 
        "departure": ", Hermosillo", 
        "timings": [
            {
                "arrival_airport": "Ciudad de M\u00e9xico, Distrito Federal (MEX-A. Internacional de la Ciudad de M\u00e9xico)", 
                "arrival_time": "10:45", 
                "departure_airport": "Hermosillo, Sonora (HMO-A. Internacional General Ignacio Pesqueira Garc\u00eda)", 
                "departure_time": "06:00"
            }, 
            {
                "arrival_airport": "Puerto Vallarta, Jalisco (PVR-A. Internacional Licenciado Gustavo D\u00edaz Ordaz)", 
                "arrival_time": "17:13", 
                "departure_airport": "Ciudad de M\u00e9xico, Distrito Federal (MEX-A. Internacional de la Ciudad de M\u00e9xico)", 
                "departure_time": "15:30"
            }
        ], 
        "ticket price": "3229.00", 
        "airline": "Aeromexico"
    }, 
    {
        "arrival": ", Puerto Vallarta", 
        "consult date": "10/05/2018", 
        "flight duration": "0 days 6 hours 2 minutes", 
        "plane": "Boeing 737", 
        "departure date": "20/10/2018", 
        "stops": "1", 
        "plane code": "737", 
        "departure": ", Hermosillo", 
        "timings": [
            {
                "arrival_airport": "Ciudad de M\u00e9xico, Distrito Federal (MEX-A. Internacional de la Ciudad de M\u00e9xico)", 
                "arrival_time": "10:45", 
                "departure_airport": "Hermosillo, Sonora (HMO-A. Internacional General Ignacio Pesqueira Garc\u00eda)", 
                "departure_time": "06:00"
            }, 
            {
                "arrival_airport": "Puerto Vallarta, Jalisco (PVR-A. Internacional Licenciado Gustavo D\u00edaz Ordaz)", 
                "arrival_time": "14:02", 
                "departure_airport": "Ciudad de M\u00e9xico, Distrito Federal (MEX-A. Internacional de la Ciudad de M\u00e9xico)", 
                "departure_time": "12:05"
            }
        ], 
        "ticket price": "3229.00", 
        "airline": "Aeromexico"
    }, 
    {
        "arrival": ", Puerto Vallarta", 
        "consult date": "10/05/2018", 
        "flight duration": "0 days 8 hours 33 minutes", 
        "plane": "Boeing 737", 
        "departure date": "20/10/2018", 
        "stops": "1", 
        "plane code": "737", 
        "departure": ", Hermosillo", 
        "timings": [
            {
                "arrival_airport": "Ciudad de M\u00e9xico, Distrito Federal (MEX-A. Internacional de la Ciudad de M\u00e9xico)", 
                "arrival_time": "12:40", 
                "departure_airport": "Hermosillo, Sonora (HMO-A. Internacional General Ignacio Pesqueira Garc\u00eda)", 
                "departure_time": "07:54"
            }, 
            {
                "arrival_airport": "Puerto Vallarta, Jalisco (PVR-A. Internacional Licenciado Gustavo D\u00edaz Ordaz)", 
                "arrival_time": "18:27", 
                "departure_airport": "Ciudad de M\u00e9xico, Distrito Federal (MEX-A. Internacional de la Ciudad de M\u00e9xico)", 
                "departure_time": "17:00"
            }
        ], 
        "ticket price": "3345.00", 
        "airline": "Aeromexico"
    }, 
    {
        "arrival": ", Puerto Vallarta", 
        "consult date": "10/05/2018", 
        "flight duration": "0 days 11 hours 3 minutes", 
        "plane": "EMBRAER 170", 
        "departure date": "20/10/2018", 
        "stops": "2", 
        "plane code": "E70", 
        "departure": ", Hermosillo", 
        "timings": [
            {
                "arrival_airport": "Monterrey, Nuevo Le\u00f3n (MTY-A. Internacional General Mariano Escobedo)", 
                "arrival_time": "13:00", 
                "departure_airport": "Hermosillo, Sonora (HMO-A. Internacional General Ignacio Pesqueira Garc\u00eda)", 
                "departure_time": "08:55"
            }, 
            {
                "arrival_airport": "Ciudad de M\u00e9xico, Distrito Federal (MEX-A. Internacional de la Ciudad de M\u00e9xico)", 
                "arrival_time": "15:55", 
                "departure_airport": "Monterrey, Nuevo Le\u00f3n (MTY-A. Internacional General Mariano Escobedo)", 
                "departure_time": "14:21"
            }, 
            {
                "arrival_airport": "Puerto Vallarta, Jalisco (PVR-A. Internacional Licenciado Gustavo D\u00edaz Ordaz)", 
                "arrival_time": "21:58", 
                "departure_airport": "Ciudad de M\u00e9xico, Distrito Federal (MEX-A. Internacional de la Ciudad de M\u00e9xico)", 
                "departure_time": "20:15"
            }
        ], 
        "ticket price": "4306.00", 
        "airline": "Aeromexico"
    }, 
    {
        "arrival": ", Puerto Vallarta", 
        "consult date": "10/05/2018", 
        "flight duration": "0 days 11 hours 3 minutes", 
        "plane": "EMBRAER 170", 
        "departure date": "20/10/2018", 
        "stops": "2", 
        "plane code": "E70", 
        "departure": ", Hermosillo", 
        "timings": [
            {
                "arrival_airport": "Monterrey, Nuevo Le\u00f3n (MTY-A. Internacional General Mariano Escobedo)", 
                "arrival_time": "13:00", 
                "departure_airport": "Hermosillo, Sonora (HMO-A. Internacional General Ignacio Pesqueira Garc\u00eda)", 
                "departure_time": "08:55"
            }, 
            {
                "arrival_airport": "Ciudad de M\u00e9xico, Distrito Federal (MEX-A. Internacional de la Ciudad de M\u00e9xico)", 
                "arrival_time": "17:00", 
                "departure_airport": "Monterrey, Nuevo Le\u00f3n (MTY-A. Internacional General Mariano Escobedo)", 
                "departure_time": "15:23"
            }, 
            {
                "arrival_airport": "Puerto Vallarta, Jalisco (PVR-A. Internacional Licenciado Gustavo D\u00edaz Ordaz)", 
                "arrival_time": "21:58", 
                "departure_airport": "Ciudad de M\u00e9xico, Distrito Federal (MEX-A. Internacional de la Ciudad de M\u00e9xico)", 
                "departure_time": "20:15"
            }
        ], 
        "ticket price": "4306.00", 
        "airline": "Aeromexico"
    }, 
    {
        "arrival": ", Puerto Vallarta", 
        "consult date": "10/05/2018", 
        "flight duration": "0 days 7 hours 32 minutes", 
        "plane": "EMBRAER 170", 
        "departure date": "20/10/2018", 
        "stops": "2", 
        "plane code": "E70", 
        "departure": ", Hermosillo", 
        "timings": [
            {
                "arrival_airport": "Monterrey, Nuevo Le\u00f3n (MTY-A. Internacional General Mariano Escobedo)", 
                "arrival_time": "13:00", 
                "departure_airport": "Hermosillo, Sonora (HMO-A. Internacional General Ignacio Pesqueira Garc\u00eda)", 
                "departure_time": "08:55"
            }, 
            {
                "arrival_airport": "Ciudad de M\u00e9xico, Distrito Federal (MEX-A. Internacional de la Ciudad de M\u00e9xico)", 
                "arrival_time": "15:55", 
                "departure_airport": "Monterrey, Nuevo Le\u00f3n (MTY-A. Internacional General Mariano Escobedo)", 
                "departure_time": "14:21"
            }, 
            {
                "arrival_airport": "Puerto Vallarta, Jalisco (PVR-A. Internacional Licenciado Gustavo D\u00edaz Ordaz)", 
                "arrival_time": "18:27", 
                "departure_airport": "Ciudad de M\u00e9xico, Distrito Federal (MEX-A. Internacional de la Ciudad de M\u00e9xico)", 
                "departure_time": "17:00"
            }
        ], 
        "ticket price": "4306.00", 
        "airline": "Aeromexico"
    }, 
    {
        "arrival": ", Puerto Vallarta", 
        "consult date": "10/05/2018", 
        "flight duration": "0 days 11 hours 3 minutes", 
        "plane": "EMBRAER 170", 
        "departure date": "20/10/2018", 
        "stops": "2", 
        "plane code": "E70", 
        "departure": ", Hermosillo", 
        "timings": [
            {
                "arrival_airport": "Monterrey, Nuevo Le\u00f3n (MTY-A. Internacional General Mariano Escobedo)", 
                "arrival_time": "13:00", 
                "departure_airport": "Hermosillo, Sonora (HMO-A. Internacional General Ignacio Pesqueira Garc\u00eda)", 
                "departure_time": "08:55"
            }, 
            {
                "arrival_airport": "Ciudad de M\u00e9xico, Distrito Federal (MEX-A. Internacional de la Ciudad de M\u00e9xico)", 
                "arrival_time": "19:00", 
                "departure_airport": "Monterrey, Nuevo Le\u00f3n (MTY-A. Internacional General Mariano Escobedo)", 
                "departure_time": "17:20"
            }, 
            {
                "arrival_airport": "Puerto Vallarta, Jalisco (PVR-A. Internacional Licenciado Gustavo D\u00edaz Ordaz)", 
                "arrival_time": "21:58", 
                "departure_airport": "Ciudad de M\u00e9xico, Distrito Federal (MEX-A. Internacional de la Ciudad de M\u00e9xico)", 
                "departure_time": "20:15"
            }
        ], 
        "ticket price": "4306.00", 
        "airline": "Aeromexico"
    }, 
    {
        "arrival": ", Puerto Vallarta", 
        "consult date": "10/05/2018", 
        "flight duration": "0 days 11 hours 3 minutes", 
        "plane": "EMBRAER 170", 
        "departure date": "20/10/2018", 
        "stops": "2", 
        "plane code": "E70", 
        "departure": ", Hermosillo", 
        "timings": [
            {
                "arrival_airport": "Monterrey, Nuevo Le\u00f3n (MTY-A. Internacional General Mariano Escobedo)", 
                "arrival_time": "13:00", 
                "departure_airport": "Hermosillo, Sonora (HMO-A. Internacional General Ignacio Pesqueira Garc\u00eda)", 
                "departure_time": "08:55"
            }, 
            {
                "arrival_airport": "Ciudad de M\u00e9xico, Distrito Federal (MEX-A. Internacional de la Ciudad de M\u00e9xico)", 
                "arrival_time": "15:25", 
                "departure_airport": "Monterrey, Nuevo Le\u00f3n (MTY-A. Internacional General Mariano Escobedo)", 
                "departure_time": "13:50"
            }, 
            {
                "arrival_airport": "Puerto Vallarta, Jalisco (PVR-A. Internacional Licenciado Gustavo D\u00edaz Ordaz)", 
                "arrival_time": "21:58", 
                "departure_airport": "Ciudad de M\u00e9xico, Distrito Federal (MEX-A. Internacional de la Ciudad de M\u00e9xico)", 
                "departure_time": "20:15"
            }
        ], 
        "ticket price": "4306.00", 
        "airline": "Aeromexico"
    }, 
    {
        "arrival": ", Puerto Vallarta", 
        "consult date": "10/05/2018", 
        "flight duration": "0 days 7 hours 32 minutes", 
        "plane": "EMBRAER 170", 
        "departure date": "20/10/2018", 
        "stops": "2", 
        "plane code": "E70", 
        "departure": ", Hermosillo", 
        "timings": [
            {
                "arrival_airport": "Monterrey, Nuevo Le\u00f3n (MTY-A. Internacional General Mariano Escobedo)", 
                "arrival_time": "13:00", 
                "departure_airport": "Hermosillo, Sonora (HMO-A. Internacional General Ignacio Pesqueira Garc\u00eda)", 
                "departure_time": "08:55"
            }, 
            {
                "arrival_airport": "Ciudad de M\u00e9xico, Distrito Federal (MEX-A. Internacional de la Ciudad de M\u00e9xico)", 
                "arrival_time": "15:25", 
                "departure_airport": "Monterrey, Nuevo Le\u00f3n (MTY-A. Internacional General Mariano Escobedo)", 
                "departure_time": "13:50"
            }, 
            {
                "arrival_airport": "Puerto Vallarta, Jalisco (PVR-A. Internacional Licenciado Gustavo D\u00edaz Ordaz)", 
                "arrival_time": "18:27", 
                "departure_airport": "Ciudad de M\u00e9xico, Distrito Federal (MEX-A. Internacional de la Ciudad de M\u00e9xico)", 
                "departure_time": "17:00"
            }
        ], 
        "ticket price": "4741.00", 
        "airline": "Aeromexico"
    }
]