[
    {
        "arrival": ", Tijuana", 
        "consult date": "10/05/2018", 
        "flight duration": "0 days 1 hours 20 minutes", 
        "plane": "", 
        "departure date": "22/12/2018", 
        "stops": 0, 
        "plane code": "", 
        "departure": ", Hermosillo", 
        "timings": [
            {
                "arrival_airport": "Tijuana, Baja California Norte (TIJ-A. Internacional General Abelardo L. Rodr\u00edguez)", 
                "arrival_time": "15:55", 
                "departure_airport": "Hermosillo, Sonora (HMO-A. Internacional General Ignacio Pesqueira Garc\u00eda)", 
                "departure_time": "14:35"
            }
        ], 
        "ticket price": "1199.00", 
        "airline": "Interjet"
    }, 
    {
        "arrival": ", Tijuana", 
        "consult date": "10/05/2018", 
        "flight duration": "0 days 1 hours 29 minutes", 
        "plane": "", 
        "departure date": "22/12/2018", 
        "stops": 0, 
        "plane code": "", 
        "departure": ", Hermosillo", 
        "timings": [
            {
                "arrival_airport": "Tijuana, Baja California Norte (TIJ-A. Internacional General Abelardo L. Rodr\u00edguez)", 
                "arrival_time": "23:16", 
                "departure_airport": "Hermosillo, Sonora (HMO-A. Internacional General Ignacio Pesqueira Garc\u00eda)", 
                "departure_time": "21:47"
            }
        ], 
        "ticket price": "2404.00", 
        "airline": "Volaris"
    }, 
    {
        "arrival": ", Tijuana", 
        "consult date": "10/05/2018", 
        "flight duration": "0 days 1 hours 29 minutes", 
        "plane": "", 
        "departure date": "22/12/2018", 
        "stops": 0, 
        "plane code": "", 
        "departure": ", Hermosillo", 
        "timings": [
            {
                "arrival_airport": "Tijuana, Baja California Norte (TIJ-A. Internacional General Abelardo L. Rodr\u00edguez)", 
                "arrival_time": "11:58", 
                "departure_airport": "Hermosillo, Sonora (HMO-A. Internacional General Ignacio Pesqueira Garc\u00eda)", 
                "departure_time": "10:29"
            }
        ], 
        "ticket price": "2404.00", 
        "airline": "Volaris"
    }, 
    {
        "arrival": ", Tijuana", 
        "consult date": "10/05/2018", 
        "flight duration": "0 days 12 hours 10 minutes", 
        "plane": "", 
        "departure date": "22/12/2018", 
        "stops": "1", 
        "plane code": "", 
        "departure": ", Hermosillo", 
        "timings": [
            {
                "arrival_airport": "Guadalajara, Jalisco (GDL-Don Miguel Hidalgo y Costilla Intl.)", 
                "arrival_time": "23:10", 
                "departure_airport": "Hermosillo, Sonora (HMO-A. Internacional General Ignacio Pesqueira Garc\u00eda)", 
                "departure_time": "19:05"
            }, 
            {
                "arrival_airport": "Tijuana, Baja California Norte (TIJ-A. Internacional General Abelardo L. Rodr\u00edguez)", 
                "arrival_time": "07:15", 
                "departure_airport": "Guadalajara, Jalisco (GDL-Don Miguel Hidalgo y Costilla Intl.)", 
                "departure_time": "06:15"
            }
        ], 
        "ticket price": "2783.77", 
        "airline": "Interjet"
    }, 
    {
        "arrival": ", Tijuana", 
        "consult date": "10/05/2018", 
        "flight duration": "0 days 10 hours 6 minutes", 
        "plane": "", 
        "departure date": "22/12/2018", 
        "stops": "1", 
        "plane code": "", 
        "departure": ", Hermosillo", 
        "timings": [
            {
                "arrival_airport": "Ciudad de M\u00e9xico, Distrito Federal (MEX-A. Internacional de la Ciudad de M\u00e9xico)", 
                "arrival_time": "11:46", 
                "departure_airport": "Hermosillo, Sonora (HMO-A. Internacional General Ignacio Pesqueira Garc\u00eda)", 
                "departure_time": "07:07"
            }, 
            {
                "arrival_airport": "Tijuana, Baja California Norte (TIJ-A. Internacional General Abelardo L. Rodr\u00edguez)", 
                "arrival_time": "17:13", 
                "departure_airport": "Ciudad de M\u00e9xico, Distrito Federal (MEX-A. Internacional de la Ciudad de M\u00e9xico)", 
                "departure_time": "15:27"
            }
        ], 
        "ticket price": "2985.00", 
        "airline": "Volaris"
    }, 
    {
        "arrival": ", Tijuana", 
        "consult date": "10/05/2018", 
        "flight duration": "0 days 8 hours 31 minutes", 
        "plane": "", 
        "departure date": "22/12/2018", 
        "stops": "1", 
        "plane code": "", 
        "departure": ", Hermosillo", 
        "timings": [
            {
                "arrival_airport": "Guadalajara, Jalisco (GDL-Don Miguel Hidalgo y Costilla Intl.)", 
                "arrival_time": "11:59", 
                "departure_airport": "Hermosillo, Sonora (HMO-A. Internacional General Ignacio Pesqueira Garc\u00eda)", 
                "departure_time": "07:47"
            }, 
            {
                "arrival_airport": "Tijuana, Baja California Norte (TIJ-A. Internacional General Abelardo L. Rodr\u00edguez)", 
                "arrival_time": "16:18", 
                "departure_airport": "Guadalajara, Jalisco (GDL-Don Miguel Hidalgo y Costilla Intl.)", 
                "departure_time": "15:10"
            }
        ], 
        "ticket price": "2985.00", 
        "airline": "Volaris"
    }, 
    {
        "arrival": ", Tijuana", 
        "consult date": "10/05/2018", 
        "flight duration": "0 days 9 hours 5 minutes", 
        "plane": "", 
        "departure date": "22/12/2018", 
        "stops": "1", 
        "plane code": "", 
        "departure": ", Hermosillo", 
        "timings": [
            {
                "arrival_airport": "Guadalajara, Jalisco (GDL-Don Miguel Hidalgo y Costilla Intl.)", 
                "arrival_time": "11:20", 
                "departure_airport": "Hermosillo, Sonora (HMO-A. Internacional General Ignacio Pesqueira Garc\u00eda)", 
                "departure_time": "07:15"
            }, 
            {
                "arrival_airport": "Tijuana, Baja California Norte (TIJ-A. Internacional General Abelardo L. Rodr\u00edguez)", 
                "arrival_time": "16:20", 
                "departure_airport": "Guadalajara, Jalisco (GDL-Don Miguel Hidalgo y Costilla Intl.)", 
                "departure_time": "15:25"
            }
        ], 
        "ticket price": "3100.16", 
        "airline": "Interjet"
    }, 
    {
        "arrival": ", Tijuana", 
        "consult date": "10/05/2018", 
        "flight duration": "0 days 11 hours 54 minutes", 
        "plane": "", 
        "departure date": "22/12/2018", 
        "stops": "1", 
        "plane code": "", 
        "departure": ", Hermosillo", 
        "timings": [
            {
                "arrival_airport": "Guadalajara, Jalisco (GDL-Don Miguel Hidalgo y Costilla Intl.)", 
                "arrival_time": "23:01", 
                "departure_airport": "Hermosillo, Sonora (HMO-A. Internacional General Ignacio Pesqueira Garc\u00eda)", 
                "departure_time": "18:49"
            }, 
            {
                "arrival_airport": "Tijuana, Baja California Norte (TIJ-A. Internacional General Abelardo L. Rodr\u00edguez)", 
                "arrival_time": "06:43", 
                "departure_airport": "Guadalajara, Jalisco (GDL-Don Miguel Hidalgo y Costilla Intl.)", 
                "departure_time": "05:35"
            }
        ], 
        "ticket price": "3235.00", 
        "airline": "Volaris"
    }, 
    {
        "arrival": ", Tijuana", 
        "consult date": "10/05/2018", 
        "flight duration": "0 days 9 hours 22 minutes", 
        "plane": "", 
        "departure date": "22/12/2018", 
        "stops": "1", 
        "plane code": "", 
        "departure": ", Hermosillo", 
        "timings": [
            {
                "arrival_airport": "Guadalajara, Jalisco (GDL-Don Miguel Hidalgo y Costilla Intl.)", 
                "arrival_time": "11:59", 
                "departure_airport": "Hermosillo, Sonora (HMO-A. Internacional General Ignacio Pesqueira Garc\u00eda)", 
                "departure_time": "07:47"
            }, 
            {
                "arrival_airport": "Tijuana, Baja California Norte (TIJ-A. Internacional General Abelardo L. Rodr\u00edguez)", 
                "arrival_time": "17:09", 
                "departure_airport": "Guadalajara, Jalisco (GDL-Don Miguel Hidalgo y Costilla Intl.)", 
                "departure_time": "16:01"
            }
        ], 
        "ticket price": "3535.00", 
        "airline": "Volaris"
    }, 
    {
        "arrival": ", Tijuana", 
        "consult date": "10/05/2018", 
        "flight duration": "0 days 13 hours 42 minutes", 
        "plane": "", 
        "departure date": "22/12/2018", 
        "stops": "1", 
        "plane code": "", 
        "departure": ", Hermosillo", 
        "timings": [
            {
                "arrival_airport": "Ciudad de M\u00e9xico, Distrito Federal (MEX-A. Internacional de la Ciudad de M\u00e9xico)", 
                "arrival_time": "11:46", 
                "departure_airport": "Hermosillo, Sonora (HMO-A. Internacional General Ignacio Pesqueira Garc\u00eda)", 
                "departure_time": "07:07"
            }, 
            {
                "arrival_airport": "Tijuana, Baja California Norte (TIJ-A. Internacional General Abelardo L. Rodr\u00edguez)", 
                "arrival_time": "20:49", 
                "departure_airport": "Ciudad de M\u00e9xico, Distrito Federal (MEX-A. Internacional de la Ciudad de M\u00e9xico)", 
                "departure_time": "19:03"
            }
        ], 
        "ticket price": "3535.00", 
        "airline": "Volaris"
    }
]