[
    {
        "arrival": ", Torre\u00f3n", 
        "consult date": "10/05/2018", 
        "flight duration": "0 days 7 hours 32 minutes", 
        "plane": "EMBRAER 170", 
        "departure date": "03/09/2018", 
        "stops": "2", 
        "plane code": "E70", 
        "departure": ", Hermosillo", 
        "timings": [
            {
                "arrival_airport": "Monterrey, Nuevo Le\u00f3n (MTY-A. Internacional General Mariano Escobedo)", 
                "arrival_time": "12:59", 
                "departure_airport": "Hermosillo, Sonora (HMO-A. Internacional General Ignacio Pesqueira Garc\u00eda)", 
                "departure_time": "09:03"
            }, 
            {
                "arrival_airport": "Ciudad de M\u00e9xico, Distrito Federal (MEX-A. Internacional de la Ciudad de M\u00e9xico)", 
                "arrival_time": "15:15", 
                "departure_airport": "Monterrey, Nuevo Le\u00f3n (MTY-A. Internacional General Mariano Escobedo)", 
                "departure_time": "13:42"
            }, 
            {
                "arrival_airport": "Torre\u00f3n, Coahuila (TRC-A. Internacional Francisco Sarabia", 
                "arrival_time": "18:35", 
                "departure_airport": "Ciudad de M\u00e9xico, Distrito Federal (MEX-A. Internacional de la Ciudad de M\u00e9xico)", 
                "departure_time": "16:50"
            }
        ], 
        "ticket price": "10951.80", 
        "airline": "Aeromexico"
    }, 
    {
        "arrival": ", Torre\u00f3n", 
        "consult date": "10/05/2018", 
        "flight duration": "0 days 8 hours 51 minutes", 
        "plane": "EMBRAER 170", 
        "departure date": "03/09/2018", 
        "stops": "2", 
        "plane code": "E70", 
        "departure": ", Hermosillo", 
        "timings": [
            {
                "arrival_airport": "Monterrey, Nuevo Le\u00f3n (MTY-A. Internacional General Mariano Escobedo)", 
                "arrival_time": "12:59", 
                "departure_airport": "Hermosillo, Sonora (HMO-A. Internacional General Ignacio Pesqueira Garc\u00eda)", 
                "departure_time": "09:03"
            }, 
            {
                "arrival_airport": "Ciudad de M\u00e9xico, Distrito Federal (MEX-A. Internacional de la Ciudad de M\u00e9xico)", 
                "arrival_time": "15:15", 
                "departure_airport": "Monterrey, Nuevo Le\u00f3n (MTY-A. Internacional General Mariano Escobedo)", 
                "departure_time": "13:42"
            }, 
            {
                "arrival_airport": "Torre\u00f3n, Coahuila (TRC-A. Internacional Francisco Sarabia", 
                "arrival_time": "19:54", 
                "departure_airport": "Ciudad de M\u00e9xico, Distrito Federal (MEX-A. Internacional de la Ciudad de M\u00e9xico)", 
                "departure_time": "18:00"
            }
        ], 
        "ticket price": "10951.80", 
        "airline": "Aeromexico"
    }, 
    {
        "arrival": ", Torre\u00f3n", 
        "consult date": "10/05/2018", 
        "flight duration": "0 days 12 hours 31 minutes", 
        "plane": "EMBRAER 170", 
        "departure date": "03/09/2018", 
        "stops": "2", 
        "plane code": "E70", 
        "departure": ", Hermosillo", 
        "timings": [
            {
                "arrival_airport": "Monterrey, Nuevo Le\u00f3n (MTY-A. Internacional General Mariano Escobedo)", 
                "arrival_time": "12:59", 
                "departure_airport": "Hermosillo, Sonora (HMO-A. Internacional General Ignacio Pesqueira Garc\u00eda)", 
                "departure_time": "09:03"
            }, 
            {
                "arrival_airport": "Ciudad de M\u00e9xico, Distrito Federal (MEX-A. Internacional de la Ciudad de M\u00e9xico)", 
                "arrival_time": "18:50", 
                "departure_airport": "Monterrey, Nuevo Le\u00f3n (MTY-A. Internacional General Mariano Escobedo)", 
                "departure_time": "17:15"
            }, 
            {
                "arrival_airport": "Torre\u00f3n, Coahuila (TRC-A. Internacional Francisco Sarabia", 
                "arrival_time": "23:34", 
                "departure_airport": "Ciudad de M\u00e9xico, Distrito Federal (MEX-A. Internacional de la Ciudad de M\u00e9xico)", 
                "departure_time": "21:35"
            }
        ], 
        "ticket price": "10951.80", 
        "airline": "Aeromexico"
    }, 
    {
        "arrival": ", Torre\u00f3n", 
        "consult date": "10/05/2018", 
        "flight duration": "0 days 7 hours 32 minutes", 
        "plane": "EMBRAER 170", 
        "departure date": "03/09/2018", 
        "stops": "2", 
        "plane code": "E70", 
        "departure": ", Hermosillo", 
        "timings": [
            {
                "arrival_airport": "Monterrey, Nuevo Le\u00f3n (MTY-A. Internacional General Mariano Escobedo)", 
                "arrival_time": "12:59", 
                "departure_airport": "Hermosillo, Sonora (HMO-A. Internacional General Ignacio Pesqueira Garc\u00eda)", 
                "departure_time": "09:03"
            }, 
            {
                "arrival_airport": "Ciudad de M\u00e9xico, Distrito Federal (MEX-A. Internacional de la Ciudad de M\u00e9xico)", 
                "arrival_time": "16:00", 
                "departure_airport": "Monterrey, Nuevo Le\u00f3n (MTY-A. Internacional General Mariano Escobedo)", 
                "departure_time": "14:26"
            }, 
            {
                "arrival_airport": "Torre\u00f3n, Coahuila (TRC-A. Internacional Francisco Sarabia", 
                "arrival_time": "18:35", 
                "departure_airport": "Ciudad de M\u00e9xico, Distrito Federal (MEX-A. Internacional de la Ciudad de M\u00e9xico)", 
                "departure_time": "16:50"
            }
        ], 
        "ticket price": "10951.80", 
        "airline": "Aeromexico"
    }, 
    {
        "arrival": ", Torre\u00f3n", 
        "consult date": "10/05/2018", 
        "flight duration": "0 days 12 hours 31 minutes", 
        "plane": "EMBRAER 170", 
        "departure date": "03/09/2018", 
        "stops": "2", 
        "plane code": "E70", 
        "departure": ", Hermosillo", 
        "timings": [
            {
                "arrival_airport": "Monterrey, Nuevo Le\u00f3n (MTY-A. Internacional General Mariano Escobedo)", 
                "arrival_time": "12:59", 
                "departure_airport": "Hermosillo, Sonora (HMO-A. Internacional General Ignacio Pesqueira Garc\u00eda)", 
                "departure_time": "09:03"
            }, 
            {
                "arrival_airport": "Ciudad de M\u00e9xico, Distrito Federal (MEX-A. Internacional de la Ciudad de M\u00e9xico)", 
                "arrival_time": "16:45", 
                "departure_airport": "Monterrey, Nuevo Le\u00f3n (MTY-A. Internacional General Mariano Escobedo)", 
                "departure_time": "15:15"
            }, 
            {
                "arrival_airport": "Torre\u00f3n, Coahuila (TRC-A. Internacional Francisco Sarabia", 
                "arrival_time": "23:34", 
                "departure_airport": "Ciudad de M\u00e9xico, Distrito Federal (MEX-A. Internacional de la Ciudad de M\u00e9xico)", 
                "departure_time": "21:35"
            }
        ], 
        "ticket price": "10951.80", 
        "airline": "Aeromexico"
    }, 
    {
        "arrival": ", Torre\u00f3n", 
        "consult date": "10/05/2018", 
        "flight duration": "0 days 6 hours 25 minutes", 
        "plane": "Boeing 737", 
        "departure date": "03/09/2018", 
        "stops": "1", 
        "plane code": "737", 
        "departure": ", Hermosillo", 
        "timings": [
            {
                "arrival_airport": "Ciudad de M\u00e9xico, Distrito Federal (MEX-A. Internacional de la Ciudad de M\u00e9xico)", 
                "arrival_time": "10:45", 
                "departure_airport": "Hermosillo, Sonora (HMO-A. Internacional General Ignacio Pesqueira Garc\u00eda)", 
                "departure_time": "06:05"
            }, 
            {
                "arrival_airport": "Torre\u00f3n, Coahuila (TRC-A. Internacional Francisco Sarabia", 
                "arrival_time": "14:30", 
                "departure_airport": "Ciudad de M\u00e9xico, Distrito Federal (MEX-A. Internacional de la Ciudad de M\u00e9xico)", 
                "departure_time": "12:15"
            }
        ], 
        "ticket price": "3348.50", 
        "airline": "Aeromexico"
    }, 
    {
        "arrival": ", Torre\u00f3n", 
        "consult date": "10/05/2018", 
        "flight duration": "0 days 8 hours 40 minutes", 
        "plane": "Boeing 737-800", 
        "departure date": "03/09/2018", 
        "stops": "1", 
        "plane code": "738", 
        "departure": ", Hermosillo", 
        "timings": [
            {
                "arrival_airport": "Ciudad de M\u00e9xico, Distrito Federal (MEX-A. Internacional de la Ciudad de M\u00e9xico)", 
                "arrival_time": "12:35", 
                "departure_airport": "Hermosillo, Sonora (HMO-A. Internacional General Ignacio Pesqueira Garc\u00eda)", 
                "departure_time": "07:55"
            }, 
            {
                "arrival_airport": "Torre\u00f3n, Coahuila (TRC-A. Internacional Francisco Sarabia", 
                "arrival_time": "18:35", 
                "departure_airport": "Ciudad de M\u00e9xico, Distrito Federal (MEX-A. Internacional de la Ciudad de M\u00e9xico)", 
                "departure_time": "16:50"
            }
        ], 
        "ticket price": "5088.20", 
        "airline": "Aeromexico"
    }, 
    {
        "arrival": ", Torre\u00f3n", 
        "consult date": "10/05/2018", 
        "flight duration": "0 days 9 hours 55 minutes", 
        "plane": "", 
        "departure date": "03/09/2018", 
        "stops": "1", 
        "plane code": "", 
        "departure": ", Hermosillo", 
        "timings": [
            {
                "arrival_airport": "Ciudad de M\u00e9xico, Distrito Federal (MEX-A. Internacional de la Ciudad de M\u00e9xico)", 
                "arrival_time": "12:20", 
                "departure_airport": "Hermosillo, Sonora (HMO-A. Internacional General Ignacio Pesqueira Garc\u00eda)", 
                "departure_time": "07:45"
            }, 
            {
                "arrival_airport": "Torre\u00f3n, Coahuila (TRC-A. Internacional Francisco Sarabia", 
                "arrival_time": "19:40", 
                "departure_airport": "Ciudad de M\u00e9xico, Distrito Federal (MEX-A. Internacional de la Ciudad de M\u00e9xico)", 
                "departure_time": "17:55"
            }
        ], 
        "ticket price": "5783.25", 
        "airline": "Interjet"
    }, 
    {
        "arrival": ", Torre\u00f3n", 
        "consult date": "10/05/2018", 
        "flight duration": "0 days 8 hours 16 minutes", 
        "plane": "Boeing 737", 
        "departure date": "03/09/2018", 
        "stops": "1", 
        "plane code": "737", 
        "departure": ", Hermosillo", 
        "timings": [
            {
                "arrival_airport": "Ciudad de M\u00e9xico, Distrito Federal (MEX-A. Internacional de la Ciudad de M\u00e9xico)", 
                "arrival_time": "17:50", 
                "departure_airport": "Hermosillo, Sonora (HMO-A. Internacional General Ignacio Pesqueira Garc\u00eda)", 
                "departure_time": "13:18"
            }, 
            {
                "arrival_airport": "Torre\u00f3n, Coahuila (TRC-A. Internacional Francisco Sarabia", 
                "arrival_time": "23:34", 
                "departure_airport": "Ciudad de M\u00e9xico, Distrito Federal (MEX-A. Internacional de la Ciudad de M\u00e9xico)", 
                "departure_time": "21:35"
            }
        ], 
        "ticket price": "6628.70", 
        "airline": "Aeromexico"
    }, 
    {
        "arrival": ", Torre\u00f3n", 
        "consult date": "10/05/2018", 
        "flight duration": "0 days 8 hours 51 minutes", 
        "plane": "EMBRAER 170", 
        "departure date": "03/09/2018", 
        "stops": "2", 
        "plane code": "E70", 
        "departure": ", Hermosillo", 
        "timings": [
            {
                "arrival_airport": "Monterrey, Nuevo Le\u00f3n (MTY-A. Internacional General Mariano Escobedo)", 
                "arrival_time": "12:59", 
                "departure_airport": "Hermosillo, Sonora (HMO-A. Internacional General Ignacio Pesqueira Garc\u00eda)", 
                "departure_time": "09:03"
            }, 
            {
                "arrival_airport": "Ciudad de M\u00e9xico, Distrito Federal (MEX-A. Internacional de la Ciudad de M\u00e9xico)", 
                "arrival_time": "16:00", 
                "departure_airport": "Monterrey, Nuevo Le\u00f3n (MTY-A. Internacional General Mariano Escobedo)", 
                "departure_time": "14:26"
            }, 
            {
                "arrival_airport": "Torre\u00f3n, Coahuila (TRC-A. Internacional Francisco Sarabia", 
                "arrival_time": "19:54", 
                "departure_airport": "Ciudad de M\u00e9xico, Distrito Federal (MEX-A. Internacional de la Ciudad de M\u00e9xico)", 
                "departure_time": "18:00"
            }
        ], 
        "ticket price": "9885.30", 
        "airline": "Aeromexico"
    }, 
    {
        "arrival": ", Torre\u00f3n", 
        "consult date": "10/05/2018", 
        "flight duration": "0 days 8 hours 51 minutes", 
        "plane": "EMBRAER 170", 
        "departure date": "03/09/2018", 
        "stops": "2", 
        "plane code": "E70", 
        "departure": ", Hermosillo", 
        "timings": [
            {
                "arrival_airport": "Monterrey, Nuevo Le\u00f3n (MTY-A. Internacional General Mariano Escobedo)", 
                "arrival_time": "12:59", 
                "departure_airport": "Hermosillo, Sonora (HMO-A. Internacional General Ignacio Pesqueira Garc\u00eda)", 
                "departure_time": "09:03"
            }, 
            {
                "arrival_airport": "Ciudad de M\u00e9xico, Distrito Federal (MEX-A. Internacional de la Ciudad de M\u00e9xico)", 
                "arrival_time": "16:45", 
                "departure_airport": "Monterrey, Nuevo Le\u00f3n (MTY-A. Internacional General Mariano Escobedo)", 
                "departure_time": "15:15"
            }, 
            {
                "arrival_airport": "Torre\u00f3n, Coahuila (TRC-A. Internacional Francisco Sarabia", 
                "arrival_time": "19:54", 
                "departure_airport": "Ciudad de M\u00e9xico, Distrito Federal (MEX-A. Internacional de la Ciudad de M\u00e9xico)", 
                "departure_time": "18:00"
            }
        ], 
        "ticket price": "9885.30", 
        "airline": "Aeromexico"
    }
]