[
    {
        "arrival": ", Oaxaca", 
        "consult date": "10/05/2018", 
        "flight duration": "0 days 7 hours 22 minutes", 
        "plane": "BOEING 737-800 SCIMITAR WINGLETS", 
        "departure date": "09/09/2018", 
        "stops": "1", 
        "plane code": "7S8", 
        "departure": ", Hermosillo", 
        "timings": [
            {
                "arrival_airport": "Ciudad de M\u00e9xico, Distrito Federal (MEX-A. Internacional de la Ciudad de M\u00e9xico)", 
                "arrival_time": "18:10", 
                "departure_airport": "Hermosillo, Sonora (HMO-A. Internacional General Ignacio Pesqueira Garc\u00eda)", 
                "departure_time": "13:35"
            }, 
            {
                "arrival_airport": "Oaxaca, Oaxaca (OAX-A. Internacional Xoxocotl\u00e1n)", 
                "arrival_time": "22:57", 
                "departure_airport": "Ciudad de M\u00e9xico, Distrito Federal (MEX-A. Internacional de la Ciudad de M\u00e9xico)", 
                "departure_time": "21:40"
            }
        ], 
        "ticket price": "11184.00", 
        "airline": "Aeromexico"
    }, 
    {
        "arrival": ", Oaxaca", 
        "consult date": "10/05/2018", 
        "flight duration": "0 days 12 hours 5 minutes", 
        "plane": "EMBRAER 170", 
        "departure date": "09/09/2018", 
        "stops": "2", 
        "plane code": "E70", 
        "departure": ", Hermosillo", 
        "timings": [
            {
                "arrival_airport": "Monterrey, Nuevo Le\u00f3n (MTY-A. Internacional General Mariano Escobedo)", 
                "arrival_time": "12:53", 
                "departure_airport": "Hermosillo, Sonora (HMO-A. Internacional General Ignacio Pesqueira Garc\u00eda)", 
                "departure_time": "08:52"
            }, 
            {
                "arrival_airport": "Ciudad de M\u00e9xico, Distrito Federal (MEX-A. Internacional de la Ciudad de M\u00e9xico)", 
                "arrival_time": "18:05", 
                "departure_airport": "Monterrey, Nuevo Le\u00f3n (MTY-A. Internacional General Mariano Escobedo)", 
                "departure_time": "16:30"
            }, 
            {
                "arrival_airport": "Oaxaca, Oaxaca (OAX-A. Internacional Xoxocotl\u00e1n)", 
                "arrival_time": "22:57", 
                "departure_airport": "Ciudad de M\u00e9xico, Distrito Federal (MEX-A. Internacional de la Ciudad de M\u00e9xico)", 
                "departure_time": "21:40"
            }
        ], 
        "ticket price": "11684.00", 
        "airline": "Aeromexico"
    }, 
    {
        "arrival": ", Oaxaca", 
        "consult date": "10/05/2018", 
        "flight duration": "0 days 12 hours 5 minutes", 
        "plane": "EMBRAER 170", 
        "departure date": "09/09/2018", 
        "stops": "2", 
        "plane code": "E70", 
        "departure": ", Hermosillo", 
        "timings": [
            {
                "arrival_airport": "Monterrey, Nuevo Le\u00f3n (MTY-A. Internacional General Mariano Escobedo)", 
                "arrival_time": "12:53", 
                "departure_airport": "Hermosillo, Sonora (HMO-A. Internacional General Ignacio Pesqueira Garc\u00eda)", 
                "departure_time": "08:52"
            }, 
            {
                "arrival_airport": "Ciudad de M\u00e9xico, Distrito Federal (MEX-A. Internacional de la Ciudad de M\u00e9xico)", 
                "arrival_time": "18:50", 
                "departure_airport": "Monterrey, Nuevo Le\u00f3n (MTY-A. Internacional General Mariano Escobedo)", 
                "departure_time": "17:20"
            }, 
            {
                "arrival_airport": "Oaxaca, Oaxaca (OAX-A. Internacional Xoxocotl\u00e1n)", 
                "arrival_time": "22:57", 
                "departure_airport": "Ciudad de M\u00e9xico, Distrito Federal (MEX-A. Internacional de la Ciudad de M\u00e9xico)", 
                "departure_time": "21:40"
            }
        ], 
        "ticket price": "11684.00", 
        "airline": "Aeromexico"
    }, 
    {
        "arrival": ", Oaxaca", 
        "consult date": "10/05/2018", 
        "flight duration": "0 days 6 hours 47 minutes", 
        "plane": "", 
        "departure date": "09/09/2018", 
        "stops": "1", 
        "plane code": "", 
        "departure": ", Hermosillo", 
        "timings": [
            {
                "arrival_airport": "Tijuana, Baja California Norte (TIJ-A. Internacional General Abelardo L. Rodr\u00edguez)", 
                "arrival_time": "23:16", 
                "departure_airport": "Hermosillo, Sonora (HMO-A. Internacional General Ignacio Pesqueira Garc\u00eda)", 
                "departure_time": "21:47"
            }, 
            {
                "arrival_airport": "Oaxaca, Oaxaca (OAX-A. Internacional Xoxocotl\u00e1n)", 
                "arrival_time": "06:34", 
                "departure_airport": "Tijuana, Baja California Norte (TIJ-A. Internacional General Abelardo L. Rodr\u00edguez)", 
                "departure_time": "00:42"
            }
        ], 
        "ticket price": "12423.00", 
        "airline": "Volaris"
    }, 
    {
        "arrival": ", Oaxaca", 
        "consult date": "10/05/2018", 
        "flight duration": "0 days 12 hours 5 minutes", 
        "plane": "EMBRAER 170", 
        "departure date": "09/09/2018", 
        "stops": "2", 
        "plane code": "E70", 
        "departure": ", Hermosillo", 
        "timings": [
            {
                "arrival_airport": "Monterrey, Nuevo Le\u00f3n (MTY-A. Internacional General Mariano Escobedo)", 
                "arrival_time": "12:53", 
                "departure_airport": "Hermosillo, Sonora (HMO-A. Internacional General Ignacio Pesqueira Garc\u00eda)", 
                "departure_time": "08:52"
            }, 
            {
                "arrival_airport": "Ciudad de M\u00e9xico, Distrito Federal (MEX-A. Internacional de la Ciudad de M\u00e9xico)", 
                "arrival_time": "17:00", 
                "departure_airport": "Monterrey, Nuevo Le\u00f3n (MTY-A. Internacional General Mariano Escobedo)", 
                "departure_time": "15:24"
            }, 
            {
                "arrival_airport": "Oaxaca, Oaxaca (OAX-A. Internacional Xoxocotl\u00e1n)", 
                "arrival_time": "22:57", 
                "departure_airport": "Ciudad de M\u00e9xico, Distrito Federal (MEX-A. Internacional de la Ciudad de M\u00e9xico)", 
                "departure_time": "21:40"
            }
        ], 
        "ticket price": "13562.00", 
        "airline": "Aeromexico"
    }, 
    {
        "arrival": ", Oaxaca", 
        "consult date": "10/05/2018", 
        "flight duration": "0 days 22 hours 37 minutes", 
        "plane": "Canadian Regional Jet 700", 
        "departure date": "09/09/2018", 
        "stops": "3", 
        "plane code": "CR7", 
        "departure": ", Hermosillo", 
        "timings": [
            {
                "arrival_airport": "Phoenix, AZ, Estados Unidos (PHX-A. Internacional Sky Harbor)", 
                "arrival_time": "13:05", 
                "departure_airport": "Hermosillo, Sonora (HMO-A. Internacional General Ignacio Pesqueira Garc\u00eda)", 
                "departure_time": "11:53"
            }, 
            {
                "arrival_airport": "Portland, OR, Estados Unidos (PDX-A. Internacional de Portland)", 
                "arrival_time": "19:41", 
                "departure_airport": "Phoenix, AZ, Estados Unidos (PHX-A. Internacional Sky Harbor)", 
                "departure_time": "17:05"
            }, 
            {
                "arrival_airport": "Ciudad de M\u00e9xico, Distrito Federal (MEX-A. Internacional de la Ciudad de M\u00e9xico)", 
                "arrival_time": "06:50", 
                "departure_airport": "Portland, OR, Estados Unidos (PDX-A. Internacional de Portland)", 
                "departure_time": "23:30"
            }, 
            {
                "arrival_airport": "Oaxaca, Oaxaca (OAX-A. Internacional Xoxocotl\u00e1n)", 
                "arrival_time": "12:30", 
                "departure_airport": "Ciudad de M\u00e9xico, Distrito Federal (MEX-A. Internacional de la Ciudad de M\u00e9xico)", 
                "departure_time": "11:10"
            }
        ], 
        "ticket price": "152994.00", 
        "airline": "Skywest Airlines As American Eagle"
    }, 
    {
        "arrival": ", Oaxaca", 
        "consult date": "10/05/2018", 
        "flight duration": "0 days 12 hours 5 minutes", 
        "plane": "EMBRAER 170", 
        "departure date": "09/09/2018", 
        "stops": "3", 
        "plane code": "E70", 
        "departure": ", Hermosillo", 
        "timings": [
            {
                "arrival_airport": "Monterrey, Nuevo Le\u00f3n (MTY-A. Internacional General Mariano Escobedo)", 
                "arrival_time": "12:53", 
                "departure_airport": "Hermosillo, Sonora (HMO-A. Internacional General Ignacio Pesqueira Garc\u00eda)", 
                "departure_time": "08:52"
            }, 
            {
                "arrival_airport": "Guadalajara, Jalisco (GDL-Don Miguel Hidalgo y Costilla Intl.)", 
                "arrival_time": "15:00", 
                "departure_airport": "Monterrey, Nuevo Le\u00f3n (MTY-A. Internacional General Mariano Escobedo)", 
                "departure_time": "13:30"
            }, 
            {
                "arrival_airport": "Ciudad de M\u00e9xico, Distrito Federal (MEX-A. Internacional de la Ciudad de M\u00e9xico)", 
                "arrival_time": "19:25", 
                "departure_airport": "Guadalajara, Jalisco (GDL-Don Miguel Hidalgo y Costilla Intl.)", 
                "departure_time": "18:00"
            }, 
            {
                "arrival_airport": "Oaxaca, Oaxaca (OAX-A. Internacional Xoxocotl\u00e1n)", 
                "arrival_time": "22:57", 
                "departure_airport": "Ciudad de M\u00e9xico, Distrito Federal (MEX-A. Internacional de la Ciudad de M\u00e9xico)", 
                "departure_time": "21:40"
            }
        ], 
        "ticket price": "16856.00", 
        "airline": "Aeromexico"
    }, 
    {
        "arrival": ", Oaxaca", 
        "consult date": "10/05/2018", 
        "flight duration": "0 days 22 hours 37 minutes", 
        "plane": "Canadian Regional Jet 700", 
        "departure date": "09/09/2018", 
        "stops": "3", 
        "plane code": "CR7", 
        "departure": ", Hermosillo", 
        "timings": [
            {
                "arrival_airport": "Phoenix, AZ, Estados Unidos (PHX-A. Internacional Sky Harbor)", 
                "arrival_time": "13:05", 
                "departure_airport": "Hermosillo, Sonora (HMO-A. Internacional General Ignacio Pesqueira Garc\u00eda)", 
                "departure_time": "11:53"
            }, 
            {
                "arrival_airport": "Vancouver, BC, Canad\u00e1 (YVR-A. Internacional de Vancouver)", 
                "arrival_time": "20:20", 
                "departure_airport": "Phoenix, AZ, Estados Unidos (PHX-A. Internacional Sky Harbor)", 
                "departure_time": "17:17"
            }, 
            {
                "arrival_airport": "Ciudad de M\u00e9xico, Distrito Federal (MEX-A. Internacional de la Ciudad de M\u00e9xico)", 
                "arrival_time": "07:00", 
                "departure_airport": "Vancouver, BC, Canad\u00e1 (YVR-A. Internacional de Vancouver)", 
                "departure_time": "23:20"
            }, 
            {
                "arrival_airport": "Oaxaca, Oaxaca (OAX-A. Internacional Xoxocotl\u00e1n)", 
                "arrival_time": "12:30", 
                "departure_airport": "Ciudad de M\u00e9xico, Distrito Federal (MEX-A. Internacional de la Ciudad de M\u00e9xico)", 
                "departure_time": "11:10"
            }
        ], 
        "ticket price": "71981.00", 
        "airline": "Skywest Airlines As American Eagle"
    }, 
    {
        "arrival": ", Oaxaca", 
        "consult date": "10/05/2018", 
        "flight duration": "0 days 12 hours 0 minutes", 
        "plane": "", 
        "departure date": "09/09/2018", 
        "stops": "1", 
        "plane code": "", 
        "departure": ", Hermosillo", 
        "timings": [
            {
                "arrival_airport": "Ciudad de M\u00e9xico, Distrito Federal (MEX-A. Internacional de la Ciudad de M\u00e9xico)", 
                "arrival_time": "22:10", 
                "departure_airport": "Hermosillo, Sonora (HMO-A. Internacional General Ignacio Pesqueira Garc\u00eda)", 
                "departure_time": "17:35"
            }, 
            {
                "arrival_airport": "Oaxaca, Oaxaca (OAX-A. Internacional Xoxocotl\u00e1n)", 
                "arrival_time": "07:35", 
                "departure_airport": "Ciudad de M\u00e9xico, Distrito Federal (MEX-A. Internacional de la Ciudad de M\u00e9xico)", 
                "departure_time": "06:35"
            }
        ], 
        "ticket price": "7740.21", 
        "airline": "Interjet"
    }, 
    {
        "arrival": ", Oaxaca", 
        "consult date": "10/05/2018", 
        "flight duration": "0 days 10 hours 20 minutes", 
        "plane": "", 
        "departure date": "09/09/2018", 
        "stops": "1", 
        "plane code": "", 
        "departure": ", Hermosillo", 
        "timings": [
            {
                "arrival_airport": "Ciudad de M\u00e9xico, Distrito Federal (MEX-A. Internacional de la Ciudad de M\u00e9xico)", 
                "arrival_time": "12:20", 
                "departure_airport": "Hermosillo, Sonora (HMO-A. Internacional General Ignacio Pesqueira Garc\u00eda)", 
                "departure_time": "07:45"
            }, 
            {
                "arrival_airport": "Oaxaca, Oaxaca (OAX-A. Internacional Xoxocotl\u00e1n)", 
                "arrival_time": "20:05", 
                "departure_airport": "Ciudad de M\u00e9xico, Distrito Federal (MEX-A. Internacional de la Ciudad de M\u00e9xico)", 
                "departure_time": "19:05"
            }
        ], 
        "ticket price": "8299.26", 
        "airline": "Interjet"
    }, 
    {
        "arrival": ", Oaxaca", 
        "consult date": "10/05/2018", 
        "flight duration": "0 days 12 hours 20 minutes", 
        "plane": "", 
        "departure date": "09/09/2018", 
        "stops": "1", 
        "plane code": "", 
        "departure": ", Hermosillo", 
        "timings": [
            {
                "arrival_airport": "Ciudad de M\u00e9xico, Distrito Federal (MEX-A. Internacional de la Ciudad de M\u00e9xico)", 
                "arrival_time": "12:20", 
                "departure_airport": "Hermosillo, Sonora (HMO-A. Internacional General Ignacio Pesqueira Garc\u00eda)", 
                "departure_time": "07:45"
            }, 
            {
                "arrival_airport": "Oaxaca, Oaxaca (OAX-A. Internacional Xoxocotl\u00e1n)", 
                "arrival_time": "22:05", 
                "departure_airport": "Ciudad de M\u00e9xico, Distrito Federal (MEX-A. Internacional de la Ciudad de M\u00e9xico)", 
                "departure_time": "21:05"
            }
        ], 
        "ticket price": "8299.26", 
        "airline": "Interjet"
    }, 
    {
        "arrival": ", Oaxaca", 
        "consult date": "10/05/2018", 
        "flight duration": "0 days 8 hours 21 minutes", 
        "plane": "Boeing 737", 
        "departure date": "09/09/2018", 
        "stops": "1", 
        "plane code": "737", 
        "departure": ", Hermosillo", 
        "timings": [
            {
                "arrival_airport": "Ciudad de M\u00e9xico, Distrito Federal (MEX-A. Internacional de la Ciudad de M\u00e9xico)", 
                "arrival_time": "12:40", 
                "departure_airport": "Hermosillo, Sonora (HMO-A. Internacional General Ignacio Pesqueira Garc\u00eda)", 
                "departure_time": "07:56"
            }, 
            {
                "arrival_airport": "Oaxaca, Oaxaca (OAX-A. Internacional Xoxocotl\u00e1n)", 
                "arrival_time": "18:17", 
                "departure_airport": "Ciudad de M\u00e9xico, Distrito Federal (MEX-A. Internacional de la Ciudad de M\u00e9xico)", 
                "departure_time": "17:15"
            }
        ], 
        "ticket price": "8364.00", 
        "airline": "Aeromexico"
    }, 
    {
        "arrival": ", Oaxaca", 
        "consult date": "10/05/2018", 
        "flight duration": "0 days 7 hours 27 minutes", 
        "plane": "Boeing 737", 
        "departure date": "09/09/2018", 
        "stops": "1", 
        "plane code": "737", 
        "departure": ", Hermosillo", 
        "timings": [
            {
                "arrival_airport": "Ciudad de M\u00e9xico, Distrito Federal (MEX-A. Internacional de la Ciudad de M\u00e9xico)", 
                "arrival_time": "10:45", 
                "departure_airport": "Hermosillo, Sonora (HMO-A. Internacional General Ignacio Pesqueira Garc\u00eda)", 
                "departure_time": "06:00"
            }, 
            {
                "arrival_airport": "Oaxaca, Oaxaca (OAX-A. Internacional Xoxocotl\u00e1n)", 
                "arrival_time": "15:27", 
                "departure_airport": "Ciudad de M\u00e9xico, Distrito Federal (MEX-A. Internacional de la Ciudad de M\u00e9xico)", 
                "departure_time": "14:15"
            }
        ], 
        "ticket price": "8364.00", 
        "airline": "Aeromexico"
    }, 
    {
        "arrival": ", Oaxaca", 
        "consult date": "10/05/2018", 
        "flight duration": "0 days 7 hours 25 minutes", 
        "plane": "EMBRAER 170", 
        "departure date": "09/09/2018", 
        "stops": "2", 
        "plane code": "E70", 
        "departure": ", Hermosillo", 
        "timings": [
            {
                "arrival_airport": "Monterrey, Nuevo Le\u00f3n (MTY-A. Internacional General Mariano Escobedo)", 
                "arrival_time": "12:53", 
                "departure_airport": "Hermosillo, Sonora (HMO-A. Internacional General Ignacio Pesqueira Garc\u00eda)", 
                "departure_time": "08:52"
            }, 
            {
                "arrival_airport": "Ciudad de M\u00e9xico, Distrito Federal (MEX-A. Internacional de la Ciudad de M\u00e9xico)", 
                "arrival_time": "16:00", 
                "departure_airport": "Monterrey, Nuevo Le\u00f3n (MTY-A. Internacional General Mariano Escobedo)", 
                "departure_time": "14:27"
            }, 
            {
                "arrival_airport": "Oaxaca, Oaxaca (OAX-A. Internacional Xoxocotl\u00e1n)", 
                "arrival_time": "18:17", 
                "departure_airport": "Ciudad de M\u00e9xico, Distrito Federal (MEX-A. Internacional de la Ciudad de M\u00e9xico)", 
                "departure_time": "17:15"
            }
        ], 
        "ticket price": "9020.00", 
        "airline": "Aeromexico"
    }, 
    {
        "arrival": ", Oaxaca", 
        "consult date": "10/05/2018", 
        "flight duration": "0 days 7 hours 25 minutes", 
        "plane": "EMBRAER 170", 
        "departure date": "09/09/2018", 
        "stops": "2", 
        "plane code": "E70", 
        "departure": ", Hermosillo", 
        "timings": [
            {
                "arrival_airport": "Monterrey, Nuevo Le\u00f3n (MTY-A. Internacional General Mariano Escobedo)", 
                "arrival_time": "12:53", 
                "departure_airport": "Hermosillo, Sonora (HMO-A. Internacional General Ignacio Pesqueira Garc\u00eda)", 
                "departure_time": "08:52"
            }, 
            {
                "arrival_airport": "Ciudad de M\u00e9xico, Distrito Federal (MEX-A. Internacional de la Ciudad de M\u00e9xico)", 
                "arrival_time": "15:15", 
                "departure_airport": "Monterrey, Nuevo Le\u00f3n (MTY-A. Internacional General Mariano Escobedo)", 
                "departure_time": "13:41"
            }, 
            {
                "arrival_airport": "Oaxaca, Oaxaca (OAX-A. Internacional Xoxocotl\u00e1n)", 
                "arrival_time": "18:17", 
                "departure_airport": "Ciudad de M\u00e9xico, Distrito Federal (MEX-A. Internacional de la Ciudad de M\u00e9xico)", 
                "departure_time": "17:15"
            }
        ], 
        "ticket price": "9020.00", 
        "airline": "Aeromexico"
    }, 
    {
        "arrival": ", Oaxaca", 
        "consult date": "10/05/2018", 
        "flight duration": "0 days 5 hours 31 minutes", 
        "plane": "Boeing 737", 
        "departure date": "09/09/2018", 
        "stops": "1", 
        "plane code": "737", 
        "departure": ", Hermosillo", 
        "timings": [
            {
                "arrival_airport": "Ciudad de M\u00e9xico, Distrito Federal (MEX-A. Internacional de la Ciudad de M\u00e9xico)", 
                "arrival_time": "12:40", 
                "departure_airport": "Hermosillo, Sonora (HMO-A. Internacional General Ignacio Pesqueira Garc\u00eda)", 
                "departure_time": "07:56"
            }, 
            {
                "arrival_airport": "Oaxaca, Oaxaca (OAX-A. Internacional Xoxocotl\u00e1n)", 
                "arrival_time": "15:27", 
                "departure_airport": "Ciudad de M\u00e9xico, Distrito Federal (MEX-A. Internacional de la Ciudad de M\u00e9xico)", 
                "departure_time": "14:15"
            }
        ], 
        "ticket price": "9304.00", 
        "airline": "Aeromexico"
    }, 
    {
        "arrival": ", Oaxaca", 
        "consult date": "10/05/2018", 
        "flight duration": "0 days 17 hours 59 minutes", 
        "plane": "Canadian Regional Jet 700", 
        "departure date": "09/09/2018", 
        "stops": "3", 
        "plane code": "CR7", 
        "departure": ", Hermosillo", 
        "timings": [
            {
                "arrival_airport": "Phoenix, AZ, Estados Unidos (PHX-A. Internacional Sky Harbor)", 
                "arrival_time": "13:05", 
                "departure_airport": "Hermosillo, Sonora (HMO-A. Internacional General Ignacio Pesqueira Garc\u00eda)", 
                "departure_time": "11:53"
            }, 
            {
                "arrival_airport": "Chicago, IL, Estados Unidos (ORD-A. Internacional O'Hare)", 
                "arrival_time": "20:59", 
                "departure_airport": "Phoenix, AZ, Estados Unidos (PHX-A. Internacional Sky Harbor)", 
                "departure_time": "15:25"
            }, 
            {
                "arrival_airport": "Ciudad de M\u00e9xico, Distrito Federal (MEX-A. Internacional de la Ciudad de M\u00e9xico)", 
                "arrival_time": "04:25", 
                "departure_airport": "Chicago, IL, Estados Unidos (ORD-A. Internacional O'Hare)", 
                "departure_time": "00:20"
            }, 
            {
                "arrival_airport": "Oaxaca, Oaxaca (OAX-A. Internacional Xoxocotl\u00e1n)", 
                "arrival_time": "07:52", 
                "departure_airport": "Ciudad de M\u00e9xico, Distrito Federal (MEX-A. Internacional de la Ciudad de M\u00e9xico)", 
                "departure_time": "06:30"
            }
        ], 
        "ticket price": "94644.00", 
        "airline": "Skywest Airlines As American Eagle"
    }
]