[
    {
        "arrival": ", La Paz", 
        "consult date": "10/05/2018", 
        "flight duration": "0 days 1 hours 15 minutes", 
        "plane": "", 
        "departure date": "30/12/2018", 
        "stops": 0, 
        "plane code": "", 
        "departure": ", Hermosillo", 
        "timings": [
            {
                "arrival_airport": "La Paz, Baja California Sur (LAP-A. Internacional Manuel M\u00e1rquez de Le\u00f3n)", 
                "arrival_time": "10:55", 
                "departure_airport": "Hermosillo, Sonora (HMO-A. Internacional General Ignacio Pesqueira Garc\u00eda)", 
                "departure_time": "08:40"
            }
        ], 
        "ticket price": "3638.00", 
        "airline": "Calafia Airlines"
    }, 
    {
        "arrival": ", La Paz", 
        "consult date": "10/05/2018", 
        "flight duration": "0 days 8 hours 56 minutes", 
        "plane": "", 
        "departure date": "30/12/2018", 
        "stops": "1", 
        "plane code": "", 
        "departure": ", Hermosillo", 
        "timings": [
            {
                "arrival_airport": "Guadalajara, Jalisco (GDL-Don Miguel Hidalgo y Costilla Intl.)", 
                "arrival_time": "11:59", 
                "departure_airport": "Hermosillo, Sonora (HMO-A. Internacional General Ignacio Pesqueira Garc\u00eda)", 
                "departure_time": "07:47"
            }, 
            {
                "arrival_airport": "La Paz, Baja California Sur (LAP-A. Internacional Manuel M\u00e1rquez de Le\u00f3n)", 
                "arrival_time": "17:43", 
                "departure_airport": "Guadalajara, Jalisco (GDL-Don Miguel Hidalgo y Costilla Intl.)", 
                "departure_time": "16:58"
            }
        ], 
        "ticket price": "6002.00", 
        "airline": "Volaris"
    }
]