[
    {
        "arrival": ", Ciudad Ju\u00e1rez", 
        "consult date": "10/05/2018", 
        "flight duration": "0 days 8 hours 12 minutes", 
        "plane": "", 
        "departure date": "30/12/2018", 
        "stops": "1", 
        "plane code": "", 
        "departure": ", Hermosillo", 
        "timings": [
            {
                "arrival_airport": "Tijuana, Baja California Norte (TIJ-A. Internacional General Abelardo L. Rodr\u00edguez)", 
                "arrival_time": "11:58", 
                "departure_airport": "Hermosillo, Sonora (HMO-A. Internacional General Ignacio Pesqueira Garc\u00eda)", 
                "departure_time": "10:29"
            }, 
            {
                "arrival_airport": "Ciudad Ju\u00e1rez, Chihuahua (CJS-A. Internacional Abraham Gonz\u00e1lez)", 
                "arrival_time": "19:41", 
                "departure_airport": "Tijuana, Baja California Norte (TIJ-A. Internacional General Abelardo L. Rodr\u00edguez)", 
                "departure_time": "16:45"
            }
        ], 
        "ticket price": "3733.00", 
        "airline": "Volaris"
    }, 
    {
        "arrival": ", Ciudad Ju\u00e1rez", 
        "consult date": "10/05/2018", 
        "flight duration": "0 days 10 hours 9 minutes", 
        "plane": "", 
        "departure date": "30/12/2018", 
        "stops": "1", 
        "plane code": "", 
        "departure": ", Hermosillo", 
        "timings": [
            {
                "arrival_airport": "Guadalajara, Jalisco (GDL-Don Miguel Hidalgo y Costilla Intl.)", 
                "arrival_time": "11:59", 
                "departure_airport": "Hermosillo, Sonora (HMO-A. Internacional General Ignacio Pesqueira Garc\u00eda)", 
                "departure_time": "07:47"
            }, 
            {
                "arrival_airport": "Ciudad Ju\u00e1rez, Chihuahua (CJS-A. Internacional Abraham Gonz\u00e1lez)", 
                "arrival_time": "18:56", 
                "departure_airport": "Guadalajara, Jalisco (GDL-Don Miguel Hidalgo y Costilla Intl.)", 
                "departure_time": "17:35"
            }
        ], 
        "ticket price": "4393.00", 
        "airline": "Volaris"
    }, 
    {
        "arrival": ", Ciudad Ju\u00e1rez", 
        "consult date": "10/05/2018", 
        "flight duration": "1 days 12 hours 2 minutes", 
        "plane": "", 
        "departure date": "30/12/2018", 
        "stops": "1", 
        "plane code": "", 
        "departure": ", Hermosillo", 
        "timings": [
            {
                "arrival_airport": "Guadalajara, Jalisco (GDL-Don Miguel Hidalgo y Costilla Intl.)", 
                "arrival_time": "23:01", 
                "departure_airport": "Hermosillo, Sonora (HMO-A. Internacional General Ignacio Pesqueira Garc\u00eda)", 
                "departure_time": "18:49"
            }, 
            {
                "arrival_airport": "Ciudad Ju\u00e1rez, Chihuahua (CJS-A. Internacional Abraham Gonz\u00e1lez)", 
                "arrival_time": "07:51", 
                "departure_airport": "Guadalajara, Jalisco (GDL-Don Miguel Hidalgo y Costilla Intl.)", 
                "departure_time": "06:30"
            }
        ], 
        "ticket price": "4873.00", 
        "airline": "Volaris"
    }, 
    {
        "arrival": ", Ciudad Ju\u00e1rez", 
        "consult date": "10/05/2018", 
        "flight duration": "0 days 8 hours 22 minutes", 
        "plane": "EMBRAER 170", 
        "departure date": "30/12/2018", 
        "stops": "1", 
        "plane code": "E70", 
        "departure": ", Hermosillo", 
        "timings": [
            {
                "arrival_airport": "Monterrey, Nuevo Le\u00f3n (MTY-A. Internacional General Mariano Escobedo)", 
                "arrival_time": "12:59", 
                "departure_airport": "Hermosillo, Sonora (HMO-A. Internacional General Ignacio Pesqueira Garc\u00eda)", 
                "departure_time": "09:03"
            }, 
            {
                "arrival_airport": "Ciudad Ju\u00e1rez, Chihuahua (CJS-A. Internacional Abraham Gonz\u00e1lez)", 
                "arrival_time": "18:25", 
                "departure_airport": "Monterrey, Nuevo Le\u00f3n (MTY-A. Internacional General Mariano Escobedo)", 
                "departure_time": "17:35"
            }
        ], 
        "ticket price": "5822.00", 
        "airline": "Aeromexico"
    }
]