[
    {
        "arrival": ", Monterrey", 
        "consult date": "10/05/2018", 
        "flight duration": "0 days 7 hours 55 minutes", 
        "plane": "", 
        "departure date": "16/12/2018", 
        "stops": "1", 
        "plane code": "", 
        "departure": ", Huatulco", 
        "timings": [
            {
                "arrival_airport": "Ciudad de M\u00e9xico, Distrito Federal (MEX-A. Internacional de la Ciudad de M\u00e9xico)", 
                "arrival_time": "12:05", 
                "departure_airport": "Huatulco, Oaxaca (HUX-A. Internacional Bah\u00edas de Huatulco)", 
                "departure_time": "10:35"
            }, 
            {
                "arrival_airport": "Monterrey, Nuevo Le\u00f3n (MTY-A. Internacional General Mariano Escobedo)", 
                "arrival_time": "18:30", 
                "departure_airport": "Ciudad de M\u00e9xico, Distrito Federal (MEX-A. Internacional de la Ciudad de M\u00e9xico)", 
                "departure_time": "16:50"
            }
        ], 
        "ticket price": "1463.68", 
        "airline": "Interjet"
    }, 
    {
        "arrival": ", Monterrey", 
        "consult date": "10/05/2018", 
        "flight duration": "0 days 12 hours 15 minutes", 
        "plane": "", 
        "departure date": "16/12/2018", 
        "stops": "1", 
        "plane code": "", 
        "departure": ", Huatulco", 
        "timings": [
            {
                "arrival_airport": "Ciudad de M\u00e9xico, Distrito Federal (MEX-A. Internacional de la Ciudad de M\u00e9xico)", 
                "arrival_time": "12:05", 
                "departure_airport": "Huatulco, Oaxaca (HUX-A. Internacional Bah\u00edas de Huatulco)", 
                "departure_time": "10:35"
            }, 
            {
                "arrival_airport": "Monterrey, Nuevo Le\u00f3n (MTY-A. Internacional General Mariano Escobedo)", 
                "arrival_time": "22:50", 
                "departure_airport": "Ciudad de M\u00e9xico, Distrito Federal (MEX-A. Internacional de la Ciudad de M\u00e9xico)", 
                "departure_time": "21:15"
            }
        ], 
        "ticket price": "1463.68", 
        "airline": "Interjet"
    }, 
    {
        "arrival": ", Monterrey", 
        "consult date": "10/05/2018", 
        "flight duration": "0 days 11 hours 35 minutes", 
        "plane": "", 
        "departure date": "16/12/2018", 
        "stops": "1", 
        "plane code": "", 
        "departure": ", Huatulco", 
        "timings": [
            {
                "arrival_airport": "Ciudad de M\u00e9xico, Distrito Federal (MEX-A. Internacional de la Ciudad de M\u00e9xico)", 
                "arrival_time": "12:05", 
                "departure_airport": "Huatulco, Oaxaca (HUX-A. Internacional Bah\u00edas de Huatulco)", 
                "departure_time": "10:35"
            }, 
            {
                "arrival_airport": "Monterrey, Nuevo Le\u00f3n (MTY-A. Internacional General Mariano Escobedo)", 
                "arrival_time": "22:10", 
                "departure_airport": "Ciudad de M\u00e9xico, Distrito Federal (MEX-A. Internacional de la Ciudad de M\u00e9xico)", 
                "departure_time": "20:35"
            }
        ], 
        "ticket price": "1595.92", 
        "airline": "Interjet"
    }, 
    {
        "arrival": ", Monterrey", 
        "consult date": "10/05/2018", 
        "flight duration": "0 days 8 hours 55 minutes", 
        "plane": "", 
        "departure date": "16/12/2018", 
        "stops": "1", 
        "plane code": "", 
        "departure": ", Huatulco", 
        "timings": [
            {
                "arrival_airport": "Ciudad de M\u00e9xico, Distrito Federal (MEX-A. Internacional de la Ciudad de M\u00e9xico)", 
                "arrival_time": "12:05", 
                "departure_airport": "Huatulco, Oaxaca (HUX-A. Internacional Bah\u00edas de Huatulco)", 
                "departure_time": "10:35"
            }, 
            {
                "arrival_airport": "Monterrey, Nuevo Le\u00f3n (MTY-A. Internacional General Mariano Escobedo)", 
                "arrival_time": "19:30", 
                "departure_airport": "Ciudad de M\u00e9xico, Distrito Federal (MEX-A. Internacional de la Ciudad de M\u00e9xico)", 
                "departure_time": "17:50"
            }
        ], 
        "ticket price": "1595.92", 
        "airline": "Interjet"
    }, 
    {
        "arrival": ", Monterrey", 
        "consult date": "10/05/2018", 
        "flight duration": "0 days 6 hours 50 minutes", 
        "plane": "", 
        "departure date": "16/12/2018", 
        "stops": "1", 
        "plane code": "", 
        "departure": ", Huatulco", 
        "timings": [
            {
                "arrival_airport": "Ciudad de M\u00e9xico, Distrito Federal (MEX-A. Internacional de la Ciudad de M\u00e9xico)", 
                "arrival_time": "12:05", 
                "departure_airport": "Huatulco, Oaxaca (HUX-A. Internacional Bah\u00edas de Huatulco)", 
                "departure_time": "10:35"
            }, 
            {
                "arrival_airport": "Monterrey, Nuevo Le\u00f3n (MTY-A. Internacional General Mariano Escobedo)", 
                "arrival_time": "17:25", 
                "departure_airport": "Ciudad de M\u00e9xico, Distrito Federal (MEX-A. Internacional de la Ciudad de M\u00e9xico)", 
                "departure_time": "15:50"
            }
        ], 
        "ticket price": "1595.92", 
        "airline": "Interjet"
    }, 
    {
        "arrival": ", Monterrey", 
        "consult date": "10/05/2018", 
        "flight duration": "0 days 10 hours 50 minutes", 
        "plane": "", 
        "departure date": "16/12/2018", 
        "stops": "1", 
        "plane code": "", 
        "departure": ", Huatulco", 
        "timings": [
            {
                "arrival_airport": "Ciudad de M\u00e9xico, Distrito Federal (MEX-A. Internacional de la Ciudad de M\u00e9xico)", 
                "arrival_time": "12:05", 
                "departure_airport": "Huatulco, Oaxaca (HUX-A. Internacional Bah\u00edas de Huatulco)", 
                "departure_time": "10:35"
            }, 
            {
                "arrival_airport": "Monterrey, Nuevo Le\u00f3n (MTY-A. Internacional General Mariano Escobedo)", 
                "arrival_time": "21:25", 
                "departure_airport": "Ciudad de M\u00e9xico, Distrito Federal (MEX-A. Internacional de la Ciudad de M\u00e9xico)", 
                "departure_time": "19:50"
            }
        ], 
        "ticket price": "1745.56", 
        "airline": "Interjet"
    }, 
    {
        "arrival": ", Monterrey", 
        "consult date": "10/05/2018", 
        "flight duration": "0 days 6 hours 6 minutes", 
        "plane": "Embraer 190", 
        "departure date": "16/12/2018", 
        "stops": "1", 
        "plane code": "E90", 
        "departure": ", Huatulco", 
        "timings": [
            {
                "arrival_airport": "Ciudad de M\u00e9xico, Distrito Federal (MEX-A. Internacional de la Ciudad de M\u00e9xico)", 
                "arrival_time": "12:10", 
                "departure_airport": "Huatulco, Oaxaca (HUX-A. Internacional Bah\u00edas de Huatulco)", 
                "departure_time": "10:39"
            }, 
            {
                "arrival_airport": "Monterrey, Nuevo Le\u00f3n (MTY-A. Internacional General Mariano Escobedo)", 
                "arrival_time": "16:45", 
                "departure_airport": "Ciudad de M\u00e9xico, Distrito Federal (MEX-A. Internacional de la Ciudad de M\u00e9xico)", 
                "departure_time": "15:00"
            }
        ], 
        "ticket price": "2248.00", 
        "airline": "Aeromexico"
    }, 
    {
        "arrival": ", Monterrey", 
        "consult date": "10/05/2018", 
        "flight duration": "0 days 4 hours 9 minutes", 
        "plane": "Embraer 190", 
        "departure date": "16/12/2018", 
        "stops": "1", 
        "plane code": "E90", 
        "departure": ", Huatulco", 
        "timings": [
            {
                "arrival_airport": "Ciudad de M\u00e9xico, Distrito Federal (MEX-A. Internacional de la Ciudad de M\u00e9xico)", 
                "arrival_time": "12:10", 
                "departure_airport": "Huatulco, Oaxaca (HUX-A. Internacional Bah\u00edas de Huatulco)", 
                "departure_time": "10:39"
            }, 
            {
                "arrival_airport": "Monterrey, Nuevo Le\u00f3n (MTY-A. Internacional General Mariano Escobedo)", 
                "arrival_time": "14:48", 
                "departure_airport": "Ciudad de M\u00e9xico, Distrito Federal (MEX-A. Internacional de la Ciudad de M\u00e9xico)", 
                "departure_time": "13:05"
            }
        ], 
        "ticket price": "2248.00", 
        "airline": "Aeromexico"
    }, 
    {
        "arrival": ", Monterrey", 
        "consult date": "10/05/2018", 
        "flight duration": "0 days 5 hours 6 minutes", 
        "plane": "Embraer 190", 
        "departure date": "16/12/2018", 
        "stops": "1", 
        "plane code": "E90", 
        "departure": ", Huatulco", 
        "timings": [
            {
                "arrival_airport": "Ciudad de M\u00e9xico, Distrito Federal (MEX-A. Internacional de la Ciudad de M\u00e9xico)", 
                "arrival_time": "12:10", 
                "departure_airport": "Huatulco, Oaxaca (HUX-A. Internacional Bah\u00edas de Huatulco)", 
                "departure_time": "10:39"
            }, 
            {
                "arrival_airport": "Monterrey, Nuevo Le\u00f3n (MTY-A. Internacional General Mariano Escobedo)", 
                "arrival_time": "15:45", 
                "departure_airport": "Ciudad de M\u00e9xico, Distrito Federal (MEX-A. Internacional de la Ciudad de M\u00e9xico)", 
                "departure_time": "14:00"
            }
        ], 
        "ticket price": "2248.00", 
        "airline": "Aeromexico"
    }, 
    {
        "arrival": ", Monterrey", 
        "consult date": "10/05/2018", 
        "flight duration": "0 days 7 hours 58 minutes", 
        "plane": "Embraer 190", 
        "departure date": "16/12/2018", 
        "stops": "1", 
        "plane code": "E90", 
        "departure": ", Huatulco", 
        "timings": [
            {
                "arrival_airport": "Ciudad de M\u00e9xico, Distrito Federal (MEX-A. Internacional de la Ciudad de M\u00e9xico)", 
                "arrival_time": "12:10", 
                "departure_airport": "Huatulco, Oaxaca (HUX-A. Internacional Bah\u00edas de Huatulco)", 
                "departure_time": "10:39"
            }, 
            {
                "arrival_airport": "Monterrey, Nuevo Le\u00f3n (MTY-A. Internacional General Mariano Escobedo)", 
                "arrival_time": "18:37", 
                "departure_airport": "Ciudad de M\u00e9xico, Distrito Federal (MEX-A. Internacional de la Ciudad de M\u00e9xico)", 
                "departure_time": "17:00"
            }
        ], 
        "ticket price": "2248.00", 
        "airline": "Aeromexico"
    }, 
    {
        "arrival": ", Monterrey", 
        "consult date": "10/05/2018", 
        "flight duration": "0 days 6 hours 59 minutes", 
        "plane": "Embraer 190", 
        "departure date": "16/12/2018", 
        "stops": "1", 
        "plane code": "E90", 
        "departure": ", Huatulco", 
        "timings": [
            {
                "arrival_airport": "Ciudad de M\u00e9xico, Distrito Federal (MEX-A. Internacional de la Ciudad de M\u00e9xico)", 
                "arrival_time": "12:10", 
                "departure_airport": "Huatulco, Oaxaca (HUX-A. Internacional Bah\u00edas de Huatulco)", 
                "departure_time": "10:39"
            }, 
            {
                "arrival_airport": "Monterrey, Nuevo Le\u00f3n (MTY-A. Internacional General Mariano Escobedo)", 
                "arrival_time": "17:38", 
                "departure_airport": "Ciudad de M\u00e9xico, Distrito Federal (MEX-A. Internacional de la Ciudad de M\u00e9xico)", 
                "departure_time": "16:00"
            }
        ], 
        "ticket price": "2248.00", 
        "airline": "Aeromexico"
    }, 
    {
        "arrival": ", Monterrey", 
        "consult date": "10/05/2018", 
        "flight duration": "0 days 4 hours 26 minutes", 
        "plane": "", 
        "departure date": "16/12/2018", 
        "stops": "1", 
        "plane code": "", 
        "departure": ", Huatulco", 
        "timings": [
            {
                "arrival_airport": "Ciudad de M\u00e9xico, Distrito Federal (MEX-A. Internacional de la Ciudad de M\u00e9xico)", 
                "arrival_time": "15:58", 
                "departure_airport": "Huatulco, Oaxaca (HUX-A. Internacional Bah\u00edas de Huatulco)", 
                "departure_time": "14:21"
            }, 
            {
                "arrival_airport": "Monterrey, Nuevo Le\u00f3n (MTY-A. Internacional General Mariano Escobedo)", 
                "arrival_time": "18:47", 
                "departure_airport": "Ciudad de M\u00e9xico, Distrito Federal (MEX-A. Internacional de la Ciudad de M\u00e9xico)", 
                "departure_time": "17:00"
            }
        ], 
        "ticket price": "2281.00", 
        "airline": "Volaris"
    }, 
    {
        "arrival": ", Monterrey", 
        "consult date": "10/05/2018", 
        "flight duration": "0 days 7 hours 34 minutes", 
        "plane": "", 
        "departure date": "16/12/2018", 
        "stops": "1", 
        "plane code": "", 
        "departure": ", Huatulco", 
        "timings": [
            {
                "arrival_airport": "Ciudad de M\u00e9xico, Distrito Federal (MEX-A. Internacional de la Ciudad de M\u00e9xico)", 
                "arrival_time": "15:58", 
                "departure_airport": "Huatulco, Oaxaca (HUX-A. Internacional Bah\u00edas de Huatulco)", 
                "departure_time": "14:21"
            }, 
            {
                "arrival_airport": "Monterrey, Nuevo Le\u00f3n (MTY-A. Internacional General Mariano Escobedo)", 
                "arrival_time": "21:55", 
                "departure_airport": "Ciudad de M\u00e9xico, Distrito Federal (MEX-A. Internacional de la Ciudad de M\u00e9xico)", 
                "departure_time": "20:08"
            }
        ], 
        "ticket price": "2281.00", 
        "airline": "Volaris"
    }, 
    {
        "arrival": ", Monterrey", 
        "consult date": "10/05/2018", 
        "flight duration": "0 days 10 hours 45 minutes", 
        "plane": "", 
        "departure date": "16/12/2018", 
        "stops": "1", 
        "plane code": "", 
        "departure": ", Huatulco", 
        "timings": [
            {
                "arrival_airport": "Ciudad de M\u00e9xico, Distrito Federal (MEX-A. Internacional de la Ciudad de M\u00e9xico)", 
                "arrival_time": "13:35", 
                "departure_airport": "Huatulco, Oaxaca (HUX-A. Internacional Bah\u00edas de Huatulco)", 
                "departure_time": "12:05"
            }, 
            {
                "arrival_airport": "Monterrey, Nuevo Le\u00f3n (MTY-A. Internacional General Mariano Escobedo)", 
                "arrival_time": "22:50", 
                "departure_airport": "Ciudad de M\u00e9xico, Distrito Federal (MEX-A. Internacional de la Ciudad de M\u00e9xico)", 
                "departure_time": "21:15"
            }
        ], 
        "ticket price": "2317.92", 
        "airline": "Interjet"
    }, 
    {
        "arrival": ", Monterrey", 
        "consult date": "10/05/2018", 
        "flight duration": "0 days 6 hours 25 minutes", 
        "plane": "", 
        "departure date": "16/12/2018", 
        "stops": "1", 
        "plane code": "", 
        "departure": ", Huatulco", 
        "timings": [
            {
                "arrival_airport": "Ciudad de M\u00e9xico, Distrito Federal (MEX-A. Internacional de la Ciudad de M\u00e9xico)", 
                "arrival_time": "13:35", 
                "departure_airport": "Huatulco, Oaxaca (HUX-A. Internacional Bah\u00edas de Huatulco)", 
                "departure_time": "12:05"
            }, 
            {
                "arrival_airport": "Monterrey, Nuevo Le\u00f3n (MTY-A. Internacional General Mariano Escobedo)", 
                "arrival_time": "18:30", 
                "departure_airport": "Ciudad de M\u00e9xico, Distrito Federal (MEX-A. Internacional de la Ciudad de M\u00e9xico)", 
                "departure_time": "16:50"
            }
        ], 
        "ticket price": "2317.92", 
        "airline": "Interjet"
    }, 
    {
        "arrival": ", Monterrey", 
        "consult date": "10/05/2018", 
        "flight duration": "0 days 7 hours 25 minutes", 
        "plane": "", 
        "departure date": "16/12/2018", 
        "stops": "1", 
        "plane code": "", 
        "departure": ", Huatulco", 
        "timings": [
            {
                "arrival_airport": "Ciudad de M\u00e9xico, Distrito Federal (MEX-A. Internacional de la Ciudad de M\u00e9xico)", 
                "arrival_time": "13:35", 
                "departure_airport": "Huatulco, Oaxaca (HUX-A. Internacional Bah\u00edas de Huatulco)", 
                "departure_time": "12:05"
            }, 
            {
                "arrival_airport": "Monterrey, Nuevo Le\u00f3n (MTY-A. Internacional General Mariano Escobedo)", 
                "arrival_time": "19:30", 
                "departure_airport": "Ciudad de M\u00e9xico, Distrito Federal (MEX-A. Internacional de la Ciudad de M\u00e9xico)", 
                "departure_time": "17:50"
            }
        ], 
        "ticket price": "2450.16", 
        "airline": "Interjet"
    }, 
    {
        "arrival": ", Monterrey", 
        "consult date": "10/05/2018", 
        "flight duration": "0 days 10 hours 5 minutes", 
        "plane": "", 
        "departure date": "16/12/2018", 
        "stops": "1", 
        "plane code": "", 
        "departure": ", Huatulco", 
        "timings": [
            {
                "arrival_airport": "Ciudad de M\u00e9xico, Distrito Federal (MEX-A. Internacional de la Ciudad de M\u00e9xico)", 
                "arrival_time": "13:35", 
                "departure_airport": "Huatulco, Oaxaca (HUX-A. Internacional Bah\u00edas de Huatulco)", 
                "departure_time": "12:05"
            }, 
            {
                "arrival_airport": "Monterrey, Nuevo Le\u00f3n (MTY-A. Internacional General Mariano Escobedo)", 
                "arrival_time": "22:10", 
                "departure_airport": "Ciudad de M\u00e9xico, Distrito Federal (MEX-A. Internacional de la Ciudad de M\u00e9xico)", 
                "departure_time": "20:35"
            }
        ], 
        "ticket price": "2450.16", 
        "airline": "Interjet"
    }, 
    {
        "arrival": ", Monterrey", 
        "consult date": "10/05/2018", 
        "flight duration": "0 days 5 hours 20 minutes", 
        "plane": "", 
        "departure date": "16/12/2018", 
        "stops": "1", 
        "plane code": "", 
        "departure": ", Huatulco", 
        "timings": [
            {
                "arrival_airport": "Ciudad de M\u00e9xico, Distrito Federal (MEX-A. Internacional de la Ciudad de M\u00e9xico)", 
                "arrival_time": "13:35", 
                "departure_airport": "Huatulco, Oaxaca (HUX-A. Internacional Bah\u00edas de Huatulco)", 
                "departure_time": "12:05"
            }, 
            {
                "arrival_airport": "Monterrey, Nuevo Le\u00f3n (MTY-A. Internacional General Mariano Escobedo)", 
                "arrival_time": "17:25", 
                "departure_airport": "Ciudad de M\u00e9xico, Distrito Federal (MEX-A. Internacional de la Ciudad de M\u00e9xico)", 
                "departure_time": "15:50"
            }
        ], 
        "ticket price": "2450.16", 
        "airline": "Interjet"
    }, 
    {
        "arrival": ", Monterrey", 
        "consult date": "10/05/2018", 
        "flight duration": "0 days 10 hours 46 minutes", 
        "plane": "", 
        "departure date": "16/12/2018", 
        "stops": "1", 
        "plane code": "", 
        "departure": ", Huatulco", 
        "timings": [
            {
                "arrival_airport": "Guadalajara, Jalisco (GDL-Don Miguel Hidalgo y Costilla Intl.)", 
                "arrival_time": "13:56", 
                "departure_airport": "Huatulco, Oaxaca (HUX-A. Internacional Bah\u00edas de Huatulco)", 
                "departure_time": "12:11"
            }, 
            {
                "arrival_airport": "Monterrey, Nuevo Le\u00f3n (MTY-A. Internacional General Mariano Escobedo)", 
                "arrival_time": "22:57", 
                "departure_airport": "Guadalajara, Jalisco (GDL-Don Miguel Hidalgo y Costilla Intl.)", 
                "departure_time": "21:21"
            }
        ], 
        "ticket price": "2580.00", 
        "airline": "Volaris"
    }, 
    {
        "arrival": ", Monterrey", 
        "consult date": "10/05/2018", 
        "flight duration": "0 days 9 hours 20 minutes", 
        "plane": "", 
        "departure date": "16/12/2018", 
        "stops": "1", 
        "plane code": "", 
        "departure": ", Huatulco", 
        "timings": [
            {
                "arrival_airport": "Ciudad de M\u00e9xico, Distrito Federal (MEX-A. Internacional de la Ciudad de M\u00e9xico)", 
                "arrival_time": "13:35", 
                "departure_airport": "Huatulco, Oaxaca (HUX-A. Internacional Bah\u00edas de Huatulco)", 
                "departure_time": "12:05"
            }, 
            {
                "arrival_airport": "Monterrey, Nuevo Le\u00f3n (MTY-A. Internacional General Mariano Escobedo)", 
                "arrival_time": "21:25", 
                "departure_airport": "Ciudad de M\u00e9xico, Distrito Federal (MEX-A. Internacional de la Ciudad de M\u00e9xico)", 
                "departure_time": "19:50"
            }
        ], 
        "ticket price": "2599.80", 
        "airline": "Interjet"
    }, 
    {
        "arrival": ", Monterrey", 
        "consult date": "10/05/2018", 
        "flight duration": "0 days 5 hours 13 minutes", 
        "plane": "Embraer 190", 
        "departure date": "16/12/2018", 
        "stops": "1", 
        "plane code": "E90", 
        "departure": ", Huatulco", 
        "timings": [
            {
                "arrival_airport": "Ciudad de M\u00e9xico, Distrito Federal (MEX-A. Internacional de la Ciudad de M\u00e9xico)", 
                "arrival_time": "17:05", 
                "departure_airport": "Huatulco, Oaxaca (HUX-A. Internacional Bah\u00edas de Huatulco)", 
                "departure_time": "15:34"
            }, 
            {
                "arrival_airport": "Monterrey, Nuevo Le\u00f3n (MTY-A. Internacional General Mariano Escobedo)", 
                "arrival_time": "20:47", 
                "departure_airport": "Ciudad de M\u00e9xico, Distrito Federal (MEX-A. Internacional de la Ciudad de M\u00e9xico)", 
                "departure_time": "19:05"
            }
        ], 
        "ticket price": "2770.00", 
        "airline": "Aeromexico"
    }, 
    {
        "arrival": ", Monterrey", 
        "consult date": "10/05/2018", 
        "flight duration": "0 days 6 hours 35 minutes", 
        "plane": "", 
        "departure date": "16/12/2018", 
        "stops": "1", 
        "plane code": "", 
        "departure": ", Huatulco", 
        "timings": [
            {
                "arrival_airport": "Ciudad de M\u00e9xico, Distrito Federal (MEX-A. Internacional de la Ciudad de M\u00e9xico)", 
                "arrival_time": "17:45", 
                "departure_airport": "Huatulco, Oaxaca (HUX-A. Internacional Bah\u00edas de Huatulco)", 
                "departure_time": "16:15"
            }, 
            {
                "arrival_airport": "Monterrey, Nuevo Le\u00f3n (MTY-A. Internacional General Mariano Escobedo)", 
                "arrival_time": "22:50", 
                "departure_airport": "Ciudad de M\u00e9xico, Distrito Federal (MEX-A. Internacional de la Ciudad de M\u00e9xico)", 
                "departure_time": "21:15"
            }
        ], 
        "ticket price": "3092.80", 
        "airline": "Interjet"
    }, 
    {
        "arrival": ", Monterrey", 
        "consult date": "10/05/2018", 
        "flight duration": "1 days 14 hours 25 minutes", 
        "plane": "", 
        "departure date": "16/12/2018", 
        "stops": "1", 
        "plane code": "", 
        "departure": ", Huatulco", 
        "timings": [
            {
                "arrival_airport": "Ciudad de M\u00e9xico, Distrito Federal (MEX-A. Internacional de la Ciudad de M\u00e9xico)", 
                "arrival_time": "17:45", 
                "departure_airport": "Huatulco, Oaxaca (HUX-A. Internacional Bah\u00edas de Huatulco)", 
                "departure_time": "16:15"
            }, 
            {
                "arrival_airport": "Monterrey, Nuevo Le\u00f3n (MTY-A. Internacional General Mariano Escobedo)", 
                "arrival_time": "06:40", 
                "departure_airport": "Ciudad de M\u00e9xico, Distrito Federal (MEX-A. Internacional de la Ciudad de M\u00e9xico)", 
                "departure_time": "05:05"
            }
        ], 
        "ticket price": "3092.80", 
        "airline": "Interjet"
    }, 
    {
        "arrival": ", Monterrey", 
        "consult date": "10/05/2018", 
        "flight duration": "0 days 5 hours 55 minutes", 
        "plane": "", 
        "departure date": "16/12/2018", 
        "stops": "1", 
        "plane code": "", 
        "departure": ", Huatulco", 
        "timings": [
            {
                "arrival_airport": "Ciudad de M\u00e9xico, Distrito Federal (MEX-A. Internacional de la Ciudad de M\u00e9xico)", 
                "arrival_time": "17:45", 
                "departure_airport": "Huatulco, Oaxaca (HUX-A. Internacional Bah\u00edas de Huatulco)", 
                "departure_time": "16:15"
            }, 
            {
                "arrival_airport": "Monterrey, Nuevo Le\u00f3n (MTY-A. Internacional General Mariano Escobedo)", 
                "arrival_time": "22:10", 
                "departure_airport": "Ciudad de M\u00e9xico, Distrito Federal (MEX-A. Internacional de la Ciudad de M\u00e9xico)", 
                "departure_time": "20:35"
            }
        ], 
        "ticket price": "3225.04", 
        "airline": "Interjet"
    }, 
    {
        "arrival": ", Monterrey", 
        "consult date": "10/05/2018", 
        "flight duration": "0 days 6 hours 11 minutes", 
        "plane": "Embraer 190", 
        "departure date": "16/12/2018", 
        "stops": "1", 
        "plane code": "E90", 
        "departure": ", Huatulco", 
        "timings": [
            {
                "arrival_airport": "Ciudad de M\u00e9xico, Distrito Federal (MEX-A. Internacional de la Ciudad de M\u00e9xico)", 
                "arrival_time": "17:05", 
                "departure_airport": "Huatulco, Oaxaca (HUX-A. Internacional Bah\u00edas de Huatulco)", 
                "departure_time": "15:34"
            }, 
            {
                "arrival_airport": "Monterrey, Nuevo Le\u00f3n (MTY-A. Internacional General Mariano Escobedo)", 
                "arrival_time": "21:45", 
                "departure_airport": "Ciudad de M\u00e9xico, Distrito Federal (MEX-A. Internacional de la Ciudad de M\u00e9xico)", 
                "departure_time": "20:00"
            }
        ], 
        "ticket price": "3350.00", 
        "airline": "Aeromexico"
    }, 
    {
        "arrival": ", Monterrey", 
        "consult date": "10/05/2018", 
        "flight duration": "0 days 5 hours 10 minutes", 
        "plane": "", 
        "departure date": "16/12/2018", 
        "stops": "1", 
        "plane code": "", 
        "departure": ", Huatulco", 
        "timings": [
            {
                "arrival_airport": "Ciudad de M\u00e9xico, Distrito Federal (MEX-A. Internacional de la Ciudad de M\u00e9xico)", 
                "arrival_time": "17:45", 
                "departure_airport": "Huatulco, Oaxaca (HUX-A. Internacional Bah\u00edas de Huatulco)", 
                "departure_time": "16:15"
            }, 
            {
                "arrival_airport": "Monterrey, Nuevo Le\u00f3n (MTY-A. Internacional General Mariano Escobedo)", 
                "arrival_time": "21:25", 
                "departure_airport": "Ciudad de M\u00e9xico, Distrito Federal (MEX-A. Internacional de la Ciudad de M\u00e9xico)", 
                "departure_time": "19:50"
            }
        ], 
        "ticket price": "3374.68", 
        "airline": "Interjet"
    }, 
    {
        "arrival": ", Monterrey", 
        "consult date": "10/05/2018", 
        "flight duration": "0 days 7 hours 11 minutes", 
        "plane": "Embraer 190", 
        "departure date": "16/12/2018", 
        "stops": "1", 
        "plane code": "E90", 
        "departure": ", Huatulco", 
        "timings": [
            {
                "arrival_airport": "Ciudad de M\u00e9xico, Distrito Federal (MEX-A. Internacional de la Ciudad de M\u00e9xico)", 
                "arrival_time": "17:05", 
                "departure_airport": "Huatulco, Oaxaca (HUX-A. Internacional Bah\u00edas de Huatulco)", 
                "departure_time": "15:34"
            }, 
            {
                "arrival_airport": "Monterrey, Nuevo Le\u00f3n (MTY-A. Internacional General Mariano Escobedo)", 
                "arrival_time": "22:45", 
                "departure_airport": "Ciudad de M\u00e9xico, Distrito Federal (MEX-A. Internacional de la Ciudad de M\u00e9xico)", 
                "departure_time": "21:00"
            }
        ], 
        "ticket price": "3640.00", 
        "airline": "Aeromexico"
    }, 
    {
        "arrival": ", Monterrey", 
        "consult date": "10/05/2018", 
        "flight duration": "0 days 4 hours 13 minutes", 
        "plane": "Embraer 190", 
        "departure date": "16/12/2018", 
        "stops": "1", 
        "plane code": "E90", 
        "departure": ", Huatulco", 
        "timings": [
            {
                "arrival_airport": "Ciudad de M\u00e9xico, Distrito Federal (MEX-A. Internacional de la Ciudad de M\u00e9xico)", 
                "arrival_time": "17:05", 
                "departure_airport": "Huatulco, Oaxaca (HUX-A. Internacional Bah\u00edas de Huatulco)", 
                "departure_time": "15:34"
            }, 
            {
                "arrival_airport": "Monterrey, Nuevo Le\u00f3n (MTY-A. Internacional General Mariano Escobedo)", 
                "arrival_time": "19:47", 
                "departure_airport": "Ciudad de M\u00e9xico, Distrito Federal (MEX-A. Internacional de la Ciudad de M\u00e9xico)", 
                "departure_time": "18:10"
            }
        ], 
        "ticket price": "3640.00", 
        "airline": "Aeromexico"
    }, 
    {
        "arrival": ", Monterrey", 
        "consult date": "10/05/2018", 
        "flight duration": "0 days 8 hours 6 minutes", 
        "plane": "Embraer 190", 
        "departure date": "16/12/2018", 
        "stops": "1", 
        "plane code": "E90", 
        "departure": ", Huatulco", 
        "timings": [
            {
                "arrival_airport": "Ciudad de M\u00e9xico, Distrito Federal (MEX-A. Internacional de la Ciudad de M\u00e9xico)", 
                "arrival_time": "17:05", 
                "departure_airport": "Huatulco, Oaxaca (HUX-A. Internacional Bah\u00edas de Huatulco)", 
                "departure_time": "15:34"
            }, 
            {
                "arrival_airport": "Monterrey, Nuevo Le\u00f3n (MTY-A. Internacional General Mariano Escobedo)", 
                "arrival_time": "23:40", 
                "departure_airport": "Ciudad de M\u00e9xico, Distrito Federal (MEX-A. Internacional de la Ciudad de M\u00e9xico)", 
                "departure_time": "21:55"
            }
        ], 
        "ticket price": "3930.00", 
        "airline": "Aeromexico"
    }, 
    {
        "arrival": ", Monterrey", 
        "consult date": "10/05/2018", 
        "flight duration": "0 days 6 hours 39 minutes", 
        "plane": "Embraer 190", 
        "departure date": "16/12/2018", 
        "stops": "2", 
        "plane code": "E90", 
        "departure": ", Huatulco", 
        "timings": [
            {
                "arrival_airport": "Ciudad de M\u00e9xico, Distrito Federal (MEX-A. Internacional de la Ciudad de M\u00e9xico)", 
                "arrival_time": "17:05", 
                "departure_airport": "Huatulco, Oaxaca (HUX-A. Internacional Bah\u00edas de Huatulco)", 
                "departure_time": "15:34"
            }, 
            {
                "arrival_airport": "Guadalajara, Jalisco (GDL-Don Miguel Hidalgo y Costilla Intl.)", 
                "arrival_time": "19:17", 
                "departure_airport": "Ciudad de M\u00e9xico, Distrito Federal (MEX-A. Internacional de la Ciudad de M\u00e9xico)", 
                "departure_time": "18:00"
            }, 
            {
                "arrival_airport": "Monterrey, Nuevo Le\u00f3n (MTY-A. Internacional General Mariano Escobedo)", 
                "arrival_time": "22:13", 
                "departure_airport": "Guadalajara, Jalisco (GDL-Don Miguel Hidalgo y Costilla Intl.)", 
                "departure_time": "20:36"
            }
        ], 
        "ticket price": "6917.00", 
        "airline": "Aeromexico"
    }
]