[
    {
        "arrival": ", Cozumel", 
        "consult date": "10/05/2018", 
        "flight duration": "0 days 2 hours 0 minutes", 
        "plane": "", 
        "departure date": "24/12/2018", 
        "stops": 0, 
        "plane code": "", 
        "departure": ", Ciudad de M\u00e9xico", 
        "timings": [
            {
                "arrival_airport": "Cozumel, Quintana Roo (CZM-A. Internacional de Cozumel)", 
                "arrival_time": "14:10", 
                "departure_airport": "Ciudad de M\u00e9xico, Distrito Federal (MEX-A. Internacional de la Ciudad de M\u00e9xico)", 
                "departure_time": "12:10"
            }
        ], 
        "ticket price": "13241.39", 
        "airline": "Interjet"
    }
]