[
    {
        "arrival": ", ", 
        "consult date": "10/05/2018", 
        "flight duration": "0 days 1 hours 25 minutes", 
        "plane": "", 
        "departure date": "22/07/2018", 
        "stops": 0, 
        "plane code": "", 
        "departure": ", Ciudad de M\u00e9xico", 
        "timings": [
            {
                "arrival_airport": "Tuxtla Guti\u00e9rrez (TGZ-Aeropuerto Internacional \u00c1ngel Albino Corzo)", 
                "arrival_time": "12:00", 
                "departure_airport": "Ciudad de M\u00e9xico, Distrito Federal (MEX-A. Internacional de la Ciudad de M\u00e9xico)", 
                "departure_time": "10:35"
            }
        ], 
        "ticket price": "1167.12", 
        "airline": "Interjet"
    }, 
    {
        "arrival": ", ", 
        "consult date": "10/05/2018", 
        "flight duration": "0 days 1 hours 25 minutes", 
        "plane": "", 
        "departure date": "22/07/2018", 
        "stops": 0, 
        "plane code": "", 
        "departure": ", Ciudad de M\u00e9xico", 
        "timings": [
            {
                "arrival_airport": "Tuxtla Guti\u00e9rrez (TGZ-Aeropuerto Internacional \u00c1ngel Albino Corzo)", 
                "arrival_time": "22:10", 
                "departure_airport": "Ciudad de M\u00e9xico, Distrito Federal (MEX-A. Internacional de la Ciudad de M\u00e9xico)", 
                "departure_time": "20:45"
            }
        ], 
        "ticket price": "1463.98", 
        "airline": "VivaAerobus"
    }, 
    {
        "arrival": ", ", 
        "consult date": "10/05/2018", 
        "flight duration": "0 days 1 hours 25 minutes", 
        "plane": "", 
        "departure date": "22/07/2018", 
        "stops": 0, 
        "plane code": "", 
        "departure": ", Ciudad de M\u00e9xico", 
        "timings": [
            {
                "arrival_airport": "Tuxtla Guti\u00e9rrez (TGZ-Aeropuerto Internacional \u00c1ngel Albino Corzo)", 
                "arrival_time": "13:35", 
                "departure_airport": "Ciudad de M\u00e9xico, Distrito Federal (MEX-A. Internacional de la Ciudad de M\u00e9xico)", 
                "departure_time": "12:10"
            }
        ], 
        "ticket price": "1534.36", 
        "airline": "Interjet"
    }, 
    {
        "arrival": ", ", 
        "consult date": "10/05/2018", 
        "flight duration": "0 days 1 hours 30 minutes", 
        "plane": "", 
        "departure date": "22/07/2018", 
        "stops": 0, 
        "plane code": "", 
        "departure": ", Ciudad de M\u00e9xico", 
        "timings": [
            {
                "arrival_airport": "Tuxtla Guti\u00e9rrez (TGZ-Aeropuerto Internacional \u00c1ngel Albino Corzo)", 
                "arrival_time": "22:10", 
                "departure_airport": "Ciudad de M\u00e9xico, Distrito Federal (MEX-A. Internacional de la Ciudad de M\u00e9xico)", 
                "departure_time": "20:40"
            }
        ], 
        "ticket price": "1708.36", 
        "airline": "Interjet"
    }, 
    {
        "arrival": ", ", 
        "consult date": "10/05/2018", 
        "flight duration": "0 days 1 hours 52 minutes", 
        "plane": "", 
        "departure date": "22/07/2018", 
        "stops": 0, 
        "plane code": "", 
        "departure": ", Ciudad de M\u00e9xico", 
        "timings": [
            {
                "arrival_airport": "Tuxtla Guti\u00e9rrez (TGZ-Aeropuerto Internacional \u00c1ngel Albino Corzo)", 
                "arrival_time": "09:10", 
                "departure_airport": "Ciudad de M\u00e9xico, Distrito Federal (MEX-A. Internacional de la Ciudad de M\u00e9xico)", 
                "departure_time": "07:18"
            }
        ], 
        "ticket price": "1772.00", 
        "airline": "Volaris"
    }, 
    {
        "arrival": ", ", 
        "consult date": "10/05/2018", 
        "flight duration": "0 days 1 hours 30 minutes", 
        "plane": "", 
        "departure date": "22/07/2018", 
        "stops": 0, 
        "plane code": "", 
        "departure": ", Ciudad de M\u00e9xico", 
        "timings": [
            {
                "arrival_airport": "Tuxtla Guti\u00e9rrez (TGZ-Aeropuerto Internacional \u00c1ngel Albino Corzo)", 
                "arrival_time": "20:20", 
                "departure_airport": "Ciudad de M\u00e9xico, Distrito Federal (MEX-A. Internacional de la Ciudad de M\u00e9xico)", 
                "departure_time": "18:50"
            }
        ], 
        "ticket price": "1998.36", 
        "airline": "Interjet"
    }, 
    {
        "arrival": ", ", 
        "consult date": "10/05/2018", 
        "flight duration": "0 days 1 hours 38 minutes", 
        "plane": "Embraer 190", 
        "departure date": "22/07/2018", 
        "stops": 0, 
        "plane code": "E90", 
        "departure": ", Ciudad de M\u00e9xico", 
        "timings": [
            {
                "arrival_airport": "Tuxtla Guti\u00e9rrez (TGZ-Aeropuerto Internacional \u00c1ngel Albino Corzo)", 
                "arrival_time": "14:48", 
                "departure_airport": "Ciudad de M\u00e9xico, Distrito Federal (MEX-A. Internacional de la Ciudad de M\u00e9xico)", 
                "departure_time": "13:10"
            }
        ], 
        "ticket price": "2001.00", 
        "airline": "Aeromexico"
    }, 
    {
        "arrival": ", ", 
        "consult date": "10/05/2018", 
        "flight duration": "0 days 1 hours 50 minutes", 
        "plane": "Embraer 190", 
        "departure date": "22/07/2018", 
        "stops": 0, 
        "plane code": "E90", 
        "departure": ", Ciudad de M\u00e9xico", 
        "timings": [
            {
                "arrival_airport": "Tuxtla Guti\u00e9rrez (TGZ-Aeropuerto Internacional \u00c1ngel Albino Corzo)", 
                "arrival_time": "08:55", 
                "departure_airport": "Ciudad de M\u00e9xico, Distrito Federal (MEX-A. Internacional de la Ciudad de M\u00e9xico)", 
                "departure_time": "07:05"
            }
        ], 
        "ticket price": "2001.00", 
        "airline": "Aeromexico"
    }, 
    {
        "arrival": ", ", 
        "consult date": "10/05/2018", 
        "flight duration": "0 days 1 hours 48 minutes", 
        "plane": "Embraer 190", 
        "departure date": "22/07/2018", 
        "stops": 0, 
        "plane code": "E90", 
        "departure": ", Ciudad de M\u00e9xico", 
        "timings": [
            {
                "arrival_airport": "Tuxtla Guti\u00e9rrez (TGZ-Aeropuerto Internacional \u00c1ngel Albino Corzo)", 
                "arrival_time": "23:18", 
                "departure_airport": "Ciudad de M\u00e9xico, Distrito Federal (MEX-A. Internacional de la Ciudad de M\u00e9xico)", 
                "departure_time": "21:30"
            }
        ], 
        "ticket price": "2001.00", 
        "airline": "Aeromexico"
    }, 
    {
        "arrival": ", ", 
        "consult date": "10/05/2018", 
        "flight duration": "0 days 1 hours 38 minutes", 
        "plane": "Embraer 190", 
        "departure date": "22/07/2018", 
        "stops": 0, 
        "plane code": "E90", 
        "departure": ", Ciudad de M\u00e9xico", 
        "timings": [
            {
                "arrival_airport": "Tuxtla Guti\u00e9rrez (TGZ-Aeropuerto Internacional \u00c1ngel Albino Corzo)", 
                "arrival_time": "12:13", 
                "departure_airport": "Ciudad de M\u00e9xico, Distrito Federal (MEX-A. Internacional de la Ciudad de M\u00e9xico)", 
                "departure_time": "10:35"
            }
        ], 
        "ticket price": "2001.00", 
        "airline": "Aeromexico"
    }, 
    {
        "arrival": ", ", 
        "consult date": "10/05/2018", 
        "flight duration": "0 days 1 hours 32 minutes", 
        "plane": "EMBRAER 170", 
        "departure date": "22/07/2018", 
        "stops": 0, 
        "plane code": "E70", 
        "departure": ", Ciudad de M\u00e9xico", 
        "timings": [
            {
                "arrival_airport": "Tuxtla Guti\u00e9rrez (TGZ-Aeropuerto Internacional \u00c1ngel Albino Corzo)", 
                "arrival_time": "18:27", 
                "departure_airport": "Ciudad de M\u00e9xico, Distrito Federal (MEX-A. Internacional de la Ciudad de M\u00e9xico)", 
                "departure_time": "16:55"
            }
        ], 
        "ticket price": "2233.00", 
        "airline": "Aeromexico"
    }, 
    {
        "arrival": ", ", 
        "consult date": "10/05/2018", 
        "flight duration": "0 days 3 hours 10 minutes", 
        "plane": "ATR 72", 
        "departure date": "22/07/2018", 
        "stops": "1", 
        "plane code": "AT7", 
        "departure": ", Ciudad de M\u00e9xico", 
        "timings": [
            {
                "arrival_airport": "Oaxaca, Oaxaca (OAX-A. Internacional Xoxocotl\u00e1n)", 
                "arrival_time": "12:55", 
                "departure_airport": "Ciudad de M\u00e9xico, Distrito Federal (MEX-A. Internacional de la Ciudad de M\u00e9xico)", 
                "departure_time": "11:35"
            }, 
            {
                "arrival_airport": "Tuxtla Guti\u00e9rrez (TGZ-Aeropuerto Internacional \u00c1ngel Albino Corzo)", 
                "arrival_time": "14:45", 
                "departure_airport": "Oaxaca, Oaxaca (OAX-A. Internacional Xoxocotl\u00e1n)", 
                "departure_time": "13:25"
            }
        ], 
        "ticket price": "4224.00", 
        "airline": "Aeromar Airlines"
    }, 
    {
        "arrival": ", ", 
        "consult date": "10/05/2018", 
        "flight duration": "0 days 7 hours 12 minutes", 
        "plane": "", 
        "departure date": "22/07/2018", 
        "stops": "1", 
        "plane code": "", 
        "departure": ", Ciudad de M\u00e9xico", 
        "timings": [
            {
                "arrival_airport": "Canc\u00fan, Quintana Roo (CUN-Aeropuerto Internacional de Canc\u00fan)", 
                "arrival_time": "09:21", 
                "departure_airport": "Ciudad de M\u00e9xico, Distrito Federal (MEX-A. Internacional de la Ciudad de M\u00e9xico)", 
                "departure_time": "07:00"
            }, 
            {
                "arrival_airport": "Tuxtla Guti\u00e9rrez (TGZ-Aeropuerto Internacional \u00c1ngel Albino Corzo)", 
                "arrival_time": "14:12", 
                "departure_airport": "Canc\u00fan, Quintana Roo (CUN-Aeropuerto Internacional de Canc\u00fan)", 
                "departure_time": "12:25"
            }
        ], 
        "ticket price": "4321.00", 
        "airline": "Volaris"
    }, 
    {
        "arrival": ", ", 
        "consult date": "10/05/2018", 
        "flight duration": "0 days 5 hours 57 minutes", 
        "plane": "", 
        "departure date": "22/07/2018", 
        "stops": "1", 
        "plane code": "", 
        "departure": ", Ciudad de M\u00e9xico", 
        "timings": [
            {
                "arrival_airport": "Canc\u00fan, Quintana Roo (CUN-Aeropuerto Internacional de Canc\u00fan)", 
                "arrival_time": "10:36", 
                "departure_airport": "Ciudad de M\u00e9xico, Distrito Federal (MEX-A. Internacional de la Ciudad de M\u00e9xico)", 
                "departure_time": "08:15"
            }, 
            {
                "arrival_airport": "Tuxtla Guti\u00e9rrez (TGZ-Aeropuerto Internacional \u00c1ngel Albino Corzo)", 
                "arrival_time": "14:12", 
                "departure_airport": "Canc\u00fan, Quintana Roo (CUN-Aeropuerto Internacional de Canc\u00fan)", 
                "departure_time": "12:25"
            }
        ], 
        "ticket price": "4321.00", 
        "airline": "Volaris"
    }
]