[
    {
        "arrival": ", Minatitl\u00e1n", 
        "consult date": "10/05/2018", 
        "flight duration": "0 days 1 hours 21 minutes", 
        "plane": "Embraer 190", 
        "departure date": "17/08/2018", 
        "stops": 0, 
        "plane code": "E90", 
        "departure": ", Ciudad de M\u00e9xico", 
        "timings": [
            {
                "arrival_airport": "Minatitl\u00e1n, Veracruz (MTT-A. Nacional de Coatzacoalcos)", 
                "arrival_time": "07:26", 
                "departure_airport": "Ciudad de M\u00e9xico, Distrito Federal (MEX-A. Internacional de la Ciudad de M\u00e9xico)", 
                "departure_time": "06:05"
            }
        ], 
        "ticket price": "1949.00", 
        "airline": "Aeromexico"
    }, 
    {
        "arrival": ", Minatitl\u00e1n", 
        "consult date": "10/05/2018", 
        "flight duration": "0 days 1 hours 21 minutes", 
        "plane": "Embraer 190", 
        "departure date": "17/08/2018", 
        "stops": 0, 
        "plane code": "E90", 
        "departure": ", Ciudad de M\u00e9xico", 
        "timings": [
            {
                "arrival_airport": "Minatitl\u00e1n, Veracruz (MTT-A. Nacional de Coatzacoalcos)", 
                "arrival_time": "19:11", 
                "departure_airport": "Ciudad de M\u00e9xico, Distrito Federal (MEX-A. Internacional de la Ciudad de M\u00e9xico)", 
                "departure_time": "17:50"
            }
        ], 
        "ticket price": "1949.00", 
        "airline": "Aeromexico"
    }, 
    {
        "arrival": ", Minatitl\u00e1n", 
        "consult date": "10/05/2018", 
        "flight duration": "0 days 1 hours 10 minutes", 
        "plane": "", 
        "departure date": "17/08/2018", 
        "stops": 0, 
        "plane code": "", 
        "departure": ", Ciudad de M\u00e9xico", 
        "timings": [
            {
                "arrival_airport": "Minatitl\u00e1n, Veracruz (MTT-A. Nacional de Coatzacoalcos)", 
                "arrival_time": "00:40", 
                "departure_airport": "Ciudad de M\u00e9xico, Distrito Federal (MEX-A. Internacional de la Ciudad de M\u00e9xico)", 
                "departure_time": "23:30"
            }
        ], 
        "ticket price": "2304.60", 
        "airline": "Interjet"
    }, 
    {
        "arrival": ", Minatitl\u00e1n", 
        "consult date": "10/05/2018", 
        "flight duration": "0 days 1 hours 21 minutes", 
        "plane": "EMBRAER 170", 
        "departure date": "17/08/2018", 
        "stops": 0, 
        "plane code": "E70", 
        "departure": ", Ciudad de M\u00e9xico", 
        "timings": [
            {
                "arrival_airport": "Minatitl\u00e1n, Veracruz (MTT-A. Nacional de Coatzacoalcos)", 
                "arrival_time": "12:16", 
                "departure_airport": "Ciudad de M\u00e9xico, Distrito Federal (MEX-A. Internacional de la Ciudad de M\u00e9xico)", 
                "departure_time": "10:55"
            }
        ], 
        "ticket price": "2529.00", 
        "airline": "Aeromexico"
    }
]