[
    {
        "arrival": ", Villahermosa", 
        "consult date": "10/05/2018", 
        "flight duration": "0 days 1 hours 30 minutes", 
        "plane": "", 
        "departure date": "03/10/2018", 
        "stops": 0, 
        "plane code": "", 
        "departure": ", Ciudad de M\u00e9xico", 
        "timings": [
            {
                "arrival_airport": "Villahermosa, Tabasco (VSA-A. Internacional Carlos Rovirosa P\u00e9rez)", 
                "arrival_time": "18:35", 
                "departure_airport": "Ciudad de M\u00e9xico, Distrito Federal (MEX-A. Internacional de la Ciudad de M\u00e9xico)", 
                "departure_time": "17:05"
            }
        ], 
        "ticket price": "1105.29", 
        "airline": "Interjet"
    }, 
    {
        "arrival": ", Villahermosa", 
        "consult date": "10/05/2018", 
        "flight duration": "0 days 1 hours 20 minutes", 
        "plane": "", 
        "departure date": "03/10/2018", 
        "stops": 0, 
        "plane code": "", 
        "departure": ", Ciudad de M\u00e9xico", 
        "timings": [
            {
                "arrival_airport": "Villahermosa, Tabasco (VSA-A. Internacional Carlos Rovirosa P\u00e9rez)", 
                "arrival_time": "13:40", 
                "departure_airport": "Ciudad de M\u00e9xico, Distrito Federal (MEX-A. Internacional de la Ciudad de M\u00e9xico)", 
                "departure_time": "12:20"
            }
        ], 
        "ticket price": "1105.29", 
        "airline": "Interjet"
    }, 
    {
        "arrival": ", Villahermosa", 
        "consult date": "10/05/2018", 
        "flight duration": "0 days 1 hours 25 minutes", 
        "plane": "", 
        "departure date": "03/10/2018", 
        "stops": 0, 
        "plane code": "", 
        "departure": ", Ciudad de M\u00e9xico", 
        "timings": [
            {
                "arrival_airport": "Villahermosa, Tabasco (VSA-A. Internacional Carlos Rovirosa P\u00e9rez)", 
                "arrival_time": "08:00", 
                "departure_airport": "Ciudad de M\u00e9xico, Distrito Federal (MEX-A. Internacional de la Ciudad de M\u00e9xico)", 
                "departure_time": "06:35"
            }
        ], 
        "ticket price": "1105.29", 
        "airline": "Interjet"
    }, 
    {
        "arrival": ", Villahermosa", 
        "consult date": "10/05/2018", 
        "flight duration": "0 days 1 hours 30 minutes", 
        "plane": "", 
        "departure date": "03/10/2018", 
        "stops": 0, 
        "plane code": "", 
        "departure": ", Ciudad de M\u00e9xico", 
        "timings": [
            {
                "arrival_airport": "Villahermosa, Tabasco (VSA-A. Internacional Carlos Rovirosa P\u00e9rez)", 
                "arrival_time": "22:10", 
                "departure_airport": "Ciudad de M\u00e9xico, Distrito Federal (MEX-A. Internacional de la Ciudad de M\u00e9xico)", 
                "departure_time": "20:40"
            }
        ], 
        "ticket price": "1143.97", 
        "airline": "VivaAerobus"
    }, 
    {
        "arrival": ", Villahermosa", 
        "consult date": "10/05/2018", 
        "flight duration": "0 days 1 hours 25 minutes", 
        "plane": "", 
        "departure date": "03/10/2018", 
        "stops": 0, 
        "plane code": "", 
        "departure": ", Ciudad de M\u00e9xico", 
        "timings": [
            {
                "arrival_airport": "Villahermosa, Tabasco (VSA-A. Internacional Carlos Rovirosa P\u00e9rez)", 
                "arrival_time": "23:10", 
                "departure_airport": "Ciudad de M\u00e9xico, Distrito Federal (MEX-A. Internacional de la Ciudad de M\u00e9xico)", 
                "departure_time": "21:45"
            }
        ], 
        "ticket price": "1180.28", 
        "airline": "Interjet"
    }, 
    {
        "arrival": ", Villahermosa", 
        "consult date": "10/05/2018", 
        "flight duration": "0 days 1 hours 37 minutes", 
        "plane": "", 
        "departure date": "03/10/2018", 
        "stops": 0, 
        "plane code": "", 
        "departure": ", Ciudad de M\u00e9xico", 
        "timings": [
            {
                "arrival_airport": "Villahermosa, Tabasco (VSA-A. Internacional Carlos Rovirosa P\u00e9rez)", 
                "arrival_time": "20:37", 
                "departure_airport": "Ciudad de M\u00e9xico, Distrito Federal (MEX-A. Internacional de la Ciudad de M\u00e9xico)", 
                "departure_time": "19:00"
            }
        ], 
        "ticket price": "1402.00", 
        "airline": "Volaris"
    }, 
    {
        "arrival": ", Villahermosa", 
        "consult date": "10/05/2018", 
        "flight duration": "0 days 1 hours 38 minutes", 
        "plane": "Embraer 190", 
        "departure date": "03/10/2018", 
        "stops": 0, 
        "plane code": "E90", 
        "departure": ", Ciudad de M\u00e9xico", 
        "timings": [
            {
                "arrival_airport": "Villahermosa, Tabasco (VSA-A. Internacional Carlos Rovirosa P\u00e9rez)", 
                "arrival_time": "11:08", 
                "departure_airport": "Ciudad de M\u00e9xico, Distrito Federal (MEX-A. Internacional de la Ciudad de M\u00e9xico)", 
                "departure_time": "09:30"
            }
        ], 
        "ticket price": "1676.00", 
        "airline": "Aeromexico"
    }, 
    {
        "arrival": ", Villahermosa", 
        "consult date": "10/05/2018", 
        "flight duration": "0 days 1 hours 33 minutes", 
        "plane": "Boeing 737", 
        "departure date": "03/10/2018", 
        "stops": 0, 
        "plane code": "737", 
        "departure": ", Ciudad de M\u00e9xico", 
        "timings": [
            {
                "arrival_airport": "Villahermosa, Tabasco (VSA-A. Internacional Carlos Rovirosa P\u00e9rez)", 
                "arrival_time": "18:13", 
                "departure_airport": "Ciudad de M\u00e9xico, Distrito Federal (MEX-A. Internacional de la Ciudad de M\u00e9xico)", 
                "departure_time": "16:40"
            }
        ], 
        "ticket price": "1676.00", 
        "airline": "Aeromexico"
    }, 
    {
        "arrival": ", Villahermosa", 
        "consult date": "10/05/2018", 
        "flight duration": "0 days 1 hours 35 minutes", 
        "plane": "Embraer 190", 
        "departure date": "03/10/2018", 
        "stops": 0, 
        "plane code": "E90", 
        "departure": ", Ciudad de M\u00e9xico", 
        "timings": [
            {
                "arrival_airport": "Villahermosa, Tabasco (VSA-A. Internacional Carlos Rovirosa P\u00e9rez)", 
                "arrival_time": "23:15", 
                "departure_airport": "Ciudad de M\u00e9xico, Distrito Federal (MEX-A. Internacional de la Ciudad de M\u00e9xico)", 
                "departure_time": "21:40"
            }
        ], 
        "ticket price": "1676.00", 
        "airline": "Aeromexico"
    }, 
    {
        "arrival": ", Villahermosa", 
        "consult date": "10/05/2018", 
        "flight duration": "0 days 1 hours 31 minutes", 
        "plane": "Boeing 737", 
        "departure date": "03/10/2018", 
        "stops": 0, 
        "plane code": "737", 
        "departure": ", Ciudad de M\u00e9xico", 
        "timings": [
            {
                "arrival_airport": "Villahermosa, Tabasco (VSA-A. Internacional Carlos Rovirosa P\u00e9rez)", 
                "arrival_time": "15:21", 
                "departure_airport": "Ciudad de M\u00e9xico, Distrito Federal (MEX-A. Internacional de la Ciudad de M\u00e9xico)", 
                "departure_time": "13:50"
            }
        ], 
        "ticket price": "1676.00", 
        "airline": "Aeromexico"
    }, 
    {
        "arrival": ", Villahermosa", 
        "consult date": "10/05/2018", 
        "flight duration": "0 days 9 hours 25 minutes", 
        "plane": "Embraer 190", 
        "departure date": "03/10/2018", 
        "stops": "2", 
        "plane code": "E90", 
        "departure": ", Ciudad de M\u00e9xico", 
        "timings": [
            {
                "arrival_airport": "San Antonio, TX, Estados Unidos (SAT-A. Internacional de San Antonio)", 
                "arrival_time": "12:01", 
                "departure_airport": "Ciudad de M\u00e9xico, Distrito Federal (MEX-A. Internacional de la Ciudad de M\u00e9xico)", 
                "departure_time": "09:50"
            }, 
            {
                "arrival_airport": "Houston, TX, Estados Unidos (IAH-A. Intercontinental George Bush)", 
                "arrival_time": "15:04", 
                "departure_airport": "San Antonio, TX, Estados Unidos (SAT-A. Internacional de San Antonio)", 
                "departure_time": "14:05"
            }, 
            {
                "arrival_airport": "Villahermosa, Tabasco (VSA-A. Internacional Carlos Rovirosa P\u00e9rez)", 
                "arrival_time": "19:15", 
                "departure_airport": "Houston, TX, Estados Unidos (IAH-A. Intercontinental George Bush)", 
                "departure_time": "16:35"
            }
        ], 
        "ticket price": "25063.00", 
        "airline": "Aerolitoral DBA Aeromexico Connect"
    }, 
    {
        "arrival": ", Villahermosa", 
        "consult date": "10/05/2018", 
        "flight duration": "0 days 1 hours 38 minutes", 
        "plane": "Embraer 190", 
        "departure date": "03/10/2018", 
        "stops": 0, 
        "plane code": "E90", 
        "departure": ", Ciudad de M\u00e9xico", 
        "timings": [
            {
                "arrival_airport": "Villahermosa, Tabasco (VSA-A. Internacional Carlos Rovirosa P\u00e9rez)", 
                "arrival_time": "08:43", 
                "departure_airport": "Ciudad de M\u00e9xico, Distrito Federal (MEX-A. Internacional de la Ciudad de M\u00e9xico)", 
                "departure_time": "07:05"
            }
        ], 
        "ticket price": "2546.00", 
        "airline": "Aeromexico"
    }, 
    {
        "arrival": ", Villahermosa", 
        "consult date": "10/05/2018", 
        "flight duration": "0 days 2 hours 50 minutes", 
        "plane": "ATR 72", 
        "departure date": "03/10/2018", 
        "stops": "1", 
        "plane code": "AT7", 
        "departure": ", Ciudad de M\u00e9xico", 
        "timings": [
            {
                "arrival_airport": "Veracruz, Veracruz (VER-A. Internacional General Heriberto Jara)", 
                "arrival_time": "18:20", 
                "departure_airport": "Ciudad de M\u00e9xico, Distrito Federal (MEX-A. Internacional de la Ciudad de M\u00e9xico)", 
                "departure_time": "17:05"
            }, 
            {
                "arrival_airport": "Villahermosa, Tabasco (VSA-A. Internacional Carlos Rovirosa P\u00e9rez)", 
                "arrival_time": "19:55", 
                "departure_airport": "Veracruz, Veracruz (VER-A. Internacional General Heriberto Jara)", 
                "departure_time": "18:45"
            }
        ], 
        "ticket price": "3006.00", 
        "airline": "Aeromar Airlines"
    }, 
    {
        "arrival": ", Villahermosa", 
        "consult date": "10/05/2018", 
        "flight duration": "0 days 4 hours 35 minutes", 
        "plane": "ATR 42", 
        "departure date": "03/10/2018", 
        "stops": "1", 
        "plane code": "ATR", 
        "departure": ", Ciudad de M\u00e9xico", 
        "timings": [
            {
                "arrival_airport": "Veracruz, Veracruz (VER-A. Internacional General Heriberto Jara)", 
                "arrival_time": "16:40", 
                "departure_airport": "Ciudad de M\u00e9xico, Distrito Federal (MEX-A. Internacional de la Ciudad de M\u00e9xico)", 
                "departure_time": "15:20"
            }, 
            {
                "arrival_airport": "Villahermosa, Tabasco (VSA-A. Internacional Carlos Rovirosa P\u00e9rez)", 
                "arrival_time": "19:55", 
                "departure_airport": "Veracruz, Veracruz (VER-A. Internacional General Heriberto Jara)", 
                "departure_time": "18:45"
            }
        ], 
        "ticket price": "3006.00", 
        "airline": "Aeromar Airlines"
    }, 
    {
        "arrival": ", Villahermosa", 
        "consult date": "10/05/2018", 
        "flight duration": "0 days 9 hours 5 minutes", 
        "plane": "Embraer 190", 
        "departure date": "03/10/2018", 
        "stops": "2", 
        "plane code": "E90", 
        "departure": ", Ciudad de M\u00e9xico", 
        "timings": [
            {
                "arrival_airport": "Austin, TX, Estados Unidos (AUS-A. Internacional de Austin-Bergstrom)", 
                "arrival_time": "12:30", 
                "departure_airport": "Ciudad de M\u00e9xico, Distrito Federal (MEX-A. Internacional de la Ciudad de M\u00e9xico)", 
                "departure_time": "10:10"
            }, 
            {
                "arrival_airport": "Houston, TX, Estados Unidos (IAH-A. Intercontinental George Bush)", 
                "arrival_time": "15:22", 
                "departure_airport": "Austin, TX, Estados Unidos (AUS-A. Internacional de Austin-Bergstrom)", 
                "departure_time": "14:24"
            }, 
            {
                "arrival_airport": "Villahermosa, Tabasco (VSA-A. Internacional Carlos Rovirosa P\u00e9rez)", 
                "arrival_time": "19:15", 
                "departure_airport": "Houston, TX, Estados Unidos (IAH-A. Intercontinental George Bush)", 
                "departure_time": "16:35"
            }
        ], 
        "ticket price": "32169.00", 
        "airline": "Aerolitoral DBA Aeromexico Connect"
    }
]