[
    {
        "arrival": ", Campeche", 
        "consult date": "10/05/2018", 
        "flight duration": "0 days 1 hours 30 minutes", 
        "plane": "", 
        "departure date": "18/11/2018", 
        "stops": 0, 
        "plane code": "", 
        "departure": ", Ciudad de M\u00e9xico", 
        "timings": [
            {
                "arrival_airport": "Campeche, Campeche (CPE-A. Internacional Ing. Alberto Acuna Ongay)", 
                "arrival_time": "01:00", 
                "departure_airport": "Ciudad de M\u00e9xico, Distrito Federal (MEX-A. Internacional de la Ciudad de M\u00e9xico)", 
                "departure_time": "23:30"
            }
        ], 
        "ticket price": "3310.62", 
        "airline": "Interjet"
    }, 
    {
        "arrival": ", Campeche", 
        "consult date": "10/05/2018", 
        "flight duration": "0 days 1 hours 56 minutes", 
        "plane": "EMBRAER 170", 
        "departure date": "18/11/2018", 
        "stops": 0, 
        "plane code": "E70", 
        "departure": ", Ciudad de M\u00e9xico", 
        "timings": [
            {
                "arrival_airport": "Campeche, Campeche (CPE-A. Internacional Ing. Alberto Acuna Ongay)", 
                "arrival_time": "08:01", 
                "departure_airport": "Ciudad de M\u00e9xico, Distrito Federal (MEX-A. Internacional de la Ciudad de M\u00e9xico)", 
                "departure_time": "06:05"
            }
        ], 
        "ticket price": "4338.00", 
        "airline": "Aeromexico"
    }, 
    {
        "arrival": ", Campeche", 
        "consult date": "10/05/2018", 
        "flight duration": "0 days 1 hours 58 minutes", 
        "plane": "EMBRAER 170", 
        "departure date": "18/11/2018", 
        "stops": 0, 
        "plane code": "E70", 
        "departure": ", Ciudad de M\u00e9xico", 
        "timings": [
            {
                "arrival_airport": "Campeche, Campeche (CPE-A. Internacional Ing. Alberto Acuna Ongay)", 
                "arrival_time": "20:23", 
                "departure_airport": "Ciudad de M\u00e9xico, Distrito Federal (MEX-A. Internacional de la Ciudad de M\u00e9xico)", 
                "departure_time": "18:25"
            }
        ], 
        "ticket price": "5034.00", 
        "airline": "Aeromexico"
    }
]