[
    {
        "arrival": ", Ixtapa", 
        "consult date": "10/05/2018", 
        "flight duration": "0 days 1 hours 0 minutes", 
        "plane": "", 
        "departure date": "25/08/2018", 
        "stops": 0, 
        "plane code": "", 
        "departure": ", Ciudad de M\u00e9xico", 
        "timings": [
            {
                "arrival_airport": "Ixtapa, Guerrero (ZIH-A. Internacional de Ixtapa - Zihuatanejo)", 
                "arrival_time": "14:15", 
                "departure_airport": "Ciudad de M\u00e9xico, Distrito Federal (MEX-A. Internacional de la Ciudad de M\u00e9xico)", 
                "departure_time": "13:15"
            }
        ], 
        "ticket price": "2418.28", 
        "airline": "Interjet"
    }, 
    {
        "arrival": ", Ixtapa", 
        "consult date": "10/05/2018", 
        "flight duration": "0 days 1 hours 12 minutes", 
        "plane": "EMBRAER 170", 
        "departure date": "25/08/2018", 
        "stops": 0, 
        "plane code": "E70", 
        "departure": ", Ciudad de M\u00e9xico", 
        "timings": [
            {
                "arrival_airport": "Ixtapa, Guerrero (ZIH-A. Internacional de Ixtapa - Zihuatanejo)", 
                "arrival_time": "13:17", 
                "departure_airport": "Ciudad de M\u00e9xico, Distrito Federal (MEX-A. Internacional de la Ciudad de M\u00e9xico)", 
                "departure_time": "12:05"
            }
        ], 
        "ticket price": "2575.00", 
        "airline": "Aeromexico"
    }, 
    {
        "arrival": ", Ixtapa", 
        "consult date": "10/05/2018", 
        "flight duration": "0 days 1 hours 12 minutes", 
        "plane": "Embraer 190", 
        "departure date": "25/08/2018", 
        "stops": 0, 
        "plane code": "E90", 
        "departure": ", Ciudad de M\u00e9xico", 
        "timings": [
            {
                "arrival_airport": "Ixtapa, Guerrero (ZIH-A. Internacional de Ixtapa - Zihuatanejo)", 
                "arrival_time": "15:17", 
                "departure_airport": "Ciudad de M\u00e9xico, Distrito Federal (MEX-A. Internacional de la Ciudad de M\u00e9xico)", 
                "departure_time": "14:05"
            }
        ], 
        "ticket price": "2575.00", 
        "airline": "Aeromexico"
    }, 
    {
        "arrival": ", Ixtapa", 
        "consult date": "10/05/2018", 
        "flight duration": "0 days 1 hours 9 minutes", 
        "plane": "EMBRAER 170", 
        "departure date": "25/08/2018", 
        "stops": 0, 
        "plane code": "E70", 
        "departure": ", Ciudad de M\u00e9xico", 
        "timings": [
            {
                "arrival_airport": "Ixtapa, Guerrero (ZIH-A. Internacional de Ixtapa - Zihuatanejo)", 
                "arrival_time": "12:04", 
                "departure_airport": "Ciudad de M\u00e9xico, Distrito Federal (MEX-A. Internacional de la Ciudad de M\u00e9xico)", 
                "departure_time": "10:55"
            }
        ], 
        "ticket price": "2807.00", 
        "airline": "Aeromexico"
    }, 
    {
        "arrival": ", Ixtapa", 
        "consult date": "10/05/2018", 
        "flight duration": "0 days 1 hours 20 minutes", 
        "plane": "ATR 72", 
        "departure date": "25/08/2018", 
        "stops": 0, 
        "plane code": "AT7", 
        "departure": ", Ciudad de M\u00e9xico", 
        "timings": [
            {
                "arrival_airport": "Ixtapa, Guerrero (ZIH-A. Internacional de Ixtapa - Zihuatanejo)", 
                "arrival_time": "12:40", 
                "departure_airport": "Ciudad de M\u00e9xico, Distrito Federal (MEX-A. Internacional de la Ciudad de M\u00e9xico)", 
                "departure_time": "11:20"
            }
        ], 
        "ticket price": "2988.00", 
        "airline": "Aeromar Airlines"
    }
]