[
    {
        "arrival": ", Guadalajara", 
        "consult date": "10/05/2018", 
        "flight duration": "0 days 4 hours 32 minutes", 
        "plane": "Boeing 737", 
        "departure date": "28/07/2018", 
        "stops": "1", 
        "plane code": "737", 
        "departure": ", Ciudad de M\u00e9xico", 
        "timings": [
            {
                "arrival_airport": "Monterrey, Nuevo Le\u00f3n (MTY-A. Internacional General Mariano Escobedo)", 
                "arrival_time": "19:38", 
                "departure_airport": "Ciudad de M\u00e9xico, Distrito Federal (MEX-A. Internacional de la Ciudad de M\u00e9xico)", 
                "departure_time": "18:00"
            }, 
            {
                "arrival_airport": "Guadalajara, Jalisco (GDL-Don Miguel Hidalgo y Costilla Intl.)", 
                "arrival_time": "22:32", 
                "departure_airport": "Monterrey, Nuevo Le\u00f3n (MTY-A. Internacional General Mariano Escobedo)", 
                "departure_time": "21:00"
            }
        ], 
        "ticket price": "11528.00", 
        "airline": "Aeromexico"
    }, 
    {
        "arrival": ", Guadalajara", 
        "consult date": "10/05/2018", 
        "flight duration": "0 days 1 hours 15 minutes", 
        "plane": "", 
        "departure date": "28/07/2018", 
        "stops": 0, 
        "plane code": "", 
        "departure": ", Ciudad de M\u00e9xico", 
        "timings": [
            {
                "arrival_airport": "Guadalajara, Jalisco (GDL-Don Miguel Hidalgo y Costilla Intl.)", 
                "arrival_time": "10:25", 
                "departure_airport": "Ciudad de M\u00e9xico, Distrito Federal (MEX-A. Internacional de la Ciudad de M\u00e9xico)", 
                "departure_time": "09:10"
            }
        ], 
        "ticket price": "2409.54", 
        "airline": "Interjet"
    }, 
    {
        "arrival": ", Guadalajara", 
        "consult date": "10/05/2018", 
        "flight duration": "0 days 1 hours 15 minutes", 
        "plane": "", 
        "departure date": "28/07/2018", 
        "stops": 0, 
        "plane code": "", 
        "departure": ", Ciudad de M\u00e9xico", 
        "timings": [
            {
                "arrival_airport": "Guadalajara, Jalisco (GDL-Don Miguel Hidalgo y Costilla Intl.)", 
                "arrival_time": "13:20", 
                "departure_airport": "Ciudad de M\u00e9xico, Distrito Federal (MEX-A. Internacional de la Ciudad de M\u00e9xico)", 
                "departure_time": "12:05"
            }
        ], 
        "ticket price": "2409.54", 
        "airline": "Interjet"
    }, 
    {
        "arrival": ", Guadalajara", 
        "consult date": "10/05/2018", 
        "flight duration": "0 days 1 hours 15 minutes", 
        "plane": "", 
        "departure date": "28/07/2018", 
        "stops": 0, 
        "plane code": "", 
        "departure": ", Ciudad de M\u00e9xico", 
        "timings": [
            {
                "arrival_airport": "Guadalajara, Jalisco (GDL-Don Miguel Hidalgo y Costilla Intl.)", 
                "arrival_time": "09:55", 
                "departure_airport": "Ciudad de M\u00e9xico, Distrito Federal (MEX-A. Internacional de la Ciudad de M\u00e9xico)", 
                "departure_time": "08:40"
            }
        ], 
        "ticket price": "2837.94", 
        "airline": "VivaAerobus"
    }, 
    {
        "arrival": ", Guadalajara", 
        "consult date": "10/05/2018", 
        "flight duration": "0 days 1 hours 15 minutes", 
        "plane": "", 
        "departure date": "28/07/2018", 
        "stops": 0, 
        "plane code": "", 
        "departure": ", Ciudad de M\u00e9xico", 
        "timings": [
            {
                "arrival_airport": "Guadalajara, Jalisco (GDL-Don Miguel Hidalgo y Costilla Intl.)", 
                "arrival_time": "17:05", 
                "departure_airport": "Ciudad de M\u00e9xico, Distrito Federal (MEX-A. Internacional de la Ciudad de M\u00e9xico)", 
                "departure_time": "15:50"
            }
        ], 
        "ticket price": "2837.94", 
        "airline": "VivaAerobus"
    }, 
    {
        "arrival": ", Guadalajara", 
        "consult date": "10/05/2018", 
        "flight duration": "0 days 1 hours 15 minutes", 
        "plane": "", 
        "departure date": "28/07/2018", 
        "stops": 0, 
        "plane code": "", 
        "departure": ", Ciudad de M\u00e9xico", 
        "timings": [
            {
                "arrival_airport": "Guadalajara, Jalisco (GDL-Don Miguel Hidalgo y Costilla Intl.)", 
                "arrival_time": "01:00", 
                "departure_airport": "Ciudad de M\u00e9xico, Distrito Federal (MEX-A. Internacional de la Ciudad de M\u00e9xico)", 
                "departure_time": "23:45"
            }
        ], 
        "ticket price": "2837.94", 
        "airline": "VivaAerobus"
    }, 
    {
        "arrival": ", Guadalajara", 
        "consult date": "10/05/2018", 
        "flight duration": "0 days 1 hours 15 minutes", 
        "plane": "", 
        "departure date": "28/07/2018", 
        "stops": 0, 
        "plane code": "", 
        "departure": ", Ciudad de M\u00e9xico", 
        "timings": [
            {
                "arrival_airport": "Guadalajara, Jalisco (GDL-Don Miguel Hidalgo y Costilla Intl.)", 
                "arrival_time": "14:15", 
                "departure_airport": "Ciudad de M\u00e9xico, Distrito Federal (MEX-A. Internacional de la Ciudad de M\u00e9xico)", 
                "departure_time": "13:00"
            }
        ], 
        "ticket price": "2886.62", 
        "airline": "Interjet"
    }, 
    {
        "arrival": ", Guadalajara", 
        "consult date": "10/05/2018", 
        "flight duration": "0 days 1 hours 28 minutes", 
        "plane": "", 
        "departure date": "28/07/2018", 
        "stops": 0, 
        "plane code": "", 
        "departure": ", Ciudad de M\u00e9xico", 
        "timings": [
            {
                "arrival_airport": "Guadalajara, Jalisco (GDL-Don Miguel Hidalgo y Costilla Intl.)", 
                "arrival_time": "16:28", 
                "departure_airport": "Ciudad de M\u00e9xico, Distrito Federal (MEX-A. Internacional de la Ciudad de M\u00e9xico)", 
                "departure_time": "15:00"
            }
        ], 
        "ticket price": "2956.00", 
        "airline": "Volaris"
    }, 
    {
        "arrival": ", Guadalajara", 
        "consult date": "10/05/2018", 
        "flight duration": "0 days 1 hours 28 minutes", 
        "plane": "", 
        "departure date": "28/07/2018", 
        "stops": 0, 
        "plane code": "", 
        "departure": ", Ciudad de M\u00e9xico", 
        "timings": [
            {
                "arrival_airport": "Guadalajara, Jalisco (GDL-Don Miguel Hidalgo y Costilla Intl.)", 
                "arrival_time": "23:33", 
                "departure_airport": "Ciudad de M\u00e9xico, Distrito Federal (MEX-A. Internacional de la Ciudad de M\u00e9xico)", 
                "departure_time": "22:05"
            }
        ], 
        "ticket price": "2956.00", 
        "airline": "Volaris"
    }, 
    {
        "arrival": ", Guadalajara", 
        "consult date": "10/05/2018", 
        "flight duration": "0 days 1 hours 28 minutes", 
        "plane": "", 
        "departure date": "28/07/2018", 
        "stops": 0, 
        "plane code": "", 
        "departure": ", Ciudad de M\u00e9xico", 
        "timings": [
            {
                "arrival_airport": "Guadalajara, Jalisco (GDL-Don Miguel Hidalgo y Costilla Intl.)", 
                "arrival_time": "08:37", 
                "departure_airport": "Ciudad de M\u00e9xico, Distrito Federal (MEX-A. Internacional de la Ciudad de M\u00e9xico)", 
                "departure_time": "07:09"
            }
        ], 
        "ticket price": "2956.00", 
        "airline": "Volaris"
    }, 
    {
        "arrival": ", Guadalajara", 
        "consult date": "10/05/2018", 
        "flight duration": "0 days 1 hours 28 minutes", 
        "plane": "", 
        "departure date": "28/07/2018", 
        "stops": 0, 
        "plane code": "", 
        "departure": ", Ciudad de M\u00e9xico", 
        "timings": [
            {
                "arrival_airport": "Guadalajara, Jalisco (GDL-Don Miguel Hidalgo y Costilla Intl.)", 
                "arrival_time": "22:15", 
                "departure_airport": "Ciudad de M\u00e9xico, Distrito Federal (MEX-A. Internacional de la Ciudad de M\u00e9xico)", 
                "departure_time": "20:47"
            }
        ], 
        "ticket price": "2956.00", 
        "airline": "Volaris"
    }, 
    {
        "arrival": ", Guadalajara", 
        "consult date": "10/05/2018", 
        "flight duration": "0 days 1 hours 28 minutes", 
        "plane": "", 
        "departure date": "28/07/2018", 
        "stops": 0, 
        "plane code": "", 
        "departure": ", Ciudad de M\u00e9xico", 
        "timings": [
            {
                "arrival_airport": "Guadalajara, Jalisco (GDL-Don Miguel Hidalgo y Costilla Intl.)", 
                "arrival_time": "07:28", 
                "departure_airport": "Ciudad de M\u00e9xico, Distrito Federal (MEX-A. Internacional de la Ciudad de M\u00e9xico)", 
                "departure_time": "06:00"
            }
        ], 
        "ticket price": "2956.00", 
        "airline": "Volaris"
    }, 
    {
        "arrival": ", Guadalajara", 
        "consult date": "10/05/2018", 
        "flight duration": "0 days 1 hours 22 minutes", 
        "plane": "Boeing 737", 
        "departure date": "28/07/2018", 
        "stops": 0, 
        "plane code": "737", 
        "departure": ", Ciudad de M\u00e9xico", 
        "timings": [
            {
                "arrival_airport": "Guadalajara, Jalisco (GDL-Don Miguel Hidalgo y Costilla Intl.)", 
                "arrival_time": "14:22", 
                "departure_airport": "Ciudad de M\u00e9xico, Distrito Federal (MEX-A. Internacional de la Ciudad de M\u00e9xico)", 
                "departure_time": "13:00"
            }
        ], 
        "ticket price": "3584.00", 
        "airline": "Aeromexico"
    }, 
    {
        "arrival": ", Guadalajara", 
        "consult date": "10/05/2018", 
        "flight duration": "0 days 1 hours 20 minutes", 
        "plane": "Boeing 737-800", 
        "departure date": "28/07/2018", 
        "stops": 0, 
        "plane code": "738", 
        "departure": ", Ciudad de M\u00e9xico", 
        "timings": [
            {
                "arrival_airport": "Guadalajara, Jalisco (GDL-Don Miguel Hidalgo y Costilla Intl.)", 
                "arrival_time": "19:20", 
                "departure_airport": "Ciudad de M\u00e9xico, Distrito Federal (MEX-A. Internacional de la Ciudad de M\u00e9xico)", 
                "departure_time": "18:00"
            }
        ], 
        "ticket price": "3584.00", 
        "airline": "Aeromexico"
    }, 
    {
        "arrival": ", Guadalajara", 
        "consult date": "10/05/2018", 
        "flight duration": "0 days 1 hours 25 minutes", 
        "plane": "BOEING 737-800 SCIMITAR WINGLETS", 
        "departure date": "28/07/2018", 
        "stops": 0, 
        "plane code": "7S8", 
        "departure": ", Ciudad de M\u00e9xico", 
        "timings": [
            {
                "arrival_airport": "Guadalajara, Jalisco (GDL-Don Miguel Hidalgo y Costilla Intl.)", 
                "arrival_time": "16:25", 
                "departure_airport": "Ciudad de M\u00e9xico, Distrito Federal (MEX-A. Internacional de la Ciudad de M\u00e9xico)", 
                "departure_time": "15:00"
            }
        ], 
        "ticket price": "3584.00", 
        "airline": "Aeromexico"
    }, 
    {
        "arrival": ", Guadalajara", 
        "consult date": "10/05/2018", 
        "flight duration": "0 days 1 hours 26 minutes", 
        "plane": "Embraer 190", 
        "departure date": "28/07/2018", 
        "stops": 0, 
        "plane code": "E90", 
        "departure": ", Ciudad de M\u00e9xico", 
        "timings": [
            {
                "arrival_airport": "Guadalajara, Jalisco (GDL-Don Miguel Hidalgo y Costilla Intl.)", 
                "arrival_time": "07:31", 
                "departure_airport": "Ciudad de M\u00e9xico, Distrito Federal (MEX-A. Internacional de la Ciudad de M\u00e9xico)", 
                "departure_time": "06:05"
            }
        ], 
        "ticket price": "3584.00", 
        "airline": "Aeromexico"
    }, 
    {
        "arrival": ", Guadalajara", 
        "consult date": "10/05/2018", 
        "flight duration": "0 days 1 hours 34 minutes", 
        "plane": "BOEING 737-800 SCIMITAR WINGLETS", 
        "departure date": "28/07/2018", 
        "stops": 0, 
        "plane code": "7S8", 
        "departure": ", Ciudad de M\u00e9xico", 
        "timings": [
            {
                "arrival_airport": "Guadalajara, Jalisco (GDL-Don Miguel Hidalgo y Costilla Intl.)", 
                "arrival_time": "23:34", 
                "departure_airport": "Ciudad de M\u00e9xico, Distrito Federal (MEX-A. Internacional de la Ciudad de M\u00e9xico)", 
                "departure_time": "22:00"
            }
        ], 
        "ticket price": "3584.00", 
        "airline": "Aeromexico"
    }, 
    {
        "arrival": ", Guadalajara", 
        "consult date": "10/05/2018", 
        "flight duration": "0 days 1 hours 17 minutes", 
        "plane": "Embraer 190", 
        "departure date": "28/07/2018", 
        "stops": 0, 
        "plane code": "E90", 
        "departure": ", Ciudad de M\u00e9xico", 
        "timings": [
            {
                "arrival_airport": "Guadalajara, Jalisco (GDL-Don Miguel Hidalgo y Costilla Intl.)", 
                "arrival_time": "17:22", 
                "departure_airport": "Ciudad de M\u00e9xico, Distrito Federal (MEX-A. Internacional de la Ciudad de M\u00e9xico)", 
                "departure_time": "16:05"
            }
        ], 
        "ticket price": "3584.00", 
        "airline": "Aeromexico"
    }, 
    {
        "arrival": ", Guadalajara", 
        "consult date": "10/05/2018", 
        "flight duration": "0 days 1 hours 26 minutes", 
        "plane": "BOEING 737-800 SCIMITAR WINGLETS", 
        "departure date": "28/07/2018", 
        "stops": 0, 
        "plane code": "7S8", 
        "departure": ", Ciudad de M\u00e9xico", 
        "timings": [
            {
                "arrival_airport": "Guadalajara, Jalisco (GDL-Don Miguel Hidalgo y Costilla Intl.)", 
                "arrival_time": "09:26", 
                "departure_airport": "Ciudad de M\u00e9xico, Distrito Federal (MEX-A. Internacional de la Ciudad de M\u00e9xico)", 
                "departure_time": "08:00"
            }
        ], 
        "ticket price": "3584.00", 
        "airline": "Aeromexico"
    }, 
    {
        "arrival": ", Guadalajara", 
        "consult date": "10/05/2018", 
        "flight duration": "0 days 1 hours 20 minutes", 
        "plane": "Embraer 190", 
        "departure date": "28/07/2018", 
        "stops": 0, 
        "plane code": "E90", 
        "departure": ", Ciudad de M\u00e9xico", 
        "timings": [
            {
                "arrival_airport": "Guadalajara, Jalisco (GDL-Don Miguel Hidalgo y Costilla Intl.)", 
                "arrival_time": "20:20", 
                "departure_airport": "Ciudad de M\u00e9xico, Distrito Federal (MEX-A. Internacional de la Ciudad de M\u00e9xico)", 
                "departure_time": "19:00"
            }
        ], 
        "ticket price": "3584.00", 
        "airline": "Aeromexico"
    }, 
    {
        "arrival": ", Guadalajara", 
        "consult date": "10/05/2018", 
        "flight duration": "0 days 1 hours 28 minutes", 
        "plane": "BOEING 737-800 SCIMITAR WINGLETS", 
        "departure date": "28/07/2018", 
        "stops": 0, 
        "plane code": "7S8", 
        "departure": ", Ciudad de M\u00e9xico", 
        "timings": [
            {
                "arrival_airport": "Guadalajara, Jalisco (GDL-Don Miguel Hidalgo y Costilla Intl.)", 
                "arrival_time": "21:28", 
                "departure_airport": "Ciudad de M\u00e9xico, Distrito Federal (MEX-A. Internacional de la Ciudad de M\u00e9xico)", 
                "departure_time": "20:00"
            }
        ], 
        "ticket price": "3584.00", 
        "airline": "Aeromexico"
    }, 
    {
        "arrival": ", Guadalajara", 
        "consult date": "10/05/2018", 
        "flight duration": "0 days 1 hours 28 minutes", 
        "plane": "", 
        "departure date": "28/07/2018", 
        "stops": 0, 
        "plane code": "", 
        "departure": ", Ciudad de M\u00e9xico", 
        "timings": [
            {
                "arrival_airport": "Guadalajara, Jalisco (GDL-Don Miguel Hidalgo y Costilla Intl.)", 
                "arrival_time": "20:03", 
                "departure_airport": "Ciudad de M\u00e9xico, Distrito Federal (MEX-A. Internacional de la Ciudad de M\u00e9xico)", 
                "departure_time": "18:35"
            }
        ], 
        "ticket price": "3584.00", 
        "airline": "Volaris"
    }, 
    {
        "arrival": ", Guadalajara", 
        "consult date": "10/05/2018", 
        "flight duration": "0 days 1 hours 20 minutes", 
        "plane": "", 
        "departure date": "28/07/2018", 
        "stops": 0, 
        "plane code": "", 
        "departure": ", Ciudad de M\u00e9xico", 
        "timings": [
            {
                "arrival_airport": "Guadalajara, Jalisco (GDL-Don Miguel Hidalgo y Costilla Intl.)", 
                "arrival_time": "19:15", 
                "departure_airport": "Ciudad de M\u00e9xico, Distrito Federal (MEX-A. Internacional de la Ciudad de M\u00e9xico)", 
                "departure_time": "17:55"
            }
        ], 
        "ticket price": "3644.92", 
        "airline": "Interjet"
    }, 
    {
        "arrival": ", Guadalajara", 
        "consult date": "10/05/2018", 
        "flight duration": "0 days 1 hours 41 minutes", 
        "plane": "Boeing 737", 
        "departure date": "28/07/2018", 
        "stops": 0, 
        "plane code": "737", 
        "departure": ", Ciudad de M\u00e9xico", 
        "timings": [
            {
                "arrival_airport": "Guadalajara, Jalisco (GDL-Don Miguel Hidalgo y Costilla Intl.)", 
                "arrival_time": "12:41", 
                "departure_airport": "Ciudad de M\u00e9xico, Distrito Federal (MEX-A. Internacional de la Ciudad de M\u00e9xico)", 
                "departure_time": "11:00"
            }
        ], 
        "ticket price": "4048.00", 
        "airline": "Aeromexico"
    }, 
    {
        "arrival": ", Guadalajara", 
        "consult date": "10/05/2018", 
        "flight duration": "0 days 1 hours 25 minutes", 
        "plane": "Embraer 190", 
        "departure date": "28/07/2018", 
        "stops": 0, 
        "plane code": "E90", 
        "departure": ", Ciudad de M\u00e9xico", 
        "timings": [
            {
                "arrival_airport": "Guadalajara, Jalisco (GDL-Don Miguel Hidalgo y Costilla Intl.)", 
                "arrival_time": "10:26", 
                "departure_airport": "Ciudad de M\u00e9xico, Distrito Federal (MEX-A. Internacional de la Ciudad de M\u00e9xico)", 
                "departure_time": "09:01"
            }
        ], 
        "ticket price": "4048.00", 
        "airline": "Aeromexico"
    }, 
    {
        "arrival": ", Guadalajara", 
        "consult date": "10/05/2018", 
        "flight duration": "0 days 1 hours 15 minutes", 
        "plane": "Embraer 190", 
        "departure date": "28/07/2018", 
        "stops": 0, 
        "plane code": "E90", 
        "departure": ", Ciudad de M\u00e9xico", 
        "timings": [
            {
                "arrival_airport": "Guadalajara, Jalisco (GDL-Don Miguel Hidalgo y Costilla Intl.)", 
                "arrival_time": "18:15", 
                "departure_airport": "Ciudad de M\u00e9xico, Distrito Federal (MEX-A. Internacional de la Ciudad de M\u00e9xico)", 
                "departure_time": "17:00"
            }
        ], 
        "ticket price": "4048.00", 
        "airline": "Aeromexico"
    }, 
    {
        "arrival": ", Guadalajara", 
        "consult date": "10/05/2018", 
        "flight duration": "0 days 6 hours 0 minutes", 
        "plane": "", 
        "departure date": "28/07/2018", 
        "stops": "1", 
        "plane code": "", 
        "departure": ", Ciudad de M\u00e9xico", 
        "timings": [
            {
                "arrival_airport": "Monterrey, Nuevo Le\u00f3n (MTY-A. Internacional General Mariano Escobedo)", 
                "arrival_time": "10:47", 
                "departure_airport": "Ciudad de M\u00e9xico, Distrito Federal (MEX-A. Internacional de la Ciudad de M\u00e9xico)", 
                "departure_time": "09:00"
            }, 
            {
                "arrival_airport": "Guadalajara, Jalisco (GDL-Don Miguel Hidalgo y Costilla Intl.)", 
                "arrival_time": "15:00", 
                "departure_airport": "Monterrey, Nuevo Le\u00f3n (MTY-A. Internacional General Mariano Escobedo)", 
                "departure_time": "13:30"
            }
        ], 
        "ticket price": "4434.00", 
        "airline": "Aeromexico"
    }, 
    {
        "arrival": ", Guadalajara", 
        "consult date": "10/05/2018", 
        "flight duration": "0 days 8 hours 0 minutes", 
        "plane": "", 
        "departure date": "28/07/2018", 
        "stops": "1", 
        "plane code": "", 
        "departure": ", Ciudad de M\u00e9xico", 
        "timings": [
            {
                "arrival_airport": "Monterrey, Nuevo Le\u00f3n (MTY-A. Internacional General Mariano Escobedo)", 
                "arrival_time": "08:47", 
                "departure_airport": "Ciudad de M\u00e9xico, Distrito Federal (MEX-A. Internacional de la Ciudad de M\u00e9xico)", 
                "departure_time": "07:00"
            }, 
            {
                "arrival_airport": "Guadalajara, Jalisco (GDL-Don Miguel Hidalgo y Costilla Intl.)", 
                "arrival_time": "15:00", 
                "departure_airport": "Monterrey, Nuevo Le\u00f3n (MTY-A. Internacional General Mariano Escobedo)", 
                "departure_time": "13:30"
            }
        ], 
        "ticket price": "4434.00", 
        "airline": "Aeromexico"
    }, 
    {
        "arrival": ", Guadalajara", 
        "consult date": "10/05/2018", 
        "flight duration": "0 days 7 hours 0 minutes", 
        "plane": "BOEING 737-800 SCIMITAR WINGLETS", 
        "departure date": "28/07/2018", 
        "stops": "1", 
        "plane code": "7S8", 
        "departure": ", Ciudad de M\u00e9xico", 
        "timings": [
            {
                "arrival_airport": "Monterrey, Nuevo Le\u00f3n (MTY-A. Internacional General Mariano Escobedo)", 
                "arrival_time": "09:47", 
                "departure_airport": "Ciudad de M\u00e9xico, Distrito Federal (MEX-A. Internacional de la Ciudad de M\u00e9xico)", 
                "departure_time": "08:00"
            }, 
            {
                "arrival_airport": "Guadalajara, Jalisco (GDL-Don Miguel Hidalgo y Costilla Intl.)", 
                "arrival_time": "15:00", 
                "departure_airport": "Monterrey, Nuevo Le\u00f3n (MTY-A. Internacional General Mariano Escobedo)", 
                "departure_time": "13:30"
            }
        ], 
        "ticket price": "4434.00", 
        "airline": "Aeromexico"
    }, 
    {
        "arrival": ", Guadalajara", 
        "consult date": "10/05/2018", 
        "flight duration": "0 days 1 hours 19 minutes", 
        "plane": "Embraer 190", 
        "departure date": "28/07/2018", 
        "stops": 0, 
        "plane code": "E90", 
        "departure": ", Ciudad de M\u00e9xico", 
        "timings": [
            {
                "arrival_airport": "Guadalajara, Jalisco (GDL-Don Miguel Hidalgo y Costilla Intl.)", 
                "arrival_time": "22:19", 
                "departure_airport": "Ciudad de M\u00e9xico, Distrito Federal (MEX-A. Internacional de la Ciudad de M\u00e9xico)", 
                "departure_time": "21:00"
            }
        ], 
        "ticket price": "4512.00", 
        "airline": "Aeromexico"
    }, 
    {
        "arrival": ", Guadalajara", 
        "consult date": "10/05/2018", 
        "flight duration": "0 days 1 hours 28 minutes", 
        "plane": "", 
        "departure date": "28/07/2018", 
        "stops": 0, 
        "plane code": "", 
        "departure": ", Ciudad de M\u00e9xico", 
        "timings": [
            {
                "arrival_airport": "Guadalajara, Jalisco (GDL-Don Miguel Hidalgo y Costilla Intl.)", 
                "arrival_time": "10:45", 
                "departure_airport": "Ciudad de M\u00e9xico, Distrito Federal (MEX-A. Internacional de la Ciudad de M\u00e9xico)", 
                "departure_time": "09:17"
            }
        ], 
        "ticket price": "4884.00", 
        "airline": "Volaris"
    }, 
    {
        "arrival": ", Guadalajara", 
        "consult date": "10/05/2018", 
        "flight duration": "0 days 6 hours 32 minutes", 
        "plane": "Boeing 737", 
        "departure date": "28/07/2018", 
        "stops": "1", 
        "plane code": "737", 
        "departure": ", Ciudad de M\u00e9xico", 
        "timings": [
            {
                "arrival_airport": "Monterrey, Nuevo Le\u00f3n (MTY-A. Internacional General Mariano Escobedo)", 
                "arrival_time": "17:41", 
                "departure_airport": "Ciudad de M\u00e9xico, Distrito Federal (MEX-A. Internacional de la Ciudad de M\u00e9xico)", 
                "departure_time": "16:00"
            }, 
            {
                "arrival_airport": "Guadalajara, Jalisco (GDL-Don Miguel Hidalgo y Costilla Intl.)", 
                "arrival_time": "22:32", 
                "departure_airport": "Monterrey, Nuevo Le\u00f3n (MTY-A. Internacional General Mariano Escobedo)", 
                "departure_time": "21:00"
            }
        ], 
        "ticket price": "5246.00", 
        "airline": "Aeromexico"
    }, 
    {
        "arrival": ", Guadalajara", 
        "consult date": "10/05/2018", 
        "flight duration": "0 days 8 hours 25 minutes", 
        "plane": "", 
        "departure date": "28/07/2018", 
        "stops": "1", 
        "plane code": "", 
        "departure": ", Ciudad de M\u00e9xico", 
        "timings": [
            {
                "arrival_airport": "Monterrey, Nuevo Le\u00f3n (MTY-A. Internacional General Mariano Escobedo)", 
                "arrival_time": "10:19", 
                "departure_airport": "Ciudad de M\u00e9xico, Distrito Federal (MEX-A. Internacional de la Ciudad de M\u00e9xico)", 
                "departure_time": "08:31"
            }, 
            {
                "arrival_airport": "Guadalajara, Jalisco (GDL-Don Miguel Hidalgo y Costilla Intl.)", 
                "arrival_time": "16:56", 
                "departure_airport": "Monterrey, Nuevo Le\u00f3n (MTY-A. Internacional General Mariano Escobedo)", 
                "departure_time": "15:23"
            }
        ], 
        "ticket price": "5292.00", 
        "airline": "Volaris"
    }, 
    {
        "arrival": ", Guadalajara", 
        "consult date": "10/05/2018", 
        "flight duration": "0 days 5 hours 14 minutes", 
        "plane": "", 
        "departure date": "28/07/2018", 
        "stops": "1", 
        "plane code": "", 
        "departure": ", Ciudad de M\u00e9xico", 
        "timings": [
            {
                "arrival_airport": "Culiac\u00e1n, Sinaloa (CUL-A. Internacional Federal de Bachigualato)", 
                "arrival_time": "06:50", 
                "departure_airport": "Ciudad de M\u00e9xico, Distrito Federal (MEX-A. Internacional de la Ciudad de M\u00e9xico)", 
                "departure_time": "05:35"
            }, 
            {
                "arrival_airport": "Guadalajara, Jalisco (GDL-Don Miguel Hidalgo y Costilla Intl.)", 
                "arrival_time": "10:49", 
                "departure_airport": "Culiac\u00e1n, Sinaloa (CUL-A. Internacional Federal de Bachigualato)", 
                "departure_time": "08:16"
            }
        ], 
        "ticket price": "5522.00", 
        "airline": "Volaris"
    }, 
    {
        "arrival": ", Guadalajara", 
        "consult date": "10/05/2018", 
        "flight duration": "0 days 6 hours 29 minutes", 
        "plane": "", 
        "departure date": "28/07/2018", 
        "stops": "1", 
        "plane code": "", 
        "departure": ", Ciudad de M\u00e9xico", 
        "timings": [
            {
                "arrival_airport": "Hermosillo, Sonora (HMO-A. Internacional General Ignacio Pesqueira Garc\u00eda)", 
                "arrival_time": "06:28", 
                "departure_airport": "Ciudad de M\u00e9xico, Distrito Federal (MEX-A. Internacional de la Ciudad de M\u00e9xico)", 
                "departure_time": "05:30"
            }, 
            {
                "arrival_airport": "Guadalajara, Jalisco (GDL-Don Miguel Hidalgo y Costilla Intl.)", 
                "arrival_time": "11:59", 
                "departure_airport": "Hermosillo, Sonora (HMO-A. Internacional General Ignacio Pesqueira Garc\u00eda)", 
                "departure_time": "07:46"
            }
        ], 
        "ticket price": "6122.00", 
        "airline": "Volaris"
    }, 
    {
        "arrival": ", Guadalajara", 
        "consult date": "10/05/2018", 
        "flight duration": "0 days 8 hours 17 minutes", 
        "plane": "", 
        "departure date": "28/07/2018", 
        "stops": "1", 
        "plane code": "", 
        "departure": ", Ciudad de M\u00e9xico", 
        "timings": [
            {
                "arrival_airport": "Monterrey, Nuevo Le\u00f3n (MTY-A. Internacional General Mariano Escobedo)", 
                "arrival_time": "18:48", 
                "departure_airport": "Ciudad de M\u00e9xico, Distrito Federal (MEX-A. Internacional de la Ciudad de M\u00e9xico)", 
                "departure_time": "17:00"
            }, 
            {
                "arrival_airport": "Guadalajara, Jalisco (GDL-Don Miguel Hidalgo y Costilla Intl.)", 
                "arrival_time": "01:17", 
                "departure_airport": "Monterrey, Nuevo Le\u00f3n (MTY-A. Internacional General Mariano Escobedo)", 
                "departure_time": "23:44"
            }
        ], 
        "ticket price": "6482.00", 
        "airline": "Volaris"
    }, 
    {
        "arrival": ", Guadalajara", 
        "consult date": "10/05/2018", 
        "flight duration": "0 days 8 hours 38 minutes", 
        "plane": "", 
        "departure date": "28/07/2018", 
        "stops": "1", 
        "plane code": "", 
        "departure": ", Ciudad de M\u00e9xico", 
        "timings": [
            {
                "arrival_airport": "Tijuana, Baja California Norte (TIJ-A. Internacional General Abelardo L. Rodr\u00edguez)", 
                "arrival_time": "15:21", 
                "departure_airport": "Ciudad de M\u00e9xico, Distrito Federal (MEX-A. Internacional de la Ciudad de M\u00e9xico)", 
                "departure_time": "13:26"
            }, 
            {
                "arrival_airport": "Guadalajara, Jalisco (GDL-Don Miguel Hidalgo y Costilla Intl.)", 
                "arrival_time": "22:04", 
                "departure_airport": "Tijuana, Baja California Norte (TIJ-A. Internacional General Abelardo L. Rodr\u00edguez)", 
                "departure_time": "17:01"
            }
        ], 
        "ticket price": "6962.00", 
        "airline": "Volaris"
    }, 
    {
        "arrival": ", Guadalajara", 
        "consult date": "10/05/2018", 
        "flight duration": "0 days 7 hours 54 minutes", 
        "plane": "", 
        "departure date": "28/07/2018", 
        "stops": "1", 
        "plane code": "", 
        "departure": ", Ciudad de M\u00e9xico", 
        "timings": [
            {
                "arrival_airport": "Tijuana, Baja California Norte (TIJ-A. Internacional General Abelardo L. Rodr\u00edguez)", 
                "arrival_time": "08:28", 
                "departure_airport": "Ciudad de M\u00e9xico, Distrito Federal (MEX-A. Internacional de la Ciudad de M\u00e9xico)", 
                "departure_time": "06:41"
            }, 
            {
                "arrival_airport": "Guadalajara, Jalisco (GDL-Don Miguel Hidalgo y Costilla Intl.)", 
                "arrival_time": "14:35", 
                "departure_airport": "Tijuana, Baja California Norte (TIJ-A. Internacional General Abelardo L. Rodr\u00edguez)", 
                "departure_time": "09:32"
            }
        ], 
        "ticket price": "7442.00", 
        "airline": "Volaris"
    }, 
    {
        "arrival": ", Guadalajara", 
        "consult date": "10/05/2018", 
        "flight duration": "0 days 9 hours 2 minutes", 
        "plane": "Embraer 190", 
        "departure date": "28/07/2018", 
        "stops": "2", 
        "plane code": "E90", 
        "departure": ", Ciudad de M\u00e9xico", 
        "timings": [
            {
                "arrival_airport": "Veracruz, Veracruz (VER-A. Internacional General Heriberto Jara)", 
                "arrival_time": "14:30", 
                "departure_airport": "Ciudad de M\u00e9xico, Distrito Federal (MEX-A. Internacional de la Ciudad de M\u00e9xico)", 
                "departure_time": "13:30"
            }, 
            {
                "arrival_airport": "Monterrey, Nuevo Le\u00f3n (MTY-A. Internacional General Mariano Escobedo)", 
                "arrival_time": "17:05", 
                "departure_airport": "Veracruz, Veracruz (VER-A. Internacional General Heriberto Jara)", 
                "departure_time": "15:35"
            }, 
            {
                "arrival_airport": "Guadalajara, Jalisco (GDL-Don Miguel Hidalgo y Costilla Intl.)", 
                "arrival_time": "22:32", 
                "departure_airport": "Monterrey, Nuevo Le\u00f3n (MTY-A. Internacional General Mariano Escobedo)", 
                "departure_time": "21:00"
            }
        ], 
        "ticket price": "8002.00", 
        "airline": "Aeromexico"
    }, 
    {
        "arrival": ", Guadalajara", 
        "consult date": "10/05/2018", 
        "flight duration": "0 days 7 hours 23 minutes", 
        "plane": "", 
        "departure date": "28/07/2018", 
        "stops": "1", 
        "plane code": "", 
        "departure": ", Ciudad de M\u00e9xico", 
        "timings": [
            {
                "arrival_airport": "Canc\u00fan, Quintana Roo (CUN-Aeropuerto Internacional de Canc\u00fan)", 
                "arrival_time": "09:23", 
                "departure_airport": "Ciudad de M\u00e9xico, Distrito Federal (MEX-A. Internacional de la Ciudad de M\u00e9xico)", 
                "departure_time": "07:00"
            }, 
            {
                "arrival_airport": "Guadalajara, Jalisco (GDL-Don Miguel Hidalgo y Costilla Intl.)", 
                "arrival_time": "14:23", 
                "departure_airport": "Canc\u00fan, Quintana Roo (CUN-Aeropuerto Internacional de Canc\u00fan)", 
                "departure_time": "11:29"
            }
        ], 
        "ticket price": "8042.00", 
        "airline": "Volaris"
    }, 
    {
        "arrival": ", Guadalajara", 
        "consult date": "10/05/2018", 
        "flight duration": "0 days 8 hours 26 minutes", 
        "plane": "", 
        "departure date": "28/07/2018", 
        "stops": "1", 
        "plane code": "", 
        "departure": ", Ciudad de M\u00e9xico", 
        "timings": [
            {
                "arrival_airport": "Canc\u00fan, Quintana Roo (CUN-Aeropuerto Internacional de Canc\u00fan)", 
                "arrival_time": "16:23", 
                "departure_airport": "Ciudad de M\u00e9xico, Distrito Federal (MEX-A. Internacional de la Ciudad de M\u00e9xico)", 
                "departure_time": "14:00"
            }, 
            {
                "arrival_airport": "Guadalajara, Jalisco (GDL-Don Miguel Hidalgo y Costilla Intl.)", 
                "arrival_time": "22:26", 
                "departure_airport": "Canc\u00fan, Quintana Roo (CUN-Aeropuerto Internacional de Canc\u00fan)", 
                "departure_time": "19:32"
            }
        ], 
        "ticket price": "8042.00", 
        "airline": "Volaris"
    }, 
    {
        "arrival": ", Guadalajara", 
        "consult date": "10/05/2018", 
        "flight duration": "0 days 7 hours 32 minutes", 
        "plane": "Embraer 190", 
        "departure date": "28/07/2018", 
        "stops": "1", 
        "plane code": "E90", 
        "departure": ", Ciudad de M\u00e9xico", 
        "timings": [
            {
                "arrival_airport": "Monterrey, Nuevo Le\u00f3n (MTY-A. Internacional General Mariano Escobedo)", 
                "arrival_time": "16:45", 
                "departure_airport": "Ciudad de M\u00e9xico, Distrito Federal (MEX-A. Internacional de la Ciudad de M\u00e9xico)", 
                "departure_time": "15:00"
            }, 
            {
                "arrival_airport": "Guadalajara, Jalisco (GDL-Don Miguel Hidalgo y Costilla Intl.)", 
                "arrival_time": "22:32", 
                "departure_airport": "Monterrey, Nuevo Le\u00f3n (MTY-A. Internacional General Mariano Escobedo)", 
                "departure_time": "21:00"
            }
        ], 
        "ticket price": "9208.00", 
        "airline": "Aeromexico"
    }, 
    {
        "arrival": ", Guadalajara", 
        "consult date": "10/05/2018", 
        "flight duration": "0 days 5 hours 32 minutes", 
        "plane": "Embraer 190", 
        "departure date": "28/07/2018", 
        "stops": "1", 
        "plane code": "E90", 
        "departure": ", Ciudad de M\u00e9xico", 
        "timings": [
            {
                "arrival_airport": "Monterrey, Nuevo Le\u00f3n (MTY-A. Internacional General Mariano Escobedo)", 
                "arrival_time": "18:38", 
                "departure_airport": "Ciudad de M\u00e9xico, Distrito Federal (MEX-A. Internacional de la Ciudad de M\u00e9xico)", 
                "departure_time": "17:00"
            }, 
            {
                "arrival_airport": "Guadalajara, Jalisco (GDL-Don Miguel Hidalgo y Costilla Intl.)", 
                "arrival_time": "22:32", 
                "departure_airport": "Monterrey, Nuevo Le\u00f3n (MTY-A. Internacional General Mariano Escobedo)", 
                "departure_time": "21:00"
            }
        ], 
        "ticket price": "9208.00", 
        "airline": "Aeromexico"
    }
]