[
    {
        "arrival": ", Acapulco", 
        "consult date": "10/05/2018", 
        "flight duration": "0 days 1 hours 15 minutes", 
        "plane": "ATR 72", 
        "departure date": "13/06/2018", 
        "stops": 0, 
        "plane code": "AT7", 
        "departure": ", Ciudad de M\u00e9xico", 
        "timings": [
            {
                "arrival_airport": "Acapulco, Guerrero (ACA-A. Internacional General Juan N. \u00c1lvarez)", 
                "arrival_time": "12:05", 
                "departure_airport": "Ciudad de M\u00e9xico, Distrito Federal (MEX-A. Internacional de la Ciudad de M\u00e9xico)", 
                "departure_time": "10:50"
            }
        ], 
        "ticket price": "1403.00", 
        "airline": "Aeromar Airlines"
    }, 
    {
        "arrival": ", Acapulco", 
        "consult date": "10/05/2018", 
        "flight duration": "0 days 1 hours 20 minutes", 
        "plane": "ATR 72", 
        "departure date": "13/06/2018", 
        "stops": 0, 
        "plane code": "AT7", 
        "departure": ", Ciudad de M\u00e9xico", 
        "timings": [
            {
                "arrival_airport": "Acapulco, Guerrero (ACA-A. Internacional General Juan N. \u00c1lvarez)", 
                "arrival_time": "16:20", 
                "departure_airport": "Ciudad de M\u00e9xico, Distrito Federal (MEX-A. Internacional de la Ciudad de M\u00e9xico)", 
                "departure_time": "15:00"
            }
        ], 
        "ticket price": "1403.00", 
        "airline": "Aeromar Airlines"
    }, 
    {
        "arrival": ", Acapulco", 
        "consult date": "10/05/2018", 
        "flight duration": "0 days 1 hours 8 minutes", 
        "plane": "Embraer 190", 
        "departure date": "13/06/2018", 
        "stops": 0, 
        "plane code": "E90", 
        "departure": ", Ciudad de M\u00e9xico", 
        "timings": [
            {
                "arrival_airport": "Acapulco, Guerrero (ACA-A. Internacional General Juan N. \u00c1lvarez)", 
                "arrival_time": "14:33", 
                "departure_airport": "Ciudad de M\u00e9xico, Distrito Federal (MEX-A. Internacional de la Ciudad de M\u00e9xico)", 
                "departure_time": "13:25"
            }
        ], 
        "ticket price": "1792.00", 
        "airline": "Aeromexico"
    }, 
    {
        "arrival": ", Acapulco", 
        "consult date": "10/05/2018", 
        "flight duration": "0 days 1 hours 0 minutes", 
        "plane": "", 
        "departure date": "13/06/2018", 
        "stops": 0, 
        "plane code": "", 
        "departure": ", Ciudad de M\u00e9xico", 
        "timings": [
            {
                "arrival_airport": "Acapulco, Guerrero (ACA-A. Internacional General Juan N. \u00c1lvarez)", 
                "arrival_time": "18:30", 
                "departure_airport": "Ciudad de M\u00e9xico, Distrito Federal (MEX-A. Internacional de la Ciudad de M\u00e9xico)", 
                "departure_time": "17:30"
            }
        ], 
        "ticket price": "2003.00", 
        "airline": "Interjet"
    }, 
    {
        "arrival": ", Acapulco", 
        "consult date": "10/05/2018", 
        "flight duration": "0 days 1 hours 5 minutes", 
        "plane": "Embraer 190", 
        "departure date": "13/06/2018", 
        "stops": 0, 
        "plane code": "E90", 
        "departure": ", Ciudad de M\u00e9xico", 
        "timings": [
            {
                "arrival_airport": "Acapulco, Guerrero (ACA-A. Internacional General Juan N. \u00c1lvarez)", 
                "arrival_time": "07:35", 
                "departure_airport": "Ciudad de M\u00e9xico, Distrito Federal (MEX-A. Internacional de la Ciudad de M\u00e9xico)", 
                "departure_time": "06:30"
            }
        ], 
        "ticket price": "2036.00", 
        "airline": "Aeromexico"
    }, 
    {
        "arrival": ", Acapulco", 
        "consult date": "10/05/2018", 
        "flight duration": "0 days 1 hours 2 minutes", 
        "plane": "Embraer 190", 
        "departure date": "13/06/2018", 
        "stops": 0, 
        "plane code": "E90", 
        "departure": ", Ciudad de M\u00e9xico", 
        "timings": [
            {
                "arrival_airport": "Acapulco, Guerrero (ACA-A. Internacional General Juan N. \u00c1lvarez)", 
                "arrival_time": "18:12", 
                "departure_airport": "Ciudad de M\u00e9xico, Distrito Federal (MEX-A. Internacional de la Ciudad de M\u00e9xico)", 
                "departure_time": "17:10"
            }
        ], 
        "ticket price": "2535.00", 
        "airline": "Aeromexico"
    }, 
    {
        "arrival": ", Acapulco", 
        "consult date": "10/05/2018", 
        "flight duration": "0 days 1 hours 8 minutes", 
        "plane": "Embraer 190", 
        "departure date": "13/06/2018", 
        "stops": 0, 
        "plane code": "E90", 
        "departure": ", Ciudad de M\u00e9xico", 
        "timings": [
            {
                "arrival_airport": "Acapulco, Guerrero (ACA-A. Internacional General Juan N. \u00c1lvarez)", 
                "arrival_time": "11:38", 
                "departure_airport": "Ciudad de M\u00e9xico, Distrito Federal (MEX-A. Internacional de la Ciudad de M\u00e9xico)", 
                "departure_time": "10:30"
            }
        ], 
        "ticket price": "2535.00", 
        "airline": "Aeromexico"
    }
]