[
    {
        "arrival": ", Palenque", 
        "consult date": "10/05/2018", 
        "flight duration": "0 days 1 hours 20 minutes", 
        "plane": "", 
        "departure date": "29/07/2018", 
        "stops": 0, 
        "plane code": "", 
        "departure": ", Ciudad de M\u00e9xico", 
        "timings": [
            {
                "arrival_airport": "Palenque, Chiapas (PQM-A. Internacional de Palenque)", 
                "arrival_time": "18:20", 
                "departure_airport": "Ciudad de M\u00e9xico, Distrito Federal (MEX-A. Internacional de la Ciudad de M\u00e9xico)", 
                "departure_time": "17:00"
            }
        ], 
        "ticket price": "8249.12", 
        "airline": "Interjet"
    }
]