[
    {
        "arrival": ", San Jos\u00e9 del Cabo", 
        "consult date": "10/05/2018", 
        "flight duration": "0 days 11 hours 9 minutes", 
        "plane": "Embraer 190", 
        "departure date": "24/08/2018", 
        "stops": "2", 
        "plane code": "E90", 
        "departure": ", Ciudad de M\u00e9xico", 
        "timings": [
            {
                "arrival_airport": "Monterrey, Nuevo Le\u00f3n (MTY-A. Internacional General Mariano Escobedo)", 
                "arrival_time": "07:45", 
                "departure_airport": "Ciudad de M\u00e9xico, Distrito Federal (MEX-A. Internacional de la Ciudad de M\u00e9xico)", 
                "departure_time": "06:01"
            }, 
            {
                "arrival_airport": "Los \u00c1ngeles, CA, Estados Unidos (LAX-A. Internacional de Los \u00c1ngeles)", 
                "arrival_time": "10:10", 
                "departure_airport": "Monterrey, Nuevo Le\u00f3n (MTY-A. Internacional General Mariano Escobedo)", 
                "departure_time": "08:42"
            }, 
            {
                "arrival_airport": "San Jos\u00e9 del Cabo, Baja California Sur (SJD-A. Internacional de Los Cabos)", 
                "arrival_time": "16:10", 
                "departure_airport": "Los \u00c1ngeles, CA, Estados Unidos (LAX-A. Internacional de Los \u00c1ngeles)", 
                "departure_time": "12:35"
            }
        ], 
        "ticket price": "11156.00", 
        "airline": "Aerolitoral DBA Aeromexico Connect"
    }, 
    {
        "arrival": ", San Jos\u00e9 del Cabo", 
        "consult date": "10/05/2018", 
        "flight duration": "0 days 11 hours 9 minutes", 
        "plane": "Embraer 190", 
        "departure date": "24/08/2018", 
        "stops": "2", 
        "plane code": "E90", 
        "departure": ", Ciudad de M\u00e9xico", 
        "timings": [
            {
                "arrival_airport": "Monterrey, Nuevo Le\u00f3n (MTY-A. Internacional General Mariano Escobedo)", 
                "arrival_time": "07:45", 
                "departure_airport": "Ciudad de M\u00e9xico, Distrito Federal (MEX-A. Internacional de la Ciudad de M\u00e9xico)", 
                "departure_time": "06:01"
            }, 
            {
                "arrival_airport": "Los \u00c1ngeles, CA, Estados Unidos (LAX-A. Internacional de Los \u00c1ngeles)", 
                "arrival_time": "10:10", 
                "departure_airport": "Monterrey, Nuevo Le\u00f3n (MTY-A. Internacional General Mariano Escobedo)", 
                "departure_time": "08:42"
            }, 
            {
                "arrival_airport": "San Jos\u00e9 del Cabo, Baja California Sur (SJD-A. Internacional de Los Cabos)", 
                "arrival_time": "16:10", 
                "departure_airport": "Los \u00c1ngeles, CA, Estados Unidos (LAX-A. Internacional de Los \u00c1ngeles)", 
                "departure_time": "12:35"
            }
        ], 
        "ticket price": "14129.00", 
        "airline": "Aerolitoral DBA Aeromexico Connect"
    }, 
    {
        "arrival": ", San Jos\u00e9 del Cabo", 
        "consult date": "10/05/2018", 
        "flight duration": "0 days 11 hours 9 minutes", 
        "plane": "Embraer 190", 
        "departure date": "24/08/2018", 
        "stops": "2", 
        "plane code": "E90", 
        "departure": ", Ciudad de M\u00e9xico", 
        "timings": [
            {
                "arrival_airport": "Monterrey, Nuevo Le\u00f3n (MTY-A. Internacional General Mariano Escobedo)", 
                "arrival_time": "07:45", 
                "departure_airport": "Ciudad de M\u00e9xico, Distrito Federal (MEX-A. Internacional de la Ciudad de M\u00e9xico)", 
                "departure_time": "06:01"
            }, 
            {
                "arrival_airport": "Los \u00c1ngeles, CA, Estados Unidos (LAX-A. Internacional de Los \u00c1ngeles)", 
                "arrival_time": "10:10", 
                "departure_airport": "Monterrey, Nuevo Le\u00f3n (MTY-A. Internacional General Mariano Escobedo)", 
                "departure_time": "08:42"
            }, 
            {
                "arrival_airport": "San Jos\u00e9 del Cabo, Baja California Sur (SJD-A. Internacional de Los Cabos)", 
                "arrival_time": "16:10", 
                "departure_airport": "Los \u00c1ngeles, CA, Estados Unidos (LAX-A. Internacional de Los \u00c1ngeles)", 
                "departure_time": "12:35"
            }
        ], 
        "ticket price": "16062.00", 
        "airline": "Aerolitoral DBA Aeromexico Connect"
    }, 
    {
        "arrival": ", San Jos\u00e9 del Cabo", 
        "consult date": "10/05/2018", 
        "flight duration": "0 days 10 hours 45 minutes", 
        "plane": "BOEING 737-800 SCIMITAR WINGLETS", 
        "departure date": "24/08/2018", 
        "stops": "2", 
        "plane code": "7S8", 
        "departure": ", Ciudad de M\u00e9xico", 
        "timings": [
            {
                "arrival_airport": "Guadalajara, Jalisco (GDL-Don Miguel Hidalgo y Costilla Intl.)", 
                "arrival_time": "08:24", 
                "departure_airport": "Ciudad de M\u00e9xico, Distrito Federal (MEX-A. Internacional de la Ciudad de M\u00e9xico)", 
                "departure_time": "07:00"
            }, 
            {
                "arrival_airport": "Los \u00c1ngeles, CA, Estados Unidos (LAX-A. Internacional de Los \u00c1ngeles)", 
                "arrival_time": "11:10", 
                "departure_airport": "Guadalajara, Jalisco (GDL-Don Miguel Hidalgo y Costilla Intl.)", 
                "departure_time": "09:30"
            }, 
            {
                "arrival_airport": "San Jos\u00e9 del Cabo, Baja California Sur (SJD-A. Internacional de Los Cabos)", 
                "arrival_time": "16:45", 
                "departure_airport": "Los \u00c1ngeles, CA, Estados Unidos (LAX-A. Internacional de Los \u00c1ngeles)", 
                "departure_time": "13:15"
            }
        ], 
        "ticket price": "32169.00", 
        "airline": ""
    }, 
    {
        "arrival": ", San Jos\u00e9 del Cabo", 
        "consult date": "10/05/2018", 
        "flight duration": "0 days 11 hours 40 minutes", 
        "plane": "Embraer 190", 
        "departure date": "24/08/2018", 
        "stops": "2", 
        "plane code": "E90", 
        "departure": ", Ciudad de M\u00e9xico", 
        "timings": [
            {
                "arrival_airport": "Guadalajara, Jalisco (GDL-Don Miguel Hidalgo y Costilla Intl.)", 
                "arrival_time": "07:30", 
                "departure_airport": "Ciudad de M\u00e9xico, Distrito Federal (MEX-A. Internacional de la Ciudad de M\u00e9xico)", 
                "departure_time": "06:05"
            }, 
            {
                "arrival_airport": "Los \u00c1ngeles, CA, Estados Unidos (LAX-A. Internacional de Los \u00c1ngeles)", 
                "arrival_time": "11:10", 
                "departure_airport": "Guadalajara, Jalisco (GDL-Don Miguel Hidalgo y Costilla Intl.)", 
                "departure_time": "09:30"
            }, 
            {
                "arrival_airport": "San Jos\u00e9 del Cabo, Baja California Sur (SJD-A. Internacional de Los Cabos)", 
                "arrival_time": "16:45", 
                "departure_airport": "Los \u00c1ngeles, CA, Estados Unidos (LAX-A. Internacional de Los \u00c1ngeles)", 
                "departure_time": "13:15"
            }
        ], 
        "ticket price": "32169.00", 
        "airline": "Aerolitoral DBA Aeromexico Connect"
    }, 
    {
        "arrival": ", San Jos\u00e9 del Cabo", 
        "consult date": "10/05/2018", 
        "flight duration": "0 days 11 hours 44 minutes", 
        "plane": "Embraer 190", 
        "departure date": "24/08/2018", 
        "stops": "2", 
        "plane code": "E90", 
        "departure": ", Ciudad de M\u00e9xico", 
        "timings": [
            {
                "arrival_airport": "Monterrey, Nuevo Le\u00f3n (MTY-A. Internacional General Mariano Escobedo)", 
                "arrival_time": "07:45", 
                "departure_airport": "Ciudad de M\u00e9xico, Distrito Federal (MEX-A. Internacional de la Ciudad de M\u00e9xico)", 
                "departure_time": "06:01"
            }, 
            {
                "arrival_airport": "Los \u00c1ngeles, CA, Estados Unidos (LAX-A. Internacional de Los \u00c1ngeles)", 
                "arrival_time": "10:10", 
                "departure_airport": "Monterrey, Nuevo Le\u00f3n (MTY-A. Internacional General Mariano Escobedo)", 
                "departure_time": "08:42"
            }, 
            {
                "arrival_airport": "San Jos\u00e9 del Cabo, Baja California Sur (SJD-A. Internacional de Los Cabos)", 
                "arrival_time": "16:45", 
                "departure_airport": "Los \u00c1ngeles, CA, Estados Unidos (LAX-A. Internacional de Los \u00c1ngeles)", 
                "departure_time": "13:15"
            }
        ], 
        "ticket price": "32169.00", 
        "airline": "Aerolitoral DBA Aeromexico Connect"
    }, 
    {
        "arrival": ", San Jos\u00e9 del Cabo", 
        "consult date": "10/05/2018", 
        "flight duration": "0 days 10 hours 40 minutes", 
        "plane": "BOEING 737-800 SCIMITAR WINGLETS", 
        "departure date": "24/08/2018", 
        "stops": "1", 
        "plane code": "7S8", 
        "departure": ", Ciudad de M\u00e9xico", 
        "timings": [
            {
                "arrival_airport": "Los \u00c1ngeles, CA, Estados Unidos (LAX-A. Internacional de Los \u00c1ngeles)", 
                "arrival_time": "09:25", 
                "departure_airport": "Ciudad de M\u00e9xico, Distrito Federal (MEX-A. Internacional de la Ciudad de M\u00e9xico)", 
                "departure_time": "07:05"
            }, 
            {
                "arrival_airport": "San Jos\u00e9 del Cabo, Baja California Sur (SJD-A. Internacional de Los Cabos)", 
                "arrival_time": "16:45", 
                "departure_airport": "Los \u00c1ngeles, CA, Estados Unidos (LAX-A. Internacional de Los \u00c1ngeles)", 
                "departure_time": "13:15"
            }
        ], 
        "ticket price": "32169.00", 
        "airline": ""
    }, 
    {
        "arrival": ", San Jos\u00e9 del Cabo", 
        "consult date": "10/05/2018", 
        "flight duration": "0 days 2 hours 33 minutes", 
        "plane": "Embraer 190", 
        "departure date": "24/08/2018", 
        "stops": 0, 
        "plane code": "E90", 
        "departure": ", Ciudad de M\u00e9xico", 
        "timings": [
            {
                "arrival_airport": "San Jos\u00e9 del Cabo, Baja California Sur (SJD-A. Internacional de Los Cabos)", 
                "arrival_time": "11:53", 
                "departure_airport": "Ciudad de M\u00e9xico, Distrito Federal (MEX-A. Internacional de la Ciudad de M\u00e9xico)", 
                "departure_time": "10:20"
            }
        ], 
        "ticket price": "3242.00", 
        "airline": "Aeromexico"
    }, 
    {
        "arrival": ", San Jos\u00e9 del Cabo", 
        "consult date": "10/05/2018", 
        "flight duration": "0 days 2 hours 33 minutes", 
        "plane": "Embraer 190", 
        "departure date": "24/08/2018", 
        "stops": 0, 
        "plane code": "E90", 
        "departure": ", Ciudad de M\u00e9xico", 
        "timings": [
            {
                "arrival_airport": "San Jos\u00e9 del Cabo, Baja California Sur (SJD-A. Internacional de Los Cabos)", 
                "arrival_time": "23:23", 
                "departure_airport": "Ciudad de M\u00e9xico, Distrito Federal (MEX-A. Internacional de la Ciudad de M\u00e9xico)", 
                "departure_time": "21:50"
            }
        ], 
        "ticket price": "3242.00", 
        "airline": "Aeromexico"
    }, 
    {
        "arrival": ", San Jos\u00e9 del Cabo", 
        "consult date": "10/05/2018", 
        "flight duration": "0 days 2 hours 10 minutes", 
        "plane": "", 
        "departure date": "24/08/2018", 
        "stops": 0, 
        "plane code": "", 
        "departure": ", Ciudad de M\u00e9xico", 
        "timings": [
            {
                "arrival_airport": "San Jos\u00e9 del Cabo, Baja California Sur (SJD-A. Internacional de Los Cabos)", 
                "arrival_time": "14:40", 
                "departure_airport": "Ciudad de M\u00e9xico, Distrito Federal (MEX-A. Internacional de la Ciudad de M\u00e9xico)", 
                "departure_time": "13:30"
            }
        ], 
        "ticket price": "3680.74", 
        "airline": "Interjet"
    }, 
    {
        "arrival": ", San Jos\u00e9 del Cabo", 
        "consult date": "10/05/2018", 
        "flight duration": "0 days 2 hours 10 minutes", 
        "plane": "", 
        "departure date": "24/08/2018", 
        "stops": 0, 
        "plane code": "", 
        "departure": ", Ciudad de M\u00e9xico", 
        "timings": [
            {
                "arrival_airport": "San Jos\u00e9 del Cabo, Baja California Sur (SJD-A. Internacional de Los Cabos)", 
                "arrival_time": "11:50", 
                "departure_airport": "Ciudad de M\u00e9xico, Distrito Federal (MEX-A. Internacional de la Ciudad de M\u00e9xico)", 
                "departure_time": "10:40"
            }
        ], 
        "ticket price": "3970.74", 
        "airline": "Interjet"
    }, 
    {
        "arrival": ", San Jos\u00e9 del Cabo", 
        "consult date": "10/05/2018", 
        "flight duration": "0 days 2 hours 5 minutes", 
        "plane": "", 
        "departure date": "24/08/2018", 
        "stops": 0, 
        "plane code": "", 
        "departure": ", Ciudad de M\u00e9xico", 
        "timings": [
            {
                "arrival_airport": "San Jos\u00e9 del Cabo, Baja California Sur (SJD-A. Internacional de Los Cabos)", 
                "arrival_time": "20:25", 
                "departure_airport": "Ciudad de M\u00e9xico, Distrito Federal (MEX-A. Internacional de la Ciudad de M\u00e9xico)", 
                "departure_time": "19:20"
            }
        ], 
        "ticket price": "4023.97", 
        "airline": "VivaAerobus"
    }, 
    {
        "arrival": ", San Jos\u00e9 del Cabo", 
        "consult date": "10/05/2018", 
        "flight duration": "0 days 2 hours 35 minutes", 
        "plane": "BOEING 737-800 SCIMITAR WINGLETS", 
        "departure date": "24/08/2018", 
        "stops": 0, 
        "plane code": "7S8", 
        "departure": ", Ciudad de M\u00e9xico", 
        "timings": [
            {
                "arrival_airport": "San Jos\u00e9 del Cabo, Baja California Sur (SJD-A. Internacional de Los Cabos)", 
                "arrival_time": "08:15", 
                "departure_airport": "Ciudad de M\u00e9xico, Distrito Federal (MEX-A. Internacional de la Ciudad de M\u00e9xico)", 
                "departure_time": "06:40"
            }
        ], 
        "ticket price": "4286.00", 
        "airline": "Aeromexico"
    }, 
    {
        "arrival": ", San Jos\u00e9 del Cabo", 
        "consult date": "10/05/2018", 
        "flight duration": "0 days 6 hours 55 minutes", 
        "plane": "", 
        "departure date": "24/08/2018", 
        "stops": "1", 
        "plane code": "", 
        "departure": ", Ciudad de M\u00e9xico", 
        "timings": [
            {
                "arrival_airport": "Guadalajara, Jalisco (GDL-Don Miguel Hidalgo y Costilla Intl.)", 
                "arrival_time": "06:15", 
                "departure_airport": "Ciudad de M\u00e9xico, Distrito Federal (MEX-A. Internacional de la Ciudad de M\u00e9xico)", 
                "departure_time": "05:05"
            }, 
            {
                "arrival_airport": "San Jos\u00e9 del Cabo, Baja California Sur (SJD-A. Internacional de Los Cabos)", 
                "arrival_time": "11:00", 
                "departure_airport": "Guadalajara, Jalisco (GDL-Don Miguel Hidalgo y Costilla Intl.)", 
                "departure_time": "10:35"
            }
        ], 
        "ticket price": "4373.60", 
        "airline": "Interjet"
    }, 
    {
        "arrival": ", San Jos\u00e9 del Cabo", 
        "consult date": "10/05/2018", 
        "flight duration": "0 days 10 hours 5 minutes", 
        "plane": "", 
        "departure date": "24/08/2018", 
        "stops": "1", 
        "plane code": "", 
        "departure": ", Ciudad de M\u00e9xico", 
        "timings": [
            {
                "arrival_airport": "Guadalajara, Jalisco (GDL-Don Miguel Hidalgo y Costilla Intl.)", 
                "arrival_time": "06:50", 
                "departure_airport": "Ciudad de M\u00e9xico, Distrito Federal (MEX-A. Internacional de la Ciudad de M\u00e9xico)", 
                "departure_time": "05:40"
            }, 
            {
                "arrival_airport": "San Jos\u00e9 del Cabo, Baja California Sur (SJD-A. Internacional de Los Cabos)", 
                "arrival_time": "14:45", 
                "departure_airport": "Guadalajara, Jalisco (GDL-Don Miguel Hidalgo y Costilla Intl.)", 
                "departure_time": "14:15"
            }
        ], 
        "ticket price": "4373.60", 
        "airline": "Interjet"
    }, 
    {
        "arrival": ", San Jos\u00e9 del Cabo", 
        "consult date": "10/05/2018", 
        "flight duration": "0 days 10 hours 40 minutes", 
        "plane": "", 
        "departure date": "24/08/2018", 
        "stops": "1", 
        "plane code": "", 
        "departure": ", Ciudad de M\u00e9xico", 
        "timings": [
            {
                "arrival_airport": "Guadalajara, Jalisco (GDL-Don Miguel Hidalgo y Costilla Intl.)", 
                "arrival_time": "06:15", 
                "departure_airport": "Ciudad de M\u00e9xico, Distrito Federal (MEX-A. Internacional de la Ciudad de M\u00e9xico)", 
                "departure_time": "05:05"
            }, 
            {
                "arrival_airport": "San Jos\u00e9 del Cabo, Baja California Sur (SJD-A. Internacional de Los Cabos)", 
                "arrival_time": "14:45", 
                "departure_airport": "Guadalajara, Jalisco (GDL-Don Miguel Hidalgo y Costilla Intl.)", 
                "departure_time": "14:15"
            }
        ], 
        "ticket price": "4373.60", 
        "airline": "Interjet"
    }, 
    {
        "arrival": ", San Jos\u00e9 del Cabo", 
        "consult date": "10/05/2018", 
        "flight duration": "0 days 6 hours 20 minutes", 
        "plane": "", 
        "departure date": "24/08/2018", 
        "stops": "1", 
        "plane code": "", 
        "departure": ", Ciudad de M\u00e9xico", 
        "timings": [
            {
                "arrival_airport": "Guadalajara, Jalisco (GDL-Don Miguel Hidalgo y Costilla Intl.)", 
                "arrival_time": "06:50", 
                "departure_airport": "Ciudad de M\u00e9xico, Distrito Federal (MEX-A. Internacional de la Ciudad de M\u00e9xico)", 
                "departure_time": "05:40"
            }, 
            {
                "arrival_airport": "San Jos\u00e9 del Cabo, Baja California Sur (SJD-A. Internacional de Los Cabos)", 
                "arrival_time": "11:00", 
                "departure_airport": "Guadalajara, Jalisco (GDL-Don Miguel Hidalgo y Costilla Intl.)", 
                "departure_time": "10:35"
            }
        ], 
        "ticket price": "4373.60", 
        "airline": "Interjet"
    }, 
    {
        "arrival": ", San Jos\u00e9 del Cabo", 
        "consult date": "10/05/2018", 
        "flight duration": "0 days 2 hours 21 minutes", 
        "plane": "", 
        "departure date": "24/08/2018", 
        "stops": 0, 
        "plane code": "", 
        "departure": ", Ciudad de M\u00e9xico", 
        "timings": [
            {
                "arrival_airport": "San Jos\u00e9 del Cabo, Baja California Sur (SJD-A. Internacional de Los Cabos)", 
                "arrival_time": "14:49", 
                "departure_airport": "Ciudad de M\u00e9xico, Distrito Federal (MEX-A. Internacional de la Ciudad de M\u00e9xico)", 
                "departure_time": "13:28"
            }
        ], 
        "ticket price": "4672.00", 
        "airline": "Volaris"
    }, 
    {
        "arrival": ", San Jos\u00e9 del Cabo", 
        "consult date": "10/05/2018", 
        "flight duration": "0 days 9 hours 5 minutes", 
        "plane": "", 
        "departure date": "24/08/2018", 
        "stops": "1", 
        "plane code": "", 
        "departure": ", Ciudad de M\u00e9xico", 
        "timings": [
            {
                "arrival_airport": "Guadalajara, Jalisco (GDL-Don Miguel Hidalgo y Costilla Intl.)", 
                "arrival_time": "07:50", 
                "departure_airport": "Ciudad de M\u00e9xico, Distrito Federal (MEX-A. Internacional de la Ciudad de M\u00e9xico)", 
                "departure_time": "06:40"
            }, 
            {
                "arrival_airport": "San Jos\u00e9 del Cabo, Baja California Sur (SJD-A. Internacional de Los Cabos)", 
                "arrival_time": "14:45", 
                "departure_airport": "Guadalajara, Jalisco (GDL-Don Miguel Hidalgo y Costilla Intl.)", 
                "departure_time": "14:15"
            }
        ], 
        "ticket price": "4852.51", 
        "airline": "Interjet"
    }, 
    {
        "arrival": ", San Jos\u00e9 del Cabo", 
        "consult date": "10/05/2018", 
        "flight duration": "0 days 8 hours 5 minutes", 
        "plane": "", 
        "departure date": "24/08/2018", 
        "stops": "1", 
        "plane code": "", 
        "departure": ", Ciudad de M\u00e9xico", 
        "timings": [
            {
                "arrival_airport": "Guadalajara, Jalisco (GDL-Don Miguel Hidalgo y Costilla Intl.)", 
                "arrival_time": "08:50", 
                "departure_airport": "Ciudad de M\u00e9xico, Distrito Federal (MEX-A. Internacional de la Ciudad de M\u00e9xico)", 
                "departure_time": "07:40"
            }, 
            {
                "arrival_airport": "San Jos\u00e9 del Cabo, Baja California Sur (SJD-A. Internacional de Los Cabos)", 
                "arrival_time": "14:45", 
                "departure_airport": "Guadalajara, Jalisco (GDL-Don Miguel Hidalgo y Costilla Intl.)", 
                "departure_time": "14:15"
            }
        ], 
        "ticket price": "4852.51", 
        "airline": "Interjet"
    }, 
    {
        "arrival": ", San Jos\u00e9 del Cabo", 
        "consult date": "10/05/2018", 
        "flight duration": "0 days 4 hours 20 minutes", 
        "plane": "", 
        "departure date": "24/08/2018", 
        "stops": "1", 
        "plane code": "", 
        "departure": ", Ciudad de M\u00e9xico", 
        "timings": [
            {
                "arrival_airport": "Guadalajara, Jalisco (GDL-Don Miguel Hidalgo y Costilla Intl.)", 
                "arrival_time": "08:50", 
                "departure_airport": "Ciudad de M\u00e9xico, Distrito Federal (MEX-A. Internacional de la Ciudad de M\u00e9xico)", 
                "departure_time": "07:40"
            }, 
            {
                "arrival_airport": "San Jos\u00e9 del Cabo, Baja California Sur (SJD-A. Internacional de Los Cabos)", 
                "arrival_time": "11:00", 
                "departure_airport": "Guadalajara, Jalisco (GDL-Don Miguel Hidalgo y Costilla Intl.)", 
                "departure_time": "10:35"
            }
        ], 
        "ticket price": "4852.51", 
        "airline": "Interjet"
    }, 
    {
        "arrival": ", San Jos\u00e9 del Cabo", 
        "consult date": "10/05/2018", 
        "flight duration": "0 days 3 hours 40 minutes", 
        "plane": "", 
        "departure date": "24/08/2018", 
        "stops": "1", 
        "plane code": "", 
        "departure": ", Ciudad de M\u00e9xico", 
        "timings": [
            {
                "arrival_airport": "Guadalajara, Jalisco (GDL-Don Miguel Hidalgo y Costilla Intl.)", 
                "arrival_time": "13:20", 
                "departure_airport": "Ciudad de M\u00e9xico, Distrito Federal (MEX-A. Internacional de la Ciudad de M\u00e9xico)", 
                "departure_time": "12:05"
            }, 
            {
                "arrival_airport": "San Jos\u00e9 del Cabo, Baja California Sur (SJD-A. Internacional de Los Cabos)", 
                "arrival_time": "14:45", 
                "departure_airport": "Guadalajara, Jalisco (GDL-Don Miguel Hidalgo y Costilla Intl.)", 
                "departure_time": "14:15"
            }
        ], 
        "ticket price": "4852.51", 
        "airline": "Interjet"
    }, 
    {
        "arrival": ", San Jos\u00e9 del Cabo", 
        "consult date": "10/05/2018", 
        "flight duration": "0 days 5 hours 20 minutes", 
        "plane": "", 
        "departure date": "24/08/2018", 
        "stops": "1", 
        "plane code": "", 
        "departure": ", Ciudad de M\u00e9xico", 
        "timings": [
            {
                "arrival_airport": "Guadalajara, Jalisco (GDL-Don Miguel Hidalgo y Costilla Intl.)", 
                "arrival_time": "07:50", 
                "departure_airport": "Ciudad de M\u00e9xico, Distrito Federal (MEX-A. Internacional de la Ciudad de M\u00e9xico)", 
                "departure_time": "06:40"
            }, 
            {
                "arrival_airport": "San Jos\u00e9 del Cabo, Baja California Sur (SJD-A. Internacional de Los Cabos)", 
                "arrival_time": "11:00", 
                "departure_airport": "Guadalajara, Jalisco (GDL-Don Miguel Hidalgo y Costilla Intl.)", 
                "departure_time": "10:35"
            }
        ], 
        "ticket price": "4852.51", 
        "airline": "Interjet"
    }, 
    {
        "arrival": ", San Jos\u00e9 del Cabo", 
        "consult date": "10/05/2018", 
        "flight duration": "0 days 8 hours 40 minutes", 
        "plane": "", 
        "departure date": "24/08/2018", 
        "stops": "1", 
        "plane code": "", 
        "departure": ", Ciudad de M\u00e9xico", 
        "timings": [
            {
                "arrival_airport": "Guadalajara, Jalisco (GDL-Don Miguel Hidalgo y Costilla Intl.)", 
                "arrival_time": "08:20", 
                "departure_airport": "Ciudad de M\u00e9xico, Distrito Federal (MEX-A. Internacional de la Ciudad de M\u00e9xico)", 
                "departure_time": "07:05"
            }, 
            {
                "arrival_airport": "San Jos\u00e9 del Cabo, Baja California Sur (SJD-A. Internacional de Los Cabos)", 
                "arrival_time": "14:45", 
                "departure_airport": "Guadalajara, Jalisco (GDL-Don Miguel Hidalgo y Costilla Intl.)", 
                "departure_time": "14:15"
            }
        ], 
        "ticket price": "4852.51", 
        "airline": "Interjet"
    }, 
    {
        "arrival": ", San Jos\u00e9 del Cabo", 
        "consult date": "10/05/2018", 
        "flight duration": "0 days 4 hours 55 minutes", 
        "plane": "", 
        "departure date": "24/08/2018", 
        "stops": "1", 
        "plane code": "", 
        "departure": ", Ciudad de M\u00e9xico", 
        "timings": [
            {
                "arrival_airport": "Guadalajara, Jalisco (GDL-Don Miguel Hidalgo y Costilla Intl.)", 
                "arrival_time": "08:20", 
                "departure_airport": "Ciudad de M\u00e9xico, Distrito Federal (MEX-A. Internacional de la Ciudad de M\u00e9xico)", 
                "departure_time": "07:05"
            }, 
            {
                "arrival_airport": "San Jos\u00e9 del Cabo, Baja California Sur (SJD-A. Internacional de Los Cabos)", 
                "arrival_time": "11:00", 
                "departure_airport": "Guadalajara, Jalisco (GDL-Don Miguel Hidalgo y Costilla Intl.)", 
                "departure_time": "10:35"
            }
        ], 
        "ticket price": "4852.51", 
        "airline": "Interjet"
    }, 
    {
        "arrival": ", San Jos\u00e9 del Cabo", 
        "consult date": "10/05/2018", 
        "flight duration": "0 days 2 hours 24 minutes", 
        "plane": "Embraer 190", 
        "departure date": "24/08/2018", 
        "stops": 0, 
        "plane code": "E90", 
        "departure": ", Ciudad de M\u00e9xico", 
        "timings": [
            {
                "arrival_airport": "San Jos\u00e9 del Cabo, Baja California Sur (SJD-A. Internacional de Los Cabos)", 
                "arrival_time": "16:24", 
                "departure_airport": "Ciudad de M\u00e9xico, Distrito Federal (MEX-A. Internacional de la Ciudad de M\u00e9xico)", 
                "departure_time": "15:00"
            }
        ], 
        "ticket price": "5040.00", 
        "airline": "Aeromexico"
    }, 
    {
        "arrival": ", San Jos\u00e9 del Cabo", 
        "consult date": "10/05/2018", 
        "flight duration": "0 days 5 hours 15 minutes", 
        "plane": "", 
        "departure date": "24/08/2018", 
        "stops": "1", 
        "plane code": "", 
        "departure": ", Ciudad de M\u00e9xico", 
        "timings": [
            {
                "arrival_airport": "Guadalajara, Jalisco (GDL-Don Miguel Hidalgo y Costilla Intl.)", 
                "arrival_time": "11:45", 
                "departure_airport": "Ciudad de M\u00e9xico, Distrito Federal (MEX-A. Internacional de la Ciudad de M\u00e9xico)", 
                "departure_time": "10:30"
            }, 
            {
                "arrival_airport": "San Jos\u00e9 del Cabo, Baja California Sur (SJD-A. Internacional de Los Cabos)", 
                "arrival_time": "14:45", 
                "departure_airport": "Guadalajara, Jalisco (GDL-Don Miguel Hidalgo y Costilla Intl.)", 
                "departure_time": "14:15"
            }
        ], 
        "ticket price": "5316.51", 
        "airline": "Interjet"
    }, 
    {
        "arrival": ", San Jos\u00e9 del Cabo", 
        "consult date": "10/05/2018", 
        "flight duration": "0 days 4 hours 28 minutes", 
        "plane": "", 
        "departure date": "24/08/2018", 
        "stops": "1", 
        "plane code": "", 
        "departure": ", Ciudad de M\u00e9xico", 
        "timings": [
            {
                "arrival_airport": "Guadalajara, Jalisco (GDL-Don Miguel Hidalgo y Costilla Intl.)", 
                "arrival_time": "10:44", 
                "departure_airport": "Ciudad de M\u00e9xico, Distrito Federal (MEX-A. Internacional de la Ciudad de M\u00e9xico)", 
                "departure_time": "09:17"
            }, 
            {
                "arrival_airport": "San Jos\u00e9 del Cabo, Baja California Sur (SJD-A. Internacional de Los Cabos)", 
                "arrival_time": "12:45", 
                "departure_airport": "Guadalajara, Jalisco (GDL-Don Miguel Hidalgo y Costilla Intl.)", 
                "departure_time": "12:05"
            }
        ], 
        "ticket price": "5881.00", 
        "airline": "Volaris"
    }, 
    {
        "arrival": ", San Jos\u00e9 del Cabo", 
        "consult date": "10/05/2018", 
        "flight duration": "0 days 6 hours 36 minutes", 
        "plane": "", 
        "departure date": "24/08/2018", 
        "stops": "1", 
        "plane code": "", 
        "departure": ", Ciudad de M\u00e9xico", 
        "timings": [
            {
                "arrival_airport": "Guadalajara, Jalisco (GDL-Don Miguel Hidalgo y Costilla Intl.)", 
                "arrival_time": "08:36", 
                "departure_airport": "Ciudad de M\u00e9xico, Distrito Federal (MEX-A. Internacional de la Ciudad de M\u00e9xico)", 
                "departure_time": "07:09"
            }, 
            {
                "arrival_airport": "San Jos\u00e9 del Cabo, Baja California Sur (SJD-A. Internacional de Los Cabos)", 
                "arrival_time": "12:45", 
                "departure_airport": "Guadalajara, Jalisco (GDL-Don Miguel Hidalgo y Costilla Intl.)", 
                "departure_time": "12:05"
            }
        ], 
        "ticket price": "5881.00", 
        "airline": "Volaris"
    }, 
    {
        "arrival": ", San Jos\u00e9 del Cabo", 
        "consult date": "10/05/2018", 
        "flight duration": "0 days 10 hours 5 minutes", 
        "plane": "BOEING 737-800 SCIMITAR WINGLETS", 
        "departure date": "24/08/2018", 
        "stops": "1", 
        "plane code": "7S8", 
        "departure": ", Ciudad de M\u00e9xico", 
        "timings": [
            {
                "arrival_airport": "Los \u00c1ngeles, CA, Estados Unidos (LAX-A. Internacional de Los \u00c1ngeles)", 
                "arrival_time": "09:25", 
                "departure_airport": "Ciudad de M\u00e9xico, Distrito Federal (MEX-A. Internacional de la Ciudad de M\u00e9xico)", 
                "departure_time": "07:05"
            }, 
            {
                "arrival_airport": "San Jos\u00e9 del Cabo, Baja California Sur (SJD-A. Internacional de Los Cabos)", 
                "arrival_time": "16:10", 
                "departure_airport": "Los \u00c1ngeles, CA, Estados Unidos (LAX-A. Internacional de Los \u00c1ngeles)", 
                "departure_time": "12:35"
            }
        ], 
        "ticket price": "6208.00", 
        "airline": "Aeromexico"
    }, 
    {
        "arrival": ", San Jos\u00e9 del Cabo", 
        "consult date": "10/05/2018", 
        "flight duration": "0 days 10 hours 5 minutes", 
        "plane": "BOEING 737-800 SCIMITAR WINGLETS", 
        "departure date": "24/08/2018", 
        "stops": "1", 
        "plane code": "7S8", 
        "departure": ", Ciudad de M\u00e9xico", 
        "timings": [
            {
                "arrival_airport": "Los \u00c1ngeles, CA, Estados Unidos (LAX-A. Internacional de Los \u00c1ngeles)", 
                "arrival_time": "09:25", 
                "departure_airport": "Ciudad de M\u00e9xico, Distrito Federal (MEX-A. Internacional de la Ciudad de M\u00e9xico)", 
                "departure_time": "07:05"
            }, 
            {
                "arrival_airport": "San Jos\u00e9 del Cabo, Baja California Sur (SJD-A. Internacional de Los Cabos)", 
                "arrival_time": "16:10", 
                "departure_airport": "Los \u00c1ngeles, CA, Estados Unidos (LAX-A. Internacional de Los \u00c1ngeles)", 
                "departure_time": "12:35"
            }
        ], 
        "ticket price": "8143.00", 
        "airline": ""
    }, 
    {
        "arrival": ", San Jos\u00e9 del Cabo", 
        "consult date": "10/05/2018", 
        "flight duration": "0 days 11 hours 9 minutes", 
        "plane": "Embraer 190", 
        "departure date": "24/08/2018", 
        "stops": "2", 
        "plane code": "E90", 
        "departure": ", Ciudad de M\u00e9xico", 
        "timings": [
            {
                "arrival_airport": "Monterrey, Nuevo Le\u00f3n (MTY-A. Internacional General Mariano Escobedo)", 
                "arrival_time": "07:45", 
                "departure_airport": "Ciudad de M\u00e9xico, Distrito Federal (MEX-A. Internacional de la Ciudad de M\u00e9xico)", 
                "departure_time": "06:01"
            }, 
            {
                "arrival_airport": "Los \u00c1ngeles, CA, Estados Unidos (LAX-A. Internacional de Los \u00c1ngeles)", 
                "arrival_time": "10:10", 
                "departure_airport": "Monterrey, Nuevo Le\u00f3n (MTY-A. Internacional General Mariano Escobedo)", 
                "departure_time": "08:42"
            }, 
            {
                "arrival_airport": "San Jos\u00e9 del Cabo, Baja California Sur (SJD-A. Internacional de Los Cabos)", 
                "arrival_time": "16:10", 
                "departure_airport": "Los \u00c1ngeles, CA, Estados Unidos (LAX-A. Internacional de Los \u00c1ngeles)", 
                "departure_time": "12:35"
            }
        ], 
        "ticket price": "9221.00", 
        "airline": "Aeromexico"
    }
]