[
    {
        "arrival": ", La Paz", 
        "consult date": "10/05/2018", 
        "flight duration": "0 days 7 hours 35 minutes", 
        "plane": "", 
        "departure date": "29/06/2018", 
        "stops": "1", 
        "plane code": "", 
        "departure": ", Ciudad de M\u00e9xico", 
        "timings": [
            {
                "arrival_airport": "Guadalajara, Jalisco (GDL-Don Miguel Hidalgo y Costilla Intl.)", 
                "arrival_time": "06:50", 
                "departure_airport": "Ciudad de M\u00e9xico, Distrito Federal (MEX-A. Internacional de la Ciudad de M\u00e9xico)", 
                "departure_time": "05:40"
            }, 
            {
                "arrival_airport": "La Paz, Baja California Sur (LAP-A. Internacional Manuel M\u00e1rquez de Le\u00f3n)", 
                "arrival_time": "12:15", 
                "departure_airport": "Guadalajara, Jalisco (GDL-Don Miguel Hidalgo y Costilla Intl.)", 
                "departure_time": "11:55"
            }
        ], 
        "ticket price": "2333.45", 
        "airline": "Interjet"
    }, 
    {
        "arrival": ", La Paz", 
        "consult date": "10/05/2018", 
        "flight duration": "0 days 8 hours 10 minutes", 
        "plane": "", 
        "departure date": "29/06/2018", 
        "stops": "1", 
        "plane code": "", 
        "departure": ", Ciudad de M\u00e9xico", 
        "timings": [
            {
                "arrival_airport": "Guadalajara, Jalisco (GDL-Don Miguel Hidalgo y Costilla Intl.)", 
                "arrival_time": "06:15", 
                "departure_airport": "Ciudad de M\u00e9xico, Distrito Federal (MEX-A. Internacional de la Ciudad de M\u00e9xico)", 
                "departure_time": "05:05"
            }, 
            {
                "arrival_airport": "La Paz, Baja California Sur (LAP-A. Internacional Manuel M\u00e1rquez de Le\u00f3n)", 
                "arrival_time": "12:15", 
                "departure_airport": "Guadalajara, Jalisco (GDL-Don Miguel Hidalgo y Costilla Intl.)", 
                "departure_time": "11:55"
            }
        ], 
        "ticket price": "2333.45", 
        "airline": "Interjet"
    }, 
    {
        "arrival": ", La Paz", 
        "consult date": "10/05/2018", 
        "flight duration": "0 days 2 hours 41 minutes", 
        "plane": "Embraer 190", 
        "departure date": "29/06/2018", 
        "stops": 0, 
        "plane code": "E90", 
        "departure": ", Ciudad de M\u00e9xico", 
        "timings": [
            {
                "arrival_airport": "La Paz, Baja California Sur (LAP-A. Internacional Manuel M\u00e1rquez de Le\u00f3n)", 
                "arrival_time": "13:41", 
                "departure_airport": "Ciudad de M\u00e9xico, Distrito Federal (MEX-A. Internacional de la Ciudad de M\u00e9xico)", 
                "departure_time": "12:00"
            }
        ], 
        "ticket price": "2575.00", 
        "airline": "Aeromexico"
    }, 
    {
        "arrival": ", La Paz", 
        "consult date": "10/05/2018", 
        "flight duration": "0 days 2 hours 40 minutes", 
        "plane": "Boeing 737", 
        "departure date": "29/06/2018", 
        "stops": 0, 
        "plane code": "737", 
        "departure": ", Ciudad de M\u00e9xico", 
        "timings": [
            {
                "arrival_airport": "La Paz, Baja California Sur (LAP-A. Internacional Manuel M\u00e1rquez de Le\u00f3n)", 
                "arrival_time": "07:41", 
                "departure_airport": "Ciudad de M\u00e9xico, Distrito Federal (MEX-A. Internacional de la Ciudad de M\u00e9xico)", 
                "departure_time": "06:01"
            }
        ], 
        "ticket price": "2575.00", 
        "airline": "Aeromexico"
    }, 
    {
        "arrival": ", La Paz", 
        "consult date": "10/05/2018", 
        "flight duration": "0 days 2 hours 36 minutes", 
        "plane": "Embraer 190", 
        "departure date": "29/06/2018", 
        "stops": 0, 
        "plane code": "E90", 
        "departure": ", Ciudad de M\u00e9xico", 
        "timings": [
            {
                "arrival_airport": "La Paz, Baja California Sur (LAP-A. Internacional Manuel M\u00e1rquez de Le\u00f3n)", 
                "arrival_time": "17:01", 
                "departure_airport": "Ciudad de M\u00e9xico, Distrito Federal (MEX-A. Internacional de la Ciudad de M\u00e9xico)", 
                "departure_time": "15:25"
            }
        ], 
        "ticket price": "2923.00", 
        "airline": "Aeromexico"
    }, 
    {
        "arrival": ", La Paz", 
        "consult date": "10/05/2018", 
        "flight duration": "0 days 6 hours 35 minutes", 
        "plane": "", 
        "departure date": "29/06/2018", 
        "stops": "1", 
        "plane code": "", 
        "departure": ", Ciudad de M\u00e9xico", 
        "timings": [
            {
                "arrival_airport": "Guadalajara, Jalisco (GDL-Don Miguel Hidalgo y Costilla Intl.)", 
                "arrival_time": "07:50", 
                "departure_airport": "Ciudad de M\u00e9xico, Distrito Federal (MEX-A. Internacional de la Ciudad de M\u00e9xico)", 
                "departure_time": "06:40"
            }, 
            {
                "arrival_airport": "La Paz, Baja California Sur (LAP-A. Internacional Manuel M\u00e1rquez de Le\u00f3n)", 
                "arrival_time": "12:15", 
                "departure_airport": "Guadalajara, Jalisco (GDL-Don Miguel Hidalgo y Costilla Intl.)", 
                "departure_time": "11:55"
            }
        ], 
        "ticket price": "3197.28", 
        "airline": "Interjet"
    }, 
    {
        "arrival": ", La Paz", 
        "consult date": "10/05/2018", 
        "flight duration": "0 days 2 hours 29 minutes", 
        "plane": "", 
        "departure date": "29/06/2018", 
        "stops": 0, 
        "plane code": "", 
        "departure": ", Ciudad de M\u00e9xico", 
        "timings": [
            {
                "arrival_airport": "La Paz, Baja California Sur (LAP-A. Internacional Manuel M\u00e1rquez de Le\u00f3n)", 
                "arrival_time": "13:41", 
                "departure_airport": "Ciudad de M\u00e9xico, Distrito Federal (MEX-A. Internacional de la Ciudad de M\u00e9xico)", 
                "departure_time": "12:12"
            }
        ], 
        "ticket price": "3414.00", 
        "airline": "Volaris"
    }, 
    {
        "arrival": ", La Paz", 
        "consult date": "10/05/2018", 
        "flight duration": "0 days 6 hours 10 minutes", 
        "plane": "", 
        "departure date": "29/06/2018", 
        "stops": "1", 
        "plane code": "", 
        "departure": ", Ciudad de M\u00e9xico", 
        "timings": [
            {
                "arrival_airport": "Guadalajara, Jalisco (GDL-Don Miguel Hidalgo y Costilla Intl.)", 
                "arrival_time": "08:20", 
                "departure_airport": "Ciudad de M\u00e9xico, Distrito Federal (MEX-A. Internacional de la Ciudad de M\u00e9xico)", 
                "departure_time": "07:05"
            }, 
            {
                "arrival_airport": "La Paz, Baja California Sur (LAP-A. Internacional Manuel M\u00e1rquez de Le\u00f3n)", 
                "arrival_time": "12:15", 
                "departure_airport": "Guadalajara, Jalisco (GDL-Don Miguel Hidalgo y Costilla Intl.)", 
                "departure_time": "11:55"
            }
        ], 
        "ticket price": "3444.18", 
        "airline": "Interjet"
    }, 
    {
        "arrival": ", La Paz", 
        "consult date": "10/05/2018", 
        "flight duration": "0 days 5 hours 35 minutes", 
        "plane": "", 
        "departure date": "29/06/2018", 
        "stops": "1", 
        "plane code": "", 
        "departure": ", Ciudad de M\u00e9xico", 
        "timings": [
            {
                "arrival_airport": "Guadalajara, Jalisco (GDL-Don Miguel Hidalgo y Costilla Intl.)", 
                "arrival_time": "08:50", 
                "departure_airport": "Ciudad de M\u00e9xico, Distrito Federal (MEX-A. Internacional de la Ciudad de M\u00e9xico)", 
                "departure_time": "07:40"
            }, 
            {
                "arrival_airport": "La Paz, Baja California Sur (LAP-A. Internacional Manuel M\u00e1rquez de Le\u00f3n)", 
                "arrival_time": "12:15", 
                "departure_airport": "Guadalajara, Jalisco (GDL-Don Miguel Hidalgo y Costilla Intl.)", 
                "departure_time": "11:55"
            }
        ], 
        "ticket price": "3676.18", 
        "airline": "Interjet"
    }, 
    {
        "arrival": ", La Paz", 
        "consult date": "10/05/2018", 
        "flight duration": "0 days 9 hours 26 minutes", 
        "plane": "", 
        "departure date": "29/06/2018", 
        "stops": "1", 
        "plane code": "", 
        "departure": ", Ciudad de M\u00e9xico", 
        "timings": [
            {
                "arrival_airport": "Guadalajara, Jalisco (GDL-Don Miguel Hidalgo y Costilla Intl.)", 
                "arrival_time": "10:44", 
                "departure_airport": "Ciudad de M\u00e9xico, Distrito Federal (MEX-A. Internacional de la Ciudad de M\u00e9xico)", 
                "departure_time": "09:17"
            }, 
            {
                "arrival_airport": "La Paz, Baja California Sur (LAP-A. Internacional Manuel M\u00e1rquez de Le\u00f3n)", 
                "arrival_time": "17:43", 
                "departure_airport": "Guadalajara, Jalisco (GDL-Don Miguel Hidalgo y Costilla Intl.)", 
                "departure_time": "16:58"
            }
        ], 
        "ticket price": "4313.00", 
        "airline": "Volaris"
    }, 
    {
        "arrival": ", La Paz", 
        "consult date": "10/05/2018", 
        "flight duration": "0 days 8 hours 2 minutes", 
        "plane": "", 
        "departure date": "29/06/2018", 
        "stops": "1", 
        "plane code": "", 
        "departure": ", Ciudad de M\u00e9xico", 
        "timings": [
            {
                "arrival_airport": "Tijuana, Baja California Norte (TIJ-A. Internacional General Abelardo L. Rodr\u00edguez)", 
                "arrival_time": "09:57", 
                "departure_airport": "Ciudad de M\u00e9xico, Distrito Federal (MEX-A. Internacional de la Ciudad de M\u00e9xico)", 
                "departure_time": "08:11"
            }, 
            {
                "arrival_airport": "La Paz, Baja California Sur (LAP-A. Internacional Manuel M\u00e1rquez de Le\u00f3n)", 
                "arrival_time": "15:13", 
                "departure_airport": "Tijuana, Baja California Norte (TIJ-A. Internacional General Abelardo L. Rodr\u00edguez)", 
                "departure_time": "12:10"
            }
        ], 
        "ticket price": "4313.00", 
        "airline": "Volaris"
    }, 
    {
        "arrival": ", La Paz", 
        "consult date": "10/05/2018", 
        "flight duration": "0 days 9 hours 32 minutes", 
        "plane": "", 
        "departure date": "29/06/2018", 
        "stops": "1", 
        "plane code": "", 
        "departure": ", Ciudad de M\u00e9xico", 
        "timings": [
            {
                "arrival_airport": "Tijuana, Baja California Norte (TIJ-A. Internacional General Abelardo L. Rodr\u00edguez)", 
                "arrival_time": "08:27", 
                "departure_airport": "Ciudad de M\u00e9xico, Distrito Federal (MEX-A. Internacional de la Ciudad de M\u00e9xico)", 
                "departure_time": "06:41"
            }, 
            {
                "arrival_airport": "La Paz, Baja California Sur (LAP-A. Internacional Manuel M\u00e1rquez de Le\u00f3n)", 
                "arrival_time": "15:13", 
                "departure_airport": "Tijuana, Baja California Norte (TIJ-A. Internacional General Abelardo L. Rodr\u00edguez)", 
                "departure_time": "12:10"
            }
        ], 
        "ticket price": "5873.00", 
        "airline": "Volaris"
    }
]