[
    {
        "arrival": ", Tampico", 
        "consult date": "10/05/2018", 
        "flight duration": "0 days 1 hours 0 minutes", 
        "plane": "", 
        "departure date": "20/10/2018", 
        "stops": 0, 
        "plane code": "", 
        "departure": ", Ciudad de M\u00e9xico", 
        "timings": [
            {
                "arrival_airport": "Tampico, Tamaulipas (TAM-A. Internacional General Francisco Javier Mina)", 
                "arrival_time": "23:15", 
                "departure_airport": "Ciudad de M\u00e9xico, Distrito Federal (MEX-A. Internacional de la Ciudad de M\u00e9xico)", 
                "departure_time": "22:15"
            }
        ], 
        "ticket price": "1957.18", 
        "airline": "Interjet"
    }, 
    {
        "arrival": ", Tampico", 
        "consult date": "10/05/2018", 
        "flight duration": "0 days 1 hours 8 minutes", 
        "plane": "EMBRAER 170", 
        "departure date": "20/10/2018", 
        "stops": 0, 
        "plane code": "E70", 
        "departure": ", Ciudad de M\u00e9xico", 
        "timings": [
            {
                "arrival_airport": "Tampico, Tamaulipas (TAM-A. Internacional General Francisco Javier Mina)", 
                "arrival_time": "22:53", 
                "departure_airport": "Ciudad de M\u00e9xico, Distrito Federal (MEX-A. Internacional de la Ciudad de M\u00e9xico)", 
                "departure_time": "21:45"
            }
        ], 
        "ticket price": "2024.00", 
        "airline": "Aeromexico"
    }, 
    {
        "arrival": ", Tampico", 
        "consult date": "10/05/2018", 
        "flight duration": "0 days 1 hours 10 minutes", 
        "plane": "Embraer 190", 
        "departure date": "20/10/2018", 
        "stops": 0, 
        "plane code": "E90", 
        "departure": ", Ciudad de M\u00e9xico", 
        "timings": [
            {
                "arrival_airport": "Tampico, Tamaulipas (TAM-A. Internacional General Francisco Javier Mina)", 
                "arrival_time": "18:30", 
                "departure_airport": "Ciudad de M\u00e9xico, Distrito Federal (MEX-A. Internacional de la Ciudad de M\u00e9xico)", 
                "departure_time": "17:20"
            }
        ], 
        "ticket price": "2024.00", 
        "airline": "Aeromexico"
    }, 
    {
        "arrival": ", Tampico", 
        "consult date": "10/05/2018", 
        "flight duration": "0 days 1 hours 5 minutes", 
        "plane": "EMBRAER 170", 
        "departure date": "20/10/2018", 
        "stops": 0, 
        "plane code": "E70", 
        "departure": ", Ciudad de M\u00e9xico", 
        "timings": [
            {
                "arrival_airport": "Tampico, Tamaulipas (TAM-A. Internacional General Francisco Javier Mina)", 
                "arrival_time": "13:00", 
                "departure_airport": "Ciudad de M\u00e9xico, Distrito Federal (MEX-A. Internacional de la Ciudad de M\u00e9xico)", 
                "departure_time": "11:55"
            }
        ], 
        "ticket price": "2024.00", 
        "airline": "Aeromexico"
    }, 
    {
        "arrival": ", Tampico", 
        "consult date": "10/05/2018", 
        "flight duration": "0 days 1 hours 8 minutes", 
        "plane": "Embraer 190", 
        "departure date": "20/10/2018", 
        "stops": 0, 
        "plane code": "E90", 
        "departure": ", Ciudad de M\u00e9xico", 
        "timings": [
            {
                "arrival_airport": "Tampico, Tamaulipas (TAM-A. Internacional General Francisco Javier Mina)", 
                "arrival_time": "07:33", 
                "departure_airport": "Ciudad de M\u00e9xico, Distrito Federal (MEX-A. Internacional de la Ciudad de M\u00e9xico)", 
                "departure_time": "06:25"
            }
        ], 
        "ticket price": "2024.00", 
        "airline": "Aeromexico"
    }, 
    {
        "arrival": ", Tampico", 
        "consult date": "10/05/2018", 
        "flight duration": "0 days 1 hours 5 minutes", 
        "plane": "", 
        "departure date": "20/10/2018", 
        "stops": 0, 
        "plane code": "", 
        "departure": ", Ciudad de M\u00e9xico", 
        "timings": [
            {
                "arrival_airport": "Tampico, Tamaulipas (TAM-A. Internacional General Francisco Javier Mina)", 
                "arrival_time": "13:15", 
                "departure_airport": "Ciudad de M\u00e9xico, Distrito Federal (MEX-A. Internacional de la Ciudad de M\u00e9xico)", 
                "departure_time": "12:10"
            }
        ], 
        "ticket price": "2186.98", 
        "airline": "Interjet"
    }, 
    {
        "arrival": ", Tampico", 
        "consult date": "10/05/2018", 
        "flight duration": "0 days 1 hours 0 minutes", 
        "plane": "", 
        "departure date": "20/10/2018", 
        "stops": 0, 
        "plane code": "", 
        "departure": ", Ciudad de M\u00e9xico", 
        "timings": [
            {
                "arrival_airport": "Tampico, Tamaulipas (TAM-A. Internacional General Francisco Javier Mina)", 
                "arrival_time": "09:00", 
                "departure_airport": "Ciudad de M\u00e9xico, Distrito Federal (MEX-A. Internacional de la Ciudad de M\u00e9xico)", 
                "departure_time": "08:00"
            }
        ], 
        "ticket price": "2418.98", 
        "airline": "Interjet"
    }
]