[
    {
        "arrival": ", Chetumal", 
        "consult date": "10/05/2018", 
        "flight duration": "0 days 1 hours 55 minutes", 
        "plane": "", 
        "departure date": "24/09/2018", 
        "stops": 0, 
        "plane code": "", 
        "departure": ", Ciudad de M\u00e9xico", 
        "timings": [
            {
                "arrival_airport": "Chetumal, Quintana Roo (CTM-A. Internacional de Chetumal)", 
                "arrival_time": "20:00", 
                "departure_airport": "Ciudad de M\u00e9xico, Distrito Federal (MEX-A. Internacional de la Ciudad de M\u00e9xico)", 
                "departure_time": "18:05"
            }
        ], 
        "ticket price": "1412.26", 
        "airline": "Interjet"
    }, 
    {
        "arrival": ", Chetumal", 
        "consult date": "10/05/2018", 
        "flight duration": "0 days 1 hours 50 minutes", 
        "plane": "", 
        "departure date": "24/09/2018", 
        "stops": 0, 
        "plane code": "", 
        "departure": ", Ciudad de M\u00e9xico", 
        "timings": [
            {
                "arrival_airport": "Chetumal, Quintana Roo (CTM-A. Internacional de Chetumal)", 
                "arrival_time": "23:30", 
                "departure_airport": "Ciudad de M\u00e9xico, Distrito Federal (MEX-A. Internacional de la Ciudad de M\u00e9xico)", 
                "departure_time": "21:40"
            }
        ], 
        "ticket price": "1412.26", 
        "airline": "Interjet"
    }, 
    {
        "arrival": ", Chetumal", 
        "consult date": "10/05/2018", 
        "flight duration": "0 days 2 hours 7 minutes", 
        "plane": "", 
        "departure date": "24/09/2018", 
        "stops": 0, 
        "plane code": "", 
        "departure": ", Ciudad de M\u00e9xico", 
        "timings": [
            {
                "arrival_airport": "Chetumal, Quintana Roo (CTM-A. Internacional de Chetumal)", 
                "arrival_time": "15:33", 
                "departure_airport": "Ciudad de M\u00e9xico, Distrito Federal (MEX-A. Internacional de la Ciudad de M\u00e9xico)", 
                "departure_time": "13:26"
            }
        ], 
        "ticket price": "1794.00", 
        "airline": "Volaris"
    }, 
    {
        "arrival": ", Chetumal", 
        "consult date": "10/05/2018", 
        "flight duration": "0 days 1 hours 55 minutes", 
        "plane": "", 
        "departure date": "24/09/2018", 
        "stops": 0, 
        "plane code": "", 
        "departure": ", Ciudad de M\u00e9xico", 
        "timings": [
            {
                "arrival_airport": "Chetumal, Quintana Roo (CTM-A. Internacional de Chetumal)", 
                "arrival_time": "08:10", 
                "departure_airport": "Ciudad de M\u00e9xico, Distrito Federal (MEX-A. Internacional de la Ciudad de M\u00e9xico)", 
                "departure_time": "06:15"
            }
        ], 
        "ticket price": "1948.40", 
        "airline": "Interjet"
    }
]