[
    {
        "arrival": ", Chihuahua", 
        "consult date": "10/05/2018", 
        "flight duration": "0 days 7 hours 13 minutes", 
        "plane": "Embraer 190", 
        "departure date": "19/11/2018", 
        "stops": "2", 
        "plane code": "E90", 
        "departure": ", Ciudad de M\u00e9xico", 
        "timings": [
            {
                "arrival_airport": "Guadalajara, Jalisco (GDL-Don Miguel Hidalgo y Costilla Intl.)", 
                "arrival_time": "13:40", 
                "departure_airport": "Ciudad de M\u00e9xico, Distrito Federal (MEX-A. Internacional de la Ciudad de M\u00e9xico)", 
                "departure_time": "12:05"
            }, 
            {
                "arrival_airport": "Monterrey, Nuevo Le\u00f3n (MTY-A. Internacional General Mariano Escobedo)", 
                "arrival_time": "17:09", 
                "departure_airport": "Guadalajara, Jalisco (GDL-Don Miguel Hidalgo y Costilla Intl.)", 
                "departure_time": "15:38"
            }, 
            {
                "arrival_airport": "Chihuahua, Chihuahua (CUU-A. Internacional General Roberto Fierro Villalobos)", 
                "arrival_time": "18:18", 
                "departure_airport": "Monterrey, Nuevo Le\u00f3n (MTY-A. Internacional General Mariano Escobedo)", 
                "departure_time": "17:50"
            }
        ], 
        "ticket price": "11108.48", 
        "airline": "Aeromexico"
    }, 
    {
        "arrival": ", Chihuahua", 
        "consult date": "10/05/2018", 
        "flight duration": "0 days 4 hours 18 minutes", 
        "plane": "Embraer 190", 
        "departure date": "19/11/2018", 
        "stops": "1", 
        "plane code": "E90", 
        "departure": ", Ciudad de M\u00e9xico", 
        "timings": [
            {
                "arrival_airport": "Monterrey, Nuevo Le\u00f3n (MTY-A. Internacional General Mariano Escobedo)", 
                "arrival_time": "16:40", 
                "departure_airport": "Ciudad de M\u00e9xico, Distrito Federal (MEX-A. Internacional de la Ciudad de M\u00e9xico)", 
                "departure_time": "15:00"
            }, 
            {
                "arrival_airport": "Chihuahua, Chihuahua (CUU-A. Internacional General Roberto Fierro Villalobos)", 
                "arrival_time": "18:18", 
                "departure_airport": "Monterrey, Nuevo Le\u00f3n (MTY-A. Internacional General Mariano Escobedo)", 
                "departure_time": "17:50"
            }
        ], 
        "ticket price": "11221.88", 
        "airline": "Aeromexico"
    }, 
    {
        "arrival": ", Chihuahua", 
        "consult date": "10/05/2018", 
        "flight duration": "0 days 3 hours 45 minutes", 
        "plane": "BOEING 737-800 SCIMITAR WINGLETS", 
        "departure date": "19/11/2018", 
        "stops": "1", 
        "plane code": "7S8", 
        "departure": ", Ciudad de M\u00e9xico", 
        "timings": [
            {
                "arrival_airport": "Monterrey, Nuevo Le\u00f3n (MTY-A. Internacional General Mariano Escobedo)", 
                "arrival_time": "12:55", 
                "departure_airport": "Ciudad de M\u00e9xico, Distrito Federal (MEX-A. Internacional de la Ciudad de M\u00e9xico)", 
                "departure_time": "11:10"
            }, 
            {
                "arrival_airport": "Chihuahua, Chihuahua (CUU-A. Internacional General Roberto Fierro Villalobos)", 
                "arrival_time": "13:55", 
                "departure_airport": "Monterrey, Nuevo Le\u00f3n (MTY-A. Internacional General Mariano Escobedo)", 
                "departure_time": "13:30"
            }
        ], 
        "ticket price": "11221.88", 
        "airline": "Aeromexico"
    }, 
    {
        "arrival": ", Chihuahua", 
        "consult date": "10/05/2018", 
        "flight duration": "0 days 7 hours 18 minutes", 
        "plane": "", 
        "departure date": "19/11/2018", 
        "stops": "1", 
        "plane code": "", 
        "departure": ", Ciudad de M\u00e9xico", 
        "timings": [
            {
                "arrival_airport": "Monterrey, Nuevo Le\u00f3n (MTY-A. Internacional General Mariano Escobedo)", 
                "arrival_time": "13:51", 
                "departure_airport": "Ciudad de M\u00e9xico, Distrito Federal (MEX-A. Internacional de la Ciudad de M\u00e9xico)", 
                "departure_time": "12:00"
            }, 
            {
                "arrival_airport": "Chihuahua, Chihuahua (CUU-A. Internacional General Roberto Fierro Villalobos)", 
                "arrival_time": "18:18", 
                "departure_airport": "Monterrey, Nuevo Le\u00f3n (MTY-A. Internacional General Mariano Escobedo)", 
                "departure_time": "17:50"
            }
        ], 
        "ticket price": "11221.88", 
        "airline": "Aeromexico"
    }, 
    {
        "arrival": ", Chihuahua", 
        "consult date": "10/05/2018", 
        "flight duration": "0 days 8 hours 8 minutes", 
        "plane": "BOEING 737-800 SCIMITAR WINGLETS", 
        "departure date": "19/11/2018", 
        "stops": "1", 
        "plane code": "7S8", 
        "departure": ", Ciudad de M\u00e9xico", 
        "timings": [
            {
                "arrival_airport": "Monterrey, Nuevo Le\u00f3n (MTY-A. Internacional General Mariano Escobedo)", 
                "arrival_time": "12:55", 
                "departure_airport": "Ciudad de M\u00e9xico, Distrito Federal (MEX-A. Internacional de la Ciudad de M\u00e9xico)", 
                "departure_time": "11:10"
            }, 
            {
                "arrival_airport": "Chihuahua, Chihuahua (CUU-A. Internacional General Roberto Fierro Villalobos)", 
                "arrival_time": "18:18", 
                "departure_airport": "Monterrey, Nuevo Le\u00f3n (MTY-A. Internacional General Mariano Escobedo)", 
                "departure_time": "17:50"
            }
        ], 
        "ticket price": "11221.88", 
        "airline": "Aeromexico"
    }, 
    {
        "arrival": ", Chihuahua", 
        "consult date": "10/05/2018", 
        "flight duration": "0 days 3 hours 52 minutes", 
        "plane": "Embraer 190", 
        "departure date": "19/11/2018", 
        "stops": "1", 
        "plane code": "E90", 
        "departure": ", Ciudad de M\u00e9xico", 
        "timings": [
            {
                "arrival_airport": "Monterrey, Nuevo Le\u00f3n (MTY-A. Internacional General Mariano Escobedo)", 
                "arrival_time": "07:45", 
                "departure_airport": "Ciudad de M\u00e9xico, Distrito Federal (MEX-A. Internacional de la Ciudad de M\u00e9xico)", 
                "departure_time": "06:01"
            }, 
            {
                "arrival_airport": "Chihuahua, Chihuahua (CUU-A. Internacional General Roberto Fierro Villalobos)", 
                "arrival_time": "08:53", 
                "departure_airport": "Monterrey, Nuevo Le\u00f3n (MTY-A. Internacional General Mariano Escobedo)", 
                "departure_time": "08:25"
            }
        ], 
        "ticket price": "11607.00", 
        "airline": "Aeromexico"
    }, 
    {
        "arrival": ", Chihuahua", 
        "consult date": "10/05/2018", 
        "flight duration": "0 days 5 hours 50 minutes", 
        "plane": "Boeing 737", 
        "departure date": "19/11/2018", 
        "stops": "1", 
        "plane code": "737", 
        "departure": ", Ciudad de M\u00e9xico", 
        "timings": [
            {
                "arrival_airport": "Monterrey, Nuevo Le\u00f3n (MTY-A. Internacional General Mariano Escobedo)", 
                "arrival_time": "10:51", 
                "departure_airport": "Ciudad de M\u00e9xico, Distrito Federal (MEX-A. Internacional de la Ciudad de M\u00e9xico)", 
                "departure_time": "09:05"
            }, 
            {
                "arrival_airport": "Chihuahua, Chihuahua (CUU-A. Internacional General Roberto Fierro Villalobos)", 
                "arrival_time": "13:55", 
                "departure_airport": "Monterrey, Nuevo Le\u00f3n (MTY-A. Internacional General Mariano Escobedo)", 
                "departure_time": "13:30"
            }
        ], 
        "ticket price": "11607.00", 
        "airline": "Aeromexico"
    }, 
    {
        "arrival": ", Chihuahua", 
        "consult date": "10/05/2018", 
        "flight duration": "0 days 7 hours 55 minutes", 
        "plane": "", 
        "departure date": "19/11/2018", 
        "stops": "1", 
        "plane code": "", 
        "departure": ", Ciudad de M\u00e9xico", 
        "timings": [
            {
                "arrival_airport": "Monterrey, Nuevo Le\u00f3n (MTY-A. Internacional General Mariano Escobedo)", 
                "arrival_time": "08:46", 
                "departure_airport": "Ciudad de M\u00e9xico, Distrito Federal (MEX-A. Internacional de la Ciudad de M\u00e9xico)", 
                "departure_time": "07:00"
            }, 
            {
                "arrival_airport": "Chihuahua, Chihuahua (CUU-A. Internacional General Roberto Fierro Villalobos)", 
                "arrival_time": "13:55", 
                "departure_airport": "Monterrey, Nuevo Le\u00f3n (MTY-A. Internacional General Mariano Escobedo)", 
                "departure_time": "13:30"
            }
        ], 
        "ticket price": "11607.00", 
        "airline": "Aeromexico"
    }, 
    {
        "arrival": ", Chihuahua", 
        "consult date": "10/05/2018", 
        "flight duration": "0 days 6 hours 55 minutes", 
        "plane": "BOEING 737-800 SCIMITAR WINGLETS", 
        "departure date": "19/11/2018", 
        "stops": "1", 
        "plane code": "7S8", 
        "departure": ", Ciudad de M\u00e9xico", 
        "timings": [
            {
                "arrival_airport": "Monterrey, Nuevo Le\u00f3n (MTY-A. Internacional General Mariano Escobedo)", 
                "arrival_time": "09:46", 
                "departure_airport": "Ciudad de M\u00e9xico, Distrito Federal (MEX-A. Internacional de la Ciudad de M\u00e9xico)", 
                "departure_time": "08:00"
            }, 
            {
                "arrival_airport": "Chihuahua, Chihuahua (CUU-A. Internacional General Roberto Fierro Villalobos)", 
                "arrival_time": "13:55", 
                "departure_airport": "Monterrey, Nuevo Le\u00f3n (MTY-A. Internacional General Mariano Escobedo)", 
                "departure_time": "13:30"
            }
        ], 
        "ticket price": "11607.00", 
        "airline": "Aeromexico"
    }, 
    {
        "arrival": ", Chihuahua", 
        "consult date": "10/05/2018", 
        "flight duration": "0 days 8 hours 30 minutes", 
        "plane": "BOEING 737-800 SCIMITAR WINGLETS", 
        "departure date": "19/11/2018", 
        "stops": "2", 
        "plane code": "7S8", 
        "departure": ", Ciudad de M\u00e9xico", 
        "timings": [
            {
                "arrival_airport": "Hermosillo, Sonora (HMO-A. Internacional General Ignacio Pesqueira Garc\u00eda)", 
                "arrival_time": "07:20", 
                "departure_airport": "Ciudad de M\u00e9xico, Distrito Federal (MEX-A. Internacional de la Ciudad de M\u00e9xico)", 
                "departure_time": "06:25"
            }, 
            {
                "arrival_airport": "Monterrey, Nuevo Le\u00f3n (MTY-A. Internacional General Mariano Escobedo)", 
                "arrival_time": "12:59", 
                "departure_airport": "Hermosillo, Sonora (HMO-A. Internacional General Ignacio Pesqueira Garc\u00eda)", 
                "departure_time": "09:03"
            }, 
            {
                "arrival_airport": "Chihuahua, Chihuahua (CUU-A. Internacional General Roberto Fierro Villalobos)", 
                "arrival_time": "13:55", 
                "departure_airport": "Monterrey, Nuevo Le\u00f3n (MTY-A. Internacional General Mariano Escobedo)", 
                "departure_time": "13:30"
            }
        ], 
        "ticket price": "13342.63", 
        "airline": "Aeromexico"
    }, 
    {
        "arrival": ", Chihuahua", 
        "consult date": "10/05/2018", 
        "flight duration": "0 days 2 hours 25 minutes", 
        "plane": "", 
        "departure date": "19/11/2018", 
        "stops": 0, 
        "plane code": "", 
        "departure": ", Ciudad de M\u00e9xico", 
        "timings": [
            {
                "arrival_airport": "Chihuahua, Chihuahua (CUU-A. Internacional General Roberto Fierro Villalobos)", 
                "arrival_time": "20:58", 
                "departure_airport": "Ciudad de M\u00e9xico, Distrito Federal (MEX-A. Internacional de la Ciudad de M\u00e9xico)", 
                "departure_time": "19:33"
            }
        ], 
        "ticket price": "2660.60", 
        "airline": "Volaris"
    }, 
    {
        "arrival": ", Chihuahua", 
        "consult date": "10/05/2018", 
        "flight duration": "0 days 11 hours 6 minutes", 
        "plane": "Embraer 190", 
        "departure date": "19/11/2018", 
        "stops": "2", 
        "plane code": "E90", 
        "departure": ", Ciudad de M\u00e9xico", 
        "timings": [
            {
                "arrival_airport": "San Antonio, TX, Estados Unidos (SAT-A. Internacional de San Antonio)", 
                "arrival_time": "12:01", 
                "departure_airport": "Ciudad de M\u00e9xico, Distrito Federal (MEX-A. Internacional de la Ciudad de M\u00e9xico)", 
                "departure_time": "09:50"
            }, 
            {
                "arrival_airport": "Dallas, TX, Estados Unidos (DFW-A. Internacional de Dallas - Fort Worth)", 
                "arrival_time": "17:50", 
                "departure_airport": "San Antonio, TX, Estados Unidos (SAT-A. Internacional de San Antonio)", 
                "departure_time": "16:37"
            }, 
            {
                "arrival_airport": "Chihuahua, Chihuahua (CUU-A. Internacional General Roberto Fierro Villalobos)", 
                "arrival_time": "19:56", 
                "departure_airport": "Dallas, TX, Estados Unidos (DFW-A. Internacional de Dallas - Fort Worth)", 
                "departure_time": "18:50"
            }
        ], 
        "ticket price": "30103.00", 
        "airline": "Aerolitoral DBA Aeromexico Connect"
    }, 
    {
        "arrival": ", Chihuahua", 
        "consult date": "10/05/2018", 
        "flight duration": "0 days 11 hours 6 minutes", 
        "plane": "Embraer 190", 
        "departure date": "19/11/2018", 
        "stops": "2", 
        "plane code": "E90", 
        "departure": ", Ciudad de M\u00e9xico", 
        "timings": [
            {
                "arrival_airport": "San Antonio, TX, Estados Unidos (SAT-A. Internacional de San Antonio)", 
                "arrival_time": "12:01", 
                "departure_airport": "Ciudad de M\u00e9xico, Distrito Federal (MEX-A. Internacional de la Ciudad de M\u00e9xico)", 
                "departure_time": "09:50"
            }, 
            {
                "arrival_airport": "Dallas, TX, Estados Unidos (DFW-A. Internacional de Dallas - Fort Worth)", 
                "arrival_time": "15:49", 
                "departure_airport": "San Antonio, TX, Estados Unidos (SAT-A. Internacional de San Antonio)", 
                "departure_time": "14:37"
            }, 
            {
                "arrival_airport": "Chihuahua, Chihuahua (CUU-A. Internacional General Roberto Fierro Villalobos)", 
                "arrival_time": "19:56", 
                "departure_airport": "Dallas, TX, Estados Unidos (DFW-A. Internacional de Dallas - Fort Worth)", 
                "departure_time": "18:50"
            }
        ], 
        "ticket price": "30103.00", 
        "airline": "Aerolitoral DBA Aeromexico Connect"
    }, 
    {
        "arrival": ", Chihuahua", 
        "consult date": "10/05/2018", 
        "flight duration": "0 days 2 hours 15 minutes", 
        "plane": "", 
        "departure date": "19/11/2018", 
        "stops": 0, 
        "plane code": "", 
        "departure": ", Ciudad de M\u00e9xico", 
        "timings": [
            {
                "arrival_airport": "Chihuahua, Chihuahua (CUU-A. Internacional General Roberto Fierro Villalobos)", 
                "arrival_time": "16:45", 
                "departure_airport": "Ciudad de M\u00e9xico, Distrito Federal (MEX-A. Internacional de la Ciudad de M\u00e9xico)", 
                "departure_time": "15:30"
            }
        ], 
        "ticket price": "3102.00", 
        "airline": "Interjet"
    }, 
    {
        "arrival": ", Chihuahua", 
        "consult date": "10/05/2018", 
        "flight duration": "0 days 2 hours 15 minutes", 
        "plane": "", 
        "departure date": "19/11/2018", 
        "stops": 0, 
        "plane code": "", 
        "departure": ", Ciudad de M\u00e9xico", 
        "timings": [
            {
                "arrival_airport": "Chihuahua, Chihuahua (CUU-A. Internacional General Roberto Fierro Villalobos)", 
                "arrival_time": "07:25", 
                "departure_airport": "Ciudad de M\u00e9xico, Distrito Federal (MEX-A. Internacional de la Ciudad de M\u00e9xico)", 
                "departure_time": "06:10"
            }
        ], 
        "ticket price": "3460.46", 
        "airline": "Interjet"
    }, 
    {
        "arrival": ", Chihuahua", 
        "consult date": "10/05/2018", 
        "flight duration": "0 days 10 hours 46 minutes", 
        "plane": "Embraer 190", 
        "departure date": "19/11/2018", 
        "stops": "2", 
        "plane code": "E90", 
        "departure": ", Ciudad de M\u00e9xico", 
        "timings": [
            {
                "arrival_airport": "Austin, TX, Estados Unidos (AUS-A. Internacional de Austin-Bergstrom)", 
                "arrival_time": "12:30", 
                "departure_airport": "Ciudad de M\u00e9xico, Distrito Federal (MEX-A. Internacional de la Ciudad de M\u00e9xico)", 
                "departure_time": "10:10"
            }, 
            {
                "arrival_airport": "Dallas, TX, Estados Unidos (DFW-A. Internacional de Dallas - Fort Worth)", 
                "arrival_time": "15:29", 
                "departure_airport": "Austin, TX, Estados Unidos (AUS-A. Internacional de Austin-Bergstrom)", 
                "departure_time": "14:20"
            }, 
            {
                "arrival_airport": "Chihuahua, Chihuahua (CUU-A. Internacional General Roberto Fierro Villalobos)", 
                "arrival_time": "19:56", 
                "departure_airport": "Dallas, TX, Estados Unidos (DFW-A. Internacional de Dallas - Fort Worth)", 
                "departure_time": "18:50"
            }
        ], 
        "ticket price": "35540.00", 
        "airline": "Aerolitoral DBA Aeromexico Connect"
    }, 
    {
        "arrival": ", Chihuahua", 
        "consult date": "10/05/2018", 
        "flight duration": "0 days 10 hours 46 minutes", 
        "plane": "Embraer 190", 
        "departure date": "19/11/2018", 
        "stops": "2", 
        "plane code": "E90", 
        "departure": ", Ciudad de M\u00e9xico", 
        "timings": [
            {
                "arrival_airport": "Austin, TX, Estados Unidos (AUS-A. Internacional de Austin-Bergstrom)", 
                "arrival_time": "12:30", 
                "departure_airport": "Ciudad de M\u00e9xico, Distrito Federal (MEX-A. Internacional de la Ciudad de M\u00e9xico)", 
                "departure_time": "10:10"
            }, 
            {
                "arrival_airport": "Dallas, TX, Estados Unidos (DFW-A. Internacional de Dallas - Fort Worth)", 
                "arrival_time": "17:39", 
                "departure_airport": "Austin, TX, Estados Unidos (AUS-A. Internacional de Austin-Bergstrom)", 
                "departure_time": "16:30"
            }, 
            {
                "arrival_airport": "Chihuahua, Chihuahua (CUU-A. Internacional General Roberto Fierro Villalobos)", 
                "arrival_time": "19:56", 
                "departure_airport": "Dallas, TX, Estados Unidos (DFW-A. Internacional de Dallas - Fort Worth)", 
                "departure_time": "18:50"
            }
        ], 
        "ticket price": "35540.00", 
        "airline": "Aerolitoral DBA Aeromexico Connect"
    }, 
    {
        "arrival": ", Chihuahua", 
        "consult date": "10/05/2018", 
        "flight duration": "0 days 2 hours 25 minutes", 
        "plane": "", 
        "departure date": "19/11/2018", 
        "stops": 0, 
        "plane code": "", 
        "departure": ", Ciudad de M\u00e9xico", 
        "timings": [
            {
                "arrival_airport": "Chihuahua, Chihuahua (CUU-A. Internacional General Roberto Fierro Villalobos)", 
                "arrival_time": "07:42", 
                "departure_airport": "Ciudad de M\u00e9xico, Distrito Federal (MEX-A. Internacional de la Ciudad de M\u00e9xico)", 
                "departure_time": "06:17"
            }
        ], 
        "ticket price": "3581.00", 
        "airline": "Volaris"
    }, 
    {
        "arrival": ", Chihuahua", 
        "consult date": "10/05/2018", 
        "flight duration": "0 days 11 hours 26 minutes", 
        "plane": "Boeing 737", 
        "departure date": "19/11/2018", 
        "stops": "2", 
        "plane code": "737", 
        "departure": ", Ciudad de M\u00e9xico", 
        "timings": [
            {
                "arrival_airport": "Las Vegas, NV, Estados Unidos (LAS-A. Internacional McCarran)", 
                "arrival_time": "11:30", 
                "departure_airport": "Ciudad de M\u00e9xico, Distrito Federal (MEX-A. Internacional de la Ciudad de M\u00e9xico)", 
                "departure_time": "09:30"
            }, 
            {
                "arrival_airport": "Dallas, TX, Estados Unidos (DFW-A. Internacional de Dallas - Fort Worth)", 
                "arrival_time": "17:45", 
                "departure_airport": "Las Vegas, NV, Estados Unidos (LAS-A. Internacional McCarran)", 
                "departure_time": "12:59"
            }, 
            {
                "arrival_airport": "Chihuahua, Chihuahua (CUU-A. Internacional General Roberto Fierro Villalobos)", 
                "arrival_time": "19:56", 
                "departure_airport": "Dallas, TX, Estados Unidos (DFW-A. Internacional de Dallas - Fort Worth)", 
                "departure_time": "18:50"
            }
        ], 
        "ticket price": "37800.00", 
        "airline": ""
    }, 
    {
        "arrival": ", Chihuahua", 
        "consult date": "10/05/2018", 
        "flight duration": "0 days 2 hours 22 minutes", 
        "plane": "Embraer 190", 
        "departure date": "19/11/2018", 
        "stops": 0, 
        "plane code": "E90", 
        "departure": ", Ciudad de M\u00e9xico", 
        "timings": [
            {
                "arrival_airport": "Chihuahua, Chihuahua (CUU-A. Internacional General Roberto Fierro Villalobos)", 
                "arrival_time": "16:37", 
                "departure_airport": "Ciudad de M\u00e9xico, Distrito Federal (MEX-A. Internacional de la Ciudad de M\u00e9xico)", 
                "departure_time": "15:15"
            }
        ], 
        "ticket price": "3923.00", 
        "airline": "Aeromexico"
    }, 
    {
        "arrival": ", Chihuahua", 
        "consult date": "10/05/2018", 
        "flight duration": "0 days 10 hours 22 minutes", 
        "plane": "", 
        "departure date": "19/11/2018", 
        "stops": "1", 
        "plane code": "", 
        "departure": ", Ciudad de M\u00e9xico", 
        "timings": [
            {
                "arrival_airport": "Tijuana, Baja California Norte (TIJ-A. Internacional General Abelardo L. Rodr\u00edguez)", 
                "arrival_time": "09:57", 
                "departure_airport": "Ciudad de M\u00e9xico, Distrito Federal (MEX-A. Internacional de la Ciudad de M\u00e9xico)", 
                "departure_time": "08:11"
            }, 
            {
                "arrival_airport": "Chihuahua, Chihuahua (CUU-A. Internacional General Roberto Fierro Villalobos)", 
                "arrival_time": "17:33", 
                "departure_airport": "Tijuana, Baja California Norte (TIJ-A. Internacional General Abelardo L. Rodr\u00edguez)", 
                "departure_time": "14:28"
            }
        ], 
        "ticket price": "5252.55", 
        "airline": "Volaris"
    }, 
    {
        "arrival": ", Chihuahua", 
        "consult date": "10/05/2018", 
        "flight duration": "0 days 8 hours 7 minutes", 
        "plane": "", 
        "departure date": "19/11/2018", 
        "stops": "1", 
        "plane code": "", 
        "departure": ", Ciudad de M\u00e9xico", 
        "timings": [
            {
                "arrival_airport": "Tijuana, Baja California Norte (TIJ-A. Internacional General Abelardo L. Rodr\u00edguez)", 
                "arrival_time": "12:12", 
                "departure_airport": "Ciudad de M\u00e9xico, Distrito Federal (MEX-A. Internacional de la Ciudad de M\u00e9xico)", 
                "departure_time": "10:26"
            }, 
            {
                "arrival_airport": "Chihuahua, Chihuahua (CUU-A. Internacional General Roberto Fierro Villalobos)", 
                "arrival_time": "17:33", 
                "departure_airport": "Tijuana, Baja California Norte (TIJ-A. Internacional General Abelardo L. Rodr\u00edguez)", 
                "departure_time": "14:28"
            }
        ], 
        "ticket price": "5988.08", 
        "airline": "Volaris"
    }, 
    {
        "arrival": ", Chihuahua", 
        "consult date": "10/05/2018", 
        "flight duration": "0 days 11 hours 52 minutes", 
        "plane": "", 
        "departure date": "19/11/2018", 
        "stops": "1", 
        "plane code": "", 
        "departure": ", Ciudad de M\u00e9xico", 
        "timings": [
            {
                "arrival_airport": "Tijuana, Baja California Norte (TIJ-A. Internacional General Abelardo L. Rodr\u00edguez)", 
                "arrival_time": "08:27", 
                "departure_airport": "Ciudad de M\u00e9xico, Distrito Federal (MEX-A. Internacional de la Ciudad de M\u00e9xico)", 
                "departure_time": "06:41"
            }, 
            {
                "arrival_airport": "Chihuahua, Chihuahua (CUU-A. Internacional General Roberto Fierro Villalobos)", 
                "arrival_time": "17:33", 
                "departure_airport": "Tijuana, Baja California Norte (TIJ-A. Internacional General Abelardo L. Rodr\u00edguez)", 
                "departure_time": "14:28"
            }
        ], 
        "ticket price": "5988.08", 
        "airline": "Volaris"
    }, 
    {
        "arrival": ", Chihuahua", 
        "consult date": "10/05/2018", 
        "flight duration": "0 days 2 hours 22 minutes", 
        "plane": "Embraer 190", 
        "departure date": "19/11/2018", 
        "stops": 0, 
        "plane code": "E90", 
        "departure": ", Ciudad de M\u00e9xico", 
        "timings": [
            {
                "arrival_airport": "Chihuahua, Chihuahua (CUU-A. Internacional General Roberto Fierro Villalobos)", 
                "arrival_time": "23:07", 
                "departure_airport": "Ciudad de M\u00e9xico, Distrito Federal (MEX-A. Internacional de la Ciudad de M\u00e9xico)", 
                "departure_time": "21:45"
            }
        ], 
        "ticket price": "6121.38", 
        "airline": "Aeromexico"
    }, 
    {
        "arrival": ", Chihuahua", 
        "consult date": "10/05/2018", 
        "flight duration": "0 days 2 hours 25 minutes", 
        "plane": "Embraer 190", 
        "departure date": "19/11/2018", 
        "stops": 0, 
        "plane code": "E90", 
        "departure": ", Ciudad de M\u00e9xico", 
        "timings": [
            {
                "arrival_airport": "Chihuahua, Chihuahua (CUU-A. Internacional General Roberto Fierro Villalobos)", 
                "arrival_time": "07:26", 
                "departure_airport": "Ciudad de M\u00e9xico, Distrito Federal (MEX-A. Internacional de la Ciudad de M\u00e9xico)", 
                "departure_time": "06:01"
            }
        ], 
        "ticket price": "6121.38", 
        "airline": "Aeromexico"
    }, 
    {
        "arrival": ", Chihuahua", 
        "consult date": "10/05/2018", 
        "flight duration": "0 days 2 hours 22 minutes", 
        "plane": "Embraer 190", 
        "departure date": "19/11/2018", 
        "stops": 0, 
        "plane code": "E90", 
        "departure": ", Ciudad de M\u00e9xico", 
        "timings": [
            {
                "arrival_airport": "Chihuahua, Chihuahua (CUU-A. Internacional General Roberto Fierro Villalobos)", 
                "arrival_time": "14:22", 
                "departure_airport": "Ciudad de M\u00e9xico, Distrito Federal (MEX-A. Internacional de la Ciudad de M\u00e9xico)", 
                "departure_time": "13:00"
            }
        ], 
        "ticket price": "6121.38", 
        "airline": "Aeromexico"
    }, 
    {
        "arrival": ", Chihuahua", 
        "consult date": "10/05/2018", 
        "flight duration": "0 days 2 hours 10 minutes", 
        "plane": "Embraer 190", 
        "departure date": "19/11/2018", 
        "stops": 0, 
        "plane code": "E90", 
        "departure": ", Ciudad de M\u00e9xico", 
        "timings": [
            {
                "arrival_airport": "Chihuahua, Chihuahua (CUU-A. Internacional General Roberto Fierro Villalobos)", 
                "arrival_time": "19:25", 
                "departure_airport": "Ciudad de M\u00e9xico, Distrito Federal (MEX-A. Internacional de la Ciudad de M\u00e9xico)", 
                "departure_time": "18:15"
            }
        ], 
        "ticket price": "6121.38", 
        "airline": "Aeromexico"
    }, 
    {
        "arrival": ", Chihuahua", 
        "consult date": "10/05/2018", 
        "flight duration": "0 days 6 hours 18 minutes", 
        "plane": "BOEING 737-800 SCIMITAR WINGLETS", 
        "departure date": "19/11/2018", 
        "stops": "2", 
        "plane code": "7S8", 
        "departure": ", Ciudad de M\u00e9xico", 
        "timings": [
            {
                "arrival_airport": "Guadalajara, Jalisco (GDL-Don Miguel Hidalgo y Costilla Intl.)", 
                "arrival_time": "14:28", 
                "departure_airport": "Ciudad de M\u00e9xico, Distrito Federal (MEX-A. Internacional de la Ciudad de M\u00e9xico)", 
                "departure_time": "13:00"
            }, 
            {
                "arrival_airport": "Monterrey, Nuevo Le\u00f3n (MTY-A. Internacional General Mariano Escobedo)", 
                "arrival_time": "17:09", 
                "departure_airport": "Guadalajara, Jalisco (GDL-Don Miguel Hidalgo y Costilla Intl.)", 
                "departure_time": "15:38"
            }, 
            {
                "arrival_airport": "Chihuahua, Chihuahua (CUU-A. Internacional General Roberto Fierro Villalobos)", 
                "arrival_time": "18:18", 
                "departure_airport": "Monterrey, Nuevo Le\u00f3n (MTY-A. Internacional General Mariano Escobedo)", 
                "departure_time": "17:50"
            }
        ], 
        "ticket price": "9034.73", 
        "airline": "Aeromexico"
    }, 
    {
        "arrival": ", Chihuahua", 
        "consult date": "10/05/2018", 
        "flight duration": "0 days 6 hours 18 minutes", 
        "plane": "BOEING 737-800 SCIMITAR WINGLETS", 
        "departure date": "19/11/2018", 
        "stops": "1", 
        "plane code": "7S8", 
        "departure": ", Ciudad de M\u00e9xico", 
        "timings": [
            {
                "arrival_airport": "Monterrey, Nuevo Le\u00f3n (MTY-A. Internacional General Mariano Escobedo)", 
                "arrival_time": "14:40", 
                "departure_airport": "Ciudad de M\u00e9xico, Distrito Federal (MEX-A. Internacional de la Ciudad de M\u00e9xico)", 
                "departure_time": "13:00"
            }, 
            {
                "arrival_airport": "Chihuahua, Chihuahua (CUU-A. Internacional General Roberto Fierro Villalobos)", 
                "arrival_time": "18:18", 
                "departure_airport": "Monterrey, Nuevo Le\u00f3n (MTY-A. Internacional General Mariano Escobedo)", 
                "departure_time": "17:50"
            }
        ], 
        "ticket price": "9325.88", 
        "airline": "Aeromexico"
    }, 
    {
        "arrival": ", Chihuahua", 
        "consult date": "10/05/2018", 
        "flight duration": "0 days 5 hours 18 minutes", 
        "plane": "BOEING 737-800 SCIMITAR WINGLETS", 
        "departure date": "19/11/2018", 
        "stops": "1", 
        "plane code": "7S8", 
        "departure": ", Ciudad de M\u00e9xico", 
        "timings": [
            {
                "arrival_airport": "Monterrey, Nuevo Le\u00f3n (MTY-A. Internacional General Mariano Escobedo)", 
                "arrival_time": "15:43", 
                "departure_airport": "Ciudad de M\u00e9xico, Distrito Federal (MEX-A. Internacional de la Ciudad de M\u00e9xico)", 
                "departure_time": "14:00"
            }, 
            {
                "arrival_airport": "Chihuahua, Chihuahua (CUU-A. Internacional General Roberto Fierro Villalobos)", 
                "arrival_time": "18:18", 
                "departure_airport": "Monterrey, Nuevo Le\u00f3n (MTY-A. Internacional General Mariano Escobedo)", 
                "departure_time": "17:50"
            }
        ], 
        "ticket price": "9325.88", 
        "airline": "Aeromexico"
    }
]