[
    {
        "arrival": ", Tijuana", 
        "consult date": "10/05/2018", 
        "flight duration": "0 days 3 hours 8 minutes", 
        "plane": "Embraer 190", 
        "departure date": "18/08/2018", 
        "stops": 0, 
        "plane code": "E90", 
        "departure": ", Monterrey", 
        "timings": [
            {
                "arrival_airport": "Tijuana, Baja California Norte (TIJ-A. Internacional General Abelardo L. Rodr\u00edguez)", 
                "arrival_time": "22:08", 
                "departure_airport": "Monterrey, Nuevo Le\u00f3n (MTY-A. Internacional General Mariano Escobedo)", 
                "departure_time": "21:00"
            }
        ], 
        "ticket price": "1615.00", 
        "airline": "Aeromexico"
    }, 
    {
        "arrival": ", Tijuana", 
        "consult date": "10/05/2018", 
        "flight duration": "0 days 2 hours 57 minutes", 
        "plane": "", 
        "departure date": "18/08/2018", 
        "stops": 0, 
        "plane code": "", 
        "departure": ", Monterrey", 
        "timings": [
            {
                "arrival_airport": "Tijuana, Baja California Norte (TIJ-A. Internacional General Abelardo L. Rodr\u00edguez)", 
                "arrival_time": "21:22", 
                "departure_airport": "Monterrey, Nuevo Le\u00f3n (MTY-A. Internacional General Mariano Escobedo)", 
                "departure_time": "20:25"
            }
        ], 
        "ticket price": "3894.00", 
        "airline": "Volaris"
    }, 
    {
        "arrival": ", Tijuana", 
        "consult date": "10/05/2018", 
        "flight duration": "0 days 2 hours 57 minutes", 
        "plane": "", 
        "departure date": "18/08/2018", 
        "stops": 0, 
        "plane code": "", 
        "departure": ", Monterrey", 
        "timings": [
            {
                "arrival_airport": "Tijuana, Baja California Norte (TIJ-A. Internacional General Abelardo L. Rodr\u00edguez)", 
                "arrival_time": "11:40", 
                "departure_airport": "Monterrey, Nuevo Le\u00f3n (MTY-A. Internacional General Mariano Escobedo)", 
                "departure_time": "10:43"
            }
        ], 
        "ticket price": "4244.00", 
        "airline": "Volaris"
    }, 
    {
        "arrival": ", Tijuana", 
        "consult date": "10/05/2018", 
        "flight duration": "0 days 15 hours 0 minutes", 
        "plane": "", 
        "departure date": "18/08/2018", 
        "stops": "1", 
        "plane code": "", 
        "departure": ", Monterrey", 
        "timings": [
            {
                "arrival_airport": "Ciudad de M\u00e9xico, Distrito Federal (MEX-A. Internacional de la Ciudad de M\u00e9xico)", 
                "arrival_time": "20:50", 
                "departure_airport": "Monterrey, Nuevo Le\u00f3n (MTY-A. Internacional General Mariano Escobedo)", 
                "departure_time": "19:15"
            }, 
            {
                "arrival_airport": "Tijuana, Baja California Norte (TIJ-A. Internacional General Abelardo L. Rodr\u00edguez)", 
                "arrival_time": "08:15", 
                "departure_airport": "Ciudad de M\u00e9xico, Distrito Federal (MEX-A. Internacional de la Ciudad de M\u00e9xico)", 
                "departure_time": "06:35"
            }
        ], 
        "ticket price": "4682.62", 
        "airline": "Interjet"
    }, 
    {
        "arrival": ", Tijuana", 
        "consult date": "10/05/2018", 
        "flight duration": "0 days 14 hours 45 minutes", 
        "plane": "", 
        "departure date": "18/08/2018", 
        "stops": "1", 
        "plane code": "", 
        "departure": ", Monterrey", 
        "timings": [
            {
                "arrival_airport": "Ciudad de M\u00e9xico, Distrito Federal (MEX-A. Internacional de la Ciudad de M\u00e9xico)", 
                "arrival_time": "21:05", 
                "departure_airport": "Monterrey, Nuevo Le\u00f3n (MTY-A. Internacional General Mariano Escobedo)", 
                "departure_time": "19:30"
            }, 
            {
                "arrival_airport": "Tijuana, Baja California Norte (TIJ-A. Internacional General Abelardo L. Rodr\u00edguez)", 
                "arrival_time": "08:15", 
                "departure_airport": "Ciudad de M\u00e9xico, Distrito Federal (MEX-A. Internacional de la Ciudad de M\u00e9xico)", 
                "departure_time": "06:35"
            }
        ], 
        "ticket price": "4682.62", 
        "airline": "Interjet"
    }, 
    {
        "arrival": ", Tijuana", 
        "consult date": "10/05/2018", 
        "flight duration": "0 days 14 hours 50 minutes", 
        "plane": "", 
        "departure date": "18/08/2018", 
        "stops": "1", 
        "plane code": "", 
        "departure": ", Monterrey", 
        "timings": [
            {
                "arrival_airport": "Ciudad de M\u00e9xico, Distrito Federal (MEX-A. Internacional de la Ciudad de M\u00e9xico)", 
                "arrival_time": "07:25", 
                "departure_airport": "Monterrey, Nuevo Le\u00f3n (MTY-A. Internacional General Mariano Escobedo)", 
                "departure_time": "05:55"
            }, 
            {
                "arrival_airport": "Tijuana, Baja California Norte (TIJ-A. Internacional General Abelardo L. Rodr\u00edguez)", 
                "arrival_time": "18:45", 
                "departure_airport": "Ciudad de M\u00e9xico, Distrito Federal (MEX-A. Internacional de la Ciudad de M\u00e9xico)", 
                "departure_time": "17:05"
            }
        ], 
        "ticket price": "4752.30", 
        "airline": "Interjet"
    }, 
    {
        "arrival": ", Tijuana", 
        "consult date": "10/05/2018", 
        "flight duration": "0 days 13 hours 10 minutes", 
        "plane": "", 
        "departure date": "18/08/2018", 
        "stops": "1", 
        "plane code": "", 
        "departure": ", Monterrey", 
        "timings": [
            {
                "arrival_airport": "Ciudad de M\u00e9xico, Distrito Federal (MEX-A. Internacional de la Ciudad de M\u00e9xico)", 
                "arrival_time": "07:25", 
                "departure_airport": "Monterrey, Nuevo Le\u00f3n (MTY-A. Internacional General Mariano Escobedo)", 
                "departure_time": "05:55"
            }, 
            {
                "arrival_airport": "Tijuana, Baja California Norte (TIJ-A. Internacional General Abelardo L. Rodr\u00edguez)", 
                "arrival_time": "17:05", 
                "departure_airport": "Ciudad de M\u00e9xico, Distrito Federal (MEX-A. Internacional de la Ciudad de M\u00e9xico)", 
                "departure_time": "15:25"
            }
        ], 
        "ticket price": "4752.30", 
        "airline": "Interjet"
    }, 
    {
        "arrival": ", Tijuana", 
        "consult date": "10/05/2018", 
        "flight duration": "0 days 9 hours 58 minutes", 
        "plane": "", 
        "departure date": "18/08/2018", 
        "stops": "1", 
        "plane code": "", 
        "departure": ", Monterrey", 
        "timings": [
            {
                "arrival_airport": "Ciudad de M\u00e9xico, Distrito Federal (MEX-A. Internacional de la Ciudad de M\u00e9xico)", 
                "arrival_time": "10:56", 
                "departure_airport": "Monterrey, Nuevo Le\u00f3n (MTY-A. Internacional General Mariano Escobedo)", 
                "departure_time": "09:15"
            }, 
            {
                "arrival_airport": "Tijuana, Baja California Norte (TIJ-A. Internacional General Abelardo L. Rodr\u00edguez)", 
                "arrival_time": "17:13", 
                "departure_airport": "Ciudad de M\u00e9xico, Distrito Federal (MEX-A. Internacional de la Ciudad de M\u00e9xico)", 
                "departure_time": "15:27"
            }
        ], 
        "ticket price": "4993.00", 
        "airline": "Volaris"
    }, 
    {
        "arrival": ", Tijuana", 
        "consult date": "10/05/2018", 
        "flight duration": "0 days 7 hours 57 minutes", 
        "plane": "", 
        "departure date": "18/08/2018", 
        "stops": "1", 
        "plane code": "", 
        "departure": ", Monterrey", 
        "timings": [
            {
                "arrival_airport": "Ciudad de M\u00e9xico, Distrito Federal (MEX-A. Internacional de la Ciudad de M\u00e9xico)", 
                "arrival_time": "07:56", 
                "departure_airport": "Monterrey, Nuevo Le\u00f3n (MTY-A. Internacional General Mariano Escobedo)", 
                "departure_time": "06:15"
            }, 
            {
                "arrival_airport": "Tijuana, Baja California Norte (TIJ-A. Internacional General Abelardo L. Rodr\u00edguez)", 
                "arrival_time": "12:12", 
                "departure_airport": "Ciudad de M\u00e9xico, Distrito Federal (MEX-A. Internacional de la Ciudad de M\u00e9xico)", 
                "departure_time": "10:26"
            }
        ], 
        "ticket price": "4993.00", 
        "airline": "Volaris"
    }, 
    {
        "arrival": ", Tijuana", 
        "consult date": "10/05/2018", 
        "flight duration": "0 days 12 hours 58 minutes", 
        "plane": "", 
        "departure date": "18/08/2018", 
        "stops": "1", 
        "plane code": "", 
        "departure": ", Monterrey", 
        "timings": [
            {
                "arrival_airport": "Ciudad de M\u00e9xico, Distrito Federal (MEX-A. Internacional de la Ciudad de M\u00e9xico)", 
                "arrival_time": "07:56", 
                "departure_airport": "Monterrey, Nuevo Le\u00f3n (MTY-A. Internacional General Mariano Escobedo)", 
                "departure_time": "06:15"
            }, 
            {
                "arrival_airport": "Tijuana, Baja California Norte (TIJ-A. Internacional General Abelardo L. Rodr\u00edguez)", 
                "arrival_time": "17:13", 
                "departure_airport": "Ciudad de M\u00e9xico, Distrito Federal (MEX-A. Internacional de la Ciudad de M\u00e9xico)", 
                "departure_time": "15:27"
            }
        ], 
        "ticket price": "4993.00", 
        "airline": "Volaris"
    }, 
    {
        "arrival": ", Tijuana", 
        "consult date": "10/05/2018", 
        "flight duration": "0 days 6 hours 49 minutes", 
        "plane": "Boeing 737", 
        "departure date": "18/08/2018", 
        "stops": "1", 
        "plane code": "737", 
        "departure": ", Monterrey", 
        "timings": [
            {
                "arrival_airport": "Ciudad de M\u00e9xico, Distrito Federal (MEX-A. Internacional de la Ciudad de M\u00e9xico)", 
                "arrival_time": "07:40", 
                "departure_airport": "Monterrey, Nuevo Le\u00f3n (MTY-A. Internacional General Mariano Escobedo)", 
                "departure_time": "06:02"
            }, 
            {
                "arrival_airport": "Tijuana, Baja California Norte (TIJ-A. Internacional General Abelardo L. Rodr\u00edguez)", 
                "arrival_time": "10:51", 
                "departure_airport": "Ciudad de M\u00e9xico, Distrito Federal (MEX-A. Internacional de la Ciudad de M\u00e9xico)", 
                "departure_time": "09:01"
            }
        ], 
        "ticket price": "5295.00", 
        "airline": "Aeromexico"
    }, 
    {
        "arrival": ", Tijuana", 
        "consult date": "10/05/2018", 
        "flight duration": "0 days 9 hours 32 minutes", 
        "plane": "Boeing 737", 
        "departure date": "18/08/2018", 
        "stops": "1", 
        "plane code": "737", 
        "departure": ", Monterrey", 
        "timings": [
            {
                "arrival_airport": "Ciudad de M\u00e9xico, Distrito Federal (MEX-A. Internacional de la Ciudad de M\u00e9xico)", 
                "arrival_time": "17:55", 
                "departure_airport": "Monterrey, Nuevo Le\u00f3n (MTY-A. Internacional General Mariano Escobedo)", 
                "departure_time": "16:18"
            }, 
            {
                "arrival_airport": "Tijuana, Baja California Norte (TIJ-A. Internacional General Abelardo L. Rodr\u00edguez)", 
                "arrival_time": "23:50", 
                "departure_airport": "Ciudad de M\u00e9xico, Distrito Federal (MEX-A. Internacional de la Ciudad de M\u00e9xico)", 
                "departure_time": "22:00"
            }
        ], 
        "ticket price": "5295.00", 
        "airline": "Aeromexico"
    }, 
    {
        "arrival": ", Tijuana", 
        "consult date": "10/05/2018", 
        "flight duration": "0 days 6 hours 36 minutes", 
        "plane": "Embraer 190", 
        "departure date": "18/08/2018", 
        "stops": "1", 
        "plane code": "E90", 
        "departure": ", Monterrey", 
        "timings": [
            {
                "arrival_airport": "Ciudad de M\u00e9xico, Distrito Federal (MEX-A. Internacional de la Ciudad de M\u00e9xico)", 
                "arrival_time": "21:00", 
                "departure_airport": "Monterrey, Nuevo Le\u00f3n (MTY-A. Internacional General Mariano Escobedo)", 
                "departure_time": "19:14"
            }, 
            {
                "arrival_airport": "Tijuana, Baja California Norte (TIJ-A. Internacional General Abelardo L. Rodr\u00edguez)", 
                "arrival_time": "23:50", 
                "departure_airport": "Ciudad de M\u00e9xico, Distrito Federal (MEX-A. Internacional de la Ciudad de M\u00e9xico)", 
                "departure_time": "22:00"
            }
        ], 
        "ticket price": "5295.00", 
        "airline": "Aeromexico"
    }, 
    {
        "arrival": ", Tijuana", 
        "consult date": "10/05/2018", 
        "flight duration": "0 days 8 hours 29 minutes", 
        "plane": "BOEING 737-800 SCIMITAR WINGLETS", 
        "departure date": "18/08/2018", 
        "stops": "1", 
        "plane code": "7S8", 
        "departure": ", Monterrey", 
        "timings": [
            {
                "arrival_airport": "Ciudad de M\u00e9xico, Distrito Federal (MEX-A. Internacional de la Ciudad de M\u00e9xico)", 
                "arrival_time": "12:00", 
                "departure_airport": "Monterrey, Nuevo Le\u00f3n (MTY-A. Internacional General Mariano Escobedo)", 
                "departure_time": "10:21"
            }, 
            {
                "arrival_airport": "Tijuana, Baja California Norte (TIJ-A. Internacional General Abelardo L. Rodr\u00edguez)", 
                "arrival_time": "16:50", 
                "departure_airport": "Ciudad de M\u00e9xico, Distrito Federal (MEX-A. Internacional de la Ciudad de M\u00e9xico)", 
                "departure_time": "15:00"
            }
        ], 
        "ticket price": "5295.00", 
        "airline": "Aeromexico"
    }, 
    {
        "arrival": ", Tijuana", 
        "consult date": "10/05/2018", 
        "flight duration": "0 days 7 hours 30 minutes", 
        "plane": "BOEING 737-800 SCIMITAR WINGLETS", 
        "departure date": "18/08/2018", 
        "stops": "1", 
        "plane code": "7S8", 
        "departure": ", Monterrey", 
        "timings": [
            {
                "arrival_airport": "Ciudad de M\u00e9xico, Distrito Federal (MEX-A. Internacional de la Ciudad de M\u00e9xico)", 
                "arrival_time": "20:00", 
                "departure_airport": "Monterrey, Nuevo Le\u00f3n (MTY-A. Internacional General Mariano Escobedo)", 
                "departure_time": "18:20"
            }, 
            {
                "arrival_airport": "Tijuana, Baja California Norte (TIJ-A. Internacional General Abelardo L. Rodr\u00edguez)", 
                "arrival_time": "23:50", 
                "departure_airport": "Ciudad de M\u00e9xico, Distrito Federal (MEX-A. Internacional de la Ciudad de M\u00e9xico)", 
                "departure_time": "22:00"
            }
        ], 
        "ticket price": "5295.00", 
        "airline": "Aeromexico"
    }, 
    {
        "arrival": ", Tijuana", 
        "consult date": "10/05/2018", 
        "flight duration": "0 days 9 hours 29 minutes", 
        "plane": "", 
        "departure date": "18/08/2018", 
        "stops": "1", 
        "plane code": "", 
        "departure": ", Monterrey", 
        "timings": [
            {
                "arrival_airport": "Ciudad de M\u00e9xico, Distrito Federal (MEX-A. Internacional de la Ciudad de M\u00e9xico)", 
                "arrival_time": "11:00", 
                "departure_airport": "Monterrey, Nuevo Le\u00f3n (MTY-A. Internacional General Mariano Escobedo)", 
                "departure_time": "09:21"
            }, 
            {
                "arrival_airport": "Tijuana, Baja California Norte (TIJ-A. Internacional General Abelardo L. Rodr\u00edguez)", 
                "arrival_time": "16:50", 
                "departure_airport": "Ciudad de M\u00e9xico, Distrito Federal (MEX-A. Internacional de la Ciudad de M\u00e9xico)", 
                "departure_time": "15:00"
            }
        ], 
        "ticket price": "5295.00", 
        "airline": "Aeromexico"
    }, 
    {
        "arrival": ", Tijuana", 
        "consult date": "10/05/2018", 
        "flight duration": "0 days 8 hours 21 minutes", 
        "plane": "Boeing 737", 
        "departure date": "18/08/2018", 
        "stops": "1", 
        "plane code": "737", 
        "departure": ", Monterrey", 
        "timings": [
            {
                "arrival_airport": "Ciudad de M\u00e9xico, Distrito Federal (MEX-A. Internacional de la Ciudad de M\u00e9xico)", 
                "arrival_time": "09:35", 
                "departure_airport": "Monterrey, Nuevo Le\u00f3n (MTY-A. Internacional General Mariano Escobedo)", 
                "departure_time": "07:57"
            }, 
            {
                "arrival_airport": "Tijuana, Baja California Norte (TIJ-A. Internacional General Abelardo L. Rodr\u00edguez)", 
                "arrival_time": "14:18", 
                "departure_airport": "Ciudad de M\u00e9xico, Distrito Federal (MEX-A. Internacional de la Ciudad de M\u00e9xico)", 
                "departure_time": "12:15"
            }
        ], 
        "ticket price": "5295.00", 
        "airline": "Aeromexico"
    }, 
    {
        "arrival": ", Tijuana", 
        "consult date": "10/05/2018", 
        "flight duration": "0 days 7 hours 16 minutes", 
        "plane": "Boeing 737", 
        "departure date": "18/08/2018", 
        "stops": "1", 
        "plane code": "737", 
        "departure": ", Monterrey", 
        "timings": [
            {
                "arrival_airport": "Ciudad de M\u00e9xico, Distrito Federal (MEX-A. Internacional de la Ciudad de M\u00e9xico)", 
                "arrival_time": "17:55", 
                "departure_airport": "Monterrey, Nuevo Le\u00f3n (MTY-A. Internacional General Mariano Escobedo)", 
                "departure_time": "16:18"
            }, 
            {
                "arrival_airport": "Tijuana, Baja California Norte (TIJ-A. Internacional General Abelardo L. Rodr\u00edguez)", 
                "arrival_time": "21:34", 
                "departure_airport": "Ciudad de M\u00e9xico, Distrito Federal (MEX-A. Internacional de la Ciudad de M\u00e9xico)", 
                "departure_time": "19:50"
            }
        ], 
        "ticket price": "5295.00", 
        "airline": "Aeromexico"
    }, 
    {
        "arrival": ", Tijuana", 
        "consult date": "10/05/2018", 
        "flight duration": "0 days 6 hours 57 minutes", 
        "plane": "", 
        "departure date": "18/08/2018", 
        "stops": "1", 
        "plane code": "", 
        "departure": ", Monterrey", 
        "timings": [
            {
                "arrival_airport": "Ciudad de M\u00e9xico, Distrito Federal (MEX-A. Internacional de la Ciudad de M\u00e9xico)", 
                "arrival_time": "11:00", 
                "departure_airport": "Monterrey, Nuevo Le\u00f3n (MTY-A. Internacional General Mariano Escobedo)", 
                "departure_time": "09:21"
            }, 
            {
                "arrival_airport": "Tijuana, Baja California Norte (TIJ-A. Internacional General Abelardo L. Rodr\u00edguez)", 
                "arrival_time": "14:18", 
                "departure_airport": "Ciudad de M\u00e9xico, Distrito Federal (MEX-A. Internacional de la Ciudad de M\u00e9xico)", 
                "departure_time": "12:15"
            }
        ], 
        "ticket price": "5295.00", 
        "airline": "Aeromexico"
    }, 
    {
        "arrival": ", Tijuana", 
        "consult date": "10/05/2018", 
        "flight duration": "0 days 10 hours 16 minutes", 
        "plane": "Boeing 737", 
        "departure date": "18/08/2018", 
        "stops": "1", 
        "plane code": "737", 
        "departure": ", Monterrey", 
        "timings": [
            {
                "arrival_airport": "Ciudad de M\u00e9xico, Distrito Federal (MEX-A. Internacional de la Ciudad de M\u00e9xico)", 
                "arrival_time": "07:40", 
                "departure_airport": "Monterrey, Nuevo Le\u00f3n (MTY-A. Internacional General Mariano Escobedo)", 
                "departure_time": "06:02"
            }, 
            {
                "arrival_airport": "Tijuana, Baja California Norte (TIJ-A. Internacional General Abelardo L. Rodr\u00edguez)", 
                "arrival_time": "14:18", 
                "departure_airport": "Ciudad de M\u00e9xico, Distrito Federal (MEX-A. Internacional de la Ciudad de M\u00e9xico)", 
                "departure_time": "12:15"
            }
        ], 
        "ticket price": "5295.00", 
        "airline": "Aeromexico"
    }, 
    {
        "arrival": ", Tijuana", 
        "consult date": "10/05/2018", 
        "flight duration": "0 days 9 hours 26 minutes", 
        "plane": "BOEING 737-800 SCIMITAR WINGLETS", 
        "departure date": "18/08/2018", 
        "stops": "1", 
        "plane code": "7S8", 
        "departure": ", Monterrey", 
        "timings": [
            {
                "arrival_airport": "Ciudad de M\u00e9xico, Distrito Federal (MEX-A. Internacional de la Ciudad de M\u00e9xico)", 
                "arrival_time": "08:30", 
                "departure_airport": "Monterrey, Nuevo Le\u00f3n (MTY-A. Internacional General Mariano Escobedo)", 
                "departure_time": "06:52"
            }, 
            {
                "arrival_airport": "Tijuana, Baja California Norte (TIJ-A. Internacional General Abelardo L. Rodr\u00edguez)", 
                "arrival_time": "14:18", 
                "departure_airport": "Ciudad de M\u00e9xico, Distrito Federal (MEX-A. Internacional de la Ciudad de M\u00e9xico)", 
                "departure_time": "12:15"
            }
        ], 
        "ticket price": "5295.00", 
        "airline": "Aeromexico"
    }, 
    {
        "arrival": ", Tijuana", 
        "consult date": "10/05/2018", 
        "flight duration": "0 days 8 hours 58 minutes", 
        "plane": "EMBRAER 170", 
        "departure date": "18/08/2018", 
        "stops": "1", 
        "plane code": "E70", 
        "departure": ", Monterrey", 
        "timings": [
            {
                "arrival_airport": "Ciudad de M\u00e9xico, Distrito Federal (MEX-A. Internacional de la Ciudad de M\u00e9xico)", 
                "arrival_time": "16:13", 
                "departure_airport": "Monterrey, Nuevo Le\u00f3n (MTY-A. Internacional General Mariano Escobedo)", 
                "departure_time": "14:36"
            }, 
            {
                "arrival_airport": "Tijuana, Baja California Norte (TIJ-A. Internacional General Abelardo L. Rodr\u00edguez)", 
                "arrival_time": "21:34", 
                "departure_airport": "Ciudad de M\u00e9xico, Distrito Federal (MEX-A. Internacional de la Ciudad de M\u00e9xico)", 
                "departure_time": "19:50"
            }
        ], 
        "ticket price": "5295.00", 
        "airline": "Aeromexico"
    }, 
    {
        "arrival": ", Tijuana", 
        "consult date": "10/05/2018", 
        "flight duration": "0 days 9 hours 36 minutes", 
        "plane": "", 
        "departure date": "18/08/2018", 
        "stops": "1", 
        "plane code": "", 
        "departure": ", Monterrey", 
        "timings": [
            {
                "arrival_airport": "Guadalajara, Jalisco (GDL-Don Miguel Hidalgo y Costilla Intl.)", 
                "arrival_time": "16:56", 
                "departure_airport": "Monterrey, Nuevo Le\u00f3n (MTY-A. Internacional General Mariano Escobedo)", 
                "departure_time": "15:23"
            }, 
            {
                "arrival_airport": "Tijuana, Baja California Norte (TIJ-A. Internacional General Abelardo L. Rodr\u00edguez)", 
                "arrival_time": "22:59", 
                "departure_airport": "Guadalajara, Jalisco (GDL-Don Miguel Hidalgo y Costilla Intl.)", 
                "departure_time": "21:51"
            }
        ], 
        "ticket price": "5413.00", 
        "airline": "Volaris"
    }, 
    {
        "arrival": ", Tijuana", 
        "consult date": "10/05/2018", 
        "flight duration": "0 days 10 hours 24 minutes", 
        "plane": "", 
        "departure date": "18/08/2018", 
        "stops": "1", 
        "plane code": "", 
        "departure": ", Monterrey", 
        "timings": [
            {
                "arrival_airport": "Guadalajara, Jalisco (GDL-Don Miguel Hidalgo y Costilla Intl.)", 
                "arrival_time": "16:56", 
                "departure_airport": "Monterrey, Nuevo Le\u00f3n (MTY-A. Internacional General Mariano Escobedo)", 
                "departure_time": "15:23"
            }, 
            {
                "arrival_airport": "Tijuana, Baja California Norte (TIJ-A. Internacional General Abelardo L. Rodr\u00edguez)", 
                "arrival_time": "23:47", 
                "departure_airport": "Guadalajara, Jalisco (GDL-Don Miguel Hidalgo y Costilla Intl.)", 
                "departure_time": "22:39"
            }
        ], 
        "ticket price": "5413.00", 
        "airline": "Volaris"
    }, 
    {
        "arrival": ", Tijuana", 
        "consult date": "10/05/2018", 
        "flight duration": "0 days 11 hours 0 minutes", 
        "plane": "", 
        "departure date": "18/08/2018", 
        "stops": "1", 
        "plane code": "", 
        "departure": ", Monterrey", 
        "timings": [
            {
                "arrival_airport": "Ciudad de M\u00e9xico, Distrito Federal (MEX-A. Internacional de la Ciudad de M\u00e9xico)", 
                "arrival_time": "11:15", 
                "departure_airport": "Monterrey, Nuevo Le\u00f3n (MTY-A. Internacional General Mariano Escobedo)", 
                "departure_time": "09:45"
            }, 
            {
                "arrival_airport": "Tijuana, Baja California Norte (TIJ-A. Internacional General Abelardo L. Rodr\u00edguez)", 
                "arrival_time": "18:45", 
                "departure_airport": "Ciudad de M\u00e9xico, Distrito Federal (MEX-A. Internacional de la Ciudad de M\u00e9xico)", 
                "departure_time": "17:05"
            }
        ], 
        "ticket price": "5459.50", 
        "airline": "Interjet"
    }, 
    {
        "arrival": ", Tijuana", 
        "consult date": "10/05/2018", 
        "flight duration": "0 days 9 hours 20 minutes", 
        "plane": "", 
        "departure date": "18/08/2018", 
        "stops": "1", 
        "plane code": "", 
        "departure": ", Monterrey", 
        "timings": [
            {
                "arrival_airport": "Ciudad de M\u00e9xico, Distrito Federal (MEX-A. Internacional de la Ciudad de M\u00e9xico)", 
                "arrival_time": "11:15", 
                "departure_airport": "Monterrey, Nuevo Le\u00f3n (MTY-A. Internacional General Mariano Escobedo)", 
                "departure_time": "09:45"
            }, 
            {
                "arrival_airport": "Tijuana, Baja California Norte (TIJ-A. Internacional General Abelardo L. Rodr\u00edguez)", 
                "arrival_time": "17:05", 
                "departure_airport": "Ciudad de M\u00e9xico, Distrito Federal (MEX-A. Internacional de la Ciudad de M\u00e9xico)", 
                "departure_time": "15:25"
            }
        ], 
        "ticket price": "5459.50", 
        "airline": "Interjet"
    }, 
    {
        "arrival": ", Tijuana", 
        "consult date": "10/05/2018", 
        "flight duration": "0 days 7 hours 18 minutes", 
        "plane": "Embraer 190", 
        "departure date": "18/08/2018", 
        "stops": "1", 
        "plane code": "E90", 
        "departure": ", Monterrey", 
        "timings": [
            {
                "arrival_airport": "Guadalajara, Jalisco (GDL-Don Miguel Hidalgo y Costilla Intl.)", 
                "arrival_time": "09:04", 
                "departure_airport": "Monterrey, Nuevo Le\u00f3n (MTY-A. Internacional General Mariano Escobedo)", 
                "departure_time": "07:30"
            }, 
            {
                "arrival_airport": "Tijuana, Baja California Norte (TIJ-A. Internacional General Abelardo L. Rodr\u00edguez)", 
                "arrival_time": "12:48", 
                "departure_airport": "Guadalajara, Jalisco (GDL-Don Miguel Hidalgo y Costilla Intl.)", 
                "departure_time": "11:40"
            }
        ], 
        "ticket price": "5711.00", 
        "airline": "Aeromexico"
    }, 
    {
        "arrival": ", Tijuana", 
        "consult date": "10/05/2018", 
        "flight duration": "0 days 9 hours 52 minutes", 
        "plane": "Embraer 190", 
        "departure date": "18/08/2018", 
        "stops": "1", 
        "plane code": "E90", 
        "departure": ", Monterrey", 
        "timings": [
            {
                "arrival_airport": "Ciudad de M\u00e9xico, Distrito Federal (MEX-A. Internacional de la Ciudad de M\u00e9xico)", 
                "arrival_time": "15:15", 
                "departure_airport": "Monterrey, Nuevo Le\u00f3n (MTY-A. Internacional General Mariano Escobedo)", 
                "departure_time": "13:42"
            }, 
            {
                "arrival_airport": "Tijuana, Baja California Norte (TIJ-A. Internacional General Abelardo L. Rodr\u00edguez)", 
                "arrival_time": "21:34", 
                "departure_airport": "Ciudad de M\u00e9xico, Distrito Federal (MEX-A. Internacional de la Ciudad de M\u00e9xico)", 
                "departure_time": "19:50"
            }
        ], 
        "ticket price": "5711.00", 
        "airline": "Aeromexico"
    }, 
    {
        "arrival": ", Tijuana", 
        "consult date": "10/05/2018", 
        "flight duration": "0 days 7 hours 24 minutes", 
        "plane": "Boeing 737", 
        "departure date": "18/08/2018", 
        "stops": "1", 
        "plane code": "737", 
        "departure": ", Monterrey", 
        "timings": [
            {
                "arrival_airport": "Ciudad de M\u00e9xico, Distrito Federal (MEX-A. Internacional de la Ciudad de M\u00e9xico)", 
                "arrival_time": "13:05", 
                "departure_airport": "Monterrey, Nuevo Le\u00f3n (MTY-A. Internacional General Mariano Escobedo)", 
                "departure_time": "11:26"
            }, 
            {
                "arrival_airport": "Tijuana, Baja California Norte (TIJ-A. Internacional General Abelardo L. Rodr\u00edguez)", 
                "arrival_time": "16:50", 
                "departure_airport": "Ciudad de M\u00e9xico, Distrito Federal (MEX-A. Internacional de la Ciudad de M\u00e9xico)", 
                "departure_time": "15:00"
            }
        ], 
        "ticket price": "5711.00", 
        "airline": "Aeromexico"
    }, 
    {
        "arrival": ", Tijuana", 
        "consult date": "10/05/2018", 
        "flight duration": "0 days 9 hours 0 minutes", 
        "plane": "", 
        "departure date": "18/08/2018", 
        "stops": "1", 
        "plane code": "", 
        "departure": ", Monterrey", 
        "timings": [
            {
                "arrival_airport": "Ciudad de M\u00e9xico, Distrito Federal (MEX-A. Internacional de la Ciudad de M\u00e9xico)", 
                "arrival_time": "13:15", 
                "departure_airport": "Monterrey, Nuevo Le\u00f3n (MTY-A. Internacional General Mariano Escobedo)", 
                "departure_time": "11:45"
            }, 
            {
                "arrival_airport": "Tijuana, Baja California Norte (TIJ-A. Internacional General Abelardo L. Rodr\u00edguez)", 
                "arrival_time": "18:45", 
                "departure_airport": "Ciudad de M\u00e9xico, Distrito Federal (MEX-A. Internacional de la Ciudad de M\u00e9xico)", 
                "departure_time": "17:05"
            }
        ], 
        "ticket price": "6255.10", 
        "airline": "Interjet"
    }, 
    {
        "arrival": ", Tijuana", 
        "consult date": "10/05/2018", 
        "flight duration": "0 days 7 hours 20 minutes", 
        "plane": "", 
        "departure date": "18/08/2018", 
        "stops": "1", 
        "plane code": "", 
        "departure": ", Monterrey", 
        "timings": [
            {
                "arrival_airport": "Ciudad de M\u00e9xico, Distrito Federal (MEX-A. Internacional de la Ciudad de M\u00e9xico)", 
                "arrival_time": "13:15", 
                "departure_airport": "Monterrey, Nuevo Le\u00f3n (MTY-A. Internacional General Mariano Escobedo)", 
                "departure_time": "11:45"
            }, 
            {
                "arrival_airport": "Tijuana, Baja California Norte (TIJ-A. Internacional General Abelardo L. Rodr\u00edguez)", 
                "arrival_time": "17:05", 
                "departure_airport": "Ciudad de M\u00e9xico, Distrito Federal (MEX-A. Internacional de la Ciudad de M\u00e9xico)", 
                "departure_time": "15:25"
            }
        ], 
        "ticket price": "6255.10", 
        "airline": "Interjet"
    }, 
    {
        "arrival": ", Tijuana", 
        "consult date": "10/05/2018", 
        "flight duration": "0 days 11 hours 40 minutes", 
        "plane": "", 
        "departure date": "18/08/2018", 
        "stops": "1", 
        "plane code": "", 
        "departure": ", Monterrey", 
        "timings": [
            {
                "arrival_airport": "Ciudad de M\u00e9xico, Distrito Federal (MEX-A. Internacional de la Ciudad de M\u00e9xico)", 
                "arrival_time": "08:55", 
                "departure_airport": "Monterrey, Nuevo Le\u00f3n (MTY-A. Internacional General Mariano Escobedo)", 
                "departure_time": "07:25"
            }, 
            {
                "arrival_airport": "Tijuana, Baja California Norte (TIJ-A. Internacional General Abelardo L. Rodr\u00edguez)", 
                "arrival_time": "17:05", 
                "departure_airport": "Ciudad de M\u00e9xico, Distrito Federal (MEX-A. Internacional de la Ciudad de M\u00e9xico)", 
                "departure_time": "15:25"
            }
        ], 
        "ticket price": "6255.10", 
        "airline": "Interjet"
    }, 
    {
        "arrival": ", Tijuana", 
        "consult date": "10/05/2018", 
        "flight duration": "0 days 13 hours 20 minutes", 
        "plane": "", 
        "departure date": "18/08/2018", 
        "stops": "1", 
        "plane code": "", 
        "departure": ", Monterrey", 
        "timings": [
            {
                "arrival_airport": "Ciudad de M\u00e9xico, Distrito Federal (MEX-A. Internacional de la Ciudad de M\u00e9xico)", 
                "arrival_time": "08:55", 
                "departure_airport": "Monterrey, Nuevo Le\u00f3n (MTY-A. Internacional General Mariano Escobedo)", 
                "departure_time": "07:25"
            }, 
            {
                "arrival_airport": "Tijuana, Baja California Norte (TIJ-A. Internacional General Abelardo L. Rodr\u00edguez)", 
                "arrival_time": "18:45", 
                "departure_airport": "Ciudad de M\u00e9xico, Distrito Federal (MEX-A. Internacional de la Ciudad de M\u00e9xico)", 
                "departure_time": "17:05"
            }
        ], 
        "ticket price": "6255.10", 
        "airline": "Interjet"
    }, 
    {
        "arrival": ", Tijuana", 
        "consult date": "10/05/2018", 
        "flight duration": "0 days 8 hours 19 minutes", 
        "plane": "Boeing 737", 
        "departure date": "18/08/2018", 
        "stops": "1", 
        "plane code": "737", 
        "departure": ", Monterrey", 
        "timings": [
            {
                "arrival_airport": "Ciudad de M\u00e9xico, Distrito Federal (MEX-A. Internacional de la Ciudad de M\u00e9xico)", 
                "arrival_time": "16:45", 
                "departure_airport": "Monterrey, Nuevo Le\u00f3n (MTY-A. Internacional General Mariano Escobedo)", 
                "departure_time": "15:15"
            }, 
            {
                "arrival_airport": "Tijuana, Baja California Norte (TIJ-A. Internacional General Abelardo L. Rodr\u00edguez)", 
                "arrival_time": "21:34", 
                "departure_airport": "Ciudad de M\u00e9xico, Distrito Federal (MEX-A. Internacional de la Ciudad de M\u00e9xico)", 
                "departure_time": "19:50"
            }
        ], 
        "ticket price": "6647.00", 
        "airline": "Aeromexico"
    }, 
    {
        "arrival": ", Tijuana", 
        "consult date": "10/05/2018", 
        "flight duration": "0 days 11 hours 54 minutes", 
        "plane": "", 
        "departure date": "18/08/2018", 
        "stops": "1", 
        "plane code": "", 
        "departure": ", Monterrey", 
        "timings": [
            {
                "arrival_airport": "Guadalajara, Jalisco (GDL-Don Miguel Hidalgo y Costilla Intl.)", 
                "arrival_time": "05:31", 
                "departure_airport": "Monterrey, Nuevo Le\u00f3n (MTY-A. Internacional General Mariano Escobedo)", 
                "departure_time": "03:58"
            }, 
            {
                "arrival_airport": "Tijuana, Baja California Norte (TIJ-A. Internacional General Abelardo L. Rodr\u00edguez)", 
                "arrival_time": "13:52", 
                "departure_airport": "Guadalajara, Jalisco (GDL-Don Miguel Hidalgo y Costilla Intl.)", 
                "departure_time": "12:44"
            }
        ], 
        "ticket price": "6793.00", 
        "airline": "Volaris"
    }, 
    {
        "arrival": ", Tijuana", 
        "consult date": "10/05/2018", 
        "flight duration": "0 days 10 hours 26 minutes", 
        "plane": "EMBRAER 170", 
        "departure date": "18/08/2018", 
        "stops": "2", 
        "plane code": "E70", 
        "departure": ", Monterrey", 
        "timings": [
            {
                "arrival_airport": "Ciudad Ju\u00e1rez, Chihuahua (CJS-A. Internacional Abraham Gonz\u00e1lez)", 
                "arrival_time": "09:14", 
                "departure_airport": "Monterrey, Nuevo Le\u00f3n (MTY-A. Internacional General Mariano Escobedo)", 
                "departure_time": "08:24"
            }, 
            {
                "arrival_airport": "Ciudad de M\u00e9xico, Distrito Federal (MEX-A. Internacional de la Ciudad de M\u00e9xico)", 
                "arrival_time": "14:25", 
                "departure_airport": "Ciudad Ju\u00e1rez, Chihuahua (CJS-A. Internacional Abraham Gonz\u00e1lez)", 
                "departure_time": "10:51"
            }, 
            {
                "arrival_airport": "Tijuana, Baja California Norte (TIJ-A. Internacional General Abelardo L. Rodr\u00edguez)", 
                "arrival_time": "16:50", 
                "departure_airport": "Ciudad de M\u00e9xico, Distrito Federal (MEX-A. Internacional de la Ciudad de M\u00e9xico)", 
                "departure_time": "15:00"
            }
        ], 
        "ticket price": "9973.00", 
        "airline": "Aeromexico"
    }
]