[
    {
        "arrival": ", Puerto Vallarta", 
        "consult date": "10/05/2018", 
        "flight duration": "0 days 10 hours 10 minutes", 
        "plane": "Embraer 190", 
        "departure date": "03/12/2018", 
        "stops": "2", 
        "plane code": "E90", 
        "departure": ", Monterrey", 
        "timings": [
            {
                "arrival_airport": "Ciudad Ju\u00e1rez, Chihuahua (CJS-A. Internacional Abraham Gonz\u00e1lez)", 
                "arrival_time": "09:14", 
                "departure_airport": "Monterrey, Nuevo Le\u00f3n (MTY-A. Internacional General Mariano Escobedo)", 
                "departure_time": "08:24"
            }, 
            {
                "arrival_airport": "Ciudad de M\u00e9xico, Distrito Federal (MEX-A. Internacional de la Ciudad de M\u00e9xico)", 
                "arrival_time": "14:25", 
                "departure_airport": "Ciudad Ju\u00e1rez, Chihuahua (CJS-A. Internacional Abraham Gonz\u00e1lez)", 
                "departure_time": "10:46"
            }, 
            {
                "arrival_airport": "Puerto Vallarta, Jalisco (PVR-A. Internacional Licenciado Gustavo D\u00edaz Ordaz)", 
                "arrival_time": "18:34", 
                "departure_airport": "Ciudad de M\u00e9xico, Distrito Federal (MEX-A. Internacional de la Ciudad de M\u00e9xico)", 
                "departure_time": "17:00"
            }
        ], 
        "ticket price": "11861.00", 
        "airline": "Aeromexico"
    }, 
    {
        "arrival": ", Puerto Vallarta", 
        "consult date": "10/05/2018", 
        "flight duration": "0 days 1 hours 30 minutes", 
        "plane": "", 
        "departure date": "03/12/2018", 
        "stops": 0, 
        "plane code": "", 
        "departure": ", Monterrey", 
        "timings": [
            {
                "arrival_airport": "Puerto Vallarta, Jalisco (PVR-A. Internacional Licenciado Gustavo D\u00edaz Ordaz)", 
                "arrival_time": "16:30", 
                "departure_airport": "Monterrey, Nuevo Le\u00f3n (MTY-A. Internacional General Mariano Escobedo)", 
                "departure_time": "15:00"
            }
        ], 
        "ticket price": "1406.92", 
        "airline": "VivaAerobus"
    }, 
    {
        "arrival": ", Puerto Vallarta", 
        "consult date": "10/05/2018", 
        "flight duration": "0 days 6 hours 0 minutes", 
        "plane": "", 
        "departure date": "03/12/2018", 
        "stops": "1", 
        "plane code": "", 
        "departure": ", Monterrey", 
        "timings": [
            {
                "arrival_airport": "Toluca, Estado de M\u00e9xico (TLC-Aeropuerto Internacional de Toluca)", 
                "arrival_time": "08:20", 
                "departure_airport": "Monterrey, Nuevo Le\u00f3n (MTY-A. Internacional General Mariano Escobedo)", 
                "departure_time": "07:00"
            }, 
            {
                "arrival_airport": "Puerto Vallarta, Jalisco (PVR-A. Internacional Licenciado Gustavo D\u00edaz Ordaz)", 
                "arrival_time": "13:00", 
                "departure_airport": "Toluca, Estado de M\u00e9xico (TLC-Aeropuerto Internacional de Toluca)", 
                "departure_time": "11:40"
            }
        ], 
        "ticket price": "1889.61", 
        "airline": "Interjet"
    }, 
    {
        "arrival": ", Puerto Vallarta", 
        "consult date": "10/05/2018", 
        "flight duration": "0 days 12 hours 5 minutes", 
        "plane": "", 
        "departure date": "03/12/2018", 
        "stops": "1", 
        "plane code": "", 
        "departure": ", Monterrey", 
        "timings": [
            {
                "arrival_airport": "Toluca, Estado de M\u00e9xico (TLC-Aeropuerto Internacional de Toluca)", 
                "arrival_time": "23:35", 
                "departure_airport": "Monterrey, Nuevo Le\u00f3n (MTY-A. Internacional General Mariano Escobedo)", 
                "departure_time": "22:15"
            }, 
            {
                "arrival_airport": "Puerto Vallarta, Jalisco (PVR-A. Internacional Licenciado Gustavo D\u00edaz Ordaz)", 
                "arrival_time": "10:20", 
                "departure_airport": "Toluca, Estado de M\u00e9xico (TLC-Aeropuerto Internacional de Toluca)", 
                "departure_time": "09:00"
            }
        ], 
        "ticket price": "1889.61", 
        "airline": "Interjet"
    }, 
    {
        "arrival": ", Puerto Vallarta", 
        "consult date": "10/05/2018", 
        "flight duration": "0 days 6 hours 15 minutes", 
        "plane": "", 
        "departure date": "03/12/2018", 
        "stops": "1", 
        "plane code": "", 
        "departure": ", Monterrey", 
        "timings": [
            {
                "arrival_airport": "Ciudad de M\u00e9xico, Distrito Federal (MEX-A. Internacional de la Ciudad de M\u00e9xico)", 
                "arrival_time": "09:50", 
                "departure_airport": "Monterrey, Nuevo Le\u00f3n (MTY-A. Internacional General Mariano Escobedo)", 
                "departure_time": "08:15"
            }, 
            {
                "arrival_airport": "Puerto Vallarta, Jalisco (PVR-A. Internacional Licenciado Gustavo D\u00edaz Ordaz)", 
                "arrival_time": "14:30", 
                "departure_airport": "Ciudad de M\u00e9xico, Distrito Federal (MEX-A. Internacional de la Ciudad de M\u00e9xico)", 
                "departure_time": "13:05"
            }
        ], 
        "ticket price": "1938.73", 
        "airline": "Interjet"
    }, 
    {
        "arrival": ", Puerto Vallarta", 
        "consult date": "10/05/2018", 
        "flight duration": "0 days 4 hours 45 minutes", 
        "plane": "", 
        "departure date": "03/12/2018", 
        "stops": "1", 
        "plane code": "", 
        "departure": ", Monterrey", 
        "timings": [
            {
                "arrival_airport": "Ciudad de M\u00e9xico, Distrito Federal (MEX-A. Internacional de la Ciudad de M\u00e9xico)", 
                "arrival_time": "11:15", 
                "departure_airport": "Monterrey, Nuevo Le\u00f3n (MTY-A. Internacional General Mariano Escobedo)", 
                "departure_time": "09:45"
            }, 
            {
                "arrival_airport": "Puerto Vallarta, Jalisco (PVR-A. Internacional Licenciado Gustavo D\u00edaz Ordaz)", 
                "arrival_time": "14:30", 
                "departure_airport": "Ciudad de M\u00e9xico, Distrito Federal (MEX-A. Internacional de la Ciudad de M\u00e9xico)", 
                "departure_time": "13:05"
            }
        ], 
        "ticket price": "1955.25", 
        "airline": "Interjet"
    }, 
    {
        "arrival": ", Puerto Vallarta", 
        "consult date": "10/05/2018", 
        "flight duration": "0 days 5 hours 55 minutes", 
        "plane": "", 
        "departure date": "03/12/2018", 
        "stops": "1", 
        "plane code": "", 
        "departure": ", Monterrey", 
        "timings": [
            {
                "arrival_airport": "Ciudad de M\u00e9xico, Distrito Federal (MEX-A. Internacional de la Ciudad de M\u00e9xico)", 
                "arrival_time": "10:10", 
                "departure_airport": "Monterrey, Nuevo Le\u00f3n (MTY-A. Internacional General Mariano Escobedo)", 
                "departure_time": "08:35"
            }, 
            {
                "arrival_airport": "Puerto Vallarta, Jalisco (PVR-A. Internacional Licenciado Gustavo D\u00edaz Ordaz)", 
                "arrival_time": "14:30", 
                "departure_airport": "Ciudad de M\u00e9xico, Distrito Federal (MEX-A. Internacional de la Ciudad de M\u00e9xico)", 
                "departure_time": "13:05"
            }
        ], 
        "ticket price": "1955.25", 
        "airline": "Interjet"
    }, 
    {
        "arrival": ", Puerto Vallarta", 
        "consult date": "10/05/2018", 
        "flight duration": "0 days 5 hours 30 minutes", 
        "plane": "", 
        "departure date": "03/12/2018", 
        "stops": "1", 
        "plane code": "", 
        "departure": ", Monterrey", 
        "timings": [
            {
                "arrival_airport": "Ciudad de M\u00e9xico, Distrito Federal (MEX-A. Internacional de la Ciudad de M\u00e9xico)", 
                "arrival_time": "07:25", 
                "departure_airport": "Monterrey, Nuevo Le\u00f3n (MTY-A. Internacional General Mariano Escobedo)", 
                "departure_time": "05:55"
            }, 
            {
                "arrival_airport": "Puerto Vallarta, Jalisco (PVR-A. Internacional Licenciado Gustavo D\u00edaz Ordaz)", 
                "arrival_time": "11:25", 
                "departure_airport": "Ciudad de M\u00e9xico, Distrito Federal (MEX-A. Internacional de la Ciudad de M\u00e9xico)", 
                "departure_time": "09:55"
            }
        ], 
        "ticket price": "1968.90", 
        "airline": "Interjet"
    }, 
    {
        "arrival": ", Puerto Vallarta", 
        "consult date": "10/05/2018", 
        "flight duration": "0 days 1 hours 42 minutes", 
        "plane": "", 
        "departure date": "03/12/2018", 
        "stops": 0, 
        "plane code": "", 
        "departure": ", Monterrey", 
        "timings": [
            {
                "arrival_airport": "Puerto Vallarta, Jalisco (PVR-A. Internacional Licenciado Gustavo D\u00edaz Ordaz)", 
                "arrival_time": "12:31", 
                "departure_airport": "Monterrey, Nuevo Le\u00f3n (MTY-A. Internacional General Mariano Escobedo)", 
                "departure_time": "10:49"
            }
        ], 
        "ticket price": "1972.00", 
        "airline": "Volaris"
    }, 
    {
        "arrival": ", Puerto Vallarta", 
        "consult date": "10/05/2018", 
        "flight duration": "0 days 8 hours 35 minutes", 
        "plane": "", 
        "departure date": "03/12/2018", 
        "stops": "1", 
        "plane code": "", 
        "departure": ", Monterrey", 
        "timings": [
            {
                "arrival_airport": "Ciudad de M\u00e9xico, Distrito Federal (MEX-A. Internacional de la Ciudad de M\u00e9xico)", 
                "arrival_time": "07:25", 
                "departure_airport": "Monterrey, Nuevo Le\u00f3n (MTY-A. Internacional General Mariano Escobedo)", 
                "departure_time": "05:55"
            }, 
            {
                "arrival_airport": "Puerto Vallarta, Jalisco (PVR-A. Internacional Licenciado Gustavo D\u00edaz Ordaz)", 
                "arrival_time": "14:30", 
                "departure_airport": "Ciudad de M\u00e9xico, Distrito Federal (MEX-A. Internacional de la Ciudad de M\u00e9xico)", 
                "departure_time": "13:05"
            }
        ], 
        "ticket price": "1991.24", 
        "airline": "Interjet"
    }, 
    {
        "arrival": ", Puerto Vallarta", 
        "consult date": "10/05/2018", 
        "flight duration": "0 days 1 hours 30 minutes", 
        "plane": "", 
        "departure date": "03/12/2018", 
        "stops": 0, 
        "plane code": "", 
        "departure": ", Monterrey", 
        "timings": [
            {
                "arrival_airport": "Puerto Vallarta, Jalisco (PVR-A. Internacional Licenciado Gustavo D\u00edaz Ordaz)", 
                "arrival_time": "12:00", 
                "departure_airport": "Monterrey, Nuevo Le\u00f3n (MTY-A. Internacional General Mariano Escobedo)", 
                "departure_time": "10:30"
            }
        ], 
        "ticket price": "2496.93", 
        "airline": "VivaAerobus"
    }, 
    {
        "arrival": ", Puerto Vallarta", 
        "consult date": "10/05/2018", 
        "flight duration": "0 days 7 hours 5 minutes", 
        "plane": "", 
        "departure date": "03/12/2018", 
        "stops": "1", 
        "plane code": "", 
        "departure": ", Monterrey", 
        "timings": [
            {
                "arrival_airport": "Ciudad de M\u00e9xico, Distrito Federal (MEX-A. Internacional de la Ciudad de M\u00e9xico)", 
                "arrival_time": "08:55", 
                "departure_airport": "Monterrey, Nuevo Le\u00f3n (MTY-A. Internacional General Mariano Escobedo)", 
                "departure_time": "07:25"
            }, 
            {
                "arrival_airport": "Puerto Vallarta, Jalisco (PVR-A. Internacional Licenciado Gustavo D\u00edaz Ordaz)", 
                "arrival_time": "14:30", 
                "departure_airport": "Ciudad de M\u00e9xico, Distrito Federal (MEX-A. Internacional de la Ciudad de M\u00e9xico)", 
                "departure_time": "13:05"
            }
        ], 
        "ticket price": "2625.32", 
        "airline": "Interjet"
    }, 
    {
        "arrival": ", Puerto Vallarta", 
        "consult date": "10/05/2018", 
        "flight duration": "0 days 8 hours 7 minutes", 
        "plane": "BOEING 737-800 SCIMITAR WINGLETS", 
        "departure date": "03/12/2018", 
        "stops": "1", 
        "plane code": "7S8", 
        "departure": ", Monterrey", 
        "timings": [
            {
                "arrival_airport": "Ciudad de M\u00e9xico, Distrito Federal (MEX-A. Internacional de la Ciudad de M\u00e9xico)", 
                "arrival_time": "12:05", 
                "departure_airport": "Monterrey, Nuevo Le\u00f3n (MTY-A. Internacional General Mariano Escobedo)", 
                "departure_time": "10:27"
            }, 
            {
                "arrival_airport": "Puerto Vallarta, Jalisco (PVR-A. Internacional Licenciado Gustavo D\u00edaz Ordaz)", 
                "arrival_time": "18:34", 
                "departure_airport": "Ciudad de M\u00e9xico, Distrito Federal (MEX-A. Internacional de la Ciudad de M\u00e9xico)", 
                "departure_time": "17:00"
            }
        ], 
        "ticket price": "2867.00", 
        "airline": "Aeromexico"
    }, 
    {
        "arrival": ", Puerto Vallarta", 
        "consult date": "10/05/2018", 
        "flight duration": "0 days 5 hours 43 minutes", 
        "plane": "BOEING 737-800 SCIMITAR WINGLETS", 
        "departure date": "03/12/2018", 
        "stops": "1", 
        "plane code": "7S8", 
        "departure": ", Monterrey", 
        "timings": [
            {
                "arrival_airport": "Ciudad de M\u00e9xico, Distrito Federal (MEX-A. Internacional de la Ciudad de M\u00e9xico)", 
                "arrival_time": "17:55", 
                "departure_airport": "Monterrey, Nuevo Le\u00f3n (MTY-A. Internacional General Mariano Escobedo)", 
                "departure_time": "16:20"
            }, 
            {
                "arrival_airport": "Puerto Vallarta, Jalisco (PVR-A. Internacional Licenciado Gustavo D\u00edaz Ordaz)", 
                "arrival_time": "22:03", 
                "departure_airport": "Ciudad de M\u00e9xico, Distrito Federal (MEX-A. Internacional de la Ciudad de M\u00e9xico)", 
                "departure_time": "20:25"
            }
        ], 
        "ticket price": "2867.00", 
        "airline": "Aeromexico"
    }, 
    {
        "arrival": ", Puerto Vallarta", 
        "consult date": "10/05/2018", 
        "flight duration": "0 days 6 hours 39 minutes", 
        "plane": "BOEING 737-800 SCIMITAR WINGLETS", 
        "departure date": "03/12/2018", 
        "stops": "1", 
        "plane code": "7S8", 
        "departure": ", Monterrey", 
        "timings": [
            {
                "arrival_airport": "Ciudad de M\u00e9xico, Distrito Federal (MEX-A. Internacional de la Ciudad de M\u00e9xico)", 
                "arrival_time": "17:00", 
                "departure_airport": "Monterrey, Nuevo Le\u00f3n (MTY-A. Internacional General Mariano Escobedo)", 
                "departure_time": "15:24"
            }, 
            {
                "arrival_airport": "Puerto Vallarta, Jalisco (PVR-A. Internacional Licenciado Gustavo D\u00edaz Ordaz)", 
                "arrival_time": "22:03", 
                "departure_airport": "Ciudad de M\u00e9xico, Distrito Federal (MEX-A. Internacional de la Ciudad de M\u00e9xico)", 
                "departure_time": "20:25"
            }
        ], 
        "ticket price": "2867.00", 
        "airline": "Aeromexico"
    }, 
    {
        "arrival": ", Puerto Vallarta", 
        "consult date": "10/05/2018", 
        "flight duration": "0 days 4 hours 7 minutes", 
        "plane": "", 
        "departure date": "03/12/2018", 
        "stops": "1", 
        "plane code": "", 
        "departure": ", Monterrey", 
        "timings": [
            {
                "arrival_airport": "Ciudad de M\u00e9xico, Distrito Federal (MEX-A. Internacional de la Ciudad de M\u00e9xico)", 
                "arrival_time": "16:00", 
                "departure_airport": "Monterrey, Nuevo Le\u00f3n (MTY-A. Internacional General Mariano Escobedo)", 
                "departure_time": "14:27"
            }, 
            {
                "arrival_airport": "Puerto Vallarta, Jalisco (PVR-A. Internacional Licenciado Gustavo D\u00edaz Ordaz)", 
                "arrival_time": "18:34", 
                "departure_airport": "Ciudad de M\u00e9xico, Distrito Federal (MEX-A. Internacional de la Ciudad de M\u00e9xico)", 
                "departure_time": "17:00"
            }
        ], 
        "ticket price": "2867.00", 
        "airline": "Aeromexico"
    }, 
    {
        "arrival": ", Puerto Vallarta", 
        "consult date": "10/05/2018", 
        "flight duration": "0 days 4 hours 53 minutes", 
        "plane": "BOEING 737-800 SCIMITAR WINGLETS", 
        "departure date": "03/12/2018", 
        "stops": "1", 
        "plane code": "7S8", 
        "departure": ", Monterrey", 
        "timings": [
            {
                "arrival_airport": "Ciudad de M\u00e9xico, Distrito Federal (MEX-A. Internacional de la Ciudad de M\u00e9xico)", 
                "arrival_time": "15:15", 
                "departure_airport": "Monterrey, Nuevo Le\u00f3n (MTY-A. Internacional General Mariano Escobedo)", 
                "departure_time": "13:41"
            }, 
            {
                "arrival_airport": "Puerto Vallarta, Jalisco (PVR-A. Internacional Licenciado Gustavo D\u00edaz Ordaz)", 
                "arrival_time": "18:34", 
                "departure_airport": "Ciudad de M\u00e9xico, Distrito Federal (MEX-A. Internacional de la Ciudad de M\u00e9xico)", 
                "departure_time": "17:00"
            }
        ], 
        "ticket price": "2867.00", 
        "airline": "Aeromexico"
    }, 
    {
        "arrival": ", Puerto Vallarta", 
        "consult date": "10/05/2018", 
        "flight duration": "0 days 7 hours 36 minutes", 
        "plane": "", 
        "departure date": "03/12/2018", 
        "stops": "1", 
        "plane code": "", 
        "departure": ", Monterrey", 
        "timings": [
            {
                "arrival_airport": "Ciudad de M\u00e9xico, Distrito Federal (MEX-A. Internacional de la Ciudad de M\u00e9xico)", 
                "arrival_time": "16:00", 
                "departure_airport": "Monterrey, Nuevo Le\u00f3n (MTY-A. Internacional General Mariano Escobedo)", 
                "departure_time": "14:27"
            }, 
            {
                "arrival_airport": "Puerto Vallarta, Jalisco (PVR-A. Internacional Licenciado Gustavo D\u00edaz Ordaz)", 
                "arrival_time": "22:03", 
                "departure_airport": "Ciudad de M\u00e9xico, Distrito Federal (MEX-A. Internacional de la Ciudad de M\u00e9xico)", 
                "departure_time": "20:25"
            }
        ], 
        "ticket price": "2867.00", 
        "airline": "Aeromexico"
    }, 
    {
        "arrival": ", Puerto Vallarta", 
        "consult date": "10/05/2018", 
        "flight duration": "0 days 3 hours 50 minutes", 
        "plane": "Embraer 190", 
        "departure date": "03/12/2018", 
        "stops": "1", 
        "plane code": "E90", 
        "departure": ", Monterrey", 
        "timings": [
            {
                "arrival_airport": "Ciudad de M\u00e9xico, Distrito Federal (MEX-A. Internacional de la Ciudad de M\u00e9xico)", 
                "arrival_time": "19:50", 
                "departure_airport": "Monterrey, Nuevo Le\u00f3n (MTY-A. Internacional General Mariano Escobedo)", 
                "departure_time": "18:13"
            }, 
            {
                "arrival_airport": "Puerto Vallarta, Jalisco (PVR-A. Internacional Licenciado Gustavo D\u00edaz Ordaz)", 
                "arrival_time": "22:03", 
                "departure_airport": "Ciudad de M\u00e9xico, Distrito Federal (MEX-A. Internacional de la Ciudad de M\u00e9xico)", 
                "departure_time": "20:25"
            }
        ], 
        "ticket price": "2867.00", 
        "airline": "Aeromexico"
    }, 
    {
        "arrival": ", Puerto Vallarta", 
        "consult date": "10/05/2018", 
        "flight duration": "0 days 4 hours 43 minutes", 
        "plane": "Boeing 737", 
        "departure date": "03/12/2018", 
        "stops": "1", 
        "plane code": "737", 
        "departure": ", Monterrey", 
        "timings": [
            {
                "arrival_airport": "Ciudad de M\u00e9xico, Distrito Federal (MEX-A. Internacional de la Ciudad de M\u00e9xico)", 
                "arrival_time": "18:50", 
                "departure_airport": "Monterrey, Nuevo Le\u00f3n (MTY-A. Internacional General Mariano Escobedo)", 
                "departure_time": "17:20"
            }, 
            {
                "arrival_airport": "Puerto Vallarta, Jalisco (PVR-A. Internacional Licenciado Gustavo D\u00edaz Ordaz)", 
                "arrival_time": "22:03", 
                "departure_airport": "Ciudad de M\u00e9xico, Distrito Federal (MEX-A. Internacional de la Ciudad de M\u00e9xico)", 
                "departure_time": "20:25"
            }
        ], 
        "ticket price": "2867.00", 
        "airline": "Aeromexico"
    }, 
    {
        "arrival": ", Puerto Vallarta", 
        "consult date": "10/05/2018", 
        "flight duration": "0 days 7 hours 15 minutes", 
        "plane": "BOEING 737-800 SCIMITAR WINGLETS", 
        "departure date": "03/12/2018", 
        "stops": "1", 
        "plane code": "7S8", 
        "departure": ", Monterrey", 
        "timings": [
            {
                "arrival_airport": "Ciudad de M\u00e9xico, Distrito Federal (MEX-A. Internacional de la Ciudad de M\u00e9xico)", 
                "arrival_time": "12:55", 
                "departure_airport": "Monterrey, Nuevo Le\u00f3n (MTY-A. Internacional General Mariano Escobedo)", 
                "departure_time": "11:19"
            }, 
            {
                "arrival_airport": "Puerto Vallarta, Jalisco (PVR-A. Internacional Licenciado Gustavo D\u00edaz Ordaz)", 
                "arrival_time": "18:34", 
                "departure_airport": "Ciudad de M\u00e9xico, Distrito Federal (MEX-A. Internacional de la Ciudad de M\u00e9xico)", 
                "departure_time": "17:00"
            }
        ], 
        "ticket price": "3331.00", 
        "airline": "Aeromexico"
    }, 
    {
        "arrival": ", Puerto Vallarta", 
        "consult date": "10/05/2018", 
        "flight duration": "0 days 4 hours 35 minutes", 
        "plane": "", 
        "departure date": "03/12/2018", 
        "stops": "1", 
        "plane code": "", 
        "departure": ", Monterrey", 
        "timings": [
            {
                "arrival_airport": "Ciudad de M\u00e9xico, Distrito Federal (MEX-A. Internacional de la Ciudad de M\u00e9xico)", 
                "arrival_time": "10:55", 
                "departure_airport": "Monterrey, Nuevo Le\u00f3n (MTY-A. Internacional General Mariano Escobedo)", 
                "departure_time": "09:19"
            }, 
            {
                "arrival_airport": "Puerto Vallarta, Jalisco (PVR-A. Internacional Licenciado Gustavo D\u00edaz Ordaz)", 
                "arrival_time": "13:54", 
                "departure_airport": "Ciudad de M\u00e9xico, Distrito Federal (MEX-A. Internacional de la Ciudad de M\u00e9xico)", 
                "departure_time": "12:05"
            }
        ], 
        "ticket price": "4375.00", 
        "airline": "Aeromexico"
    }, 
    {
        "arrival": ", Puerto Vallarta", 
        "consult date": "10/05/2018", 
        "flight duration": "0 days 5 hours 8 minutes", 
        "plane": "Boeing 737", 
        "departure date": "03/12/2018", 
        "stops": "1", 
        "plane code": "737", 
        "departure": ", Monterrey", 
        "timings": [
            {
                "arrival_airport": "Ciudad de M\u00e9xico, Distrito Federal (MEX-A. Internacional de la Ciudad de M\u00e9xico)", 
                "arrival_time": "08:30", 
                "departure_airport": "Monterrey, Nuevo Le\u00f3n (MTY-A. Internacional General Mariano Escobedo)", 
                "departure_time": "06:55"
            }, 
            {
                "arrival_airport": "Puerto Vallarta, Jalisco (PVR-A. Internacional Licenciado Gustavo D\u00edaz Ordaz)", 
                "arrival_time": "12:03", 
                "departure_airport": "Ciudad de M\u00e9xico, Distrito Federal (MEX-A. Internacional de la Ciudad de M\u00e9xico)", 
                "departure_time": "10:25"
            }
        ], 
        "ticket price": "5071.00", 
        "airline": "Aeromexico"
    }, 
    {
        "arrival": ", Puerto Vallarta", 
        "consult date": "10/05/2018", 
        "flight duration": "0 days 6 hours 59 minutes", 
        "plane": "Boeing 737", 
        "departure date": "03/12/2018", 
        "stops": "1", 
        "plane code": "737", 
        "departure": ", Monterrey", 
        "timings": [
            {
                "arrival_airport": "Ciudad de M\u00e9xico, Distrito Federal (MEX-A. Internacional de la Ciudad de M\u00e9xico)", 
                "arrival_time": "08:30", 
                "departure_airport": "Monterrey, Nuevo Le\u00f3n (MTY-A. Internacional General Mariano Escobedo)", 
                "departure_time": "06:55"
            }, 
            {
                "arrival_airport": "Puerto Vallarta, Jalisco (PVR-A. Internacional Licenciado Gustavo D\u00edaz Ordaz)", 
                "arrival_time": "13:54", 
                "departure_airport": "Ciudad de M\u00e9xico, Distrito Federal (MEX-A. Internacional de la Ciudad de M\u00e9xico)", 
                "departure_time": "12:05"
            }
        ], 
        "ticket price": "5071.00", 
        "airline": "Aeromexico"
    }, 
    {
        "arrival": ", Puerto Vallarta", 
        "consult date": "10/05/2018", 
        "flight duration": "0 days 7 hours 49 minutes", 
        "plane": "Boeing 737", 
        "departure date": "03/12/2018", 
        "stops": "1", 
        "plane code": "737", 
        "departure": ", Monterrey", 
        "timings": [
            {
                "arrival_airport": "Ciudad de M\u00e9xico, Distrito Federal (MEX-A. Internacional de la Ciudad de M\u00e9xico)", 
                "arrival_time": "07:40", 
                "departure_airport": "Monterrey, Nuevo Le\u00f3n (MTY-A. Internacional General Mariano Escobedo)", 
                "departure_time": "06:05"
            }, 
            {
                "arrival_airport": "Puerto Vallarta, Jalisco (PVR-A. Internacional Licenciado Gustavo D\u00edaz Ordaz)", 
                "arrival_time": "13:54", 
                "departure_airport": "Ciudad de M\u00e9xico, Distrito Federal (MEX-A. Internacional de la Ciudad de M\u00e9xico)", 
                "departure_time": "12:05"
            }
        ], 
        "ticket price": "5071.00", 
        "airline": "Aeromexico"
    }, 
    {
        "arrival": ", Puerto Vallarta", 
        "consult date": "10/05/2018", 
        "flight duration": "0 days 5 hours 58 minutes", 
        "plane": "Boeing 737", 
        "departure date": "03/12/2018", 
        "stops": "1", 
        "plane code": "737", 
        "departure": ", Monterrey", 
        "timings": [
            {
                "arrival_airport": "Ciudad de M\u00e9xico, Distrito Federal (MEX-A. Internacional de la Ciudad de M\u00e9xico)", 
                "arrival_time": "07:40", 
                "departure_airport": "Monterrey, Nuevo Le\u00f3n (MTY-A. Internacional General Mariano Escobedo)", 
                "departure_time": "06:05"
            }, 
            {
                "arrival_airport": "Puerto Vallarta, Jalisco (PVR-A. Internacional Licenciado Gustavo D\u00edaz Ordaz)", 
                "arrival_time": "12:03", 
                "departure_airport": "Ciudad de M\u00e9xico, Distrito Federal (MEX-A. Internacional de la Ciudad de M\u00e9xico)", 
                "departure_time": "10:25"
            }
        ], 
        "ticket price": "5071.00", 
        "airline": "Aeromexico"
    }, 
    {
        "arrival": ", Puerto Vallarta", 
        "consult date": "10/05/2018", 
        "flight duration": "0 days 5 hours 59 minutes", 
        "plane": "Embraer 190", 
        "departure date": "03/12/2018", 
        "stops": "1", 
        "plane code": "E90", 
        "departure": ", Monterrey", 
        "timings": [
            {
                "arrival_airport": "Ciudad de M\u00e9xico, Distrito Federal (MEX-A. Internacional de la Ciudad de M\u00e9xico)", 
                "arrival_time": "09:30", 
                "departure_airport": "Monterrey, Nuevo Le\u00f3n (MTY-A. Internacional General Mariano Escobedo)", 
                "departure_time": "07:55"
            }, 
            {
                "arrival_airport": "Puerto Vallarta, Jalisco (PVR-A. Internacional Licenciado Gustavo D\u00edaz Ordaz)", 
                "arrival_time": "13:54", 
                "departure_airport": "Ciudad de M\u00e9xico, Distrito Federal (MEX-A. Internacional de la Ciudad de M\u00e9xico)", 
                "departure_time": "12:05"
            }
        ], 
        "ticket price": "5419.00", 
        "airline": "Aeromexico"
    }, 
    {
        "arrival": ", Puerto Vallarta", 
        "consult date": "10/05/2018", 
        "flight duration": "0 days 4 hours 8 minutes", 
        "plane": "Embraer 190", 
        "departure date": "03/12/2018", 
        "stops": "1", 
        "plane code": "E90", 
        "departure": ", Monterrey", 
        "timings": [
            {
                "arrival_airport": "Ciudad de M\u00e9xico, Distrito Federal (MEX-A. Internacional de la Ciudad de M\u00e9xico)", 
                "arrival_time": "09:30", 
                "departure_airport": "Monterrey, Nuevo Le\u00f3n (MTY-A. Internacional General Mariano Escobedo)", 
                "departure_time": "07:55"
            }, 
            {
                "arrival_airport": "Puerto Vallarta, Jalisco (PVR-A. Internacional Licenciado Gustavo D\u00edaz Ordaz)", 
                "arrival_time": "12:03", 
                "departure_airport": "Ciudad de M\u00e9xico, Distrito Federal (MEX-A. Internacional de la Ciudad de M\u00e9xico)", 
                "departure_time": "10:25"
            }
        ], 
        "ticket price": "5419.00", 
        "airline": "Aeromexico"
    }, 
    {
        "arrival": ", Puerto Vallarta", 
        "consult date": "10/05/2018", 
        "flight duration": "0 days 7 hours 20 minutes", 
        "plane": "EMBRAER 170", 
        "departure date": "03/12/2018", 
        "stops": "2", 
        "plane code": "E70", 
        "departure": ", Monterrey", 
        "timings": [
            {
                "arrival_airport": "M\u00e9rida, Yucat\u00e1n (MID-A. Internacional Manuel Crescencio Rej\u00f3n)", 
                "arrival_time": "13:18", 
                "departure_airport": "Monterrey, Nuevo Le\u00f3n (MTY-A. Internacional General Mariano Escobedo)", 
                "departure_time": "11:14"
            }, 
            {
                "arrival_airport": "Ciudad de M\u00e9xico, Distrito Federal (MEX-A. Internacional de la Ciudad de M\u00e9xico)", 
                "arrival_time": "16:25", 
                "departure_airport": "M\u00e9rida, Yucat\u00e1n (MID-A. Internacional Manuel Crescencio Rej\u00f3n)", 
                "departure_time": "14:22"
            }, 
            {
                "arrival_airport": "Puerto Vallarta, Jalisco (PVR-A. Internacional Licenciado Gustavo D\u00edaz Ordaz)", 
                "arrival_time": "18:34", 
                "departure_airport": "Ciudad de M\u00e9xico, Distrito Federal (MEX-A. Internacional de la Ciudad de M\u00e9xico)", 
                "departure_time": "17:00"
            }
        ], 
        "ticket price": "6646.00", 
        "airline": "Aeromexico"
    }, 
    {
        "arrival": ", Puerto Vallarta", 
        "consult date": "10/05/2018", 
        "flight duration": "0 days 12 hours 55 minutes", 
        "plane": "", 
        "departure date": "03/12/2018", 
        "stops": "1", 
        "plane code": "", 
        "departure": ", Monterrey", 
        "timings": [
            {
                "arrival_airport": "Ciudad de M\u00e9xico, Distrito Federal (MEX-A. Internacional de la Ciudad de M\u00e9xico)", 
                "arrival_time": "23:50", 
                "departure_airport": "Monterrey, Nuevo Le\u00f3n (MTY-A. Internacional General Mariano Escobedo)", 
                "departure_time": "22:15"
            }, 
            {
                "arrival_airport": "Puerto Vallarta, Jalisco (PVR-A. Internacional Licenciado Gustavo D\u00edaz Ordaz)", 
                "arrival_time": "11:10", 
                "departure_airport": "Ciudad de M\u00e9xico, Distrito Federal (MEX-A. Internacional de la Ciudad de M\u00e9xico)", 
                "departure_time": "09:40"
            }
        ], 
        "ticket price": "6826.51", 
        "airline": "Interjet"
    }, 
    {
        "arrival": ", Puerto Vallarta", 
        "consult date": "10/05/2018", 
        "flight duration": "0 days 11 hours 4 minutes", 
        "plane": "Embraer 190", 
        "departure date": "03/12/2018", 
        "stops": "2", 
        "plane code": "E90", 
        "departure": ", Monterrey", 
        "timings": [
            {
                "arrival_airport": "Le\u00f3n, Guanajuato (BJX-Del Baj\u00edo)", 
                "arrival_time": "08:47", 
                "departure_airport": "Monterrey, Nuevo Le\u00f3n (MTY-A. Internacional General Mariano Escobedo)", 
                "departure_time": "07:30"
            }, 
            {
                "arrival_airport": "Ciudad de M\u00e9xico, Distrito Federal (MEX-A. Internacional de la Ciudad de M\u00e9xico)", 
                "arrival_time": "13:10", 
                "departure_airport": "Le\u00f3n, Guanajuato (BJX-Del Baj\u00edo)", 
                "departure_time": "11:57"
            }, 
            {
                "arrival_airport": "Puerto Vallarta, Jalisco (PVR-A. Internacional Licenciado Gustavo D\u00edaz Ordaz)", 
                "arrival_time": "18:34", 
                "departure_airport": "Ciudad de M\u00e9xico, Distrito Federal (MEX-A. Internacional de la Ciudad de M\u00e9xico)", 
                "departure_time": "17:00"
            }
        ], 
        "ticket price": "6888.00", 
        "airline": "Aeromexico"
    }, 
    {
        "arrival": ", Puerto Vallarta", 
        "consult date": "10/05/2018", 
        "flight duration": "0 days 6 hours 54 minutes", 
        "plane": "Embraer 190", 
        "departure date": "03/12/2018", 
        "stops": "2", 
        "plane code": "E90", 
        "departure": ", Monterrey", 
        "timings": [
            {
                "arrival_airport": "Queretaro, Queretaro (QRO-A. Internacional de Queretaro)", 
                "arrival_time": "08:19", 
                "departure_airport": "Monterrey, Nuevo Le\u00f3n (MTY-A. Internacional General Mariano Escobedo)", 
                "departure_time": "07:00"
            }, 
            {
                "arrival_airport": "Ciudad de M\u00e9xico, Distrito Federal (MEX-A. Internacional de la Ciudad de M\u00e9xico)", 
                "arrival_time": "10:20", 
                "departure_airport": "Queretaro, Queretaro (QRO-A. Internacional de Queretaro)", 
                "departure_time": "09:18"
            }, 
            {
                "arrival_airport": "Puerto Vallarta, Jalisco (PVR-A. Internacional Licenciado Gustavo D\u00edaz Ordaz)", 
                "arrival_time": "13:54", 
                "departure_airport": "Ciudad de M\u00e9xico, Distrito Federal (MEX-A. Internacional de la Ciudad de M\u00e9xico)", 
                "departure_time": "12:05"
            }
        ], 
        "ticket price": "9697.00", 
        "airline": "Aeromexico"
    }
]