[
    {
        "arrival": ", ", 
        "consult date": "10/05/2018", 
        "flight duration": "0 days 9 hours 29 minutes", 
        "plane": "EMBRAER 170", 
        "departure date": "21/07/2018", 
        "stops": "2", 
        "plane code": "E70", 
        "departure": ", Monterrey", 
        "timings": [
            {
                "arrival_airport": "Guadalajara, Jalisco (GDL-Don Miguel Hidalgo y Costilla Intl.)", 
                "arrival_time": "10:32", 
                "departure_airport": "Monterrey, Nuevo Le\u00f3n (MTY-A. Internacional General Mariano Escobedo)", 
                "departure_time": "09:00"
            }, 
            {
                "arrival_airport": "Ciudad de M\u00e9xico, Distrito Federal (MEX-A. Internacional de la Ciudad de M\u00e9xico)", 
                "arrival_time": "14:45", 
                "departure_airport": "Guadalajara, Jalisco (GDL-Don Miguel Hidalgo y Costilla Intl.)", 
                "departure_time": "13:18"
            }, 
            {
                "arrival_airport": "Tuxtla Guti\u00e9rrez (TGZ-Aeropuerto Internacional \u00c1ngel Albino Corzo)", 
                "arrival_time": "18:29", 
                "departure_airport": "Ciudad de M\u00e9xico, Distrito Federal (MEX-A. Internacional de la Ciudad de M\u00e9xico)", 
                "departure_time": "16:40"
            }
        ], 
        "ticket price": "15990.00", 
        "airline": "Aeromexico"
    }, 
    {
        "arrival": ", ", 
        "consult date": "10/05/2018", 
        "flight duration": "0 days 9 hours 29 minutes", 
        "plane": "EMBRAER 170", 
        "departure date": "21/07/2018", 
        "stops": "2", 
        "plane code": "E70", 
        "departure": ", Monterrey", 
        "timings": [
            {
                "arrival_airport": "Guadalajara, Jalisco (GDL-Don Miguel Hidalgo y Costilla Intl.)", 
                "arrival_time": "10:32", 
                "departure_airport": "Monterrey, Nuevo Le\u00f3n (MTY-A. Internacional General Mariano Escobedo)", 
                "departure_time": "09:00"
            }, 
            {
                "arrival_airport": "Ciudad de M\u00e9xico, Distrito Federal (MEX-A. Internacional de la Ciudad de M\u00e9xico)", 
                "arrival_time": "15:40", 
                "departure_airport": "Guadalajara, Jalisco (GDL-Don Miguel Hidalgo y Costilla Intl.)", 
                "departure_time": "14:16"
            }, 
            {
                "arrival_airport": "Tuxtla Guti\u00e9rrez (TGZ-Aeropuerto Internacional \u00c1ngel Albino Corzo)", 
                "arrival_time": "18:29", 
                "departure_airport": "Ciudad de M\u00e9xico, Distrito Federal (MEX-A. Internacional de la Ciudad de M\u00e9xico)", 
                "departure_time": "16:40"
            }
        ], 
        "ticket price": "15990.00", 
        "airline": "Aeromexico"
    }, 
    {
        "arrival": ", ", 
        "consult date": "10/05/2018", 
        "flight duration": "0 days 7 hours 59 minutes", 
        "plane": "EMBRAER 170", 
        "departure date": "21/07/2018", 
        "stops": "2", 
        "plane code": "E70", 
        "departure": ", Monterrey", 
        "timings": [
            {
                "arrival_airport": "Queretaro, Queretaro (QRO-A. Internacional de Queretaro)", 
                "arrival_time": "08:21", 
                "departure_airport": "Monterrey, Nuevo Le\u00f3n (MTY-A. Internacional General Mariano Escobedo)", 
                "departure_time": "07:00"
            }, 
            {
                "arrival_airport": "Ciudad de M\u00e9xico, Distrito Federal (MEX-A. Internacional de la Ciudad de M\u00e9xico)", 
                "arrival_time": "10:15", 
                "departure_airport": "Queretaro, Queretaro (QRO-A. Internacional de Queretaro)", 
                "departure_time": "09:12"
            }, 
            {
                "arrival_airport": "Tuxtla Guti\u00e9rrez (TGZ-Aeropuerto Internacional \u00c1ngel Albino Corzo)", 
                "arrival_time": "14:59", 
                "departure_airport": "Ciudad de M\u00e9xico, Distrito Federal (MEX-A. Internacional de la Ciudad de M\u00e9xico)", 
                "departure_time": "13:10"
            }
        ], 
        "ticket price": "16074.00", 
        "airline": "Aeromexico"
    }, 
    {
        "arrival": ", ", 
        "consult date": "10/05/2018", 
        "flight duration": "0 days 5 hours 53 minutes", 
        "plane": "EMBRAER 170", 
        "departure date": "21/07/2018", 
        "stops": "2", 
        "plane code": "E70", 
        "departure": ", Monterrey", 
        "timings": [
            {
                "arrival_airport": "Queretaro, Queretaro (QRO-A. Internacional de Queretaro)", 
                "arrival_time": "08:21", 
                "departure_airport": "Monterrey, Nuevo Le\u00f3n (MTY-A. Internacional General Mariano Escobedo)", 
                "departure_time": "07:00"
            }, 
            {
                "arrival_airport": "Ciudad de M\u00e9xico, Distrito Federal (MEX-A. Internacional de la Ciudad de M\u00e9xico)", 
                "arrival_time": "10:15", 
                "departure_airport": "Queretaro, Queretaro (QRO-A. Internacional de Queretaro)", 
                "departure_time": "09:12"
            }, 
            {
                "arrival_airport": "Tuxtla Guti\u00e9rrez (TGZ-Aeropuerto Internacional \u00c1ngel Albino Corzo)", 
                "arrival_time": "12:53", 
                "departure_airport": "Ciudad de M\u00e9xico, Distrito Federal (MEX-A. Internacional de la Ciudad de M\u00e9xico)", 
                "departure_time": "11:05"
            }
        ], 
        "ticket price": "16074.00", 
        "airline": "Aeromexico"
    }, 
    {
        "arrival": ", ", 
        "consult date": "10/05/2018", 
        "flight duration": "0 days 9 hours 43 minutes", 
        "plane": "EMBRAER 170", 
        "departure date": "21/07/2018", 
        "stops": "2", 
        "plane code": "E70", 
        "departure": ", Monterrey", 
        "timings": [
            {
                "arrival_airport": "Guadalajara, Jalisco (GDL-Don Miguel Hidalgo y Costilla Intl.)", 
                "arrival_time": "15:00", 
                "departure_airport": "Monterrey, Nuevo Le\u00f3n (MTY-A. Internacional General Mariano Escobedo)", 
                "departure_time": "13:30"
            }, 
            {
                "arrival_airport": "Ciudad de M\u00e9xico, Distrito Federal (MEX-A. Internacional de la Ciudad de M\u00e9xico)", 
                "arrival_time": "19:25", 
                "departure_airport": "Guadalajara, Jalisco (GDL-Don Miguel Hidalgo y Costilla Intl.)", 
                "departure_time": "18:00"
            }, 
            {
                "arrival_airport": "Tuxtla Guti\u00e9rrez (TGZ-Aeropuerto Internacional \u00c1ngel Albino Corzo)", 
                "arrival_time": "23:13", 
                "departure_airport": "Ciudad de M\u00e9xico, Distrito Federal (MEX-A. Internacional de la Ciudad de M\u00e9xico)", 
                "departure_time": "21:30"
            }
        ], 
        "ticket price": "19702.00", 
        "airline": "Aeromexico"
    }, 
    {
        "arrival": ", ", 
        "consult date": "10/05/2018", 
        "flight duration": "0 days 9 hours 43 minutes", 
        "plane": "EMBRAER 170", 
        "departure date": "21/07/2018", 
        "stops": "2", 
        "plane code": "E70", 
        "departure": ", Monterrey", 
        "timings": [
            {
                "arrival_airport": "Guadalajara, Jalisco (GDL-Don Miguel Hidalgo y Costilla Intl.)", 
                "arrival_time": "15:00", 
                "departure_airport": "Monterrey, Nuevo Le\u00f3n (MTY-A. Internacional General Mariano Escobedo)", 
                "departure_time": "13:30"
            }, 
            {
                "arrival_airport": "Ciudad de M\u00e9xico, Distrito Federal (MEX-A. Internacional de la Ciudad de M\u00e9xico)", 
                "arrival_time": "18:25", 
                "departure_airport": "Guadalajara, Jalisco (GDL-Don Miguel Hidalgo y Costilla Intl.)", 
                "departure_time": "17:00"
            }, 
            {
                "arrival_airport": "Tuxtla Guti\u00e9rrez (TGZ-Aeropuerto Internacional \u00c1ngel Albino Corzo)", 
                "arrival_time": "23:13", 
                "departure_airport": "Ciudad de M\u00e9xico, Distrito Federal (MEX-A. Internacional de la Ciudad de M\u00e9xico)", 
                "departure_time": "21:30"
            }
        ], 
        "ticket price": "19702.00", 
        "airline": "Aeromexico"
    }, 
    {
        "arrival": ", ", 
        "consult date": "10/05/2018", 
        "flight duration": "0 days 9 hours 59 minutes", 
        "plane": "Embraer 190", 
        "departure date": "21/07/2018", 
        "stops": "2", 
        "plane code": "E90", 
        "departure": ", Monterrey", 
        "timings": [
            {
                "arrival_airport": "Canc\u00fan, Quintana Roo (CUN-Aeropuerto Internacional de Canc\u00fan)", 
                "arrival_time": "10:58", 
                "departure_airport": "Monterrey, Nuevo Le\u00f3n (MTY-A. Internacional General Mariano Escobedo)", 
                "departure_time": "08:30"
            }, 
            {
                "arrival_airport": "Ciudad de M\u00e9xico, Distrito Federal (MEX-A. Internacional de la Ciudad de M\u00e9xico)", 
                "arrival_time": "15:55", 
                "departure_airport": "Canc\u00fan, Quintana Roo (CUN-Aeropuerto Internacional de Canc\u00fan)", 
                "departure_time": "13:28"
            }, 
            {
                "arrival_airport": "Tuxtla Guti\u00e9rrez (TGZ-Aeropuerto Internacional \u00c1ngel Albino Corzo)", 
                "arrival_time": "18:29", 
                "departure_airport": "Ciudad de M\u00e9xico, Distrito Federal (MEX-A. Internacional de la Ciudad de M\u00e9xico)", 
                "departure_time": "16:40"
            }
        ], 
        "ticket price": "20780.00", 
        "airline": "Aeromexico"
    }, 
    {
        "arrival": ", ", 
        "consult date": "10/05/2018", 
        "flight duration": "0 days 15 hours 3 minutes", 
        "plane": "Embraer 190", 
        "departure date": "21/07/2018", 
        "stops": "2", 
        "plane code": "E90", 
        "departure": ", Monterrey", 
        "timings": [
            {
                "arrival_airport": "Tijuana, Baja California Norte (TIJ-A. Internacional General Abelardo L. Rodr\u00edguez)", 
                "arrival_time": "22:41", 
                "departure_airport": "Monterrey, Nuevo Le\u00f3n (MTY-A. Internacional General Mariano Escobedo)", 
                "departure_time": "21:50"
            }, 
            {
                "arrival_airport": "Ciudad de M\u00e9xico, Distrito Federal (MEX-A. Internacional de la Ciudad de M\u00e9xico)", 
                "arrival_time": "07:00", 
                "departure_airport": "Tijuana, Baja California Norte (TIJ-A. Internacional General Abelardo L. Rodr\u00edguez)", 
                "departure_time": "01:23"
            }, 
            {
                "arrival_airport": "Tuxtla Guti\u00e9rrez (TGZ-Aeropuerto Internacional \u00c1ngel Albino Corzo)", 
                "arrival_time": "12:53", 
                "departure_airport": "Ciudad de M\u00e9xico, Distrito Federal (MEX-A. Internacional de la Ciudad de M\u00e9xico)", 
                "departure_time": "11:05"
            }
        ], 
        "ticket price": "25234.00", 
        "airline": "Aeromexico"
    }, 
    {
        "arrival": ", ", 
        "consult date": "10/05/2018", 
        "flight duration": "0 days 15 hours 3 minutes", 
        "plane": "Embraer 190", 
        "departure date": "21/07/2018", 
        "stops": "3", 
        "plane code": "E90", 
        "departure": ", Monterrey", 
        "timings": [
            {
                "arrival_airport": "Tijuana, Baja California Norte (TIJ-A. Internacional General Abelardo L. Rodr\u00edguez)", 
                "arrival_time": "22:41", 
                "departure_airport": "Monterrey, Nuevo Le\u00f3n (MTY-A. Internacional General Mariano Escobedo)", 
                "departure_time": "21:50"
            }, 
            {
                "arrival_airport": "Durango, Durango (DGO-A. Internacional Guadalupe Victoria de Durango)", 
                "arrival_time": "05:33", 
                "departure_airport": "Tijuana, Baja California Norte (TIJ-A. Internacional General Abelardo L. Rodr\u00edguez)", 
                "departure_time": "01:00"
            }, 
            {
                "arrival_airport": "Ciudad de M\u00e9xico, Distrito Federal (MEX-A. Internacional de la Ciudad de M\u00e9xico)", 
                "arrival_time": "07:45", 
                "departure_airport": "Durango, Durango (DGO-A. Internacional Guadalupe Victoria de Durango)", 
                "departure_time": "06:03"
            }, 
            {
                "arrival_airport": "Tuxtla Guti\u00e9rrez (TGZ-Aeropuerto Internacional \u00c1ngel Albino Corzo)", 
                "arrival_time": "12:53", 
                "departure_airport": "Ciudad de M\u00e9xico, Distrito Federal (MEX-A. Internacional de la Ciudad de M\u00e9xico)", 
                "departure_time": "11:05"
            }
        ], 
        "ticket price": "25234.00", 
        "airline": "Aeromexico"
    }, 
    {
        "arrival": ", ", 
        "consult date": "10/05/2018", 
        "flight duration": "0 days 15 hours 3 minutes", 
        "plane": "Embraer 190", 
        "departure date": "21/07/2018", 
        "stops": "3", 
        "plane code": "E90", 
        "departure": ", Monterrey", 
        "timings": [
            {
                "arrival_airport": "Tijuana, Baja California Norte (TIJ-A. Internacional General Abelardo L. Rodr\u00edguez)", 
                "arrival_time": "22:41", 
                "departure_airport": "Monterrey, Nuevo Le\u00f3n (MTY-A. Internacional General Mariano Escobedo)", 
                "departure_time": "21:50"
            }, 
            {
                "arrival_airport": "Le\u00f3n, Guanajuato (BJX-Del Baj\u00edo)", 
                "arrival_time": "05:24", 
                "departure_airport": "Tijuana, Baja California Norte (TIJ-A. Internacional General Abelardo L. Rodr\u00edguez)", 
                "departure_time": "00:10"
            }, 
            {
                "arrival_airport": "Ciudad de M\u00e9xico, Distrito Federal (MEX-A. Internacional de la Ciudad de M\u00e9xico)", 
                "arrival_time": "07:50", 
                "departure_airport": "Le\u00f3n, Guanajuato (BJX-Del Baj\u00edo)", 
                "departure_time": "06:39"
            }, 
            {
                "arrival_airport": "Tuxtla Guti\u00e9rrez (TGZ-Aeropuerto Internacional \u00c1ngel Albino Corzo)", 
                "arrival_time": "12:53", 
                "departure_airport": "Ciudad de M\u00e9xico, Distrito Federal (MEX-A. Internacional de la Ciudad de M\u00e9xico)", 
                "departure_time": "11:05"
            }
        ], 
        "ticket price": "25234.00", 
        "airline": "Aeromexico"
    }, 
    {
        "arrival": ", ", 
        "consult date": "10/05/2018", 
        "flight duration": "0 days 11 hours 14 minutes", 
        "plane": "Embraer 190", 
        "departure date": "21/07/2018", 
        "stops": "2", 
        "plane code": "E90", 
        "departure": ", Monterrey", 
        "timings": [
            {
                "arrival_airport": "Tijuana, Baja California Norte (TIJ-A. Internacional General Abelardo L. Rodr\u00edguez)", 
                "arrival_time": "22:41", 
                "departure_airport": "Monterrey, Nuevo Le\u00f3n (MTY-A. Internacional General Mariano Escobedo)", 
                "departure_time": "21:50"
            }, 
            {
                "arrival_airport": "Ciudad de M\u00e9xico, Distrito Federal (MEX-A. Internacional de la Ciudad de M\u00e9xico)", 
                "arrival_time": "05:35", 
                "departure_airport": "Tijuana, Baja California Norte (TIJ-A. Internacional General Abelardo L. Rodr\u00edguez)", 
                "departure_time": "23:52"
            }, 
            {
                "arrival_airport": "Tuxtla Guti\u00e9rrez (TGZ-Aeropuerto Internacional \u00c1ngel Albino Corzo)", 
                "arrival_time": "09:04", 
                "departure_airport": "Ciudad de M\u00e9xico, Distrito Federal (MEX-A. Internacional de la Ciudad de M\u00e9xico)", 
                "departure_time": "07:15"
            }
        ], 
        "ticket price": "25234.00", 
        "airline": "Aeromexico"
    }, 
    {
        "arrival": ", ", 
        "consult date": "10/05/2018", 
        "flight duration": "0 days 2 hours 5 minutes", 
        "plane": "", 
        "departure date": "21/07/2018", 
        "stops": 0, 
        "plane code": "", 
        "departure": ", Monterrey", 
        "timings": [
            {
                "arrival_airport": "Tuxtla Guti\u00e9rrez (TGZ-Aeropuerto Internacional \u00c1ngel Albino Corzo)", 
                "arrival_time": "09:30", 
                "departure_airport": "Monterrey, Nuevo Le\u00f3n (MTY-A. Internacional General Mariano Escobedo)", 
                "departure_time": "07:25"
            }
        ], 
        "ticket price": "4193.84", 
        "airline": "VivaAerobus"
    }, 
    {
        "arrival": ", ", 
        "consult date": "10/05/2018", 
        "flight duration": "0 days 4 hours 34 minutes", 
        "plane": "BOEING 737-800 SCIMITAR WINGLETS", 
        "departure date": "21/07/2018", 
        "stops": "1", 
        "plane code": "7S8", 
        "departure": ", Monterrey", 
        "timings": [
            {
                "arrival_airport": "Ciudad de M\u00e9xico, Distrito Federal (MEX-A. Internacional de la Ciudad de M\u00e9xico)", 
                "arrival_time": "12:05", 
                "departure_airport": "Monterrey, Nuevo Le\u00f3n (MTY-A. Internacional General Mariano Escobedo)", 
                "departure_time": "10:25"
            }, 
            {
                "arrival_airport": "Tuxtla Guti\u00e9rrez (TGZ-Aeropuerto Internacional \u00c1ngel Albino Corzo)", 
                "arrival_time": "14:59", 
                "departure_airport": "Ciudad de M\u00e9xico, Distrito Federal (MEX-A. Internacional de la Ciudad de M\u00e9xico)", 
                "departure_time": "13:10"
            }
        ], 
        "ticket price": "4568.00", 
        "airline": "Aeromexico"
    }, 
    {
        "arrival": ", ", 
        "consult date": "10/05/2018", 
        "flight duration": "0 days 5 hours 34 minutes", 
        "plane": "", 
        "departure date": "21/07/2018", 
        "stops": "1", 
        "plane code": "", 
        "departure": ", Monterrey", 
        "timings": [
            {
                "arrival_airport": "Ciudad de M\u00e9xico, Distrito Federal (MEX-A. Internacional de la Ciudad de M\u00e9xico)", 
                "arrival_time": "11:05", 
                "departure_airport": "Monterrey, Nuevo Le\u00f3n (MTY-A. Internacional General Mariano Escobedo)", 
                "departure_time": "09:25"
            }, 
            {
                "arrival_airport": "Tuxtla Guti\u00e9rrez (TGZ-Aeropuerto Internacional \u00c1ngel Albino Corzo)", 
                "arrival_time": "14:59", 
                "departure_airport": "Ciudad de M\u00e9xico, Distrito Federal (MEX-A. Internacional de la Ciudad de M\u00e9xico)", 
                "departure_time": "13:10"
            }
        ], 
        "ticket price": "4568.00", 
        "airline": "Aeromexico"
    }, 
    {
        "arrival": ", ", 
        "consult date": "10/05/2018", 
        "flight duration": "0 days 14 hours 5 minutes", 
        "plane": "", 
        "departure date": "21/07/2018", 
        "stops": "1", 
        "plane code": "", 
        "departure": ", Monterrey", 
        "timings": [
            {
                "arrival_airport": "Ciudad de M\u00e9xico, Distrito Federal (MEX-A. Internacional de la Ciudad de M\u00e9xico)", 
                "arrival_time": "07:45", 
                "departure_airport": "Monterrey, Nuevo Le\u00f3n (MTY-A. Internacional General Mariano Escobedo)", 
                "departure_time": "06:15"
            }, 
            {
                "arrival_airport": "Tuxtla Guti\u00e9rrez (TGZ-Aeropuerto Internacional \u00c1ngel Albino Corzo)", 
                "arrival_time": "20:20", 
                "departure_airport": "Ciudad de M\u00e9xico, Distrito Federal (MEX-A. Internacional de la Ciudad de M\u00e9xico)", 
                "departure_time": "18:50"
            }
        ], 
        "ticket price": "4796.02", 
        "airline": "Interjet"
    }, 
    {
        "arrival": ", ", 
        "consult date": "10/05/2018", 
        "flight duration": "0 days 8 hours 35 minutes", 
        "plane": "", 
        "departure date": "21/07/2018", 
        "stops": "1", 
        "plane code": "", 
        "departure": ", Monterrey", 
        "timings": [
            {
                "arrival_airport": "Ciudad de M\u00e9xico, Distrito Federal (MEX-A. Internacional de la Ciudad de M\u00e9xico)", 
                "arrival_time": "13:15", 
                "departure_airport": "Monterrey, Nuevo Le\u00f3n (MTY-A. Internacional General Mariano Escobedo)", 
                "departure_time": "11:45"
            }, 
            {
                "arrival_airport": "Tuxtla Guti\u00e9rrez (TGZ-Aeropuerto Internacional \u00c1ngel Albino Corzo)", 
                "arrival_time": "20:20", 
                "departure_airport": "Ciudad de M\u00e9xico, Distrito Federal (MEX-A. Internacional de la Ciudad de M\u00e9xico)", 
                "departure_time": "18:50"
            }
        ], 
        "ticket price": "4796.02", 
        "airline": "Interjet"
    }, 
    {
        "arrival": ", ", 
        "consult date": "10/05/2018", 
        "flight duration": "0 days 7 hours 0 minutes", 
        "plane": "", 
        "departure date": "21/07/2018", 
        "stops": "1", 
        "plane code": "", 
        "departure": ", Monterrey", 
        "timings": [
            {
                "arrival_airport": "Ciudad de M\u00e9xico, Distrito Federal (MEX-A. Internacional de la Ciudad de M\u00e9xico)", 
                "arrival_time": "14:50", 
                "departure_airport": "Monterrey, Nuevo Le\u00f3n (MTY-A. Internacional General Mariano Escobedo)", 
                "departure_time": "13:20"
            }, 
            {
                "arrival_airport": "Tuxtla Guti\u00e9rrez (TGZ-Aeropuerto Internacional \u00c1ngel Albino Corzo)", 
                "arrival_time": "20:20", 
                "departure_airport": "Ciudad de M\u00e9xico, Distrito Federal (MEX-A. Internacional de la Ciudad de M\u00e9xico)", 
                "departure_time": "18:50"
            }
        ], 
        "ticket price": "4796.02", 
        "airline": "Interjet"
    }, 
    {
        "arrival": ", ", 
        "consult date": "10/05/2018", 
        "flight duration": "0 days 5 hours 45 minutes", 
        "plane": "", 
        "departure date": "21/07/2018", 
        "stops": "1", 
        "plane code": "", 
        "departure": ", Monterrey", 
        "timings": [
            {
                "arrival_airport": "Ciudad de M\u00e9xico, Distrito Federal (MEX-A. Internacional de la Ciudad de M\u00e9xico)", 
                "arrival_time": "07:45", 
                "departure_airport": "Monterrey, Nuevo Le\u00f3n (MTY-A. Internacional General Mariano Escobedo)", 
                "departure_time": "06:15"
            }, 
            {
                "arrival_airport": "Tuxtla Guti\u00e9rrez (TGZ-Aeropuerto Internacional \u00c1ngel Albino Corzo)", 
                "arrival_time": "12:00", 
                "departure_airport": "Ciudad de M\u00e9xico, Distrito Federal (MEX-A. Internacional de la Ciudad de M\u00e9xico)", 
                "departure_time": "10:35"
            }
        ], 
        "ticket price": "4796.02", 
        "airline": "Interjet"
    }, 
    {
        "arrival": ", ", 
        "consult date": "10/05/2018", 
        "flight duration": "0 days 14 hours 45 minutes", 
        "plane": "", 
        "departure date": "21/07/2018", 
        "stops": "1", 
        "plane code": "", 
        "departure": ", Monterrey", 
        "timings": [
            {
                "arrival_airport": "Ciudad de M\u00e9xico, Distrito Federal (MEX-A. Internacional de la Ciudad de M\u00e9xico)", 
                "arrival_time": "08:55", 
                "departure_airport": "Monterrey, Nuevo Le\u00f3n (MTY-A. Internacional General Mariano Escobedo)", 
                "departure_time": "07:25"
            }, 
            {
                "arrival_airport": "Tuxtla Guti\u00e9rrez (TGZ-Aeropuerto Internacional \u00c1ngel Albino Corzo)", 
                "arrival_time": "22:10", 
                "departure_airport": "Ciudad de M\u00e9xico, Distrito Federal (MEX-A. Internacional de la Ciudad de M\u00e9xico)", 
                "departure_time": "20:40"
            }
        ], 
        "ticket price": "4796.02", 
        "airline": "Interjet"
    }, 
    {
        "arrival": ", ", 
        "consult date": "10/05/2018", 
        "flight duration": "0 days 12 hours 55 minutes", 
        "plane": "", 
        "departure date": "21/07/2018", 
        "stops": "1", 
        "plane code": "", 
        "departure": ", Monterrey", 
        "timings": [
            {
                "arrival_airport": "Ciudad de M\u00e9xico, Distrito Federal (MEX-A. Internacional de la Ciudad de M\u00e9xico)", 
                "arrival_time": "08:55", 
                "departure_airport": "Monterrey, Nuevo Le\u00f3n (MTY-A. Internacional General Mariano Escobedo)", 
                "departure_time": "07:25"
            }, 
            {
                "arrival_airport": "Tuxtla Guti\u00e9rrez (TGZ-Aeropuerto Internacional \u00c1ngel Albino Corzo)", 
                "arrival_time": "20:20", 
                "departure_airport": "Ciudad de M\u00e9xico, Distrito Federal (MEX-A. Internacional de la Ciudad de M\u00e9xico)", 
                "departure_time": "18:50"
            }
        ], 
        "ticket price": "4796.02", 
        "airline": "Interjet"
    }, 
    {
        "arrival": ", ", 
        "consult date": "10/05/2018", 
        "flight duration": "0 days 7 hours 55 minutes", 
        "plane": "", 
        "departure date": "21/07/2018", 
        "stops": "1", 
        "plane code": "", 
        "departure": ", Monterrey", 
        "timings": [
            {
                "arrival_airport": "Ciudad de M\u00e9xico, Distrito Federal (MEX-A. Internacional de la Ciudad de M\u00e9xico)", 
                "arrival_time": "13:55", 
                "departure_airport": "Monterrey, Nuevo Le\u00f3n (MTY-A. Internacional General Mariano Escobedo)", 
                "departure_time": "12:25"
            }, 
            {
                "arrival_airport": "Tuxtla Guti\u00e9rrez (TGZ-Aeropuerto Internacional \u00c1ngel Albino Corzo)", 
                "arrival_time": "20:20", 
                "departure_airport": "Ciudad de M\u00e9xico, Distrito Federal (MEX-A. Internacional de la Ciudad de M\u00e9xico)", 
                "departure_time": "18:50"
            }
        ], 
        "ticket price": "4796.02", 
        "airline": "Interjet"
    }, 
    {
        "arrival": ", ", 
        "consult date": "10/05/2018", 
        "flight duration": "0 days 10 hours 25 minutes", 
        "plane": "", 
        "departure date": "21/07/2018", 
        "stops": "1", 
        "plane code": "", 
        "departure": ", Monterrey", 
        "timings": [
            {
                "arrival_airport": "Ciudad de M\u00e9xico, Distrito Federal (MEX-A. Internacional de la Ciudad de M\u00e9xico)", 
                "arrival_time": "13:15", 
                "departure_airport": "Monterrey, Nuevo Le\u00f3n (MTY-A. Internacional General Mariano Escobedo)", 
                "departure_time": "11:45"
            }, 
            {
                "arrival_airport": "Tuxtla Guti\u00e9rrez (TGZ-Aeropuerto Internacional \u00c1ngel Albino Corzo)", 
                "arrival_time": "22:10", 
                "departure_airport": "Ciudad de M\u00e9xico, Distrito Federal (MEX-A. Internacional de la Ciudad de M\u00e9xico)", 
                "departure_time": "20:40"
            }
        ], 
        "ticket price": "4796.02", 
        "airline": "Interjet"
    }, 
    {
        "arrival": ", ", 
        "consult date": "10/05/2018", 
        "flight duration": "0 days 8 hours 50 minutes", 
        "plane": "", 
        "departure date": "21/07/2018", 
        "stops": "1", 
        "plane code": "", 
        "departure": ", Monterrey", 
        "timings": [
            {
                "arrival_airport": "Ciudad de M\u00e9xico, Distrito Federal (MEX-A. Internacional de la Ciudad de M\u00e9xico)", 
                "arrival_time": "14:50", 
                "departure_airport": "Monterrey, Nuevo Le\u00f3n (MTY-A. Internacional General Mariano Escobedo)", 
                "departure_time": "13:20"
            }, 
            {
                "arrival_airport": "Tuxtla Guti\u00e9rrez (TGZ-Aeropuerto Internacional \u00c1ngel Albino Corzo)", 
                "arrival_time": "22:10", 
                "departure_airport": "Ciudad de M\u00e9xico, Distrito Federal (MEX-A. Internacional de la Ciudad de M\u00e9xico)", 
                "departure_time": "20:40"
            }
        ], 
        "ticket price": "4796.02", 
        "airline": "Interjet"
    }, 
    {
        "arrival": ", ", 
        "consult date": "10/05/2018", 
        "flight duration": "0 days 9 hours 45 minutes", 
        "plane": "", 
        "departure date": "21/07/2018", 
        "stops": "1", 
        "plane code": "", 
        "departure": ", Monterrey", 
        "timings": [
            {
                "arrival_airport": "Ciudad de M\u00e9xico, Distrito Federal (MEX-A. Internacional de la Ciudad de M\u00e9xico)", 
                "arrival_time": "13:55", 
                "departure_airport": "Monterrey, Nuevo Le\u00f3n (MTY-A. Internacional General Mariano Escobedo)", 
                "departure_time": "12:25"
            }, 
            {
                "arrival_airport": "Tuxtla Guti\u00e9rrez (TGZ-Aeropuerto Internacional \u00c1ngel Albino Corzo)", 
                "arrival_time": "22:10", 
                "departure_airport": "Ciudad de M\u00e9xico, Distrito Federal (MEX-A. Internacional de la Ciudad de M\u00e9xico)", 
                "departure_time": "20:40"
            }
        ], 
        "ticket price": "4796.02", 
        "airline": "Interjet"
    }, 
    {
        "arrival": ", ", 
        "consult date": "10/05/2018", 
        "flight duration": "0 days 4 hours 35 minutes", 
        "plane": "", 
        "departure date": "21/07/2018", 
        "stops": "1", 
        "plane code": "", 
        "departure": ", Monterrey", 
        "timings": [
            {
                "arrival_airport": "Ciudad de M\u00e9xico, Distrito Federal (MEX-A. Internacional de la Ciudad de M\u00e9xico)", 
                "arrival_time": "08:55", 
                "departure_airport": "Monterrey, Nuevo Le\u00f3n (MTY-A. Internacional General Mariano Escobedo)", 
                "departure_time": "07:25"
            }, 
            {
                "arrival_airport": "Tuxtla Guti\u00e9rrez (TGZ-Aeropuerto Internacional \u00c1ngel Albino Corzo)", 
                "arrival_time": "12:00", 
                "departure_airport": "Ciudad de M\u00e9xico, Distrito Federal (MEX-A. Internacional de la Ciudad de M\u00e9xico)", 
                "departure_time": "10:35"
            }
        ], 
        "ticket price": "4796.02", 
        "airline": "Interjet"
    }, 
    {
        "arrival": ", ", 
        "consult date": "10/05/2018", 
        "flight duration": "0 days 9 hours 40 minutes", 
        "plane": "", 
        "departure date": "21/07/2018", 
        "stops": "1", 
        "plane code": "", 
        "departure": ", Monterrey", 
        "timings": [
            {
                "arrival_airport": "Ciudad de M\u00e9xico, Distrito Federal (MEX-A. Internacional de la Ciudad de M\u00e9xico)", 
                "arrival_time": "12:10", 
                "departure_airport": "Monterrey, Nuevo Le\u00f3n (MTY-A. Internacional General Mariano Escobedo)", 
                "departure_time": "10:40"
            }, 
            {
                "arrival_airport": "Tuxtla Guti\u00e9rrez (TGZ-Aeropuerto Internacional \u00c1ngel Albino Corzo)", 
                "arrival_time": "20:20", 
                "departure_airport": "Ciudad de M\u00e9xico, Distrito Federal (MEX-A. Internacional de la Ciudad de M\u00e9xico)", 
                "departure_time": "18:50"
            }
        ], 
        "ticket price": "4796.02", 
        "airline": "Interjet"
    }, 
    {
        "arrival": ", ", 
        "consult date": "10/05/2018", 
        "flight duration": "0 days 11 hours 30 minutes", 
        "plane": "", 
        "departure date": "21/07/2018", 
        "stops": "1", 
        "plane code": "", 
        "departure": ", Monterrey", 
        "timings": [
            {
                "arrival_airport": "Ciudad de M\u00e9xico, Distrito Federal (MEX-A. Internacional de la Ciudad de M\u00e9xico)", 
                "arrival_time": "12:10", 
                "departure_airport": "Monterrey, Nuevo Le\u00f3n (MTY-A. Internacional General Mariano Escobedo)", 
                "departure_time": "10:40"
            }, 
            {
                "arrival_airport": "Tuxtla Guti\u00e9rrez (TGZ-Aeropuerto Internacional \u00c1ngel Albino Corzo)", 
                "arrival_time": "22:10", 
                "departure_airport": "Ciudad de M\u00e9xico, Distrito Federal (MEX-A. Internacional de la Ciudad de M\u00e9xico)", 
                "departure_time": "20:40"
            }
        ], 
        "ticket price": "4796.02", 
        "airline": "Interjet"
    }, 
    {
        "arrival": ", ", 
        "consult date": "10/05/2018", 
        "flight duration": "0 days 9 hours 55 minutes", 
        "plane": "", 
        "departure date": "21/07/2018", 
        "stops": "1", 
        "plane code": "", 
        "departure": ", Monterrey", 
        "timings": [
            {
                "arrival_airport": "Ciudad de M\u00e9xico, Distrito Federal (MEX-A. Internacional de la Ciudad de M\u00e9xico)", 
                "arrival_time": "08:55", 
                "departure_airport": "Monterrey, Nuevo Le\u00f3n (MTY-A. Internacional General Mariano Escobedo)", 
                "departure_time": "07:25"
            }, 
            {
                "arrival_airport": "Tuxtla Guti\u00e9rrez (TGZ-Aeropuerto Internacional \u00c1ngel Albino Corzo)", 
                "arrival_time": "17:20", 
                "departure_airport": "Ciudad de M\u00e9xico, Distrito Federal (MEX-A. Internacional de la Ciudad de M\u00e9xico)", 
                "departure_time": "15:50"
            }
        ], 
        "ticket price": "5144.02", 
        "airline": "Interjet"
    }, 
    {
        "arrival": ", ", 
        "consult date": "10/05/2018", 
        "flight duration": "0 days 5 hours 35 minutes", 
        "plane": "", 
        "departure date": "21/07/2018", 
        "stops": "1", 
        "plane code": "", 
        "departure": ", Monterrey", 
        "timings": [
            {
                "arrival_airport": "Ciudad de M\u00e9xico, Distrito Federal (MEX-A. Internacional de la Ciudad de M\u00e9xico)", 
                "arrival_time": "13:15", 
                "departure_airport": "Monterrey, Nuevo Le\u00f3n (MTY-A. Internacional General Mariano Escobedo)", 
                "departure_time": "11:45"
            }, 
            {
                "arrival_airport": "Tuxtla Guti\u00e9rrez (TGZ-Aeropuerto Internacional \u00c1ngel Albino Corzo)", 
                "arrival_time": "17:20", 
                "departure_airport": "Ciudad de M\u00e9xico, Distrito Federal (MEX-A. Internacional de la Ciudad de M\u00e9xico)", 
                "departure_time": "15:50"
            }
        ], 
        "ticket price": "5144.02", 
        "airline": "Interjet"
    }, 
    {
        "arrival": ", ", 
        "consult date": "10/05/2018", 
        "flight duration": "0 days 11 hours 5 minutes", 
        "plane": "", 
        "departure date": "21/07/2018", 
        "stops": "1", 
        "plane code": "", 
        "departure": ", Monterrey", 
        "timings": [
            {
                "arrival_airport": "Ciudad de M\u00e9xico, Distrito Federal (MEX-A. Internacional de la Ciudad de M\u00e9xico)", 
                "arrival_time": "07:45", 
                "departure_airport": "Monterrey, Nuevo Le\u00f3n (MTY-A. Internacional General Mariano Escobedo)", 
                "departure_time": "06:15"
            }, 
            {
                "arrival_airport": "Tuxtla Guti\u00e9rrez (TGZ-Aeropuerto Internacional \u00c1ngel Albino Corzo)", 
                "arrival_time": "17:20", 
                "departure_airport": "Ciudad de M\u00e9xico, Distrito Federal (MEX-A. Internacional de la Ciudad de M\u00e9xico)", 
                "departure_time": "15:50"
            }
        ], 
        "ticket price": "5144.02", 
        "airline": "Interjet"
    }, 
    {
        "arrival": ", ", 
        "consult date": "10/05/2018", 
        "flight duration": "0 days 4 hours 55 minutes", 
        "plane": "", 
        "departure date": "21/07/2018", 
        "stops": "1", 
        "plane code": "", 
        "departure": ", Monterrey", 
        "timings": [
            {
                "arrival_airport": "Ciudad de M\u00e9xico, Distrito Federal (MEX-A. Internacional de la Ciudad de M\u00e9xico)", 
                "arrival_time": "13:55", 
                "departure_airport": "Monterrey, Nuevo Le\u00f3n (MTY-A. Internacional General Mariano Escobedo)", 
                "departure_time": "12:25"
            }, 
            {
                "arrival_airport": "Tuxtla Guti\u00e9rrez (TGZ-Aeropuerto Internacional \u00c1ngel Albino Corzo)", 
                "arrival_time": "17:20", 
                "departure_airport": "Ciudad de M\u00e9xico, Distrito Federal (MEX-A. Internacional de la Ciudad de M\u00e9xico)", 
                "departure_time": "15:50"
            }
        ], 
        "ticket price": "5144.02", 
        "airline": "Interjet"
    }, 
    {
        "arrival": ", ", 
        "consult date": "10/05/2018", 
        "flight duration": "0 days 6 hours 40 minutes", 
        "plane": "", 
        "departure date": "21/07/2018", 
        "stops": "1", 
        "plane code": "", 
        "departure": ", Monterrey", 
        "timings": [
            {
                "arrival_airport": "Ciudad de M\u00e9xico, Distrito Federal (MEX-A. Internacional de la Ciudad de M\u00e9xico)", 
                "arrival_time": "12:10", 
                "departure_airport": "Monterrey, Nuevo Le\u00f3n (MTY-A. Internacional General Mariano Escobedo)", 
                "departure_time": "10:40"
            }, 
            {
                "arrival_airport": "Tuxtla Guti\u00e9rrez (TGZ-Aeropuerto Internacional \u00c1ngel Albino Corzo)", 
                "arrival_time": "17:20", 
                "departure_airport": "Ciudad de M\u00e9xico, Distrito Federal (MEX-A. Internacional de la Ciudad de M\u00e9xico)", 
                "departure_time": "15:50"
            }
        ], 
        "ticket price": "5144.02", 
        "airline": "Interjet"
    }, 
    {
        "arrival": ", ", 
        "consult date": "10/05/2018", 
        "flight duration": "0 days 8 hours 4 minutes", 
        "plane": "BOEING 737-800 SCIMITAR WINGLETS", 
        "departure date": "21/07/2018", 
        "stops": "1", 
        "plane code": "7S8", 
        "departure": ", Monterrey", 
        "timings": [
            {
                "arrival_airport": "Ciudad de M\u00e9xico, Distrito Federal (MEX-A. Internacional de la Ciudad de M\u00e9xico)", 
                "arrival_time": "12:05", 
                "departure_airport": "Monterrey, Nuevo Le\u00f3n (MTY-A. Internacional General Mariano Escobedo)", 
                "departure_time": "10:25"
            }, 
            {
                "arrival_airport": "Tuxtla Guti\u00e9rrez (TGZ-Aeropuerto Internacional \u00c1ngel Albino Corzo)", 
                "arrival_time": "18:29", 
                "departure_airport": "Ciudad de M\u00e9xico, Distrito Federal (MEX-A. Internacional de la Ciudad de M\u00e9xico)", 
                "departure_time": "16:40"
            }
        ], 
        "ticket price": "5264.00", 
        "airline": "Aeromexico"
    }, 
    {
        "arrival": ", ", 
        "consult date": "10/05/2018", 
        "flight duration": "0 days 8 hours 4 minutes", 
        "plane": "BOEING 737-800 SCIMITAR WINGLETS", 
        "departure date": "21/07/2018", 
        "stops": "1", 
        "plane code": "7S8", 
        "departure": ", Monterrey", 
        "timings": [
            {
                "arrival_airport": "Ciudad de M\u00e9xico, Distrito Federal (MEX-A. Internacional de la Ciudad de M\u00e9xico)", 
                "arrival_time": "08:35", 
                "departure_airport": "Monterrey, Nuevo Le\u00f3n (MTY-A. Internacional General Mariano Escobedo)", 
                "departure_time": "06:55"
            }, 
            {
                "arrival_airport": "Tuxtla Guti\u00e9rrez (TGZ-Aeropuerto Internacional \u00c1ngel Albino Corzo)", 
                "arrival_time": "14:59", 
                "departure_airport": "Ciudad de M\u00e9xico, Distrito Federal (MEX-A. Internacional de la Ciudad de M\u00e9xico)", 
                "departure_time": "13:10"
            }
        ], 
        "ticket price": "5264.00", 
        "airline": "Aeromexico"
    }, 
    {
        "arrival": ", ", 
        "consult date": "10/05/2018", 
        "flight duration": "0 days 5 hours 58 minutes", 
        "plane": "BOEING 737-800 SCIMITAR WINGLETS", 
        "departure date": "21/07/2018", 
        "stops": "1", 
        "plane code": "7S8", 
        "departure": ", Monterrey", 
        "timings": [
            {
                "arrival_airport": "Ciudad de M\u00e9xico, Distrito Federal (MEX-A. Internacional de la Ciudad de M\u00e9xico)", 
                "arrival_time": "08:35", 
                "departure_airport": "Monterrey, Nuevo Le\u00f3n (MTY-A. Internacional General Mariano Escobedo)", 
                "departure_time": "06:55"
            }, 
            {
                "arrival_airport": "Tuxtla Guti\u00e9rrez (TGZ-Aeropuerto Internacional \u00c1ngel Albino Corzo)", 
                "arrival_time": "12:53", 
                "departure_airport": "Ciudad de M\u00e9xico, Distrito Federal (MEX-A. Internacional de la Ciudad de M\u00e9xico)", 
                "departure_time": "11:05"
            }
        ], 
        "ticket price": "5264.00", 
        "airline": "Aeromexico"
    }, 
    {
        "arrival": ", ", 
        "consult date": "10/05/2018", 
        "flight duration": "0 days 13 hours 10 minutes", 
        "plane": "", 
        "departure date": "21/07/2018", 
        "stops": "1", 
        "plane code": "", 
        "departure": ", Monterrey", 
        "timings": [
            {
                "arrival_airport": "Ciudad de M\u00e9xico, Distrito Federal (MEX-A. Internacional de la Ciudad de M\u00e9xico)", 
                "arrival_time": "20:45", 
                "departure_airport": "Monterrey, Nuevo Le\u00f3n (MTY-A. Internacional General Mariano Escobedo)", 
                "departure_time": "19:10"
            }, 
            {
                "arrival_airport": "Tuxtla Guti\u00e9rrez (TGZ-Aeropuerto Internacional \u00c1ngel Albino Corzo)", 
                "arrival_time": "08:20", 
                "departure_airport": "Ciudad de M\u00e9xico, Distrito Federal (MEX-A. Internacional de la Ciudad de M\u00e9xico)", 
                "departure_time": "06:50"
            }
        ], 
        "ticket price": "5782.02", 
        "airline": "Interjet"
    }, 
    {
        "arrival": ", ", 
        "consult date": "10/05/2018", 
        "flight duration": "0 days 7 hours 1 minutes", 
        "plane": "", 
        "departure date": "21/07/2018", 
        "stops": "1", 
        "plane code": "", 
        "departure": ", Monterrey", 
        "timings": [
            {
                "arrival_airport": "Ciudad de M\u00e9xico, Distrito Federal (MEX-A. Internacional de la Ciudad de M\u00e9xico)", 
                "arrival_time": "13:05", 
                "departure_airport": "Monterrey, Nuevo Le\u00f3n (MTY-A. Internacional General Mariano Escobedo)", 
                "departure_time": "11:28"
            }, 
            {
                "arrival_airport": "Tuxtla Guti\u00e9rrez (TGZ-Aeropuerto Internacional \u00c1ngel Albino Corzo)", 
                "arrival_time": "18:29", 
                "departure_airport": "Ciudad de M\u00e9xico, Distrito Federal (MEX-A. Internacional de la Ciudad de M\u00e9xico)", 
                "departure_time": "16:40"
            }
        ], 
        "ticket price": "5960.00", 
        "airline": "Aeromexico"
    }, 
    {
        "arrival": ", ", 
        "consult date": "10/05/2018", 
        "flight duration": "0 days 4 hours 53 minutes", 
        "plane": "BOEING 737-800 SCIMITAR WINGLETS", 
        "departure date": "21/07/2018", 
        "stops": "1", 
        "plane code": "7S8", 
        "departure": ", Monterrey", 
        "timings": [
            {
                "arrival_airport": "Ciudad de M\u00e9xico, Distrito Federal (MEX-A. Internacional de la Ciudad de M\u00e9xico)", 
                "arrival_time": "20:00", 
                "departure_airport": "Monterrey, Nuevo Le\u00f3n (MTY-A. Internacional General Mariano Escobedo)", 
                "departure_time": "18:20"
            }, 
            {
                "arrival_airport": "Tuxtla Guti\u00e9rrez (TGZ-Aeropuerto Internacional \u00c1ngel Albino Corzo)", 
                "arrival_time": "23:13", 
                "departure_airport": "Ciudad de M\u00e9xico, Distrito Federal (MEX-A. Internacional de la Ciudad de M\u00e9xico)", 
                "departure_time": "21:30"
            }
        ], 
        "ticket price": "5960.00", 
        "airline": "Aeromexico"
    }, 
    {
        "arrival": ", ", 
        "consult date": "10/05/2018", 
        "flight duration": "0 days 4 hours 8 minutes", 
        "plane": "", 
        "departure date": "21/07/2018", 
        "stops": "1", 
        "plane code": "", 
        "departure": ", Monterrey", 
        "timings": [
            {
                "arrival_airport": "Ciudad de M\u00e9xico, Distrito Federal (MEX-A. Internacional de la Ciudad de M\u00e9xico)", 
                "arrival_time": "15:55", 
                "departure_airport": "Monterrey, Nuevo Le\u00f3n (MTY-A. Internacional General Mariano Escobedo)", 
                "departure_time": "14:21"
            }, 
            {
                "arrival_airport": "Tuxtla Guti\u00e9rrez (TGZ-Aeropuerto Internacional \u00c1ngel Albino Corzo)", 
                "arrival_time": "18:29", 
                "departure_airport": "Ciudad de M\u00e9xico, Distrito Federal (MEX-A. Internacional de la Ciudad de M\u00e9xico)", 
                "departure_time": "16:40"
            }
        ], 
        "ticket price": "5960.00", 
        "airline": "Aeromexico"
    }, 
    {
        "arrival": ", ", 
        "consult date": "10/05/2018", 
        "flight duration": "0 days 10 hours 40 minutes", 
        "plane": "", 
        "departure date": "21/07/2018", 
        "stops": "1", 
        "plane code": "", 
        "departure": ", Monterrey", 
        "timings": [
            {
                "arrival_airport": "Ciudad de M\u00e9xico, Distrito Federal (MEX-A. Internacional de la Ciudad de M\u00e9xico)", 
                "arrival_time": "00:12", 
                "departure_airport": "Monterrey, Nuevo Le\u00f3n (MTY-A. Internacional General Mariano Escobedo)", 
                "departure_time": "22:31"
            }, 
            {
                "arrival_airport": "Tuxtla Guti\u00e9rrez (TGZ-Aeropuerto Internacional \u00c1ngel Albino Corzo)", 
                "arrival_time": "09:11", 
                "departure_airport": "Ciudad de M\u00e9xico, Distrito Federal (MEX-A. Internacional de la Ciudad de M\u00e9xico)", 
                "departure_time": "07:18"
            }
        ], 
        "ticket price": "7202.00", 
        "airline": "Volaris"
    }, 
    {
        "arrival": ", ", 
        "consult date": "10/05/2018", 
        "flight duration": "0 days 7 hours 50 minutes", 
        "plane": "Boeing 737", 
        "departure date": "21/07/2018", 
        "stops": "1", 
        "plane code": "737", 
        "departure": ", Monterrey", 
        "timings": [
            {
                "arrival_airport": "Ciudad de M\u00e9xico, Distrito Federal (MEX-A. Internacional de la Ciudad de M\u00e9xico)", 
                "arrival_time": "17:00", 
                "departure_airport": "Monterrey, Nuevo Le\u00f3n (MTY-A. Internacional General Mariano Escobedo)", 
                "departure_time": "15:23"
            }, 
            {
                "arrival_airport": "Tuxtla Guti\u00e9rrez (TGZ-Aeropuerto Internacional \u00c1ngel Albino Corzo)", 
                "arrival_time": "23:13", 
                "departure_airport": "Ciudad de M\u00e9xico, Distrito Federal (MEX-A. Internacional de la Ciudad de M\u00e9xico)", 
                "departure_time": "21:30"
            }
        ], 
        "ticket price": "7352.00", 
        "airline": "Aeromexico"
    }, 
    {
        "arrival": ", ", 
        "consult date": "10/05/2018", 
        "flight duration": "0 days 4 hours 58 minutes", 
        "plane": "Boeing 737", 
        "departure date": "21/07/2018", 
        "stops": "1", 
        "plane code": "737", 
        "departure": ", Monterrey", 
        "timings": [
            {
                "arrival_airport": "Ciudad de M\u00e9xico, Distrito Federal (MEX-A. Internacional de la Ciudad de M\u00e9xico)", 
                "arrival_time": "09:35", 
                "departure_airport": "Monterrey, Nuevo Le\u00f3n (MTY-A. Internacional General Mariano Escobedo)", 
                "departure_time": "07:55"
            }, 
            {
                "arrival_airport": "Tuxtla Guti\u00e9rrez (TGZ-Aeropuerto Internacional \u00c1ngel Albino Corzo)", 
                "arrival_time": "12:53", 
                "departure_airport": "Ciudad de M\u00e9xico, Distrito Federal (MEX-A. Internacional de la Ciudad de M\u00e9xico)", 
                "departure_time": "11:05"
            }
        ], 
        "ticket price": "7352.00", 
        "airline": "Aeromexico"
    }, 
    {
        "arrival": ", ", 
        "consult date": "10/05/2018", 
        "flight duration": "0 days 5 hours 53 minutes", 
        "plane": "Boeing 737", 
        "departure date": "21/07/2018", 
        "stops": "1", 
        "plane code": "737", 
        "departure": ", Monterrey", 
        "timings": [
            {
                "arrival_airport": "Ciudad de M\u00e9xico, Distrito Federal (MEX-A. Internacional de la Ciudad de M\u00e9xico)", 
                "arrival_time": "19:00", 
                "departure_airport": "Monterrey, Nuevo Le\u00f3n (MTY-A. Internacional General Mariano Escobedo)", 
                "departure_time": "17:20"
            }, 
            {
                "arrival_airport": "Tuxtla Guti\u00e9rrez (TGZ-Aeropuerto Internacional \u00c1ngel Albino Corzo)", 
                "arrival_time": "23:13", 
                "departure_airport": "Ciudad de M\u00e9xico, Distrito Federal (MEX-A. Internacional de la Ciudad de M\u00e9xico)", 
                "departure_time": "21:30"
            }
        ], 
        "ticket price": "7352.00", 
        "airline": "Aeromexico"
    }, 
    {
        "arrival": ", ", 
        "consult date": "10/05/2018", 
        "flight duration": "0 days 6 hours 53 minutes", 
        "plane": "BOEING 737-800 SCIMITAR WINGLETS", 
        "departure date": "21/07/2018", 
        "stops": "1", 
        "plane code": "7S8", 
        "departure": ", Monterrey", 
        "timings": [
            {
                "arrival_airport": "Ciudad de M\u00e9xico, Distrito Federal (MEX-A. Internacional de la Ciudad de M\u00e9xico)", 
                "arrival_time": "17:50", 
                "departure_airport": "Monterrey, Nuevo Le\u00f3n (MTY-A. Internacional General Mariano Escobedo)", 
                "departure_time": "16:20"
            }, 
            {
                "arrival_airport": "Tuxtla Guti\u00e9rrez (TGZ-Aeropuerto Internacional \u00c1ngel Albino Corzo)", 
                "arrival_time": "23:13", 
                "departure_airport": "Ciudad de M\u00e9xico, Distrito Federal (MEX-A. Internacional de la Ciudad de M\u00e9xico)", 
                "departure_time": "21:30"
            }
        ], 
        "ticket price": "7352.00", 
        "airline": "Aeromexico"
    }, 
    {
        "arrival": ", ", 
        "consult date": "10/05/2018", 
        "flight duration": "0 days 7 hours 4 minutes", 
        "plane": "Boeing 737", 
        "departure date": "21/07/2018", 
        "stops": "1", 
        "plane code": "737", 
        "departure": ", Monterrey", 
        "timings": [
            {
                "arrival_airport": "Ciudad de M\u00e9xico, Distrito Federal (MEX-A. Internacional de la Ciudad de M\u00e9xico)", 
                "arrival_time": "09:35", 
                "departure_airport": "Monterrey, Nuevo Le\u00f3n (MTY-A. Internacional General Mariano Escobedo)", 
                "departure_time": "07:55"
            }, 
            {
                "arrival_airport": "Tuxtla Guti\u00e9rrez (TGZ-Aeropuerto Internacional \u00c1ngel Albino Corzo)", 
                "arrival_time": "14:59", 
                "departure_airport": "Ciudad de M\u00e9xico, Distrito Federal (MEX-A. Internacional de la Ciudad de M\u00e9xico)", 
                "departure_time": "13:10"
            }
        ], 
        "ticket price": "7352.00", 
        "airline": "Aeromexico"
    }, 
    {
        "arrival": ", ", 
        "consult date": "10/05/2018", 
        "flight duration": "0 days 4 hours 0 minutes", 
        "plane": "Embraer 190", 
        "departure date": "21/07/2018", 
        "stops": "1", 
        "plane code": "E90", 
        "departure": ", Monterrey", 
        "timings": [
            {
                "arrival_airport": "Ciudad de M\u00e9xico, Distrito Federal (MEX-A. Internacional de la Ciudad de M\u00e9xico)", 
                "arrival_time": "20:50", 
                "departure_airport": "Monterrey, Nuevo Le\u00f3n (MTY-A. Internacional General Mariano Escobedo)", 
                "departure_time": "19:13"
            }, 
            {
                "arrival_airport": "Tuxtla Guti\u00e9rrez (TGZ-Aeropuerto Internacional \u00c1ngel Albino Corzo)", 
                "arrival_time": "23:13", 
                "departure_airport": "Ciudad de M\u00e9xico, Distrito Federal (MEX-A. Internacional de la Ciudad de M\u00e9xico)", 
                "departure_time": "21:30"
            }
        ], 
        "ticket price": "8048.00", 
        "airline": "Aeromexico"
    }, 
    {
        "arrival": ", ", 
        "consult date": "10/05/2018", 
        "flight duration": "0 days 4 hours 39 minutes", 
        "plane": "Boeing 737", 
        "departure date": "21/07/2018", 
        "stops": "1", 
        "plane code": "737", 
        "departure": ", Monterrey", 
        "timings": [
            {
                "arrival_airport": "Ciudad de M\u00e9xico, Distrito Federal (MEX-A. Internacional de la Ciudad de M\u00e9xico)", 
                "arrival_time": "15:25", 
                "departure_airport": "Monterrey, Nuevo Le\u00f3n (MTY-A. Internacional General Mariano Escobedo)", 
                "departure_time": "13:50"
            }, 
            {
                "arrival_airport": "Tuxtla Guti\u00e9rrez (TGZ-Aeropuerto Internacional \u00c1ngel Albino Corzo)", 
                "arrival_time": "18:29", 
                "departure_airport": "Ciudad de M\u00e9xico, Distrito Federal (MEX-A. Internacional de la Ciudad de M\u00e9xico)", 
                "departure_time": "16:40"
            }
        ], 
        "ticket price": "8048.00", 
        "airline": "Aeromexico"
    }, 
    {
        "arrival": ", ", 
        "consult date": "10/05/2018", 
        "flight duration": "0 days 6 hours 44 minutes", 
        "plane": "", 
        "departure date": "21/07/2018", 
        "stops": "1", 
        "plane code": "", 
        "departure": ", Monterrey", 
        "timings": [
            {
                "arrival_airport": "Canc\u00fan, Quintana Roo (CUN-Aeropuerto Internacional de Canc\u00fan)", 
                "arrival_time": "09:53", 
                "departure_airport": "Monterrey, Nuevo Le\u00f3n (MTY-A. Internacional General Mariano Escobedo)", 
                "departure_time": "07:28"
            }, 
            {
                "arrival_airport": "Tuxtla Guti\u00e9rrez (TGZ-Aeropuerto Internacional \u00c1ngel Albino Corzo)", 
                "arrival_time": "14:12", 
                "departure_airport": "Canc\u00fan, Quintana Roo (CUN-Aeropuerto Internacional de Canc\u00fan)", 
                "departure_time": "12:24"
            }
        ], 
        "ticket price": "8882.00", 
        "airline": "Volaris"
    }
]