[
    {
        "arrival": ", M\u00e9rida", 
        "consult date": "10/05/2018", 
        "flight duration": "0 days 9 hours 25 minutes", 
        "plane": "EMBRAER 170", 
        "departure date": "06/10/2018", 
        "stops": "2", 
        "plane code": "E70", 
        "departure": ", Monterrey", 
        "timings": [
            {
                "arrival_airport": "Ciudad Ju\u00e1rez, Chihuahua (CJS-A. Internacional Abraham Gonz\u00e1lez)", 
                "arrival_time": "09:14", 
                "departure_airport": "Monterrey, Nuevo Le\u00f3n (MTY-A. Internacional General Mariano Escobedo)", 
                "departure_time": "08:24"
            }, 
            {
                "arrival_airport": "Ciudad de M\u00e9xico, Distrito Federal (MEX-A. Internacional de la Ciudad de M\u00e9xico)", 
                "arrival_time": "14:25", 
                "departure_airport": "Ciudad Ju\u00e1rez, Chihuahua (CJS-A. Internacional Abraham Gonz\u00e1lez)", 
                "departure_time": "10:51"
            }, 
            {
                "arrival_airport": "M\u00e9rida, Yucat\u00e1n (MID-A. Internacional Manuel Crescencio Rej\u00f3n)", 
                "arrival_time": "17:49", 
                "departure_airport": "Ciudad de M\u00e9xico, Distrito Federal (MEX-A. Internacional de la Ciudad de M\u00e9xico)", 
                "departure_time": "15:50"
            }
        ], 
        "ticket price": "10237.00", 
        "airline": "Aeromexico"
    }, 
    {
        "arrival": ", M\u00e9rida", 
        "consult date": "10/05/2018", 
        "flight duration": "0 days 10 hours 17 minutes", 
        "plane": "EMBRAER 170", 
        "departure date": "06/10/2018", 
        "stops": "2", 
        "plane code": "E70", 
        "departure": ", Monterrey", 
        "timings": [
            {
                "arrival_airport": "Guadalajara, Jalisco (GDL-Don Miguel Hidalgo y Costilla Intl.)", 
                "arrival_time": "15:04", 
                "departure_airport": "Monterrey, Nuevo Le\u00f3n (MTY-A. Internacional General Mariano Escobedo)", 
                "departure_time": "13:30"
            }, 
            {
                "arrival_airport": "Ciudad de M\u00e9xico, Distrito Federal (MEX-A. Internacional de la Ciudad de M\u00e9xico)", 
                "arrival_time": "19:15", 
                "departure_airport": "Guadalajara, Jalisco (GDL-Don Miguel Hidalgo y Costilla Intl.)", 
                "departure_time": "17:54"
            }, 
            {
                "arrival_airport": "M\u00e9rida, Yucat\u00e1n (MID-A. Internacional Manuel Crescencio Rej\u00f3n)", 
                "arrival_time": "23:47", 
                "departure_airport": "Ciudad de M\u00e9xico, Distrito Federal (MEX-A. Internacional de la Ciudad de M\u00e9xico)", 
                "departure_time": "21:55"
            }
        ], 
        "ticket price": "10289.00", 
        "airline": "Aeromexico"
    }, 
    {
        "arrival": ", M\u00e9rida", 
        "consult date": "10/05/2018", 
        "flight duration": "0 days 2 hours 6 minutes", 
        "plane": "", 
        "departure date": "06/10/2018", 
        "stops": 0, 
        "plane code": "", 
        "departure": ", Monterrey", 
        "timings": [
            {
                "arrival_airport": "M\u00e9rida, Yucat\u00e1n (MID-A. Internacional Manuel Crescencio Rej\u00f3n)", 
                "arrival_time": "19:08", 
                "departure_airport": "Monterrey, Nuevo Le\u00f3n (MTY-A. Internacional General Mariano Escobedo)", 
                "departure_time": "17:02"
            }
        ], 
        "ticket price": "1502.00", 
        "airline": "Volaris"
    }, 
    {
        "arrival": ", M\u00e9rida", 
        "consult date": "10/05/2018", 
        "flight duration": "0 days 2 hours 0 minutes", 
        "plane": "", 
        "departure date": "06/10/2018", 
        "stops": 0, 
        "plane code": "", 
        "departure": ", Monterrey", 
        "timings": [
            {
                "arrival_airport": "M\u00e9rida, Yucat\u00e1n (MID-A. Internacional Manuel Crescencio Rej\u00f3n)", 
                "arrival_time": "13:00", 
                "departure_airport": "Monterrey, Nuevo Le\u00f3n (MTY-A. Internacional General Mariano Escobedo)", 
                "departure_time": "11:00"
            }
        ], 
        "ticket price": "1656.81", 
        "airline": "VivaAerobus"
    }, 
    {
        "arrival": ", M\u00e9rida", 
        "consult date": "10/05/2018", 
        "flight duration": "0 days 6 hours 37 minutes", 
        "plane": "BOEING 737-800 SCIMITAR WINGLETS", 
        "departure date": "06/10/2018", 
        "stops": "1", 
        "plane code": "7S8", 
        "departure": ", Monterrey", 
        "timings": [
            {
                "arrival_airport": "Ciudad de M\u00e9xico, Distrito Federal (MEX-A. Internacional de la Ciudad de M\u00e9xico)", 
                "arrival_time": "08:30", 
                "departure_airport": "Monterrey, Nuevo Le\u00f3n (MTY-A. Internacional General Mariano Escobedo)", 
                "departure_time": "06:52"
            }, 
            {
                "arrival_airport": "M\u00e9rida, Yucat\u00e1n (MID-A. Internacional Manuel Crescencio Rej\u00f3n)", 
                "arrival_time": "13:29", 
                "departure_airport": "Ciudad de M\u00e9xico, Distrito Federal (MEX-A. Internacional de la Ciudad de M\u00e9xico)", 
                "departure_time": "11:35"
            }
        ], 
        "ticket price": "1872.00", 
        "airline": "Aeromexico"
    }, 
    {
        "arrival": ", M\u00e9rida", 
        "consult date": "10/05/2018", 
        "flight duration": "0 days 4 hours 8 minutes", 
        "plane": "", 
        "departure date": "06/10/2018", 
        "stops": "1", 
        "plane code": "", 
        "departure": ", Monterrey", 
        "timings": [
            {
                "arrival_airport": "Ciudad de M\u00e9xico, Distrito Federal (MEX-A. Internacional de la Ciudad de M\u00e9xico)", 
                "arrival_time": "11:00", 
                "departure_airport": "Monterrey, Nuevo Le\u00f3n (MTY-A. Internacional General Mariano Escobedo)", 
                "departure_time": "09:21"
            }, 
            {
                "arrival_airport": "M\u00e9rida, Yucat\u00e1n (MID-A. Internacional Manuel Crescencio Rej\u00f3n)", 
                "arrival_time": "13:29", 
                "departure_airport": "Ciudad de M\u00e9xico, Distrito Federal (MEX-A. Internacional de la Ciudad de M\u00e9xico)", 
                "departure_time": "11:35"
            }
        ], 
        "ticket price": "1872.00", 
        "airline": "Aeromexico"
    }, 
    {
        "arrival": ", M\u00e9rida", 
        "consult date": "10/05/2018", 
        "flight duration": "0 days 6 hours 54 minutes", 
        "plane": "BOEING 737-800 SCIMITAR WINGLETS", 
        "departure date": "06/10/2018", 
        "stops": "1", 
        "plane code": "7S8", 
        "departure": ", Monterrey", 
        "timings": [
            {
                "arrival_airport": "Ciudad de M\u00e9xico, Distrito Federal (MEX-A. Internacional de la Ciudad de M\u00e9xico)", 
                "arrival_time": "09:35", 
                "departure_airport": "Monterrey, Nuevo Le\u00f3n (MTY-A. Internacional General Mariano Escobedo)", 
                "departure_time": "07:57"
            }, 
            {
                "arrival_airport": "M\u00e9rida, Yucat\u00e1n (MID-A. Internacional Manuel Crescencio Rej\u00f3n)", 
                "arrival_time": "14:51", 
                "departure_airport": "Ciudad de M\u00e9xico, Distrito Federal (MEX-A. Internacional de la Ciudad de M\u00e9xico)", 
                "departure_time": "12:45"
            }
        ], 
        "ticket price": "1872.00", 
        "airline": "Aeromexico"
    }, 
    {
        "arrival": ", M\u00e9rida", 
        "consult date": "10/05/2018", 
        "flight duration": "0 days 7 hours 27 minutes", 
        "plane": "BOEING 737-800 SCIMITAR WINGLETS", 
        "departure date": "06/10/2018", 
        "stops": "1", 
        "plane code": "7S8", 
        "departure": ", Monterrey", 
        "timings": [
            {
                "arrival_airport": "Ciudad de M\u00e9xico, Distrito Federal (MEX-A. Internacional de la Ciudad de M\u00e9xico)", 
                "arrival_time": "07:40", 
                "departure_airport": "Monterrey, Nuevo Le\u00f3n (MTY-A. Internacional General Mariano Escobedo)", 
                "departure_time": "06:02"
            }, 
            {
                "arrival_airport": "M\u00e9rida, Yucat\u00e1n (MID-A. Internacional Manuel Crescencio Rej\u00f3n)", 
                "arrival_time": "13:29", 
                "departure_airport": "Ciudad de M\u00e9xico, Distrito Federal (MEX-A. Internacional de la Ciudad de M\u00e9xico)", 
                "departure_time": "11:35"
            }
        ], 
        "ticket price": "1872.00", 
        "airline": "Aeromexico"
    }, 
    {
        "arrival": ", M\u00e9rida", 
        "consult date": "10/05/2018", 
        "flight duration": "0 days 6 hours 16 minutes", 
        "plane": "BOEING 737-800 SCIMITAR WINGLETS", 
        "departure date": "06/10/2018", 
        "stops": "1", 
        "plane code": "7S8", 
        "departure": ", Monterrey", 
        "timings": [
            {
                "arrival_airport": "Ciudad de M\u00e9xico, Distrito Federal (MEX-A. Internacional de la Ciudad de M\u00e9xico)", 
                "arrival_time": "12:00", 
                "departure_airport": "Monterrey, Nuevo Le\u00f3n (MTY-A. Internacional General Mariano Escobedo)", 
                "departure_time": "10:21"
            }, 
            {
                "arrival_airport": "M\u00e9rida, Yucat\u00e1n (MID-A. Internacional Manuel Crescencio Rej\u00f3n)", 
                "arrival_time": "16:37", 
                "departure_airport": "Ciudad de M\u00e9xico, Distrito Federal (MEX-A. Internacional de la Ciudad de M\u00e9xico)", 
                "departure_time": "14:40"
            }
        ], 
        "ticket price": "1872.00", 
        "airline": "Aeromexico"
    }, 
    {
        "arrival": ", M\u00e9rida", 
        "consult date": "10/05/2018", 
        "flight duration": "0 days 6 hours 11 minutes", 
        "plane": "", 
        "departure date": "06/10/2018", 
        "stops": "1", 
        "plane code": "", 
        "departure": ", Monterrey", 
        "timings": [
            {
                "arrival_airport": "Ciudad de M\u00e9xico, Distrito Federal (MEX-A. Internacional de la Ciudad de M\u00e9xico)", 
                "arrival_time": "16:00", 
                "departure_airport": "Monterrey, Nuevo Le\u00f3n (MTY-A. Internacional General Mariano Escobedo)", 
                "departure_time": "14:26"
            }, 
            {
                "arrival_airport": "M\u00e9rida, Yucat\u00e1n (MID-A. Internacional Manuel Crescencio Rej\u00f3n)", 
                "arrival_time": "20:37", 
                "departure_airport": "Ciudad de M\u00e9xico, Distrito Federal (MEX-A. Internacional de la Ciudad de M\u00e9xico)", 
                "departure_time": "18:40"
            }
        ], 
        "ticket price": "1872.00", 
        "airline": "Aeromexico"
    }, 
    {
        "arrival": ", M\u00e9rida", 
        "consult date": "10/05/2018", 
        "flight duration": "0 days 4 hours 30 minutes", 
        "plane": "BOEING 737-800 SCIMITAR WINGLETS", 
        "departure date": "06/10/2018", 
        "stops": "1", 
        "plane code": "7S8", 
        "departure": ", Monterrey", 
        "timings": [
            {
                "arrival_airport": "Ciudad de M\u00e9xico, Distrito Federal (MEX-A. Internacional de la Ciudad de M\u00e9xico)", 
                "arrival_time": "12:00", 
                "departure_airport": "Monterrey, Nuevo Le\u00f3n (MTY-A. Internacional General Mariano Escobedo)", 
                "departure_time": "10:21"
            }, 
            {
                "arrival_airport": "M\u00e9rida, Yucat\u00e1n (MID-A. Internacional Manuel Crescencio Rej\u00f3n)", 
                "arrival_time": "14:51", 
                "departure_airport": "Ciudad de M\u00e9xico, Distrito Federal (MEX-A. Internacional de la Ciudad de M\u00e9xico)", 
                "departure_time": "12:45"
            }
        ], 
        "ticket price": "1872.00", 
        "airline": "Aeromexico"
    }, 
    {
        "arrival": ", M\u00e9rida", 
        "consult date": "10/05/2018", 
        "flight duration": "0 days 7 hours 59 minutes", 
        "plane": "BOEING 737-800 SCIMITAR WINGLETS", 
        "departure date": "06/10/2018", 
        "stops": "1", 
        "plane code": "7S8", 
        "departure": ", Monterrey", 
        "timings": [
            {
                "arrival_airport": "Ciudad de M\u00e9xico, Distrito Federal (MEX-A. Internacional de la Ciudad de M\u00e9xico)", 
                "arrival_time": "08:30", 
                "departure_airport": "Monterrey, Nuevo Le\u00f3n (MTY-A. Internacional General Mariano Escobedo)", 
                "departure_time": "06:52"
            }, 
            {
                "arrival_airport": "M\u00e9rida, Yucat\u00e1n (MID-A. Internacional Manuel Crescencio Rej\u00f3n)", 
                "arrival_time": "14:51", 
                "departure_airport": "Ciudad de M\u00e9xico, Distrito Federal (MEX-A. Internacional de la Ciudad de M\u00e9xico)", 
                "departure_time": "12:45"
            }
        ], 
        "ticket price": "1872.00", 
        "airline": "Aeromexico"
    }, 
    {
        "arrival": ", M\u00e9rida", 
        "consult date": "10/05/2018", 
        "flight duration": "0 days 7 hours 16 minutes", 
        "plane": "", 
        "departure date": "06/10/2018", 
        "stops": "1", 
        "plane code": "", 
        "departure": ", Monterrey", 
        "timings": [
            {
                "arrival_airport": "Ciudad de M\u00e9xico, Distrito Federal (MEX-A. Internacional de la Ciudad de M\u00e9xico)", 
                "arrival_time": "11:00", 
                "departure_airport": "Monterrey, Nuevo Le\u00f3n (MTY-A. Internacional General Mariano Escobedo)", 
                "departure_time": "09:21"
            }, 
            {
                "arrival_airport": "M\u00e9rida, Yucat\u00e1n (MID-A. Internacional Manuel Crescencio Rej\u00f3n)", 
                "arrival_time": "16:37", 
                "departure_airport": "Ciudad de M\u00e9xico, Distrito Federal (MEX-A. Internacional de la Ciudad de M\u00e9xico)", 
                "departure_time": "14:40"
            }
        ], 
        "ticket price": "1872.00", 
        "airline": "Aeromexico"
    }, 
    {
        "arrival": ", M\u00e9rida", 
        "consult date": "10/05/2018", 
        "flight duration": "0 days 5 hours 32 minutes", 
        "plane": "BOEING 737-800 SCIMITAR WINGLETS", 
        "departure date": "06/10/2018", 
        "stops": "1", 
        "plane code": "7S8", 
        "departure": ", Monterrey", 
        "timings": [
            {
                "arrival_airport": "Ciudad de M\u00e9xico, Distrito Federal (MEX-A. Internacional de la Ciudad de M\u00e9xico)", 
                "arrival_time": "09:35", 
                "departure_airport": "Monterrey, Nuevo Le\u00f3n (MTY-A. Internacional General Mariano Escobedo)", 
                "departure_time": "07:57"
            }, 
            {
                "arrival_airport": "M\u00e9rida, Yucat\u00e1n (MID-A. Internacional Manuel Crescencio Rej\u00f3n)", 
                "arrival_time": "13:29", 
                "departure_airport": "Ciudad de M\u00e9xico, Distrito Federal (MEX-A. Internacional de la Ciudad de M\u00e9xico)", 
                "departure_time": "11:35"
            }
        ], 
        "ticket price": "1872.00", 
        "airline": "Aeromexico"
    }, 
    {
        "arrival": ", M\u00e9rida", 
        "consult date": "10/05/2018", 
        "flight duration": "0 days 7 hours 28 minutes", 
        "plane": "BOEING 737-800 SCIMITAR WINGLETS", 
        "departure date": "06/10/2018", 
        "stops": "1", 
        "plane code": "7S8", 
        "departure": ", Monterrey", 
        "timings": [
            {
                "arrival_airport": "Ciudad de M\u00e9xico, Distrito Federal (MEX-A. Internacional de la Ciudad de M\u00e9xico)", 
                "arrival_time": "12:00", 
                "departure_airport": "Monterrey, Nuevo Le\u00f3n (MTY-A. Internacional General Mariano Escobedo)", 
                "departure_time": "10:21"
            }, 
            {
                "arrival_airport": "M\u00e9rida, Yucat\u00e1n (MID-A. Internacional Manuel Crescencio Rej\u00f3n)", 
                "arrival_time": "17:49", 
                "departure_airport": "Ciudad de M\u00e9xico, Distrito Federal (MEX-A. Internacional de la Ciudad de M\u00e9xico)", 
                "departure_time": "15:50"
            }
        ], 
        "ticket price": "1872.00", 
        "airline": "Aeromexico"
    }, 
    {
        "arrival": ", M\u00e9rida", 
        "consult date": "10/05/2018", 
        "flight duration": "0 days 8 hours 28 minutes", 
        "plane": "", 
        "departure date": "06/10/2018", 
        "stops": "1", 
        "plane code": "", 
        "departure": ", Monterrey", 
        "timings": [
            {
                "arrival_airport": "Ciudad de M\u00e9xico, Distrito Federal (MEX-A. Internacional de la Ciudad de M\u00e9xico)", 
                "arrival_time": "11:00", 
                "departure_airport": "Monterrey, Nuevo Le\u00f3n (MTY-A. Internacional General Mariano Escobedo)", 
                "departure_time": "09:21"
            }, 
            {
                "arrival_airport": "M\u00e9rida, Yucat\u00e1n (MID-A. Internacional Manuel Crescencio Rej\u00f3n)", 
                "arrival_time": "17:49", 
                "departure_airport": "Ciudad de M\u00e9xico, Distrito Federal (MEX-A. Internacional de la Ciudad de M\u00e9xico)", 
                "departure_time": "15:50"
            }
        ], 
        "ticket price": "1872.00", 
        "airline": "Aeromexico"
    }, 
    {
        "arrival": ", M\u00e9rida", 
        "consult date": "10/05/2018", 
        "flight duration": "0 days 5 hours 30 minutes", 
        "plane": "", 
        "departure date": "06/10/2018", 
        "stops": "1", 
        "plane code": "", 
        "departure": ", Monterrey", 
        "timings": [
            {
                "arrival_airport": "Ciudad de M\u00e9xico, Distrito Federal (MEX-A. Internacional de la Ciudad de M\u00e9xico)", 
                "arrival_time": "11:00", 
                "departure_airport": "Monterrey, Nuevo Le\u00f3n (MTY-A. Internacional General Mariano Escobedo)", 
                "departure_time": "09:21"
            }, 
            {
                "arrival_airport": "M\u00e9rida, Yucat\u00e1n (MID-A. Internacional Manuel Crescencio Rej\u00f3n)", 
                "arrival_time": "14:51", 
                "departure_airport": "Ciudad de M\u00e9xico, Distrito Federal (MEX-A. Internacional de la Ciudad de M\u00e9xico)", 
                "departure_time": "12:45"
            }
        ], 
        "ticket price": "1872.00", 
        "airline": "Aeromexico"
    }, 
    {
        "arrival": ", M\u00e9rida", 
        "consult date": "10/05/2018", 
        "flight duration": "0 days 4 hours 19 minutes", 
        "plane": "Boeing 737", 
        "departure date": "06/10/2018", 
        "stops": "1", 
        "plane code": "737", 
        "departure": ", Monterrey", 
        "timings": [
            {
                "arrival_airport": "Ciudad de M\u00e9xico, Distrito Federal (MEX-A. Internacional de la Ciudad de M\u00e9xico)", 
                "arrival_time": "17:55", 
                "departure_airport": "Monterrey, Nuevo Le\u00f3n (MTY-A. Internacional General Mariano Escobedo)", 
                "departure_time": "16:18"
            }, 
            {
                "arrival_airport": "M\u00e9rida, Yucat\u00e1n (MID-A. Internacional Manuel Crescencio Rej\u00f3n)", 
                "arrival_time": "20:37", 
                "departure_airport": "Ciudad de M\u00e9xico, Distrito Federal (MEX-A. Internacional de la Ciudad de M\u00e9xico)", 
                "departure_time": "18:40"
            }
        ], 
        "ticket price": "2104.00", 
        "airline": "Aeromexico"
    }, 
    {
        "arrival": ", M\u00e9rida", 
        "consult date": "10/05/2018", 
        "flight duration": "0 days 6 hours 23 minutes", 
        "plane": "Embraer 190", 
        "departure date": "06/10/2018", 
        "stops": "1", 
        "plane code": "E90", 
        "departure": ", Monterrey", 
        "timings": [
            {
                "arrival_airport": "Ciudad de M\u00e9xico, Distrito Federal (MEX-A. Internacional de la Ciudad de M\u00e9xico)", 
                "arrival_time": "13:05", 
                "departure_airport": "Monterrey, Nuevo Le\u00f3n (MTY-A. Internacional General Mariano Escobedo)", 
                "departure_time": "11:26"
            }, 
            {
                "arrival_airport": "M\u00e9rida, Yucat\u00e1n (MID-A. Internacional Manuel Crescencio Rej\u00f3n)", 
                "arrival_time": "17:49", 
                "departure_airport": "Ciudad de M\u00e9xico, Distrito Federal (MEX-A. Internacional de la Ciudad de M\u00e9xico)", 
                "departure_time": "15:50"
            }
        ], 
        "ticket price": "2394.00", 
        "airline": "Aeromexico"
    }, 
    {
        "arrival": ", M\u00e9rida", 
        "consult date": "10/05/2018", 
        "flight duration": "0 days 5 hours 11 minutes", 
        "plane": "Embraer 190", 
        "departure date": "06/10/2018", 
        "stops": "1", 
        "plane code": "E90", 
        "departure": ", Monterrey", 
        "timings": [
            {
                "arrival_airport": "Ciudad de M\u00e9xico, Distrito Federal (MEX-A. Internacional de la Ciudad de M\u00e9xico)", 
                "arrival_time": "13:05", 
                "departure_airport": "Monterrey, Nuevo Le\u00f3n (MTY-A. Internacional General Mariano Escobedo)", 
                "departure_time": "11:26"
            }, 
            {
                "arrival_airport": "M\u00e9rida, Yucat\u00e1n (MID-A. Internacional Manuel Crescencio Rej\u00f3n)", 
                "arrival_time": "16:37", 
                "departure_airport": "Ciudad de M\u00e9xico, Distrito Federal (MEX-A. Internacional de la Ciudad de M\u00e9xico)", 
                "departure_time": "14:40"
            }
        ], 
        "ticket price": "2394.00", 
        "airline": "Aeromexico"
    }, 
    {
        "arrival": ", M\u00e9rida", 
        "consult date": "10/05/2018", 
        "flight duration": "0 days 4 hours 7 minutes", 
        "plane": "Embraer 190", 
        "departure date": "06/10/2018", 
        "stops": "1", 
        "plane code": "E90", 
        "departure": ", Monterrey", 
        "timings": [
            {
                "arrival_airport": "Ciudad de M\u00e9xico, Distrito Federal (MEX-A. Internacional de la Ciudad de M\u00e9xico)", 
                "arrival_time": "15:15", 
                "departure_airport": "Monterrey, Nuevo Le\u00f3n (MTY-A. Internacional General Mariano Escobedo)", 
                "departure_time": "13:42"
            }, 
            {
                "arrival_airport": "M\u00e9rida, Yucat\u00e1n (MID-A. Internacional Manuel Crescencio Rej\u00f3n)", 
                "arrival_time": "17:49", 
                "departure_airport": "Ciudad de M\u00e9xico, Distrito Federal (MEX-A. Internacional de la Ciudad de M\u00e9xico)", 
                "departure_time": "15:50"
            }
        ], 
        "ticket price": "2394.00", 
        "airline": "Aeromexico"
    }, 
    {
        "arrival": ", M\u00e9rida", 
        "consult date": "10/05/2018", 
        "flight duration": "0 days 11 hours 26 minutes", 
        "plane": "", 
        "departure date": "06/10/2018", 
        "stops": "1", 
        "plane code": "", 
        "departure": ", Monterrey", 
        "timings": [
            {
                "arrival_airport": "Ciudad de M\u00e9xico, Distrito Federal (MEX-A. Internacional de la Ciudad de M\u00e9xico)", 
                "arrival_time": "07:56", 
                "departure_airport": "Monterrey, Nuevo Le\u00f3n (MTY-A. Internacional General Mariano Escobedo)", 
                "departure_time": "06:15"
            }, 
            {
                "arrival_airport": "M\u00e9rida, Yucat\u00e1n (MID-A. Internacional Manuel Crescencio Rej\u00f3n)", 
                "arrival_time": "17:41", 
                "departure_airport": "Ciudad de M\u00e9xico, Distrito Federal (MEX-A. Internacional de la Ciudad de M\u00e9xico)", 
                "departure_time": "15:44"
            }
        ], 
        "ticket price": "2822.00", 
        "airline": "Volaris"
    }, 
    {
        "arrival": ", M\u00e9rida", 
        "consult date": "10/05/2018", 
        "flight duration": "0 days 5 hours 27 minutes", 
        "plane": "Embraer 190", 
        "departure date": "06/10/2018", 
        "stops": "1", 
        "plane code": "E90", 
        "departure": ", Monterrey", 
        "timings": [
            {
                "arrival_airport": "Ciudad de M\u00e9xico, Distrito Federal (MEX-A. Internacional de la Ciudad de M\u00e9xico)", 
                "arrival_time": "20:00", 
                "departure_airport": "Monterrey, Nuevo Le\u00f3n (MTY-A. Internacional General Mariano Escobedo)", 
                "departure_time": "18:20"
            }, 
            {
                "arrival_airport": "M\u00e9rida, Yucat\u00e1n (MID-A. Internacional Manuel Crescencio Rej\u00f3n)", 
                "arrival_time": "23:47", 
                "departure_airport": "Ciudad de M\u00e9xico, Distrito Federal (MEX-A. Internacional de la Ciudad de M\u00e9xico)", 
                "departure_time": "21:55"
            }
        ], 
        "ticket price": "2974.00", 
        "airline": "Aeromexico"
    }, 
    {
        "arrival": ", M\u00e9rida", 
        "consult date": "10/05/2018", 
        "flight duration": "0 days 4 hours 33 minutes", 
        "plane": "BOEING 737-800 SCIMITAR WINGLETS", 
        "departure date": "06/10/2018", 
        "stops": "1", 
        "plane code": "7S8", 
        "departure": ", Monterrey", 
        "timings": [
            {
                "arrival_airport": "Ciudad de M\u00e9xico, Distrito Federal (MEX-A. Internacional de la Ciudad de M\u00e9xico)", 
                "arrival_time": "21:00", 
                "departure_airport": "Monterrey, Nuevo Le\u00f3n (MTY-A. Internacional General Mariano Escobedo)", 
                "departure_time": "19:14"
            }, 
            {
                "arrival_airport": "M\u00e9rida, Yucat\u00e1n (MID-A. Internacional Manuel Crescencio Rej\u00f3n)", 
                "arrival_time": "23:47", 
                "departure_airport": "Ciudad de M\u00e9xico, Distrito Federal (MEX-A. Internacional de la Ciudad de M\u00e9xico)", 
                "departure_time": "21:55"
            }
        ], 
        "ticket price": "2974.00", 
        "airline": "Aeromexico"
    }, 
    {
        "arrival": ", M\u00e9rida", 
        "consult date": "10/05/2018", 
        "flight duration": "0 days 8 hours 26 minutes", 
        "plane": "", 
        "departure date": "06/10/2018", 
        "stops": "1", 
        "plane code": "", 
        "departure": ", Monterrey", 
        "timings": [
            {
                "arrival_airport": "Ciudad de M\u00e9xico, Distrito Federal (MEX-A. Internacional de la Ciudad de M\u00e9xico)", 
                "arrival_time": "10:56", 
                "departure_airport": "Monterrey, Nuevo Le\u00f3n (MTY-A. Internacional General Mariano Escobedo)", 
                "departure_time": "09:15"
            }, 
            {
                "arrival_airport": "M\u00e9rida, Yucat\u00e1n (MID-A. Internacional Manuel Crescencio Rej\u00f3n)", 
                "arrival_time": "17:41", 
                "departure_airport": "Ciudad de M\u00e9xico, Distrito Federal (MEX-A. Internacional de la Ciudad de M\u00e9xico)", 
                "departure_time": "15:44"
            }
        ], 
        "ticket price": "3001.00", 
        "airline": "Volaris"
    }, 
    {
        "arrival": ", M\u00e9rida", 
        "consult date": "10/05/2018", 
        "flight duration": "0 days 12 hours 30 minutes", 
        "plane": "", 
        "departure date": "06/10/2018", 
        "stops": "1", 
        "plane code": "", 
        "departure": ", Monterrey", 
        "timings": [
            {
                "arrival_airport": "Ciudad de M\u00e9xico, Distrito Federal (MEX-A. Internacional de la Ciudad de M\u00e9xico)", 
                "arrival_time": "07:25", 
                "departure_airport": "Monterrey, Nuevo Le\u00f3n (MTY-A. Internacional General Mariano Escobedo)", 
                "departure_time": "05:55"
            }, 
            {
                "arrival_airport": "M\u00e9rida, Yucat\u00e1n (MID-A. Internacional Manuel Crescencio Rej\u00f3n)", 
                "arrival_time": "18:25", 
                "departure_airport": "Ciudad de M\u00e9xico, Distrito Federal (MEX-A. Internacional de la Ciudad de M\u00e9xico)", 
                "departure_time": "16:35"
            }
        ], 
        "ticket price": "3008.00", 
        "airline": "Interjet"
    }, 
    {
        "arrival": ", M\u00e9rida", 
        "consult date": "10/05/2018", 
        "flight duration": "0 days 6 hours 55 minutes", 
        "plane": "", 
        "departure date": "06/10/2018", 
        "stops": "1", 
        "plane code": "", 
        "departure": ", Monterrey", 
        "timings": [
            {
                "arrival_airport": "Ciudad de M\u00e9xico, Distrito Federal (MEX-A. Internacional de la Ciudad de M\u00e9xico)", 
                "arrival_time": "07:25", 
                "departure_airport": "Monterrey, Nuevo Le\u00f3n (MTY-A. Internacional General Mariano Escobedo)", 
                "departure_time": "05:55"
            }, 
            {
                "arrival_airport": "M\u00e9rida, Yucat\u00e1n (MID-A. Internacional Manuel Crescencio Rej\u00f3n)", 
                "arrival_time": "12:50", 
                "departure_airport": "Ciudad de M\u00e9xico, Distrito Federal (MEX-A. Internacional de la Ciudad de M\u00e9xico)", 
                "departure_time": "11:10"
            }
        ], 
        "ticket price": "3242.32", 
        "airline": "Interjet"
    }, 
    {
        "arrival": ", M\u00e9rida", 
        "consult date": "10/05/2018", 
        "flight duration": "0 days 6 hours 55 minutes", 
        "plane": "Embraer 190", 
        "departure date": "06/10/2018", 
        "stops": "1", 
        "plane code": "E90", 
        "departure": ", Monterrey", 
        "timings": [
            {
                "arrival_airport": "Ciudad de M\u00e9xico, Distrito Federal (MEX-A. Internacional de la Ciudad de M\u00e9xico)", 
                "arrival_time": "15:15", 
                "departure_airport": "Monterrey, Nuevo Le\u00f3n (MTY-A. Internacional General Mariano Escobedo)", 
                "departure_time": "13:42"
            }, 
            {
                "arrival_airport": "M\u00e9rida, Yucat\u00e1n (MID-A. Internacional Manuel Crescencio Rej\u00f3n)", 
                "arrival_time": "20:37", 
                "departure_airport": "Ciudad de M\u00e9xico, Distrito Federal (MEX-A. Internacional de la Ciudad de M\u00e9xico)", 
                "departure_time": "18:40"
            }
        ], 
        "ticket price": "3264.00", 
        "airline": "Aeromexico"
    }, 
    {
        "arrival": ", M\u00e9rida", 
        "consult date": "10/05/2018", 
        "flight duration": "0 days 5 hours 22 minutes", 
        "plane": "Embraer 190", 
        "departure date": "06/10/2018", 
        "stops": "1", 
        "plane code": "E90", 
        "departure": ", Monterrey", 
        "timings": [
            {
                "arrival_airport": "Ciudad de M\u00e9xico, Distrito Federal (MEX-A. Internacional de la Ciudad de M\u00e9xico)", 
                "arrival_time": "16:45", 
                "departure_airport": "Monterrey, Nuevo Le\u00f3n (MTY-A. Internacional General Mariano Escobedo)", 
                "departure_time": "15:15"
            }, 
            {
                "arrival_airport": "M\u00e9rida, Yucat\u00e1n (MID-A. Internacional Manuel Crescencio Rej\u00f3n)", 
                "arrival_time": "20:37", 
                "departure_airport": "Ciudad de M\u00e9xico, Distrito Federal (MEX-A. Internacional de la Ciudad de M\u00e9xico)", 
                "departure_time": "18:40"
            }
        ], 
        "ticket price": "3264.00", 
        "airline": "Aeromexico"
    }, 
    {
        "arrival": ", M\u00e9rida", 
        "consult date": "10/05/2018", 
        "flight duration": "0 days 7 hours 29 minutes", 
        "plane": "Boeing 737", 
        "departure date": "06/10/2018", 
        "stops": "1", 
        "plane code": "737", 
        "departure": ", Monterrey", 
        "timings": [
            {
                "arrival_airport": "Ciudad de M\u00e9xico, Distrito Federal (MEX-A. Internacional de la Ciudad de M\u00e9xico)", 
                "arrival_time": "17:55", 
                "departure_airport": "Monterrey, Nuevo Le\u00f3n (MTY-A. Internacional General Mariano Escobedo)", 
                "departure_time": "16:18"
            }, 
            {
                "arrival_airport": "M\u00e9rida, Yucat\u00e1n (MID-A. Internacional Manuel Crescencio Rej\u00f3n)", 
                "arrival_time": "23:47", 
                "departure_airport": "Ciudad de M\u00e9xico, Distrito Federal (MEX-A. Internacional de la Ciudad de M\u00e9xico)", 
                "departure_time": "21:55"
            }
        ], 
        "ticket price": "3264.00", 
        "airline": "Aeromexico"
    }, 
    {
        "arrival": ", M\u00e9rida", 
        "consult date": "10/05/2018", 
        "flight duration": "0 days 12 hours 35 minutes", 
        "plane": "", 
        "departure date": "06/10/2018", 
        "stops": "1", 
        "plane code": "", 
        "departure": ", Monterrey", 
        "timings": [
            {
                "arrival_airport": "Ciudad de M\u00e9xico, Distrito Federal (MEX-A. Internacional de la Ciudad de M\u00e9xico)", 
                "arrival_time": "20:50", 
                "departure_airport": "Monterrey, Nuevo Le\u00f3n (MTY-A. Internacional General Mariano Escobedo)", 
                "departure_time": "19:15"
            }, 
            {
                "arrival_airport": "M\u00e9rida, Yucat\u00e1n (MID-A. Internacional Manuel Crescencio Rej\u00f3n)", 
                "arrival_time": "07:50", 
                "departure_airport": "Ciudad de M\u00e9xico, Distrito Federal (MEX-A. Internacional de la Ciudad de M\u00e9xico)", 
                "departure_time": "06:00"
            }
        ], 
        "ticket price": "3283.09", 
        "airline": "Interjet"
    }, 
    {
        "arrival": ", M\u00e9rida", 
        "consult date": "10/05/2018", 
        "flight duration": "0 days 9 hours 7 minutes", 
        "plane": "Embraer 190", 
        "departure date": "06/10/2018", 
        "stops": "2", 
        "plane code": "E90", 
        "departure": ", Monterrey", 
        "timings": [
            {
                "arrival_airport": "Guadalajara, Jalisco (GDL-Don Miguel Hidalgo y Costilla Intl.)", 
                "arrival_time": "09:04", 
                "departure_airport": "Monterrey, Nuevo Le\u00f3n (MTY-A. Internacional General Mariano Escobedo)", 
                "departure_time": "07:30"
            }, 
            {
                "arrival_airport": "Ciudad de M\u00e9xico, Distrito Federal (MEX-A. Internacional de la Ciudad de M\u00e9xico)", 
                "arrival_time": "12:25", 
                "departure_airport": "Guadalajara, Jalisco (GDL-Don Miguel Hidalgo y Costilla Intl.)", 
                "departure_time": "10:59"
            }, 
            {
                "arrival_airport": "M\u00e9rida, Yucat\u00e1n (MID-A. Internacional Manuel Crescencio Rej\u00f3n)", 
                "arrival_time": "16:37", 
                "departure_airport": "Ciudad de M\u00e9xico, Distrito Federal (MEX-A. Internacional de la Ciudad de M\u00e9xico)", 
                "departure_time": "14:40"
            }
        ], 
        "ticket price": "3445.00", 
        "airline": "Aeromexico"
    }, 
    {
        "arrival": ", M\u00e9rida", 
        "consult date": "10/05/2018", 
        "flight duration": "0 days 11 hours 0 minutes", 
        "plane": "", 
        "departure date": "06/10/2018", 
        "stops": "1", 
        "plane code": "", 
        "departure": ", Monterrey", 
        "timings": [
            {
                "arrival_airport": "Ciudad de M\u00e9xico, Distrito Federal (MEX-A. Internacional de la Ciudad de M\u00e9xico)", 
                "arrival_time": "08:55", 
                "departure_airport": "Monterrey, Nuevo Le\u00f3n (MTY-A. Internacional General Mariano Escobedo)", 
                "departure_time": "07:25"
            }, 
            {
                "arrival_airport": "M\u00e9rida, Yucat\u00e1n (MID-A. Internacional Manuel Crescencio Rej\u00f3n)", 
                "arrival_time": "18:25", 
                "departure_airport": "Ciudad de M\u00e9xico, Distrito Federal (MEX-A. Internacional de la Ciudad de M\u00e9xico)", 
                "departure_time": "16:35"
            }
        ], 
        "ticket price": "3517.41", 
        "airline": "Interjet"
    }, 
    {
        "arrival": ", M\u00e9rida", 
        "consult date": "10/05/2018", 
        "flight duration": "0 days 5 hours 25 minutes", 
        "plane": "", 
        "departure date": "06/10/2018", 
        "stops": "1", 
        "plane code": "", 
        "departure": ", Monterrey", 
        "timings": [
            {
                "arrival_airport": "Ciudad de M\u00e9xico, Distrito Federal (MEX-A. Internacional de la Ciudad de M\u00e9xico)", 
                "arrival_time": "08:55", 
                "departure_airport": "Monterrey, Nuevo Le\u00f3n (MTY-A. Internacional General Mariano Escobedo)", 
                "departure_time": "07:25"
            }, 
            {
                "arrival_airport": "M\u00e9rida, Yucat\u00e1n (MID-A. Internacional Manuel Crescencio Rej\u00f3n)", 
                "arrival_time": "12:50", 
                "departure_airport": "Ciudad de M\u00e9xico, Distrito Federal (MEX-A. Internacional de la Ciudad de M\u00e9xico)", 
                "departure_time": "11:10"
            }
        ], 
        "ticket price": "3751.73", 
        "airline": "Interjet"
    }, 
    {
        "arrival": ", M\u00e9rida", 
        "consult date": "10/05/2018", 
        "flight duration": "0 days 14 hours 15 minutes", 
        "plane": "", 
        "departure date": "06/10/2018", 
        "stops": "1", 
        "plane code": "", 
        "departure": ", Monterrey", 
        "timings": [
            {
                "arrival_airport": "Ciudad de M\u00e9xico, Distrito Federal (MEX-A. Internacional de la Ciudad de M\u00e9xico)", 
                "arrival_time": "08:55", 
                "departure_airport": "Monterrey, Nuevo Le\u00f3n (MTY-A. Internacional General Mariano Escobedo)", 
                "departure_time": "07:25"
            }, 
            {
                "arrival_airport": "M\u00e9rida, Yucat\u00e1n (MID-A. Internacional Manuel Crescencio Rej\u00f3n)", 
                "arrival_time": "21:40", 
                "departure_airport": "Ciudad de M\u00e9xico, Distrito Federal (MEX-A. Internacional de la Ciudad de M\u00e9xico)", 
                "departure_time": "19:50"
            }
        ], 
        "ticket price": "3751.73", 
        "airline": "Interjet"
    }, 
    {
        "arrival": ", M\u00e9rida", 
        "consult date": "10/05/2018", 
        "flight duration": "0 days 8 hours 40 minutes", 
        "plane": "", 
        "departure date": "06/10/2018", 
        "stops": "1", 
        "plane code": "", 
        "departure": ", Monterrey", 
        "timings": [
            {
                "arrival_airport": "Ciudad de M\u00e9xico, Distrito Federal (MEX-A. Internacional de la Ciudad de M\u00e9xico)", 
                "arrival_time": "11:15", 
                "departure_airport": "Monterrey, Nuevo Le\u00f3n (MTY-A. Internacional General Mariano Escobedo)", 
                "departure_time": "09:45"
            }, 
            {
                "arrival_airport": "M\u00e9rida, Yucat\u00e1n (MID-A. Internacional Manuel Crescencio Rej\u00f3n)", 
                "arrival_time": "18:25", 
                "departure_airport": "Ciudad de M\u00e9xico, Distrito Federal (MEX-A. Internacional de la Ciudad de M\u00e9xico)", 
                "departure_time": "16:35"
            }
        ], 
        "ticket price": "3813.21", 
        "airline": "Interjet"
    }, 
    {
        "arrival": ", M\u00e9rida", 
        "consult date": "10/05/2018", 
        "flight duration": "0 days 11 hours 55 minutes", 
        "plane": "", 
        "departure date": "06/10/2018", 
        "stops": "1", 
        "plane code": "", 
        "departure": ", Monterrey", 
        "timings": [
            {
                "arrival_airport": "Ciudad de M\u00e9xico, Distrito Federal (MEX-A. Internacional de la Ciudad de M\u00e9xico)", 
                "arrival_time": "11:15", 
                "departure_airport": "Monterrey, Nuevo Le\u00f3n (MTY-A. Internacional General Mariano Escobedo)", 
                "departure_time": "09:45"
            }, 
            {
                "arrival_airport": "M\u00e9rida, Yucat\u00e1n (MID-A. Internacional Manuel Crescencio Rej\u00f3n)", 
                "arrival_time": "21:40", 
                "departure_airport": "Ciudad de M\u00e9xico, Distrito Federal (MEX-A. Internacional de la Ciudad de M\u00e9xico)", 
                "departure_time": "19:50"
            }
        ], 
        "ticket price": "4047.53", 
        "airline": "Interjet"
    }, 
    {
        "arrival": ", M\u00e9rida", 
        "consult date": "10/05/2018", 
        "flight duration": "0 days 6 hours 40 minutes", 
        "plane": "", 
        "departure date": "06/10/2018", 
        "stops": "1", 
        "plane code": "", 
        "departure": ", Monterrey", 
        "timings": [
            {
                "arrival_airport": "Ciudad de M\u00e9xico, Distrito Federal (MEX-A. Internacional de la Ciudad de M\u00e9xico)", 
                "arrival_time": "13:15", 
                "departure_airport": "Monterrey, Nuevo Le\u00f3n (MTY-A. Internacional General Mariano Escobedo)", 
                "departure_time": "11:45"
            }, 
            {
                "arrival_airport": "M\u00e9rida, Yucat\u00e1n (MID-A. Internacional Manuel Crescencio Rej\u00f3n)", 
                "arrival_time": "18:25", 
                "departure_airport": "Ciudad de M\u00e9xico, Distrito Federal (MEX-A. Internacional de la Ciudad de M\u00e9xico)", 
                "departure_time": "16:35"
            }
        ], 
        "ticket price": "4404.81", 
        "airline": "Interjet"
    }, 
    {
        "arrival": ", M\u00e9rida", 
        "consult date": "10/05/2018", 
        "flight duration": "0 days 9 hours 55 minutes", 
        "plane": "", 
        "departure date": "06/10/2018", 
        "stops": "1", 
        "plane code": "", 
        "departure": ", Monterrey", 
        "timings": [
            {
                "arrival_airport": "Ciudad de M\u00e9xico, Distrito Federal (MEX-A. Internacional de la Ciudad de M\u00e9xico)", 
                "arrival_time": "13:15", 
                "departure_airport": "Monterrey, Nuevo Le\u00f3n (MTY-A. Internacional General Mariano Escobedo)", 
                "departure_time": "11:45"
            }, 
            {
                "arrival_airport": "M\u00e9rida, Yucat\u00e1n (MID-A. Internacional Manuel Crescencio Rej\u00f3n)", 
                "arrival_time": "21:40", 
                "departure_airport": "Ciudad de M\u00e9xico, Distrito Federal (MEX-A. Internacional de la Ciudad de M\u00e9xico)", 
                "departure_time": "19:50"
            }
        ], 
        "ticket price": "4639.13", 
        "airline": "Interjet"
    }, 
    {
        "arrival": ", M\u00e9rida", 
        "consult date": "10/05/2018", 
        "flight duration": "0 days 7 hours 7 minutes", 
        "plane": "Embraer 190", 
        "departure date": "06/10/2018", 
        "stops": "2", 
        "plane code": "E90", 
        "departure": ", Monterrey", 
        "timings": [
            {
                "arrival_airport": "Queretaro, Queretaro (QRO-A. Internacional de Queretaro)", 
                "arrival_time": "14:51", 
                "departure_airport": "Monterrey, Nuevo Le\u00f3n (MTY-A. Internacional General Mariano Escobedo)", 
                "departure_time": "13:30"
            }, 
            {
                "arrival_airport": "Ciudad de M\u00e9xico, Distrito Federal (MEX-A. Internacional de la Ciudad de M\u00e9xico)", 
                "arrival_time": "16:55", 
                "departure_airport": "Queretaro, Queretaro (QRO-A. Internacional de Queretaro)", 
                "departure_time": "15:54"
            }, 
            {
                "arrival_airport": "M\u00e9rida, Yucat\u00e1n (MID-A. Internacional Manuel Crescencio Rej\u00f3n)", 
                "arrival_time": "20:37", 
                "departure_airport": "Ciudad de M\u00e9xico, Distrito Federal (MEX-A. Internacional de la Ciudad de M\u00e9xico)", 
                "departure_time": "18:40"
            }
        ], 
        "ticket price": "5181.00", 
        "airline": "Aeromexico"
    }, 
    {
        "arrival": ", M\u00e9rida", 
        "consult date": "10/05/2018", 
        "flight duration": "0 days 7 hours 21 minutes", 
        "plane": "Embraer 190", 
        "departure date": "06/10/2018", 
        "stops": "2", 
        "plane code": "E90", 
        "departure": ", Monterrey", 
        "timings": [
            {
                "arrival_airport": "Guadalajara, Jalisco (GDL-Don Miguel Hidalgo y Costilla Intl.)", 
                "arrival_time": "09:04", 
                "departure_airport": "Monterrey, Nuevo Le\u00f3n (MTY-A. Internacional General Mariano Escobedo)", 
                "departure_time": "07:30"
            }, 
            {
                "arrival_airport": "Ciudad de M\u00e9xico, Distrito Federal (MEX-A. Internacional de la Ciudad de M\u00e9xico)", 
                "arrival_time": "11:25", 
                "departure_airport": "Guadalajara, Jalisco (GDL-Don Miguel Hidalgo y Costilla Intl.)", 
                "departure_time": "10:00"
            }, 
            {
                "arrival_airport": "M\u00e9rida, Yucat\u00e1n (MID-A. Internacional Manuel Crescencio Rej\u00f3n)", 
                "arrival_time": "14:51", 
                "departure_airport": "Ciudad de M\u00e9xico, Distrito Federal (MEX-A. Internacional de la Ciudad de M\u00e9xico)", 
                "departure_time": "12:45"
            }
        ], 
        "ticket price": "6171.00", 
        "airline": "Aeromexico"
    }, 
    {
        "arrival": ", M\u00e9rida", 
        "consult date": "10/05/2018", 
        "flight duration": "0 days 9 hours 7 minutes", 
        "plane": "Embraer 190", 
        "departure date": "06/10/2018", 
        "stops": "2", 
        "plane code": "E90", 
        "departure": ", Monterrey", 
        "timings": [
            {
                "arrival_airport": "Guadalajara, Jalisco (GDL-Don Miguel Hidalgo y Costilla Intl.)", 
                "arrival_time": "09:04", 
                "departure_airport": "Monterrey, Nuevo Le\u00f3n (MTY-A. Internacional General Mariano Escobedo)", 
                "departure_time": "07:30"
            }, 
            {
                "arrival_airport": "Ciudad de M\u00e9xico, Distrito Federal (MEX-A. Internacional de la Ciudad de M\u00e9xico)", 
                "arrival_time": "11:25", 
                "departure_airport": "Guadalajara, Jalisco (GDL-Don Miguel Hidalgo y Costilla Intl.)", 
                "departure_time": "10:00"
            }, 
            {
                "arrival_airport": "M\u00e9rida, Yucat\u00e1n (MID-A. Internacional Manuel Crescencio Rej\u00f3n)", 
                "arrival_time": "16:37", 
                "departure_airport": "Ciudad de M\u00e9xico, Distrito Federal (MEX-A. Internacional de la Ciudad de M\u00e9xico)", 
                "departure_time": "14:40"
            }
        ], 
        "ticket price": "6171.00", 
        "airline": "Aeromexico"
    }, 
    {
        "arrival": ", M\u00e9rida", 
        "consult date": "10/05/2018", 
        "flight duration": "0 days 10 hours 19 minutes", 
        "plane": "Embraer 190", 
        "departure date": "06/10/2018", 
        "stops": "2", 
        "plane code": "E90", 
        "departure": ", Monterrey", 
        "timings": [
            {
                "arrival_airport": "Guadalajara, Jalisco (GDL-Don Miguel Hidalgo y Costilla Intl.)", 
                "arrival_time": "09:04", 
                "departure_airport": "Monterrey, Nuevo Le\u00f3n (MTY-A. Internacional General Mariano Escobedo)", 
                "departure_time": "07:30"
            }, 
            {
                "arrival_airport": "Ciudad de M\u00e9xico, Distrito Federal (MEX-A. Internacional de la Ciudad de M\u00e9xico)", 
                "arrival_time": "14:40", 
                "departure_airport": "Guadalajara, Jalisco (GDL-Don Miguel Hidalgo y Costilla Intl.)", 
                "departure_time": "13:17"
            }, 
            {
                "arrival_airport": "M\u00e9rida, Yucat\u00e1n (MID-A. Internacional Manuel Crescencio Rej\u00f3n)", 
                "arrival_time": "17:49", 
                "departure_airport": "Ciudad de M\u00e9xico, Distrito Federal (MEX-A. Internacional de la Ciudad de M\u00e9xico)", 
                "departure_time": "15:50"
            }
        ], 
        "ticket price": "6171.00", 
        "airline": "Aeromexico"
    }, 
    {
        "arrival": ", M\u00e9rida", 
        "consult date": "10/05/2018", 
        "flight duration": "0 days 9 hours 7 minutes", 
        "plane": "Embraer 190", 
        "departure date": "06/10/2018", 
        "stops": "2", 
        "plane code": "E90", 
        "departure": ", Monterrey", 
        "timings": [
            {
                "arrival_airport": "Le\u00f3n, Guanajuato (BJX-Del Baj\u00edo)", 
                "arrival_time": "08:50", 
                "departure_airport": "Monterrey, Nuevo Le\u00f3n (MTY-A. Internacional General Mariano Escobedo)", 
                "departure_time": "07:30"
            }, 
            {
                "arrival_airport": "Ciudad de M\u00e9xico, Distrito Federal (MEX-A. Internacional de la Ciudad de M\u00e9xico)", 
                "arrival_time": "13:00", 
                "departure_airport": "Le\u00f3n, Guanajuato (BJX-Del Baj\u00edo)", 
                "departure_time": "11:49"
            }, 
            {
                "arrival_airport": "M\u00e9rida, Yucat\u00e1n (MID-A. Internacional Manuel Crescencio Rej\u00f3n)", 
                "arrival_time": "16:37", 
                "departure_airport": "Ciudad de M\u00e9xico, Distrito Federal (MEX-A. Internacional de la Ciudad de M\u00e9xico)", 
                "departure_time": "14:40"
            }
        ], 
        "ticket price": "6412.00", 
        "airline": "Aeromexico"
    }, 
    {
        "arrival": ", M\u00e9rida", 
        "consult date": "10/05/2018", 
        "flight duration": "0 days 6 hours 29 minutes", 
        "plane": "Embraer 190", 
        "departure date": "06/10/2018", 
        "stops": "2", 
        "plane code": "E90", 
        "departure": ", Monterrey", 
        "timings": [
            {
                "arrival_airport": "Queretaro, Queretaro (QRO-A. Internacional de Queretaro)", 
                "arrival_time": "08:22", 
                "departure_airport": "Monterrey, Nuevo Le\u00f3n (MTY-A. Internacional General Mariano Escobedo)", 
                "departure_time": "07:00"
            }, 
            {
                "arrival_airport": "Ciudad de M\u00e9xico, Distrito Federal (MEX-A. Internacional de la Ciudad de M\u00e9xico)", 
                "arrival_time": "10:10", 
                "departure_airport": "Queretaro, Queretaro (QRO-A. Internacional de Queretaro)", 
                "departure_time": "09:08"
            }, 
            {
                "arrival_airport": "M\u00e9rida, Yucat\u00e1n (MID-A. Internacional Manuel Crescencio Rej\u00f3n)", 
                "arrival_time": "13:29", 
                "departure_airport": "Ciudad de M\u00e9xico, Distrito Federal (MEX-A. Internacional de la Ciudad de M\u00e9xico)", 
                "departure_time": "11:35"
            }
        ], 
        "ticket price": "6602.00", 
        "airline": "Aeromexico"
    }, 
    {
        "arrival": ", M\u00e9rida", 
        "consult date": "10/05/2018", 
        "flight duration": "0 days 7 hours 7 minutes", 
        "plane": "EMBRAER 170", 
        "departure date": "06/10/2018", 
        "stops": "2", 
        "plane code": "E70", 
        "departure": ", Monterrey", 
        "timings": [
            {
                "arrival_airport": "Guadalajara, Jalisco (GDL-Don Miguel Hidalgo y Costilla Intl.)", 
                "arrival_time": "15:04", 
                "departure_airport": "Monterrey, Nuevo Le\u00f3n (MTY-A. Internacional General Mariano Escobedo)", 
                "departure_time": "13:30"
            }, 
            {
                "arrival_airport": "Ciudad de M\u00e9xico, Distrito Federal (MEX-A. Internacional de la Ciudad de M\u00e9xico)", 
                "arrival_time": "17:25", 
                "departure_airport": "Guadalajara, Jalisco (GDL-Don Miguel Hidalgo y Costilla Intl.)", 
                "departure_time": "15:58"
            }, 
            {
                "arrival_airport": "M\u00e9rida, Yucat\u00e1n (MID-A. Internacional Manuel Crescencio Rej\u00f3n)", 
                "arrival_time": "20:37", 
                "departure_airport": "Ciudad de M\u00e9xico, Distrito Federal (MEX-A. Internacional de la Ciudad de M\u00e9xico)", 
                "departure_time": "18:40"
            }
        ], 
        "ticket price": "8433.00", 
        "airline": "Aeromexico"
    }, 
    {
        "arrival": ", M\u00e9rida", 
        "consult date": "10/05/2018", 
        "flight duration": "0 days 10 hours 17 minutes", 
        "plane": "EMBRAER 170", 
        "departure date": "06/10/2018", 
        "stops": "2", 
        "plane code": "E70", 
        "departure": ", Monterrey", 
        "timings": [
            {
                "arrival_airport": "Guadalajara, Jalisco (GDL-Don Miguel Hidalgo y Costilla Intl.)", 
                "arrival_time": "15:04", 
                "departure_airport": "Monterrey, Nuevo Le\u00f3n (MTY-A. Internacional General Mariano Escobedo)", 
                "departure_time": "13:30"
            }, 
            {
                "arrival_airport": "Ciudad de M\u00e9xico, Distrito Federal (MEX-A. Internacional de la Ciudad de M\u00e9xico)", 
                "arrival_time": "21:20", 
                "departure_airport": "Guadalajara, Jalisco (GDL-Don Miguel Hidalgo y Costilla Intl.)", 
                "departure_time": "19:54"
            }, 
            {
                "arrival_airport": "M\u00e9rida, Yucat\u00e1n (MID-A. Internacional Manuel Crescencio Rej\u00f3n)", 
                "arrival_time": "23:47", 
                "departure_airport": "Ciudad de M\u00e9xico, Distrito Federal (MEX-A. Internacional de la Ciudad de M\u00e9xico)", 
                "departure_time": "21:55"
            }
        ], 
        "ticket price": "9129.00", 
        "airline": "Aeromexico"
    }, 
    {
        "arrival": ", M\u00e9rida", 
        "consult date": "10/05/2018", 
        "flight duration": "0 days 7 hours 7 minutes", 
        "plane": "EMBRAER 170", 
        "departure date": "06/10/2018", 
        "stops": "2", 
        "plane code": "E70", 
        "departure": ", Monterrey", 
        "timings": [
            {
                "arrival_airport": "Veracruz, Veracruz (VER-A. Internacional General Heriberto Jara)", 
                "arrival_time": "15:01", 
                "departure_airport": "Monterrey, Nuevo Le\u00f3n (MTY-A. Internacional General Mariano Escobedo)", 
                "departure_time": "13:30"
            }, 
            {
                "arrival_airport": "Ciudad de M\u00e9xico, Distrito Federal (MEX-A. Internacional de la Ciudad de M\u00e9xico)", 
                "arrival_time": "17:30", 
                "departure_airport": "Veracruz, Veracruz (VER-A. Internacional General Heriberto Jara)", 
                "departure_time": "16:20"
            }, 
            {
                "arrival_airport": "M\u00e9rida, Yucat\u00e1n (MID-A. Internacional Manuel Crescencio Rej\u00f3n)", 
                "arrival_time": "20:37", 
                "departure_airport": "Ciudad de M\u00e9xico, Distrito Federal (MEX-A. Internacional de la Ciudad de M\u00e9xico)", 
                "departure_time": "18:40"
            }
        ], 
        "ticket price": "9339.00", 
        "airline": "Aeromexico"
    }
]