[
    {
        "arrival": ", San Luis Potos\u00ed", 
        "consult date": "10/05/2018", 
        "flight duration": "0 days 5 hours 17 minutes", 
        "plane": "EMBRAER 170", 
        "departure date": "02/09/2018", 
        "stops": "2", 
        "plane code": "E70", 
        "departure": ", Monterrey", 
        "timings": [
            {
                "arrival_airport": "Queretaro, Queretaro (QRO-A. Internacional de Queretaro)", 
                "arrival_time": "14:51", 
                "departure_airport": "Monterrey, Nuevo Le\u00f3n (MTY-A. Internacional General Mariano Escobedo)", 
                "departure_time": "13:30"
            }, 
            {
                "arrival_airport": "Ciudad de M\u00e9xico, Distrito Federal (MEX-A. Internacional de la Ciudad de M\u00e9xico)", 
                "arrival_time": "16:55", 
                "departure_airport": "Queretaro, Queretaro (QRO-A. Internacional de Queretaro)", 
                "departure_time": "15:54"
            }, 
            {
                "arrival_airport": "San Luis Potos\u00ed, San Luis Potos\u00ed (SLP-A. Internacional Ponciano Arriaga)", 
                "arrival_time": "18:47", 
                "departure_airport": "Ciudad de M\u00e9xico, Distrito Federal (MEX-A. Internacional de la Ciudad de M\u00e9xico)", 
                "departure_time": "17:35"
            }
        ], 
        "ticket price": "10983.00", 
        "airline": "Aeromexico"
    }, 
    {
        "arrival": ", San Luis Potos\u00ed", 
        "consult date": "10/05/2018", 
        "flight duration": "0 days 6 hours 1 minutes", 
        "plane": "Embraer 190", 
        "departure date": "02/09/2018", 
        "stops": "2", 
        "plane code": "E90", 
        "departure": ", Monterrey", 
        "timings": [
            {
                "arrival_airport": "Queretaro, Queretaro (QRO-A. Internacional de Queretaro)", 
                "arrival_time": "08:22", 
                "departure_airport": "Monterrey, Nuevo Le\u00f3n (MTY-A. Internacional General Mariano Escobedo)", 
                "departure_time": "07:00"
            }, 
            {
                "arrival_airport": "Ciudad de M\u00e9xico, Distrito Federal (MEX-A. Internacional de la Ciudad de M\u00e9xico)", 
                "arrival_time": "10:10", 
                "departure_airport": "Queretaro, Queretaro (QRO-A. Internacional de Queretaro)", 
                "departure_time": "09:08"
            }, 
            {
                "arrival_airport": "San Luis Potos\u00ed, San Luis Potos\u00ed (SLP-A. Internacional Ponciano Arriaga)", 
                "arrival_time": "13:01", 
                "departure_airport": "Ciudad de M\u00e9xico, Distrito Federal (MEX-A. Internacional de la Ciudad de M\u00e9xico)", 
                "departure_time": "11:45"
            }
        ], 
        "ticket price": "10983.00", 
        "airline": "Aeromexico"
    }, 
    {
        "arrival": ", San Luis Potos\u00ed", 
        "consult date": "10/05/2018", 
        "flight duration": "0 days 8 hours 50 minutes", 
        "plane": "Embraer 190", 
        "departure date": "02/09/2018", 
        "stops": "2", 
        "plane code": "E90", 
        "departure": ", Monterrey", 
        "timings": [
            {
                "arrival_airport": "Queretaro, Queretaro (QRO-A. Internacional de Queretaro)", 
                "arrival_time": "08:22", 
                "departure_airport": "Monterrey, Nuevo Le\u00f3n (MTY-A. Internacional General Mariano Escobedo)", 
                "departure_time": "07:00"
            }, 
            {
                "arrival_airport": "Ciudad de M\u00e9xico, Distrito Federal (MEX-A. Internacional de la Ciudad de M\u00e9xico)", 
                "arrival_time": "10:10", 
                "departure_airport": "Queretaro, Queretaro (QRO-A. Internacional de Queretaro)", 
                "departure_time": "09:08"
            }, 
            {
                "arrival_airport": "San Luis Potos\u00ed, San Luis Potos\u00ed (SLP-A. Internacional Ponciano Arriaga)", 
                "arrival_time": "15:50", 
                "departure_airport": "Ciudad de M\u00e9xico, Distrito Federal (MEX-A. Internacional de la Ciudad de M\u00e9xico)", 
                "departure_time": "14:35"
            }
        ], 
        "ticket price": "10983.00", 
        "airline": "Aeromexico"
    }, 
    {
        "arrival": ", San Luis Potos\u00ed", 
        "consult date": "10/05/2018", 
        "flight duration": "0 days 7 hours 21 minutes", 
        "plane": "Boeing 737", 
        "departure date": "02/09/2018", 
        "stops": "1", 
        "plane code": "737", 
        "departure": ", Monterrey", 
        "timings": [
            {
                "arrival_airport": "Ciudad de M\u00e9xico, Distrito Federal (MEX-A. Internacional de la Ciudad de M\u00e9xico)", 
                "arrival_time": "13:05", 
                "departure_airport": "Monterrey, Nuevo Le\u00f3n (MTY-A. Internacional General Mariano Escobedo)", 
                "departure_time": "11:26"
            }, 
            {
                "arrival_airport": "San Luis Potos\u00ed, San Luis Potos\u00ed (SLP-A. Internacional Ponciano Arriaga)", 
                "arrival_time": "18:47", 
                "departure_airport": "Ciudad de M\u00e9xico, Distrito Federal (MEX-A. Internacional de la Ciudad de M\u00e9xico)", 
                "departure_time": "17:35"
            }
        ], 
        "ticket price": "11081.00", 
        "airline": "Aeromexico"
    }, 
    {
        "arrival": ", San Luis Potos\u00ed", 
        "consult date": "10/05/2018", 
        "flight duration": "0 days 5 hours 29 minutes", 
        "plane": "BOEING 737-800 SCIMITAR WINGLETS", 
        "departure date": "02/09/2018", 
        "stops": "1", 
        "plane code": "7S8", 
        "departure": ", Monterrey", 
        "timings": [
            {
                "arrival_airport": "Ciudad de M\u00e9xico, Distrito Federal (MEX-A. Internacional de la Ciudad de M\u00e9xico)", 
                "arrival_time": "12:00", 
                "departure_airport": "Monterrey, Nuevo Le\u00f3n (MTY-A. Internacional General Mariano Escobedo)", 
                "departure_time": "10:21"
            }, 
            {
                "arrival_airport": "San Luis Potos\u00ed, San Luis Potos\u00ed (SLP-A. Internacional Ponciano Arriaga)", 
                "arrival_time": "15:50", 
                "departure_airport": "Ciudad de M\u00e9xico, Distrito Federal (MEX-A. Internacional de la Ciudad de M\u00e9xico)", 
                "departure_time": "14:35"
            }
        ], 
        "ticket price": "11081.00", 
        "airline": "Aeromexico"
    }, 
    {
        "arrival": ", San Luis Potos\u00ed", 
        "consult date": "10/05/2018", 
        "flight duration": "0 days 4 hours 24 minutes", 
        "plane": "Boeing 737", 
        "departure date": "02/09/2018", 
        "stops": "1", 
        "plane code": "737", 
        "departure": ", Monterrey", 
        "timings": [
            {
                "arrival_airport": "Ciudad de M\u00e9xico, Distrito Federal (MEX-A. Internacional de la Ciudad de M\u00e9xico)", 
                "arrival_time": "13:05", 
                "departure_airport": "Monterrey, Nuevo Le\u00f3n (MTY-A. Internacional General Mariano Escobedo)", 
                "departure_time": "11:26"
            }, 
            {
                "arrival_airport": "San Luis Potos\u00ed, San Luis Potos\u00ed (SLP-A. Internacional Ponciano Arriaga)", 
                "arrival_time": "15:50", 
                "departure_airport": "Ciudad de M\u00e9xico, Distrito Federal (MEX-A. Internacional de la Ciudad de M\u00e9xico)", 
                "departure_time": "14:35"
            }
        ], 
        "ticket price": "11081.00", 
        "airline": "Aeromexico"
    }, 
    {
        "arrival": ", San Luis Potos\u00ed", 
        "consult date": "10/05/2018", 
        "flight duration": "0 days 5 hours 4 minutes", 
        "plane": "Boeing 737", 
        "departure date": "02/09/2018", 
        "stops": "1", 
        "plane code": "737", 
        "departure": ", Monterrey", 
        "timings": [
            {
                "arrival_airport": "Ciudad de M\u00e9xico, Distrito Federal (MEX-A. Internacional de la Ciudad de M\u00e9xico)", 
                "arrival_time": "09:35", 
                "departure_airport": "Monterrey, Nuevo Le\u00f3n (MTY-A. Internacional General Mariano Escobedo)", 
                "departure_time": "07:57"
            }, 
            {
                "arrival_airport": "San Luis Potos\u00ed, San Luis Potos\u00ed (SLP-A. Internacional Ponciano Arriaga)", 
                "arrival_time": "13:01", 
                "departure_airport": "Ciudad de M\u00e9xico, Distrito Federal (MEX-A. Internacional de la Ciudad de M\u00e9xico)", 
                "departure_time": "11:45"
            }
        ], 
        "ticket price": "11458.00", 
        "airline": "Aeromexico"
    }, 
    {
        "arrival": ", San Luis Potos\u00ed", 
        "consult date": "10/05/2018", 
        "flight duration": "0 days 7 hours 53 minutes", 
        "plane": "Boeing 737", 
        "departure date": "02/09/2018", 
        "stops": "1", 
        "plane code": "737", 
        "departure": ", Monterrey", 
        "timings": [
            {
                "arrival_airport": "Ciudad de M\u00e9xico, Distrito Federal (MEX-A. Internacional de la Ciudad de M\u00e9xico)", 
                "arrival_time": "09:35", 
                "departure_airport": "Monterrey, Nuevo Le\u00f3n (MTY-A. Internacional General Mariano Escobedo)", 
                "departure_time": "07:57"
            }, 
            {
                "arrival_airport": "San Luis Potos\u00ed, San Luis Potos\u00ed (SLP-A. Internacional Ponciano Arriaga)", 
                "arrival_time": "15:50", 
                "departure_airport": "Ciudad de M\u00e9xico, Distrito Federal (MEX-A. Internacional de la Ciudad de M\u00e9xico)", 
                "departure_time": "14:35"
            }
        ], 
        "ticket price": "11458.00", 
        "airline": "Aeromexico"
    }, 
    {
        "arrival": ", San Luis Potos\u00ed", 
        "consult date": "10/05/2018", 
        "flight duration": "0 days 5 hours 5 minutes", 
        "plane": "BOEING 737-800 SCIMITAR WINGLETS", 
        "departure date": "02/09/2018", 
        "stops": "1", 
        "plane code": "7S8", 
        "departure": ", Monterrey", 
        "timings": [
            {
                "arrival_airport": "Ciudad de M\u00e9xico, Distrito Federal (MEX-A. Internacional de la Ciudad de M\u00e9xico)", 
                "arrival_time": "15:15", 
                "departure_airport": "Monterrey, Nuevo Le\u00f3n (MTY-A. Internacional General Mariano Escobedo)", 
                "departure_time": "13:42"
            }, 
            {
                "arrival_airport": "San Luis Potos\u00ed, San Luis Potos\u00ed (SLP-A. Internacional Ponciano Arriaga)", 
                "arrival_time": "18:47", 
                "departure_airport": "Ciudad de M\u00e9xico, Distrito Federal (MEX-A. Internacional de la Ciudad de M\u00e9xico)", 
                "departure_time": "17:35"
            }
        ], 
        "ticket price": "11458.00", 
        "airline": "Aeromexico"
    }, 
    {
        "arrival": ", San Luis Potos\u00ed", 
        "consult date": "10/05/2018", 
        "flight duration": "0 days 4 hours 21 minutes", 
        "plane": "", 
        "departure date": "02/09/2018", 
        "stops": "1", 
        "plane code": "", 
        "departure": ", Monterrey", 
        "timings": [
            {
                "arrival_airport": "Ciudad de M\u00e9xico, Distrito Federal (MEX-A. Internacional de la Ciudad de M\u00e9xico)", 
                "arrival_time": "16:00", 
                "departure_airport": "Monterrey, Nuevo Le\u00f3n (MTY-A. Internacional General Mariano Escobedo)", 
                "departure_time": "14:26"
            }, 
            {
                "arrival_airport": "San Luis Potos\u00ed, San Luis Potos\u00ed (SLP-A. Internacional Ponciano Arriaga)", 
                "arrival_time": "18:47", 
                "departure_airport": "Ciudad de M\u00e9xico, Distrito Federal (MEX-A. Internacional de la Ciudad de M\u00e9xico)", 
                "departure_time": "17:35"
            }
        ], 
        "ticket price": "11458.00", 
        "airline": "Aeromexico"
    }, 
    {
        "arrival": ", San Luis Potos\u00ed", 
        "consult date": "10/05/2018", 
        "flight duration": "0 days 3 hours 32 minutes", 
        "plane": "BOEING 737-800 SCIMITAR WINGLETS", 
        "departure date": "02/09/2018", 
        "stops": "1", 
        "plane code": "7S8", 
        "departure": ", Monterrey", 
        "timings": [
            {
                "arrival_airport": "Ciudad de M\u00e9xico, Distrito Federal (MEX-A. Internacional de la Ciudad de M\u00e9xico)", 
                "arrival_time": "16:45", 
                "departure_airport": "Monterrey, Nuevo Le\u00f3n (MTY-A. Internacional General Mariano Escobedo)", 
                "departure_time": "15:15"
            }, 
            {
                "arrival_airport": "San Luis Potos\u00ed, San Luis Potos\u00ed (SLP-A. Internacional Ponciano Arriaga)", 
                "arrival_time": "18:47", 
                "departure_airport": "Ciudad de M\u00e9xico, Distrito Federal (MEX-A. Internacional de la Ciudad de M\u00e9xico)", 
                "departure_time": "17:35"
            }
        ], 
        "ticket price": "11458.00", 
        "airline": "Aeromexico"
    }, 
    {
        "arrival": ", San Luis Potos\u00ed", 
        "consult date": "10/05/2018", 
        "flight duration": "0 days 1 hours 25 minutes", 
        "plane": "", 
        "departure date": "02/09/2018", 
        "stops": 0, 
        "plane code": "", 
        "departure": ", Monterrey", 
        "timings": [
            {
                "arrival_airport": "San Luis Potos\u00ed, San Luis Potos\u00ed (SLP-A. Internacional Ponciano Arriaga)", 
                "arrival_time": "14:50", 
                "departure_airport": "Monterrey, Nuevo Le\u00f3n (MTY-A. Internacional General Mariano Escobedo)", 
                "departure_time": "13:25"
            }
        ], 
        "ticket price": "1775.96", 
        "airline": "Interjet"
    }, 
    {
        "arrival": ", San Luis Potos\u00ed", 
        "consult date": "10/05/2018", 
        "flight duration": "0 days 1 hours 11 minutes", 
        "plane": "EMBRAER 170", 
        "departure date": "02/09/2018", 
        "stops": 0, 
        "plane code": "E70", 
        "departure": ", Monterrey", 
        "timings": [
            {
                "arrival_airport": "San Luis Potos\u00ed, San Luis Potos\u00ed (SLP-A. Internacional Ponciano Arriaga)", 
                "arrival_time": "23:18", 
                "departure_airport": "Monterrey, Nuevo Le\u00f3n (MTY-A. Internacional General Mariano Escobedo)", 
                "departure_time": "22:07"
            }
        ], 
        "ticket price": "2607.00", 
        "airline": "Aeromexico"
    }, 
    {
        "arrival": ", San Luis Potos\u00ed", 
        "consult date": "10/05/2018", 
        "flight duration": "0 days 13 hours 50 minutes", 
        "plane": "", 
        "departure date": "02/09/2018", 
        "stops": "1", 
        "plane code": "", 
        "departure": ", Monterrey", 
        "timings": [
            {
                "arrival_airport": "Ciudad de M\u00e9xico, Distrito Federal (MEX-A. Internacional de la Ciudad de M\u00e9xico)", 
                "arrival_time": "13:15", 
                "departure_airport": "Monterrey, Nuevo Le\u00f3n (MTY-A. Internacional General Mariano Escobedo)", 
                "departure_time": "11:45"
            }, 
            {
                "arrival_airport": "San Luis Potos\u00ed, San Luis Potos\u00ed (SLP-A. Internacional Ponciano Arriaga)", 
                "arrival_time": "01:35", 
                "departure_airport": "Ciudad de M\u00e9xico, Distrito Federal (MEX-A. Internacional de la Ciudad de M\u00e9xico)", 
                "departure_time": "00:20"
            }
        ], 
        "ticket price": "3813.21", 
        "airline": "Interjet"
    }, 
    {
        "arrival": ", San Luis Potos\u00ed", 
        "consult date": "10/05/2018", 
        "flight duration": "0 days 4 hours 54 minutes", 
        "plane": "", 
        "departure date": "02/09/2018", 
        "stops": "1", 
        "plane code": "", 
        "departure": ", Monterrey", 
        "timings": [
            {
                "arrival_airport": "Ciudad de M\u00e9xico, Distrito Federal (MEX-A. Internacional de la Ciudad de M\u00e9xico)", 
                "arrival_time": "16:00", 
                "departure_airport": "Monterrey, Nuevo Le\u00f3n (MTY-A. Internacional General Mariano Escobedo)", 
                "departure_time": "14:26"
            }, 
            {
                "arrival_airport": "San Luis Potos\u00ed, San Luis Potos\u00ed (SLP-A. Internacional Ponciano Arriaga)", 
                "arrival_time": "19:20", 
                "departure_airport": "Ciudad de M\u00e9xico, Distrito Federal (MEX-A. Internacional de la Ciudad de M\u00e9xico)", 
                "departure_time": "17:55"
            }
        ], 
        "ticket price": "3964.00", 
        "airline": ""
    }, 
    {
        "arrival": ", San Luis Potos\u00ed", 
        "consult date": "10/05/2018", 
        "flight duration": "0 days 4 hours 5 minutes", 
        "plane": "BOEING 737-800 SCIMITAR WINGLETS", 
        "departure date": "02/09/2018", 
        "stops": "1", 
        "plane code": "7S8", 
        "departure": ", Monterrey", 
        "timings": [
            {
                "arrival_airport": "Ciudad de M\u00e9xico, Distrito Federal (MEX-A. Internacional de la Ciudad de M\u00e9xico)", 
                "arrival_time": "16:45", 
                "departure_airport": "Monterrey, Nuevo Le\u00f3n (MTY-A. Internacional General Mariano Escobedo)", 
                "departure_time": "15:15"
            }, 
            {
                "arrival_airport": "San Luis Potos\u00ed, San Luis Potos\u00ed (SLP-A. Internacional Ponciano Arriaga)", 
                "arrival_time": "19:20", 
                "departure_airport": "Ciudad de M\u00e9xico, Distrito Federal (MEX-A. Internacional de la Ciudad de M\u00e9xico)", 
                "departure_time": "17:55"
            }
        ], 
        "ticket price": "3964.00", 
        "airline": ""
    }, 
    {
        "arrival": ", San Luis Potos\u00ed", 
        "consult date": "10/05/2018", 
        "flight duration": "0 days 12 hours 30 minutes", 
        "plane": "", 
        "departure date": "02/09/2018", 
        "stops": "1", 
        "plane code": "", 
        "departure": ", Monterrey", 
        "timings": [
            {
                "arrival_airport": "Ciudad de M\u00e9xico, Distrito Federal (MEX-A. Internacional de la Ciudad de M\u00e9xico)", 
                "arrival_time": "14:35", 
                "departure_airport": "Monterrey, Nuevo Le\u00f3n (MTY-A. Internacional General Mariano Escobedo)", 
                "departure_time": "13:05"
            }, 
            {
                "arrival_airport": "San Luis Potos\u00ed, San Luis Potos\u00ed (SLP-A. Internacional Ponciano Arriaga)", 
                "arrival_time": "01:35", 
                "departure_airport": "Ciudad de M\u00e9xico, Distrito Federal (MEX-A. Internacional de la Ciudad de M\u00e9xico)", 
                "departure_time": "00:20"
            }
        ], 
        "ticket price": "4109.01", 
        "airline": "Interjet"
    }, 
    {
        "arrival": ", San Luis Potos\u00ed", 
        "consult date": "10/05/2018", 
        "flight duration": "0 days 13 hours 10 minutes", 
        "plane": "", 
        "departure date": "02/09/2018", 
        "stops": "1", 
        "plane code": "", 
        "departure": ", Monterrey", 
        "timings": [
            {
                "arrival_airport": "Ciudad de M\u00e9xico, Distrito Federal (MEX-A. Internacional de la Ciudad de M\u00e9xico)", 
                "arrival_time": "13:55", 
                "departure_airport": "Monterrey, Nuevo Le\u00f3n (MTY-A. Internacional General Mariano Escobedo)", 
                "departure_time": "12:25"
            }, 
            {
                "arrival_airport": "San Luis Potos\u00ed, San Luis Potos\u00ed (SLP-A. Internacional Ponciano Arriaga)", 
                "arrival_time": "01:35", 
                "departure_airport": "Ciudad de M\u00e9xico, Distrito Federal (MEX-A. Internacional de la Ciudad de M\u00e9xico)", 
                "departure_time": "00:20"
            }
        ], 
        "ticket price": "4109.01", 
        "airline": "Interjet"
    }, 
    {
        "arrival": ", San Luis Potos\u00ed", 
        "consult date": "10/05/2018", 
        "flight duration": "0 days 11 hours 10 minutes", 
        "plane": "", 
        "departure date": "02/09/2018", 
        "stops": "1", 
        "plane code": "", 
        "departure": ", Monterrey", 
        "timings": [
            {
                "arrival_airport": "Ciudad de M\u00e9xico, Distrito Federal (MEX-A. Internacional de la Ciudad de M\u00e9xico)", 
                "arrival_time": "15:55", 
                "departure_airport": "Monterrey, Nuevo Le\u00f3n (MTY-A. Internacional General Mariano Escobedo)", 
                "departure_time": "14:25"
            }, 
            {
                "arrival_airport": "San Luis Potos\u00ed, San Luis Potos\u00ed (SLP-A. Internacional Ponciano Arriaga)", 
                "arrival_time": "01:35", 
                "departure_airport": "Ciudad de M\u00e9xico, Distrito Federal (MEX-A. Internacional de la Ciudad de M\u00e9xico)", 
                "departure_time": "00:20"
            }
        ], 
        "ticket price": "4109.01", 
        "airline": "Interjet"
    }, 
    {
        "arrival": ", San Luis Potos\u00ed", 
        "consult date": "10/05/2018", 
        "flight duration": "0 days 7 hours 20 minutes", 
        "plane": "", 
        "departure date": "02/09/2018", 
        "stops": "1", 
        "plane code": "", 
        "departure": ", Monterrey", 
        "timings": [
            {
                "arrival_airport": "Ciudad de M\u00e9xico, Distrito Federal (MEX-A. Internacional de la Ciudad de M\u00e9xico)", 
                "arrival_time": "19:45", 
                "departure_airport": "Monterrey, Nuevo Le\u00f3n (MTY-A. Internacional General Mariano Escobedo)", 
                "departure_time": "18:15"
            }, 
            {
                "arrival_airport": "San Luis Potos\u00ed, San Luis Potos\u00ed (SLP-A. Internacional Ponciano Arriaga)", 
                "arrival_time": "01:35", 
                "departure_airport": "Ciudad de M\u00e9xico, Distrito Federal (MEX-A. Internacional de la Ciudad de M\u00e9xico)", 
                "departure_time": "00:20"
            }
        ], 
        "ticket price": "4404.81", 
        "airline": "Interjet"
    }, 
    {
        "arrival": ", San Luis Potos\u00ed", 
        "consult date": "10/05/2018", 
        "flight duration": "0 days 6 hours 20 minutes", 
        "plane": "", 
        "departure date": "02/09/2018", 
        "stops": "1", 
        "plane code": "", 
        "departure": ", Monterrey", 
        "timings": [
            {
                "arrival_airport": "Ciudad de M\u00e9xico, Distrito Federal (MEX-A. Internacional de la Ciudad de M\u00e9xico)", 
                "arrival_time": "20:50", 
                "departure_airport": "Monterrey, Nuevo Le\u00f3n (MTY-A. Internacional General Mariano Escobedo)", 
                "departure_time": "19:15"
            }, 
            {
                "arrival_airport": "San Luis Potos\u00ed, San Luis Potos\u00ed (SLP-A. Internacional Ponciano Arriaga)", 
                "arrival_time": "01:35", 
                "departure_airport": "Ciudad de M\u00e9xico, Distrito Federal (MEX-A. Internacional de la Ciudad de M\u00e9xico)", 
                "departure_time": "00:20"
            }
        ], 
        "ticket price": "4404.81", 
        "airline": "Interjet"
    }, 
    {
        "arrival": ", San Luis Potos\u00ed", 
        "consult date": "10/05/2018", 
        "flight duration": "0 days 5 hours 54 minutes", 
        "plane": "", 
        "departure date": "02/09/2018", 
        "stops": "1", 
        "plane code": "", 
        "departure": ", Monterrey", 
        "timings": [
            {
                "arrival_airport": "Canc\u00fan, Quintana Roo (CUN-Aeropuerto Internacional de Canc\u00fan)", 
                "arrival_time": "10:24", 
                "departure_airport": "Monterrey, Nuevo Le\u00f3n (MTY-A. Internacional General Mariano Escobedo)", 
                "departure_time": "08:00"
            }, 
            {
                "arrival_airport": "San Luis Potos\u00ed, San Luis Potos\u00ed (SLP-A. Internacional Ponciano Arriaga)", 
                "arrival_time": "13:54", 
                "departure_airport": "Canc\u00fan, Quintana Roo (CUN-Aeropuerto Internacional de Canc\u00fan)", 
                "departure_time": "11:27"
            }
        ], 
        "ticket price": "5641.00", 
        "airline": "Volaris"
    }, 
    {
        "arrival": ", San Luis Potos\u00ed", 
        "consult date": "10/05/2018", 
        "flight duration": "0 days 11 hours 17 minutes", 
        "plane": "Embraer 190", 
        "departure date": "02/09/2018", 
        "stops": "2", 
        "plane code": "E90", 
        "departure": ", Monterrey", 
        "timings": [
            {
                "arrival_airport": "Le\u00f3n, Guanajuato (BJX-Del Baj\u00edo)", 
                "arrival_time": "08:50", 
                "departure_airport": "Monterrey, Nuevo Le\u00f3n (MTY-A. Internacional General Mariano Escobedo)", 
                "departure_time": "07:30"
            }, 
            {
                "arrival_airport": "Ciudad de M\u00e9xico, Distrito Federal (MEX-A. Internacional de la Ciudad de M\u00e9xico)", 
                "arrival_time": "12:55", 
                "departure_airport": "Le\u00f3n, Guanajuato (BJX-Del Baj\u00edo)", 
                "departure_time": "11:44"
            }, 
            {
                "arrival_airport": "San Luis Potos\u00ed, San Luis Potos\u00ed (SLP-A. Internacional Ponciano Arriaga)", 
                "arrival_time": "18:47", 
                "departure_airport": "Ciudad de M\u00e9xico, Distrito Federal (MEX-A. Internacional de la Ciudad de M\u00e9xico)", 
                "departure_time": "17:35"
            }
        ], 
        "ticket price": "9926.00", 
        "airline": "Aeromexico"
    }, 
    {
        "arrival": ", San Luis Potos\u00ed", 
        "consult date": "10/05/2018", 
        "flight duration": "0 days 8 hours 20 minutes", 
        "plane": "Embraer 190", 
        "departure date": "02/09/2018", 
        "stops": "2", 
        "plane code": "E90", 
        "departure": ", Monterrey", 
        "timings": [
            {
                "arrival_airport": "Le\u00f3n, Guanajuato (BJX-Del Baj\u00edo)", 
                "arrival_time": "08:50", 
                "departure_airport": "Monterrey, Nuevo Le\u00f3n (MTY-A. Internacional General Mariano Escobedo)", 
                "departure_time": "07:30"
            }, 
            {
                "arrival_airport": "Ciudad de M\u00e9xico, Distrito Federal (MEX-A. Internacional de la Ciudad de M\u00e9xico)", 
                "arrival_time": "12:55", 
                "departure_airport": "Le\u00f3n, Guanajuato (BJX-Del Baj\u00edo)", 
                "departure_time": "11:44"
            }, 
            {
                "arrival_airport": "San Luis Potos\u00ed, San Luis Potos\u00ed (SLP-A. Internacional Ponciano Arriaga)", 
                "arrival_time": "15:50", 
                "departure_airport": "Ciudad de M\u00e9xico, Distrito Federal (MEX-A. Internacional de la Ciudad de M\u00e9xico)", 
                "departure_time": "14:35"
            }
        ], 
        "ticket price": "9926.00", 
        "airline": "Aeromexico"
    }
]