[
    {
        "arrival": ", Minatitl\u00e1n", 
        "consult date": "10/05/2018", 
        "flight duration": "0 days 5 hours 41 minutes", 
        "plane": "EMBRAER 170", 
        "departure date": "15/10/2018", 
        "stops": "2", 
        "plane code": "E70", 
        "departure": ", Monterrey", 
        "timings": [
            {
                "arrival_airport": "Queretaro, Queretaro (QRO-A. Internacional de Queretaro)", 
                "arrival_time": "14:51", 
                "departure_airport": "Monterrey, Nuevo Le\u00f3n (MTY-A. Internacional General Mariano Escobedo)", 
                "departure_time": "13:30"
            }, 
            {
                "arrival_airport": "Ciudad de M\u00e9xico, Distrito Federal (MEX-A. Internacional de la Ciudad de M\u00e9xico)", 
                "arrival_time": "16:55", 
                "departure_airport": "Queretaro, Queretaro (QRO-A. Internacional de Queretaro)", 
                "departure_time": "15:54"
            }, 
            {
                "arrival_airport": "Minatitl\u00e1n, Veracruz (MTT-A. Nacional de Coatzacoalcos)", 
                "arrival_time": "19:11", 
                "departure_airport": "Ciudad de M\u00e9xico, Distrito Federal (MEX-A. Internacional de la Ciudad de M\u00e9xico)", 
                "departure_time": "17:50"
            }
        ], 
        "ticket price": "10301.00", 
        "airline": "Aeromexico"
    }, 
    {
        "arrival": ", Minatitl\u00e1n", 
        "consult date": "10/05/2018", 
        "flight duration": "0 days 8 hours 1 minutes", 
        "plane": "EMBRAER 170", 
        "departure date": "15/10/2018", 
        "stops": "2", 
        "plane code": "E70", 
        "departure": ", Monterrey", 
        "timings": [
            {
                "arrival_airport": "M\u00e9rida, Yucat\u00e1n (MID-A. Internacional Manuel Crescencio Rej\u00f3n)", 
                "arrival_time": "13:11", 
                "departure_airport": "Monterrey, Nuevo Le\u00f3n (MTY-A. Internacional General Mariano Escobedo)", 
                "departure_time": "11:10"
            }, 
            {
                "arrival_airport": "Ciudad de M\u00e9xico, Distrito Federal (MEX-A. Internacional de la Ciudad de M\u00e9xico)", 
                "arrival_time": "16:30", 
                "departure_airport": "M\u00e9rida, Yucat\u00e1n (MID-A. Internacional Manuel Crescencio Rej\u00f3n)", 
                "departure_time": "14:14"
            }, 
            {
                "arrival_airport": "Minatitl\u00e1n, Veracruz (MTT-A. Nacional de Coatzacoalcos)", 
                "arrival_time": "19:11", 
                "departure_airport": "Ciudad de M\u00e9xico, Distrito Federal (MEX-A. Internacional de la Ciudad de M\u00e9xico)", 
                "departure_time": "17:50"
            }
        ], 
        "ticket price": "11349.00", 
        "airline": "Aeromexico"
    }, 
    {
        "arrival": ", Minatitl\u00e1n", 
        "consult date": "10/05/2018", 
        "flight duration": "0 days 8 hours 11 minutes", 
        "plane": "EMBRAER 170", 
        "departure date": "15/10/2018", 
        "stops": "2", 
        "plane code": "E70", 
        "departure": ", Monterrey", 
        "timings": [
            {
                "arrival_airport": "Canc\u00fan, Quintana Roo (CUN-Aeropuerto Internacional de Canc\u00fan)", 
                "arrival_time": "13:19", 
                "departure_airport": "Monterrey, Nuevo Le\u00f3n (MTY-A. Internacional General Mariano Escobedo)", 
                "departure_time": "11:00"
            }, 
            {
                "arrival_airport": "Ciudad de M\u00e9xico, Distrito Federal (MEX-A. Internacional de la Ciudad de M\u00e9xico)", 
                "arrival_time": "16:55", 
                "departure_airport": "Canc\u00fan, Quintana Roo (CUN-Aeropuerto Internacional de Canc\u00fan)", 
                "departure_time": "14:17"
            }, 
            {
                "arrival_airport": "Minatitl\u00e1n, Veracruz (MTT-A. Nacional de Coatzacoalcos)", 
                "arrival_time": "19:11", 
                "departure_airport": "Ciudad de M\u00e9xico, Distrito Federal (MEX-A. Internacional de la Ciudad de M\u00e9xico)", 
                "departure_time": "17:50"
            }
        ], 
        "ticket price": "11712.00", 
        "airline": "Aeromexico"
    }, 
    {
        "arrival": ", Minatitl\u00e1n", 
        "consult date": "10/05/2018", 
        "flight duration": "0 days 3 hours 56 minutes", 
        "plane": "BOEING 737-800 SCIMITAR WINGLETS", 
        "departure date": "15/10/2018", 
        "stops": "1", 
        "plane code": "7S8", 
        "departure": ", Monterrey", 
        "timings": [
            {
                "arrival_airport": "Ciudad de M\u00e9xico, Distrito Federal (MEX-A. Internacional de la Ciudad de M\u00e9xico)", 
                "arrival_time": "16:45", 
                "departure_airport": "Monterrey, Nuevo Le\u00f3n (MTY-A. Internacional General Mariano Escobedo)", 
                "departure_time": "15:15"
            }, 
            {
                "arrival_airport": "Minatitl\u00e1n, Veracruz (MTT-A. Nacional de Coatzacoalcos)", 
                "arrival_time": "19:11", 
                "departure_airport": "Ciudad de M\u00e9xico, Distrito Federal (MEX-A. Internacional de la Ciudad de M\u00e9xico)", 
                "departure_time": "17:50"
            }
        ], 
        "ticket price": "2655.00", 
        "airline": "Aeromexico"
    }, 
    {
        "arrival": ", Minatitl\u00e1n", 
        "consult date": "10/05/2018", 
        "flight duration": "0 days 5 hours 24 minutes", 
        "plane": "BOEING 737-800 SCIMITAR WINGLETS", 
        "departure date": "15/10/2018", 
        "stops": "1", 
        "plane code": "7S8", 
        "departure": ", Monterrey", 
        "timings": [
            {
                "arrival_airport": "Ciudad de M\u00e9xico, Distrito Federal (MEX-A. Internacional de la Ciudad de M\u00e9xico)", 
                "arrival_time": "08:30", 
                "departure_airport": "Monterrey, Nuevo Le\u00f3n (MTY-A. Internacional General Mariano Escobedo)", 
                "departure_time": "06:52"
            }, 
            {
                "arrival_airport": "Minatitl\u00e1n, Veracruz (MTT-A. Nacional de Coatzacoalcos)", 
                "arrival_time": "12:16", 
                "departure_airport": "Ciudad de M\u00e9xico, Distrito Federal (MEX-A. Internacional de la Ciudad de M\u00e9xico)", 
                "departure_time": "10:55"
            }
        ], 
        "ticket price": "2655.00", 
        "airline": "Aeromexico"
    }, 
    {
        "arrival": ", Minatitl\u00e1n", 
        "consult date": "10/05/2018", 
        "flight duration": "0 days 4 hours 45 minutes", 
        "plane": "", 
        "departure date": "15/10/2018", 
        "stops": "1", 
        "plane code": "", 
        "departure": ", Monterrey", 
        "timings": [
            {
                "arrival_airport": "Ciudad de M\u00e9xico, Distrito Federal (MEX-A. Internacional de la Ciudad de M\u00e9xico)", 
                "arrival_time": "16:00", 
                "departure_airport": "Monterrey, Nuevo Le\u00f3n (MTY-A. Internacional General Mariano Escobedo)", 
                "departure_time": "14:26"
            }, 
            {
                "arrival_airport": "Minatitl\u00e1n, Veracruz (MTT-A. Nacional de Coatzacoalcos)", 
                "arrival_time": "19:11", 
                "departure_airport": "Ciudad de M\u00e9xico, Distrito Federal (MEX-A. Internacional de la Ciudad de M\u00e9xico)", 
                "departure_time": "17:50"
            }
        ], 
        "ticket price": "2655.00", 
        "airline": "Aeromexico"
    }, 
    {
        "arrival": ", Minatitl\u00e1n", 
        "consult date": "10/05/2018", 
        "flight duration": "0 days 5 hours 29 minutes", 
        "plane": "BOEING 737-800 SCIMITAR WINGLETS", 
        "departure date": "15/10/2018", 
        "stops": "1", 
        "plane code": "7S8", 
        "departure": ", Monterrey", 
        "timings": [
            {
                "arrival_airport": "Ciudad de M\u00e9xico, Distrito Federal (MEX-A. Internacional de la Ciudad de M\u00e9xico)", 
                "arrival_time": "15:15", 
                "departure_airport": "Monterrey, Nuevo Le\u00f3n (MTY-A. Internacional General Mariano Escobedo)", 
                "departure_time": "13:42"
            }, 
            {
                "arrival_airport": "Minatitl\u00e1n, Veracruz (MTT-A. Nacional de Coatzacoalcos)", 
                "arrival_time": "19:11", 
                "departure_airport": "Ciudad de M\u00e9xico, Distrito Federal (MEX-A. Internacional de la Ciudad de M\u00e9xico)", 
                "departure_time": "17:50"
            }
        ], 
        "ticket price": "2655.00", 
        "airline": "Aeromexico"
    }, 
    {
        "arrival": ", Minatitl\u00e1n", 
        "consult date": "10/05/2018", 
        "flight duration": "0 days 4 hours 19 minutes", 
        "plane": "Boeing 737", 
        "departure date": "15/10/2018", 
        "stops": "1", 
        "plane code": "737", 
        "departure": ", Monterrey", 
        "timings": [
            {
                "arrival_airport": "Ciudad de M\u00e9xico, Distrito Federal (MEX-A. Internacional de la Ciudad de M\u00e9xico)", 
                "arrival_time": "09:35", 
                "departure_airport": "Monterrey, Nuevo Le\u00f3n (MTY-A. Internacional General Mariano Escobedo)", 
                "departure_time": "07:57"
            }, 
            {
                "arrival_airport": "Minatitl\u00e1n, Veracruz (MTT-A. Nacional de Coatzacoalcos)", 
                "arrival_time": "12:16", 
                "departure_airport": "Ciudad de M\u00e9xico, Distrito Federal (MEX-A. Internacional de la Ciudad de M\u00e9xico)", 
                "departure_time": "10:55"
            }
        ], 
        "ticket price": "2829.00", 
        "airline": "Aeromexico"
    }, 
    {
        "arrival": ", Minatitl\u00e1n", 
        "consult date": "10/05/2018", 
        "flight duration": "0 days 6 hours 25 minutes", 
        "plane": "", 
        "departure date": "15/10/2018", 
        "stops": "1", 
        "plane code": "", 
        "departure": ", Monterrey", 
        "timings": [
            {
                "arrival_airport": "Ciudad de M\u00e9xico, Distrito Federal (MEX-A. Internacional de la Ciudad de M\u00e9xico)", 
                "arrival_time": "19:45", 
                "departure_airport": "Monterrey, Nuevo Le\u00f3n (MTY-A. Internacional General Mariano Escobedo)", 
                "departure_time": "18:15"
            }, 
            {
                "arrival_airport": "Minatitl\u00e1n, Veracruz (MTT-A. Nacional de Coatzacoalcos)", 
                "arrival_time": "00:40", 
                "departure_airport": "Ciudad de M\u00e9xico, Distrito Federal (MEX-A. Internacional de la Ciudad de M\u00e9xico)", 
                "departure_time": "23:30"
            }
        ], 
        "ticket price": "2859.91", 
        "airline": "Interjet"
    }, 
    {
        "arrival": ", Minatitl\u00e1n", 
        "consult date": "10/05/2018", 
        "flight duration": "0 days 10 hours 15 minutes", 
        "plane": "", 
        "departure date": "15/10/2018", 
        "stops": "1", 
        "plane code": "", 
        "departure": ", Monterrey", 
        "timings": [
            {
                "arrival_airport": "Ciudad de M\u00e9xico, Distrito Federal (MEX-A. Internacional de la Ciudad de M\u00e9xico)", 
                "arrival_time": "15:55", 
                "departure_airport": "Monterrey, Nuevo Le\u00f3n (MTY-A. Internacional General Mariano Escobedo)", 
                "departure_time": "14:25"
            }, 
            {
                "arrival_airport": "Minatitl\u00e1n, Veracruz (MTT-A. Nacional de Coatzacoalcos)", 
                "arrival_time": "00:40", 
                "departure_airport": "Ciudad de M\u00e9xico, Distrito Federal (MEX-A. Internacional de la Ciudad de M\u00e9xico)", 
                "departure_time": "23:30"
            }
        ], 
        "ticket price": "3155.71", 
        "airline": "Interjet"
    }, 
    {
        "arrival": ", Minatitl\u00e1n", 
        "consult date": "10/05/2018", 
        "flight duration": "0 days 12 hours 55 minutes", 
        "plane": "", 
        "departure date": "15/10/2018", 
        "stops": "1", 
        "plane code": "", 
        "departure": ", Monterrey", 
        "timings": [
            {
                "arrival_airport": "Ciudad de M\u00e9xico, Distrito Federal (MEX-A. Internacional de la Ciudad de M\u00e9xico)", 
                "arrival_time": "13:15", 
                "departure_airport": "Monterrey, Nuevo Le\u00f3n (MTY-A. Internacional General Mariano Escobedo)", 
                "departure_time": "11:45"
            }, 
            {
                "arrival_airport": "Minatitl\u00e1n, Veracruz (MTT-A. Nacional de Coatzacoalcos)", 
                "arrival_time": "00:40", 
                "departure_airport": "Ciudad de M\u00e9xico, Distrito Federal (MEX-A. Internacional de la Ciudad de M\u00e9xico)", 
                "departure_time": "23:30"
            }
        ], 
        "ticket price": "3155.71", 
        "airline": "Interjet"
    }, 
    {
        "arrival": ", Minatitl\u00e1n", 
        "consult date": "10/05/2018", 
        "flight duration": "0 days 11 hours 35 minutes", 
        "plane": "", 
        "departure date": "15/10/2018", 
        "stops": "1", 
        "plane code": "", 
        "departure": ", Monterrey", 
        "timings": [
            {
                "arrival_airport": "Ciudad de M\u00e9xico, Distrito Federal (MEX-A. Internacional de la Ciudad de M\u00e9xico)", 
                "arrival_time": "14:35", 
                "departure_airport": "Monterrey, Nuevo Le\u00f3n (MTY-A. Internacional General Mariano Escobedo)", 
                "departure_time": "13:05"
            }, 
            {
                "arrival_airport": "Minatitl\u00e1n, Veracruz (MTT-A. Nacional de Coatzacoalcos)", 
                "arrival_time": "00:40", 
                "departure_airport": "Ciudad de M\u00e9xico, Distrito Federal (MEX-A. Internacional de la Ciudad de M\u00e9xico)", 
                "departure_time": "23:30"
            }
        ], 
        "ticket price": "3155.71", 
        "airline": "Interjet"
    }, 
    {
        "arrival": ", Minatitl\u00e1n", 
        "consult date": "10/05/2018", 
        "flight duration": "0 days 5 hours 25 minutes", 
        "plane": "", 
        "departure date": "15/10/2018", 
        "stops": "1", 
        "plane code": "", 
        "departure": ", Monterrey", 
        "timings": [
            {
                "arrival_airport": "Ciudad de M\u00e9xico, Distrito Federal (MEX-A. Internacional de la Ciudad de M\u00e9xico)", 
                "arrival_time": "20:50", 
                "departure_airport": "Monterrey, Nuevo Le\u00f3n (MTY-A. Internacional General Mariano Escobedo)", 
                "departure_time": "19:15"
            }, 
            {
                "arrival_airport": "Minatitl\u00e1n, Veracruz (MTT-A. Nacional de Coatzacoalcos)", 
                "arrival_time": "00:40", 
                "departure_airport": "Ciudad de M\u00e9xico, Distrito Federal (MEX-A. Internacional de la Ciudad de M\u00e9xico)", 
                "departure_time": "23:30"
            }
        ], 
        "ticket price": "3155.71", 
        "airline": "Interjet"
    }, 
    {
        "arrival": ", Minatitl\u00e1n", 
        "consult date": "10/05/2018", 
        "flight duration": "0 days 6 hours 14 minutes", 
        "plane": "Boeing 737", 
        "departure date": "15/10/2018", 
        "stops": "1", 
        "plane code": "737", 
        "departure": ", Monterrey", 
        "timings": [
            {
                "arrival_airport": "Ciudad de M\u00e9xico, Distrito Federal (MEX-A. Internacional de la Ciudad de M\u00e9xico)", 
                "arrival_time": "07:40", 
                "departure_airport": "Monterrey, Nuevo Le\u00f3n (MTY-A. Internacional General Mariano Escobedo)", 
                "departure_time": "06:02"
            }, 
            {
                "arrival_airport": "Minatitl\u00e1n, Veracruz (MTT-A. Nacional de Coatzacoalcos)", 
                "arrival_time": "12:16", 
                "departure_airport": "Ciudad de M\u00e9xico, Distrito Federal (MEX-A. Internacional de la Ciudad de M\u00e9xico)", 
                "departure_time": "10:55"
            }
        ], 
        "ticket price": "3293.00", 
        "airline": "Aeromexico"
    }, 
    {
        "arrival": ", Minatitl\u00e1n", 
        "consult date": "10/05/2018", 
        "flight duration": "0 days 7 hours 45 minutes", 
        "plane": "Embraer 190", 
        "departure date": "15/10/2018", 
        "stops": "1", 
        "plane code": "E90", 
        "departure": ", Monterrey", 
        "timings": [
            {
                "arrival_airport": "Ciudad de M\u00e9xico, Distrito Federal (MEX-A. Internacional de la Ciudad de M\u00e9xico)", 
                "arrival_time": "13:05", 
                "departure_airport": "Monterrey, Nuevo Le\u00f3n (MTY-A. Internacional General Mariano Escobedo)", 
                "departure_time": "11:26"
            }, 
            {
                "arrival_airport": "Minatitl\u00e1n, Veracruz (MTT-A. Nacional de Coatzacoalcos)", 
                "arrival_time": "19:11", 
                "departure_airport": "Ciudad de M\u00e9xico, Distrito Federal (MEX-A. Internacional de la Ciudad de M\u00e9xico)", 
                "departure_time": "17:50"
            }
        ], 
        "ticket price": "4801.00", 
        "airline": "Aeromexico"
    }, 
    {
        "arrival": ", Minatitl\u00e1n", 
        "consult date": "10/05/2018", 
        "flight duration": "0 days 5 hours 16 minutes", 
        "plane": "EMBRAER 170", 
        "departure date": "15/10/2018", 
        "stops": "2", 
        "plane code": "E70", 
        "departure": ", Monterrey", 
        "timings": [
            {
                "arrival_airport": "Queretaro, Queretaro (QRO-A. Internacional de Queretaro)", 
                "arrival_time": "08:22", 
                "departure_airport": "Monterrey, Nuevo Le\u00f3n (MTY-A. Internacional General Mariano Escobedo)", 
                "departure_time": "07:00"
            }, 
            {
                "arrival_airport": "Ciudad de M\u00e9xico, Distrito Federal (MEX-A. Internacional de la Ciudad de M\u00e9xico)", 
                "arrival_time": "10:10", 
                "departure_airport": "Queretaro, Queretaro (QRO-A. Internacional de Queretaro)", 
                "departure_time": "09:08"
            }, 
            {
                "arrival_airport": "Minatitl\u00e1n, Veracruz (MTT-A. Nacional de Coatzacoalcos)", 
                "arrival_time": "12:16", 
                "departure_airport": "Ciudad de M\u00e9xico, Distrito Federal (MEX-A. Internacional de la Ciudad de M\u00e9xico)", 
                "departure_time": "10:55"
            }
        ], 
        "ticket price": "8677.00", 
        "airline": "Aeromexico"
    }
]