[
    {
        "arrival": ", Villahermosa", 
        "consult date": "10/05/2018", 
        "flight duration": "0 days 2 hours 5 minutes", 
        "plane": "", 
        "departure date": "17/07/2018", 
        "stops": 0, 
        "plane code": "", 
        "departure": ", Monterrey", 
        "timings": [
            {
                "arrival_airport": "Villahermosa, Tabasco (VSA-A. Internacional Carlos Rovirosa P\u00e9rez)", 
                "arrival_time": "08:40", 
                "departure_airport": "Monterrey, Nuevo Le\u00f3n (MTY-A. Internacional General Mariano Escobedo)", 
                "departure_time": "06:35"
            }
        ], 
        "ticket price": "1356.92", 
        "airline": "VivaAerobus"
    }, 
    {
        "arrival": ", Villahermosa", 
        "consult date": "10/05/2018", 
        "flight duration": "0 days 10 hours 5 minutes", 
        "plane": "", 
        "departure date": "17/07/2018", 
        "stops": "1", 
        "plane code": "", 
        "departure": ", Monterrey", 
        "timings": [
            {
                "arrival_airport": "Ciudad de M\u00e9xico, Distrito Federal (MEX-A. Internacional de la Ciudad de M\u00e9xico)", 
                "arrival_time": "14:35", 
                "departure_airport": "Monterrey, Nuevo Le\u00f3n (MTY-A. Internacional General Mariano Escobedo)", 
                "departure_time": "13:05"
            }, 
            {
                "arrival_airport": "Villahermosa, Tabasco (VSA-A. Internacional Carlos Rovirosa P\u00e9rez)", 
                "arrival_time": "23:10", 
                "departure_airport": "Ciudad de M\u00e9xico, Distrito Federal (MEX-A. Internacional de la Ciudad de M\u00e9xico)", 
                "departure_time": "21:45"
            }
        ], 
        "ticket price": "1529.04", 
        "airline": "Interjet"
    }, 
    {
        "arrival": ", Villahermosa", 
        "consult date": "10/05/2018", 
        "flight duration": "0 days 8 hours 45 minutes", 
        "plane": "", 
        "departure date": "17/07/2018", 
        "stops": "1", 
        "plane code": "", 
        "departure": ", Monterrey", 
        "timings": [
            {
                "arrival_airport": "Ciudad de M\u00e9xico, Distrito Federal (MEX-A. Internacional de la Ciudad de M\u00e9xico)", 
                "arrival_time": "15:55", 
                "departure_airport": "Monterrey, Nuevo Le\u00f3n (MTY-A. Internacional General Mariano Escobedo)", 
                "departure_time": "14:25"
            }, 
            {
                "arrival_airport": "Villahermosa, Tabasco (VSA-A. Internacional Carlos Rovirosa P\u00e9rez)", 
                "arrival_time": "23:10", 
                "departure_airport": "Ciudad de M\u00e9xico, Distrito Federal (MEX-A. Internacional de la Ciudad de M\u00e9xico)", 
                "departure_time": "21:45"
            }
        ], 
        "ticket price": "1529.04", 
        "airline": "Interjet"
    }, 
    {
        "arrival": ", Villahermosa", 
        "consult date": "10/05/2018", 
        "flight duration": "0 days 12 hours 25 minutes", 
        "plane": "", 
        "departure date": "17/07/2018", 
        "stops": "1", 
        "plane code": "", 
        "departure": ", Monterrey", 
        "timings": [
            {
                "arrival_airport": "Ciudad de M\u00e9xico, Distrito Federal (MEX-A. Internacional de la Ciudad de M\u00e9xico)", 
                "arrival_time": "12:15", 
                "departure_airport": "Monterrey, Nuevo Le\u00f3n (MTY-A. Internacional General Mariano Escobedo)", 
                "departure_time": "10:45"
            }, 
            {
                "arrival_airport": "Villahermosa, Tabasco (VSA-A. Internacional Carlos Rovirosa P\u00e9rez)", 
                "arrival_time": "23:10", 
                "departure_airport": "Ciudad de M\u00e9xico, Distrito Federal (MEX-A. Internacional de la Ciudad de M\u00e9xico)", 
                "departure_time": "21:45"
            }
        ], 
        "ticket price": "1529.04", 
        "airline": "Interjet"
    }, 
    {
        "arrival": ", Villahermosa", 
        "consult date": "10/05/2018", 
        "flight duration": "0 days 4 hours 55 minutes", 
        "plane": "", 
        "departure date": "17/07/2018", 
        "stops": "1", 
        "plane code": "", 
        "departure": ", Monterrey", 
        "timings": [
            {
                "arrival_airport": "Ciudad de M\u00e9xico, Distrito Federal (MEX-A. Internacional de la Ciudad de M\u00e9xico)", 
                "arrival_time": "19:45", 
                "departure_airport": "Monterrey, Nuevo Le\u00f3n (MTY-A. Internacional General Mariano Escobedo)", 
                "departure_time": "18:15"
            }, 
            {
                "arrival_airport": "Villahermosa, Tabasco (VSA-A. Internacional Carlos Rovirosa P\u00e9rez)", 
                "arrival_time": "23:10", 
                "departure_airport": "Ciudad de M\u00e9xico, Distrito Federal (MEX-A. Internacional de la Ciudad de M\u00e9xico)", 
                "departure_time": "21:45"
            }
        ], 
        "ticket price": "1529.04", 
        "airline": "Interjet"
    }, 
    {
        "arrival": ", Villahermosa", 
        "consult date": "10/05/2018", 
        "flight duration": "0 days 14 hours 55 minutes", 
        "plane": "", 
        "departure date": "17/07/2018", 
        "stops": "1", 
        "plane code": "", 
        "departure": ", Monterrey", 
        "timings": [
            {
                "arrival_airport": "Ciudad de M\u00e9xico, Distrito Federal (MEX-A. Internacional de la Ciudad de M\u00e9xico)", 
                "arrival_time": "09:50", 
                "departure_airport": "Monterrey, Nuevo Le\u00f3n (MTY-A. Internacional General Mariano Escobedo)", 
                "departure_time": "08:15"
            }, 
            {
                "arrival_airport": "Villahermosa, Tabasco (VSA-A. Internacional Carlos Rovirosa P\u00e9rez)", 
                "arrival_time": "23:10", 
                "departure_airport": "Ciudad de M\u00e9xico, Distrito Federal (MEX-A. Internacional de la Ciudad de M\u00e9xico)", 
                "departure_time": "21:45"
            }
        ], 
        "ticket price": "1529.04", 
        "airline": "Interjet"
    }, 
    {
        "arrival": ", Villahermosa", 
        "consult date": "10/05/2018", 
        "flight duration": "0 days 14 hours 35 minutes", 
        "plane": "", 
        "departure date": "17/07/2018", 
        "stops": "1", 
        "plane code": "", 
        "departure": ", Monterrey", 
        "timings": [
            {
                "arrival_airport": "Ciudad de M\u00e9xico, Distrito Federal (MEX-A. Internacional de la Ciudad de M\u00e9xico)", 
                "arrival_time": "10:10", 
                "departure_airport": "Monterrey, Nuevo Le\u00f3n (MTY-A. Internacional General Mariano Escobedo)", 
                "departure_time": "08:35"
            }, 
            {
                "arrival_airport": "Villahermosa, Tabasco (VSA-A. Internacional Carlos Rovirosa P\u00e9rez)", 
                "arrival_time": "23:10", 
                "departure_airport": "Ciudad de M\u00e9xico, Distrito Federal (MEX-A. Internacional de la Ciudad de M\u00e9xico)", 
                "departure_time": "21:45"
            }
        ], 
        "ticket price": "1529.04", 
        "airline": "Interjet"
    }, 
    {
        "arrival": ", Villahermosa", 
        "consult date": "10/05/2018", 
        "flight duration": "0 days 10 hours 45 minutes", 
        "plane": "", 
        "departure date": "17/07/2018", 
        "stops": "1", 
        "plane code": "", 
        "departure": ", Monterrey", 
        "timings": [
            {
                "arrival_airport": "Ciudad de M\u00e9xico, Distrito Federal (MEX-A. Internacional de la Ciudad de M\u00e9xico)", 
                "arrival_time": "13:55", 
                "departure_airport": "Monterrey, Nuevo Le\u00f3n (MTY-A. Internacional General Mariano Escobedo)", 
                "departure_time": "12:25"
            }, 
            {
                "arrival_airport": "Villahermosa, Tabasco (VSA-A. Internacional Carlos Rovirosa P\u00e9rez)", 
                "arrival_time": "23:10", 
                "departure_airport": "Ciudad de M\u00e9xico, Distrito Federal (MEX-A. Internacional de la Ciudad de M\u00e9xico)", 
                "departure_time": "21:45"
            }
        ], 
        "ticket price": "1529.04", 
        "airline": "Interjet"
    }, 
    {
        "arrival": ", Villahermosa", 
        "consult date": "10/05/2018", 
        "flight duration": "0 days 11 hours 25 minutes", 
        "plane": "", 
        "departure date": "17/07/2018", 
        "stops": "1", 
        "plane code": "", 
        "departure": ", Monterrey", 
        "timings": [
            {
                "arrival_airport": "Ciudad de M\u00e9xico, Distrito Federal (MEX-A. Internacional de la Ciudad de M\u00e9xico)", 
                "arrival_time": "13:15", 
                "departure_airport": "Monterrey, Nuevo Le\u00f3n (MTY-A. Internacional General Mariano Escobedo)", 
                "departure_time": "11:45"
            }, 
            {
                "arrival_airport": "Villahermosa, Tabasco (VSA-A. Internacional Carlos Rovirosa P\u00e9rez)", 
                "arrival_time": "23:10", 
                "departure_airport": "Ciudad de M\u00e9xico, Distrito Federal (MEX-A. Internacional de la Ciudad de M\u00e9xico)", 
                "departure_time": "21:45"
            }
        ], 
        "ticket price": "1529.04", 
        "airline": "Interjet"
    }, 
    {
        "arrival": ", Villahermosa", 
        "consult date": "10/05/2018", 
        "flight duration": "0 days 10 hours 0 minutes", 
        "plane": "", 
        "departure date": "17/07/2018", 
        "stops": "1", 
        "plane code": "", 
        "departure": ", Monterrey", 
        "timings": [
            {
                "arrival_airport": "Ciudad de M\u00e9xico, Distrito Federal (MEX-A. Internacional de la Ciudad de M\u00e9xico)", 
                "arrival_time": "10:10", 
                "departure_airport": "Monterrey, Nuevo Le\u00f3n (MTY-A. Internacional General Mariano Escobedo)", 
                "departure_time": "08:35"
            }, 
            {
                "arrival_airport": "Villahermosa, Tabasco (VSA-A. Internacional Carlos Rovirosa P\u00e9rez)", 
                "arrival_time": "18:35", 
                "departure_airport": "Ciudad de M\u00e9xico, Distrito Federal (MEX-A. Internacional de la Ciudad de M\u00e9xico)", 
                "departure_time": "17:05"
            }
        ], 
        "ticket price": "1609.05", 
        "airline": "Interjet"
    }, 
    {
        "arrival": ", Villahermosa", 
        "consult date": "10/05/2018", 
        "flight duration": "0 days 10 hours 20 minutes", 
        "plane": "", 
        "departure date": "17/07/2018", 
        "stops": "1", 
        "plane code": "", 
        "departure": ", Monterrey", 
        "timings": [
            {
                "arrival_airport": "Ciudad de M\u00e9xico, Distrito Federal (MEX-A. Internacional de la Ciudad de M\u00e9xico)", 
                "arrival_time": "09:50", 
                "departure_airport": "Monterrey, Nuevo Le\u00f3n (MTY-A. Internacional General Mariano Escobedo)", 
                "departure_time": "08:15"
            }, 
            {
                "arrival_airport": "Villahermosa, Tabasco (VSA-A. Internacional Carlos Rovirosa P\u00e9rez)", 
                "arrival_time": "18:35", 
                "departure_airport": "Ciudad de M\u00e9xico, Distrito Federal (MEX-A. Internacional de la Ciudad de M\u00e9xico)", 
                "departure_time": "17:05"
            }
        ], 
        "ticket price": "1609.05", 
        "airline": "Interjet"
    }, 
    {
        "arrival": ", Villahermosa", 
        "consult date": "10/05/2018", 
        "flight duration": "0 days 7 hours 50 minutes", 
        "plane": "", 
        "departure date": "17/07/2018", 
        "stops": "1", 
        "plane code": "", 
        "departure": ", Monterrey", 
        "timings": [
            {
                "arrival_airport": "Ciudad de M\u00e9xico, Distrito Federal (MEX-A. Internacional de la Ciudad de M\u00e9xico)", 
                "arrival_time": "12:15", 
                "departure_airport": "Monterrey, Nuevo Le\u00f3n (MTY-A. Internacional General Mariano Escobedo)", 
                "departure_time": "10:45"
            }, 
            {
                "arrival_airport": "Villahermosa, Tabasco (VSA-A. Internacional Carlos Rovirosa P\u00e9rez)", 
                "arrival_time": "18:35", 
                "departure_airport": "Ciudad de M\u00e9xico, Distrito Federal (MEX-A. Internacional de la Ciudad de M\u00e9xico)", 
                "departure_time": "17:05"
            }
        ], 
        "ticket price": "1609.05", 
        "airline": "Interjet"
    }, 
    {
        "arrival": ", Villahermosa", 
        "consult date": "10/05/2018", 
        "flight duration": "0 days 6 hours 10 minutes", 
        "plane": "", 
        "departure date": "17/07/2018", 
        "stops": "1", 
        "plane code": "", 
        "departure": ", Monterrey", 
        "timings": [
            {
                "arrival_airport": "Ciudad de M\u00e9xico, Distrito Federal (MEX-A. Internacional de la Ciudad de M\u00e9xico)", 
                "arrival_time": "13:55", 
                "departure_airport": "Monterrey, Nuevo Le\u00f3n (MTY-A. Internacional General Mariano Escobedo)", 
                "departure_time": "12:25"
            }, 
            {
                "arrival_airport": "Villahermosa, Tabasco (VSA-A. Internacional Carlos Rovirosa P\u00e9rez)", 
                "arrival_time": "18:35", 
                "departure_airport": "Ciudad de M\u00e9xico, Distrito Federal (MEX-A. Internacional de la Ciudad de M\u00e9xico)", 
                "departure_time": "17:05"
            }
        ], 
        "ticket price": "1609.05", 
        "airline": "Interjet"
    }, 
    {
        "arrival": ", Villahermosa", 
        "consult date": "10/05/2018", 
        "flight duration": "0 days 5 hours 30 minutes", 
        "plane": "", 
        "departure date": "17/07/2018", 
        "stops": "1", 
        "plane code": "", 
        "departure": ", Monterrey", 
        "timings": [
            {
                "arrival_airport": "Ciudad de M\u00e9xico, Distrito Federal (MEX-A. Internacional de la Ciudad de M\u00e9xico)", 
                "arrival_time": "14:35", 
                "departure_airport": "Monterrey, Nuevo Le\u00f3n (MTY-A. Internacional General Mariano Escobedo)", 
                "departure_time": "13:05"
            }, 
            {
                "arrival_airport": "Villahermosa, Tabasco (VSA-A. Internacional Carlos Rovirosa P\u00e9rez)", 
                "arrival_time": "18:35", 
                "departure_airport": "Ciudad de M\u00e9xico, Distrito Federal (MEX-A. Internacional de la Ciudad de M\u00e9xico)", 
                "departure_time": "17:05"
            }
        ], 
        "ticket price": "1609.05", 
        "airline": "Interjet"
    }, 
    {
        "arrival": ", Villahermosa", 
        "consult date": "10/05/2018", 
        "flight duration": "0 days 11 hours 10 minutes", 
        "plane": "", 
        "departure date": "17/07/2018", 
        "stops": "1", 
        "plane code": "", 
        "departure": ", Monterrey", 
        "timings": [
            {
                "arrival_airport": "Ciudad de M\u00e9xico, Distrito Federal (MEX-A. Internacional de la Ciudad de M\u00e9xico)", 
                "arrival_time": "08:55", 
                "departure_airport": "Monterrey, Nuevo Le\u00f3n (MTY-A. Internacional General Mariano Escobedo)", 
                "departure_time": "07:25"
            }, 
            {
                "arrival_airport": "Villahermosa, Tabasco (VSA-A. Internacional Carlos Rovirosa P\u00e9rez)", 
                "arrival_time": "18:35", 
                "departure_airport": "Ciudad de M\u00e9xico, Distrito Federal (MEX-A. Internacional de la Ciudad de M\u00e9xico)", 
                "departure_time": "17:05"
            }
        ], 
        "ticket price": "1609.05", 
        "airline": "Interjet"
    }, 
    {
        "arrival": ", Villahermosa", 
        "consult date": "10/05/2018", 
        "flight duration": "1 days 14 hours 10 minutes", 
        "plane": "", 
        "departure date": "17/07/2018", 
        "stops": "1", 
        "plane code": "", 
        "departure": ", Monterrey", 
        "timings": [
            {
                "arrival_airport": "Ciudad de M\u00e9xico, Distrito Federal (MEX-A. Internacional de la Ciudad de M\u00e9xico)", 
                "arrival_time": "01:05", 
                "departure_airport": "Monterrey, Nuevo Le\u00f3n (MTY-A. Internacional General Mariano Escobedo)", 
                "departure_time": "23:30"
            }, 
            {
                "arrival_airport": "Villahermosa, Tabasco (VSA-A. Internacional Carlos Rovirosa P\u00e9rez)", 
                "arrival_time": "13:40", 
                "departure_airport": "Ciudad de M\u00e9xico, Distrito Federal (MEX-A. Internacional de la Ciudad de M\u00e9xico)", 
                "departure_time": "12:20"
            }
        ], 
        "ticket price": "1609.05", 
        "airline": "Interjet"
    }, 
    {
        "arrival": ", Villahermosa", 
        "consult date": "10/05/2018", 
        "flight duration": "0 days 6 hours 50 minutes", 
        "plane": "", 
        "departure date": "17/07/2018", 
        "stops": "1", 
        "plane code": "", 
        "departure": ", Monterrey", 
        "timings": [
            {
                "arrival_airport": "Ciudad de M\u00e9xico, Distrito Federal (MEX-A. Internacional de la Ciudad de M\u00e9xico)", 
                "arrival_time": "13:15", 
                "departure_airport": "Monterrey, Nuevo Le\u00f3n (MTY-A. Internacional General Mariano Escobedo)", 
                "departure_time": "11:45"
            }, 
            {
                "arrival_airport": "Villahermosa, Tabasco (VSA-A. Internacional Carlos Rovirosa P\u00e9rez)", 
                "arrival_time": "18:35", 
                "departure_airport": "Ciudad de M\u00e9xico, Distrito Federal (MEX-A. Internacional de la Ciudad de M\u00e9xico)", 
                "departure_time": "17:05"
            }
        ], 
        "ticket price": "1609.05", 
        "airline": "Interjet"
    }, 
    {
        "arrival": ", Villahermosa", 
        "consult date": "10/05/2018", 
        "flight duration": "0 days 13 hours 25 minutes", 
        "plane": "", 
        "departure date": "17/07/2018", 
        "stops": "1", 
        "plane code": "", 
        "departure": ", Monterrey", 
        "timings": [
            {
                "arrival_airport": "Ciudad de M\u00e9xico, Distrito Federal (MEX-A. Internacional de la Ciudad de M\u00e9xico)", 
                "arrival_time": "11:15", 
                "departure_airport": "Monterrey, Nuevo Le\u00f3n (MTY-A. Internacional General Mariano Escobedo)", 
                "departure_time": "09:45"
            }, 
            {
                "arrival_airport": "Villahermosa, Tabasco (VSA-A. Internacional Carlos Rovirosa P\u00e9rez)", 
                "arrival_time": "23:10", 
                "departure_airport": "Ciudad de M\u00e9xico, Distrito Federal (MEX-A. Internacional de la Ciudad de M\u00e9xico)", 
                "departure_time": "21:45"
            }
        ], 
        "ticket price": "1660.12", 
        "airline": "Interjet"
    }, 
    {
        "arrival": ", Villahermosa", 
        "consult date": "10/05/2018", 
        "flight duration": "0 days 8 hours 50 minutes", 
        "plane": "", 
        "departure date": "17/07/2018", 
        "stops": "1", 
        "plane code": "", 
        "departure": ", Monterrey", 
        "timings": [
            {
                "arrival_airport": "Ciudad de M\u00e9xico, Distrito Federal (MEX-A. Internacional de la Ciudad de M\u00e9xico)", 
                "arrival_time": "11:15", 
                "departure_airport": "Monterrey, Nuevo Le\u00f3n (MTY-A. Internacional General Mariano Escobedo)", 
                "departure_time": "09:45"
            }, 
            {
                "arrival_airport": "Villahermosa, Tabasco (VSA-A. Internacional Carlos Rovirosa P\u00e9rez)", 
                "arrival_time": "18:35", 
                "departure_airport": "Ciudad de M\u00e9xico, Distrito Federal (MEX-A. Internacional de la Ciudad de M\u00e9xico)", 
                "departure_time": "17:05"
            }
        ], 
        "ticket price": "1740.13", 
        "airline": "Interjet"
    }, 
    {
        "arrival": ", Villahermosa", 
        "consult date": "10/05/2018", 
        "flight duration": "0 days 6 hours 55 minutes", 
        "plane": "", 
        "departure date": "17/07/2018", 
        "stops": "1", 
        "plane code": "", 
        "departure": ", Monterrey", 
        "timings": [
            {
                "arrival_airport": "Ciudad de M\u00e9xico, Distrito Federal (MEX-A. Internacional de la Ciudad de M\u00e9xico)", 
                "arrival_time": "17:45", 
                "departure_airport": "Monterrey, Nuevo Le\u00f3n (MTY-A. Internacional General Mariano Escobedo)", 
                "departure_time": "16:15"
            }, 
            {
                "arrival_airport": "Villahermosa, Tabasco (VSA-A. Internacional Carlos Rovirosa P\u00e9rez)", 
                "arrival_time": "23:10", 
                "departure_airport": "Ciudad de M\u00e9xico, Distrito Federal (MEX-A. Internacional de la Ciudad de M\u00e9xico)", 
                "departure_time": "21:45"
            }
        ], 
        "ticket price": "1809.76", 
        "airline": "Interjet"
    }, 
    {
        "arrival": ", Villahermosa", 
        "consult date": "10/05/2018", 
        "flight duration": "0 days 12 hours 40 minutes", 
        "plane": "", 
        "departure date": "17/07/2018", 
        "stops": "1", 
        "plane code": "", 
        "departure": ", Monterrey", 
        "timings": [
            {
                "arrival_airport": "Ciudad de M\u00e9xico, Distrito Federal (MEX-A. Internacional de la Ciudad de M\u00e9xico)", 
                "arrival_time": "07:25", 
                "departure_airport": "Monterrey, Nuevo Le\u00f3n (MTY-A. Internacional General Mariano Escobedo)", 
                "departure_time": "05:55"
            }, 
            {
                "arrival_airport": "Villahermosa, Tabasco (VSA-A. Internacional Carlos Rovirosa P\u00e9rez)", 
                "arrival_time": "18:35", 
                "departure_airport": "Ciudad de M\u00e9xico, Distrito Federal (MEX-A. Internacional de la Ciudad de M\u00e9xico)", 
                "departure_time": "17:05"
            }
        ], 
        "ticket price": "1889.77", 
        "airline": "Interjet"
    }, 
    {
        "arrival": ", Villahermosa", 
        "consult date": "10/05/2018", 
        "flight duration": "0 days 7 hours 49 minutes", 
        "plane": "BOEING 737-800 SCIMITAR WINGLETS", 
        "departure date": "17/07/2018", 
        "stops": "1", 
        "plane code": "7S8", 
        "departure": ", Monterrey", 
        "timings": [
            {
                "arrival_airport": "Ciudad de M\u00e9xico, Distrito Federal (MEX-A. Internacional de la Ciudad de M\u00e9xico)", 
                "arrival_time": "12:05", 
                "departure_airport": "Monterrey, Nuevo Le\u00f3n (MTY-A. Internacional General Mariano Escobedo)", 
                "departure_time": "10:27"
            }, 
            {
                "arrival_airport": "Villahermosa, Tabasco (VSA-A. Internacional Carlos Rovirosa P\u00e9rez)", 
                "arrival_time": "18:16", 
                "departure_airport": "Ciudad de M\u00e9xico, Distrito Federal (MEX-A. Internacional de la Ciudad de M\u00e9xico)", 
                "departure_time": "16:40"
            }
        ], 
        "ticket price": "1914.00", 
        "airline": "Aeromexico"
    }, 
    {
        "arrival": ", Villahermosa", 
        "consult date": "10/05/2018", 
        "flight duration": "0 days 3 hours 49 minutes", 
        "plane": "", 
        "departure date": "17/07/2018", 
        "stops": "1", 
        "plane code": "", 
        "departure": ", Monterrey", 
        "timings": [
            {
                "arrival_airport": "Ciudad de M\u00e9xico, Distrito Federal (MEX-A. Internacional de la Ciudad de M\u00e9xico)", 
                "arrival_time": "16:00", 
                "departure_airport": "Monterrey, Nuevo Le\u00f3n (MTY-A. Internacional General Mariano Escobedo)", 
                "departure_time": "14:27"
            }, 
            {
                "arrival_airport": "Villahermosa, Tabasco (VSA-A. Internacional Carlos Rovirosa P\u00e9rez)", 
                "arrival_time": "18:16", 
                "departure_airport": "Ciudad de M\u00e9xico, Distrito Federal (MEX-A. Internacional de la Ciudad de M\u00e9xico)", 
                "departure_time": "16:40"
            }
        ], 
        "ticket price": "1914.00", 
        "airline": "Aeromexico"
    }, 
    {
        "arrival": ", Villahermosa", 
        "consult date": "10/05/2018", 
        "flight duration": "0 days 6 hours 2 minutes", 
        "plane": "", 
        "departure date": "17/07/2018", 
        "stops": "1", 
        "plane code": "", 
        "departure": ", Monterrey", 
        "timings": [
            {
                "arrival_airport": "Ciudad de M\u00e9xico, Distrito Federal (MEX-A. Internacional de la Ciudad de M\u00e9xico)", 
                "arrival_time": "10:55", 
                "departure_airport": "Monterrey, Nuevo Le\u00f3n (MTY-A. Internacional General Mariano Escobedo)", 
                "departure_time": "09:19"
            }, 
            {
                "arrival_airport": "Villahermosa, Tabasco (VSA-A. Internacional Carlos Rovirosa P\u00e9rez)", 
                "arrival_time": "15:21", 
                "departure_airport": "Ciudad de M\u00e9xico, Distrito Federal (MEX-A. Internacional de la Ciudad de M\u00e9xico)", 
                "departure_time": "13:45"
            }
        ], 
        "ticket price": "1914.00", 
        "airline": "Aeromexico"
    }, 
    {
        "arrival": ", Villahermosa", 
        "consult date": "10/05/2018", 
        "flight duration": "0 days 4 hours 54 minutes", 
        "plane": "BOEING 737-800 SCIMITAR WINGLETS", 
        "departure date": "17/07/2018", 
        "stops": "1", 
        "plane code": "7S8", 
        "departure": ", Monterrey", 
        "timings": [
            {
                "arrival_airport": "Ciudad de M\u00e9xico, Distrito Federal (MEX-A. Internacional de la Ciudad de M\u00e9xico)", 
                "arrival_time": "12:05", 
                "departure_airport": "Monterrey, Nuevo Le\u00f3n (MTY-A. Internacional General Mariano Escobedo)", 
                "departure_time": "10:27"
            }, 
            {
                "arrival_airport": "Villahermosa, Tabasco (VSA-A. Internacional Carlos Rovirosa P\u00e9rez)", 
                "arrival_time": "15:21", 
                "departure_airport": "Ciudad de M\u00e9xico, Distrito Federal (MEX-A. Internacional de la Ciudad de M\u00e9xico)", 
                "departure_time": "13:45"
            }
        ], 
        "ticket price": "1914.00", 
        "airline": "Aeromexico"
    }, 
    {
        "arrival": ", Villahermosa", 
        "consult date": "10/05/2018", 
        "flight duration": "0 days 7 hours 53 minutes", 
        "plane": "BOEING 737-800 SCIMITAR WINGLETS", 
        "departure date": "17/07/2018", 
        "stops": "1", 
        "plane code": "7S8", 
        "departure": ", Monterrey", 
        "timings": [
            {
                "arrival_airport": "Ciudad de M\u00e9xico, Distrito Federal (MEX-A. Internacional de la Ciudad de M\u00e9xico)", 
                "arrival_time": "17:00", 
                "departure_airport": "Monterrey, Nuevo Le\u00f3n (MTY-A. Internacional General Mariano Escobedo)", 
                "departure_time": "15:24"
            }, 
            {
                "arrival_airport": "Villahermosa, Tabasco (VSA-A. Internacional Carlos Rovirosa P\u00e9rez)", 
                "arrival_time": "23:17", 
                "departure_airport": "Ciudad de M\u00e9xico, Distrito Federal (MEX-A. Internacional de la Ciudad de M\u00e9xico)", 
                "departure_time": "21:40"
            }
        ], 
        "ticket price": "2262.00", 
        "airline": "Aeromexico"
    }, 
    {
        "arrival": ", Villahermosa", 
        "consult date": "10/05/2018", 
        "flight duration": "0 days 6 hours 57 minutes", 
        "plane": "BOEING 737-800 SCIMITAR WINGLETS", 
        "departure date": "17/07/2018", 
        "stops": "1", 
        "plane code": "7S8", 
        "departure": ", Monterrey", 
        "timings": [
            {
                "arrival_airport": "Ciudad de M\u00e9xico, Distrito Federal (MEX-A. Internacional de la Ciudad de M\u00e9xico)", 
                "arrival_time": "17:55", 
                "departure_airport": "Monterrey, Nuevo Le\u00f3n (MTY-A. Internacional General Mariano Escobedo)", 
                "departure_time": "16:20"
            }, 
            {
                "arrival_airport": "Villahermosa, Tabasco (VSA-A. Internacional Carlos Rovirosa P\u00e9rez)", 
                "arrival_time": "23:17", 
                "departure_airport": "Ciudad de M\u00e9xico, Distrito Federal (MEX-A. Internacional de la Ciudad de M\u00e9xico)", 
                "departure_time": "21:40"
            }
        ], 
        "ticket price": "2262.00", 
        "airline": "Aeromexico"
    }, 
    {
        "arrival": ", Villahermosa", 
        "consult date": "10/05/2018", 
        "flight duration": "0 days 4 hours 4 minutes", 
        "plane": "BOEING 737-800 SCIMITAR WINGLETS", 
        "departure date": "17/07/2018", 
        "stops": "1", 
        "plane code": "7S8", 
        "departure": ", Monterrey", 
        "timings": [
            {
                "arrival_airport": "Ciudad de M\u00e9xico, Distrito Federal (MEX-A. Internacional de la Ciudad de M\u00e9xico)", 
                "arrival_time": "20:55", 
                "departure_airport": "Monterrey, Nuevo Le\u00f3n (MTY-A. Internacional General Mariano Escobedo)", 
                "departure_time": "19:13"
            }, 
            {
                "arrival_airport": "Villahermosa, Tabasco (VSA-A. Internacional Carlos Rovirosa P\u00e9rez)", 
                "arrival_time": "23:17", 
                "departure_airport": "Ciudad de M\u00e9xico, Distrito Federal (MEX-A. Internacional de la Ciudad de M\u00e9xico)", 
                "departure_time": "21:40"
            }
        ], 
        "ticket price": "2262.00", 
        "airline": "Aeromexico"
    }, 
    {
        "arrival": ", Villahermosa", 
        "consult date": "10/05/2018", 
        "flight duration": "0 days 4 hours 35 minutes", 
        "plane": "Boeing 737", 
        "departure date": "17/07/2018", 
        "stops": "1", 
        "plane code": "737", 
        "departure": ", Monterrey", 
        "timings": [
            {
                "arrival_airport": "Ciudad de M\u00e9xico, Distrito Federal (MEX-A. Internacional de la Ciudad de M\u00e9xico)", 
                "arrival_time": "15:15", 
                "departure_airport": "Monterrey, Nuevo Le\u00f3n (MTY-A. Internacional General Mariano Escobedo)", 
                "departure_time": "13:41"
            }, 
            {
                "arrival_airport": "Villahermosa, Tabasco (VSA-A. Internacional Carlos Rovirosa P\u00e9rez)", 
                "arrival_time": "18:16", 
                "departure_airport": "Ciudad de M\u00e9xico, Distrito Federal (MEX-A. Internacional de la Ciudad de M\u00e9xico)", 
                "departure_time": "16:40"
            }
        ], 
        "ticket price": "2610.00", 
        "airline": "Aeromexico"
    }, 
    {
        "arrival": ", Villahermosa", 
        "consult date": "10/05/2018", 
        "flight duration": "0 days 4 hours 6 minutes", 
        "plane": "BOEING 737-800 SCIMITAR WINGLETS", 
        "departure date": "17/07/2018", 
        "stops": "1", 
        "plane code": "7S8", 
        "departure": ", Monterrey", 
        "timings": [
            {
                "arrival_airport": "Ciudad de M\u00e9xico, Distrito Federal (MEX-A. Internacional de la Ciudad de M\u00e9xico)", 
                "arrival_time": "08:30", 
                "departure_airport": "Monterrey, Nuevo Le\u00f3n (MTY-A. Internacional General Mariano Escobedo)", 
                "departure_time": "06:55"
            }, 
            {
                "arrival_airport": "Villahermosa, Tabasco (VSA-A. Internacional Carlos Rovirosa P\u00e9rez)", 
                "arrival_time": "11:01", 
                "departure_airport": "Ciudad de M\u00e9xico, Distrito Federal (MEX-A. Internacional de la Ciudad de M\u00e9xico)", 
                "departure_time": "09:35"
            }
        ], 
        "ticket price": "2610.00", 
        "airline": "Aeromexico"
    }, 
    {
        "arrival": ", Villahermosa", 
        "consult date": "10/05/2018", 
        "flight duration": "0 days 6 hours 57 minutes", 
        "plane": "Boeing 737", 
        "departure date": "17/07/2018", 
        "stops": "1", 
        "plane code": "737", 
        "departure": ", Monterrey", 
        "timings": [
            {
                "arrival_airport": "Ciudad de M\u00e9xico, Distrito Federal (MEX-A. Internacional de la Ciudad de M\u00e9xico)", 
                "arrival_time": "12:55", 
                "departure_airport": "Monterrey, Nuevo Le\u00f3n (MTY-A. Internacional General Mariano Escobedo)", 
                "departure_time": "11:19"
            }, 
            {
                "arrival_airport": "Villahermosa, Tabasco (VSA-A. Internacional Carlos Rovirosa P\u00e9rez)", 
                "arrival_time": "18:16", 
                "departure_airport": "Ciudad de M\u00e9xico, Distrito Federal (MEX-A. Internacional de la Ciudad de M\u00e9xico)", 
                "departure_time": "16:40"
            }
        ], 
        "ticket price": "2610.00", 
        "airline": "Aeromexico"
    }, 
    {
        "arrival": ", Villahermosa", 
        "consult date": "10/05/2018", 
        "flight duration": "0 days 4 hours 2 minutes", 
        "plane": "Boeing 737", 
        "departure date": "17/07/2018", 
        "stops": "1", 
        "plane code": "737", 
        "departure": ", Monterrey", 
        "timings": [
            {
                "arrival_airport": "Ciudad de M\u00e9xico, Distrito Federal (MEX-A. Internacional de la Ciudad de M\u00e9xico)", 
                "arrival_time": "12:55", 
                "departure_airport": "Monterrey, Nuevo Le\u00f3n (MTY-A. Internacional General Mariano Escobedo)", 
                "departure_time": "11:19"
            }, 
            {
                "arrival_airport": "Villahermosa, Tabasco (VSA-A. Internacional Carlos Rovirosa P\u00e9rez)", 
                "arrival_time": "15:21", 
                "departure_airport": "Ciudad de M\u00e9xico, Distrito Federal (MEX-A. Internacional de la Ciudad de M\u00e9xico)", 
                "departure_time": "13:45"
            }
        ], 
        "ticket price": "2610.00", 
        "airline": "Aeromexico"
    }, 
    {
        "arrival": ", Villahermosa", 
        "consult date": "10/05/2018", 
        "flight duration": "0 days 4 hours 56 minutes", 
        "plane": "Boeing 737", 
        "departure date": "17/07/2018", 
        "stops": "1", 
        "plane code": "737", 
        "departure": ", Monterrey", 
        "timings": [
            {
                "arrival_airport": "Ciudad de M\u00e9xico, Distrito Federal (MEX-A. Internacional de la Ciudad de M\u00e9xico)", 
                "arrival_time": "07:40", 
                "departure_airport": "Monterrey, Nuevo Le\u00f3n (MTY-A. Internacional General Mariano Escobedo)", 
                "departure_time": "06:05"
            }, 
            {
                "arrival_airport": "Villahermosa, Tabasco (VSA-A. Internacional Carlos Rovirosa P\u00e9rez)", 
                "arrival_time": "11:01", 
                "departure_airport": "Ciudad de M\u00e9xico, Distrito Federal (MEX-A. Internacional de la Ciudad de M\u00e9xico)", 
                "departure_time": "09:35"
            }
        ], 
        "ticket price": "3306.00", 
        "airline": "Aeromexico"
    }, 
    {
        "arrival": ", Villahermosa", 
        "consult date": "10/05/2018", 
        "flight duration": "0 days 7 hours 26 minutes", 
        "plane": "Boeing 737", 
        "departure date": "17/07/2018", 
        "stops": "1", 
        "plane code": "737", 
        "departure": ", Monterrey", 
        "timings": [
            {
                "arrival_airport": "Ciudad de M\u00e9xico, Distrito Federal (MEX-A. Internacional de la Ciudad de M\u00e9xico)", 
                "arrival_time": "09:30", 
                "departure_airport": "Monterrey, Nuevo Le\u00f3n (MTY-A. Internacional General Mariano Escobedo)", 
                "departure_time": "07:55"
            }, 
            {
                "arrival_airport": "Villahermosa, Tabasco (VSA-A. Internacional Carlos Rovirosa P\u00e9rez)", 
                "arrival_time": "15:21", 
                "departure_airport": "Ciudad de M\u00e9xico, Distrito Federal (MEX-A. Internacional de la Ciudad de M\u00e9xico)", 
                "departure_time": "13:45"
            }
        ], 
        "ticket price": "3306.00", 
        "airline": "Aeromexico"
    }, 
    {
        "arrival": ", Villahermosa", 
        "consult date": "10/05/2018", 
        "flight duration": "0 days 5 hours 57 minutes", 
        "plane": "Boeing 737", 
        "departure date": "17/07/2018", 
        "stops": "1", 
        "plane code": "737", 
        "departure": ", Monterrey", 
        "timings": [
            {
                "arrival_airport": "Ciudad de M\u00e9xico, Distrito Federal (MEX-A. Internacional de la Ciudad de M\u00e9xico)", 
                "arrival_time": "18:50", 
                "departure_airport": "Monterrey, Nuevo Le\u00f3n (MTY-A. Internacional General Mariano Escobedo)", 
                "departure_time": "17:20"
            }, 
            {
                "arrival_airport": "Villahermosa, Tabasco (VSA-A. Internacional Carlos Rovirosa P\u00e9rez)", 
                "arrival_time": "23:17", 
                "departure_airport": "Ciudad de M\u00e9xico, Distrito Federal (MEX-A. Internacional de la Ciudad de M\u00e9xico)", 
                "departure_time": "21:40"
            }
        ], 
        "ticket price": "3654.00", 
        "airline": "Aeromexico"
    }
]