[
    {
        "arrival": ", Mazatl\u00e1n", 
        "consult date": "10/05/2018", 
        "flight duration": "0 days 5 hours 32 minutes", 
        "plane": "BOEING 737-800 SCIMITAR WINGLETS", 
        "departure date": "15/10/2018", 
        "stops": "1", 
        "plane code": "7S8", 
        "departure": ", Monterrey", 
        "timings": [
            {
                "arrival_airport": "Ciudad de M\u00e9xico, Distrito Federal (MEX-A. Internacional de la Ciudad de M\u00e9xico)", 
                "arrival_time": "08:35", 
                "departure_airport": "Monterrey, Nuevo Le\u00f3n (MTY-A. Internacional General Mariano Escobedo)", 
                "departure_time": "06:55"
            }, 
            {
                "arrival_airport": "Mazatl\u00e1n, Sinaloa (MZT-A. Internacional General Rafael Buelna)", 
                "arrival_time": "11:27", 
                "departure_airport": "Ciudad de M\u00e9xico, Distrito Federal (MEX-A. Internacional de la Ciudad de M\u00e9xico)", 
                "departure_time": "10:30"
            }
        ], 
        "ticket price": "10318.00", 
        "airline": "Aeromexico"
    }, 
    {
        "arrival": ", Mazatl\u00e1n", 
        "consult date": "10/05/2018", 
        "flight duration": "0 days 6 hours 22 minutes", 
        "plane": "Boeing 737", 
        "departure date": "15/10/2018", 
        "stops": "1", 
        "plane code": "737", 
        "departure": ", Monterrey", 
        "timings": [
            {
                "arrival_airport": "Ciudad de M\u00e9xico, Distrito Federal (MEX-A. Internacional de la Ciudad de M\u00e9xico)", 
                "arrival_time": "07:45", 
                "departure_airport": "Monterrey, Nuevo Le\u00f3n (MTY-A. Internacional General Mariano Escobedo)", 
                "departure_time": "06:05"
            }, 
            {
                "arrival_airport": "Mazatl\u00e1n, Sinaloa (MZT-A. Internacional General Rafael Buelna)", 
                "arrival_time": "11:27", 
                "departure_airport": "Ciudad de M\u00e9xico, Distrito Federal (MEX-A. Internacional de la Ciudad de M\u00e9xico)", 
                "departure_time": "10:30"
            }
        ], 
        "ticket price": "10782.00", 
        "airline": "Aeromexico"
    }, 
    {
        "arrival": ", Mazatl\u00e1n", 
        "consult date": "10/05/2018", 
        "flight duration": "0 days 4 hours 32 minutes", 
        "plane": "Boeing 737", 
        "departure date": "15/10/2018", 
        "stops": "1", 
        "plane code": "737", 
        "departure": ", Monterrey", 
        "timings": [
            {
                "arrival_airport": "Ciudad de M\u00e9xico, Distrito Federal (MEX-A. Internacional de la Ciudad de M\u00e9xico)", 
                "arrival_time": "09:35", 
                "departure_airport": "Monterrey, Nuevo Le\u00f3n (MTY-A. Internacional General Mariano Escobedo)", 
                "departure_time": "07:55"
            }, 
            {
                "arrival_airport": "Mazatl\u00e1n, Sinaloa (MZT-A. Internacional General Rafael Buelna)", 
                "arrival_time": "11:27", 
                "departure_airport": "Ciudad de M\u00e9xico, Distrito Federal (MEX-A. Internacional de la Ciudad de M\u00e9xico)", 
                "departure_time": "10:30"
            }
        ], 
        "ticket price": "10782.00", 
        "airline": "Aeromexico"
    }, 
    {
        "arrival": ", Mazatl\u00e1n", 
        "consult date": "10/05/2018", 
        "flight duration": "0 days 11 hours 32 minutes", 
        "plane": "Embraer 190", 
        "departure date": "15/10/2018", 
        "stops": "2", 
        "plane code": "E90", 
        "departure": ", Monterrey", 
        "timings": [
            {
                "arrival_airport": "Le\u00f3n, Guanajuato (BJX-Del Baj\u00edo)", 
                "arrival_time": "08:46", 
                "departure_airport": "Monterrey, Nuevo Le\u00f3n (MTY-A. Internacional General Mariano Escobedo)", 
                "departure_time": "07:30"
            }, 
            {
                "arrival_airport": "Ciudad de M\u00e9xico, Distrito Federal (MEX-A. Internacional de la Ciudad de M\u00e9xico)", 
                "arrival_time": "13:05", 
                "departure_airport": "Le\u00f3n, Guanajuato (BJX-Del Baj\u00edo)", 
                "departure_time": "11:49"
            }, 
            {
                "arrival_airport": "Mazatl\u00e1n, Sinaloa (MZT-A. Internacional General Rafael Buelna)", 
                "arrival_time": "18:02", 
                "departure_airport": "Ciudad de M\u00e9xico, Distrito Federal (MEX-A. Internacional de la Ciudad de M\u00e9xico)", 
                "departure_time": "17:05"
            }
        ], 
        "ticket price": "12788.00", 
        "airline": "Aeromexico"
    }, 
    {
        "arrival": ", Mazatl\u00e1n", 
        "consult date": "10/05/2018", 
        "flight duration": "0 days 12 hours 32 minutes", 
        "plane": "Embraer 190", 
        "departure date": "15/10/2018", 
        "stops": "2", 
        "plane code": "E90", 
        "departure": ", Monterrey", 
        "timings": [
            {
                "arrival_airport": "Guadalajara, Jalisco (GDL-Don Miguel Hidalgo y Costilla Intl.)", 
                "arrival_time": "08:02", 
                "departure_airport": "Monterrey, Nuevo Le\u00f3n (MTY-A. Internacional General Mariano Escobedo)", 
                "departure_time": "06:30"
            }, 
            {
                "arrival_airport": "Ciudad de M\u00e9xico, Distrito Federal (MEX-A. Internacional de la Ciudad de M\u00e9xico)", 
                "arrival_time": "12:25", 
                "departure_airport": "Guadalajara, Jalisco (GDL-Don Miguel Hidalgo y Costilla Intl.)", 
                "departure_time": "11:01"
            }, 
            {
                "arrival_airport": "Mazatl\u00e1n, Sinaloa (MZT-A. Internacional General Rafael Buelna)", 
                "arrival_time": "18:02", 
                "departure_airport": "Ciudad de M\u00e9xico, Distrito Federal (MEX-A. Internacional de la Ciudad de M\u00e9xico)", 
                "departure_time": "17:05"
            }
        ], 
        "ticket price": "13790.00", 
        "airline": "Aeromexico"
    }, 
    {
        "arrival": ", Mazatl\u00e1n", 
        "consult date": "10/05/2018", 
        "flight duration": "0 days 7 hours 34 minutes", 
        "plane": "", 
        "departure date": "15/10/2018", 
        "stops": "1", 
        "plane code": "", 
        "departure": ", Monterrey", 
        "timings": [
            {
                "arrival_airport": "Ciudad de M\u00e9xico, Distrito Federal (MEX-A. Internacional de la Ciudad de M\u00e9xico)", 
                "arrival_time": "13:05", 
                "departure_airport": "Monterrey, Nuevo Le\u00f3n (MTY-A. Internacional General Mariano Escobedo)", 
                "departure_time": "11:28"
            }, 
            {
                "arrival_airport": "Mazatl\u00e1n, Sinaloa (MZT-A. Internacional General Rafael Buelna)", 
                "arrival_time": "18:02", 
                "departure_airport": "Ciudad de M\u00e9xico, Distrito Federal (MEX-A. Internacional de la Ciudad de M\u00e9xico)", 
                "departure_time": "17:05"
            }
        ], 
        "ticket price": "4300.00", 
        "airline": "Aeromexico"
    }, 
    {
        "arrival": ", Mazatl\u00e1n", 
        "consult date": "10/05/2018", 
        "flight duration": "0 days 8 hours 37 minutes", 
        "plane": "BOEING 737-800 SCIMITAR WINGLETS", 
        "departure date": "15/10/2018", 
        "stops": "1", 
        "plane code": "7S8", 
        "departure": ", Monterrey", 
        "timings": [
            {
                "arrival_airport": "Ciudad de M\u00e9xico, Distrito Federal (MEX-A. Internacional de la Ciudad de M\u00e9xico)", 
                "arrival_time": "12:05", 
                "departure_airport": "Monterrey, Nuevo Le\u00f3n (MTY-A. Internacional General Mariano Escobedo)", 
                "departure_time": "10:25"
            }, 
            {
                "arrival_airport": "Mazatl\u00e1n, Sinaloa (MZT-A. Internacional General Rafael Buelna)", 
                "arrival_time": "18:02", 
                "departure_airport": "Ciudad de M\u00e9xico, Distrito Federal (MEX-A. Internacional de la Ciudad de M\u00e9xico)", 
                "departure_time": "17:05"
            }
        ], 
        "ticket price": "4300.00", 
        "airline": "Aeromexico"
    }, 
    {
        "arrival": ", Mazatl\u00e1n", 
        "consult date": "10/05/2018", 
        "flight duration": "0 days 5 hours 2 minutes", 
        "plane": "Boeing 737-800", 
        "departure date": "15/10/2018", 
        "stops": "1", 
        "plane code": "738", 
        "departure": ", Monterrey", 
        "timings": [
            {
                "arrival_airport": "Ciudad de M\u00e9xico, Distrito Federal (MEX-A. Internacional de la Ciudad de M\u00e9xico)", 
                "arrival_time": "20:50", 
                "departure_airport": "Monterrey, Nuevo Le\u00f3n (MTY-A. Internacional General Mariano Escobedo)", 
                "departure_time": "19:13"
            }, 
            {
                "arrival_airport": "Mazatl\u00e1n, Sinaloa (MZT-A. Internacional General Rafael Buelna)", 
                "arrival_time": "23:15", 
                "departure_airport": "Ciudad de M\u00e9xico, Distrito Federal (MEX-A. Internacional de la Ciudad de M\u00e9xico)", 
                "departure_time": "22:15"
            }
        ], 
        "ticket price": "5054.00", 
        "airline": "Aeromexico"
    }, 
    {
        "arrival": ", Mazatl\u00e1n", 
        "consult date": "10/05/2018", 
        "flight duration": "0 days 4 hours 41 minutes", 
        "plane": "", 
        "departure date": "15/10/2018", 
        "stops": "1", 
        "plane code": "", 
        "departure": ", Monterrey", 
        "timings": [
            {
                "arrival_airport": "Ciudad de M\u00e9xico, Distrito Federal (MEX-A. Internacional de la Ciudad de M\u00e9xico)", 
                "arrival_time": "15:55", 
                "departure_airport": "Monterrey, Nuevo Le\u00f3n (MTY-A. Internacional General Mariano Escobedo)", 
                "departure_time": "14:21"
            }, 
            {
                "arrival_airport": "Mazatl\u00e1n, Sinaloa (MZT-A. Internacional General Rafael Buelna)", 
                "arrival_time": "18:02", 
                "departure_airport": "Ciudad de M\u00e9xico, Distrito Federal (MEX-A. Internacional de la Ciudad de M\u00e9xico)", 
                "departure_time": "17:05"
            }
        ], 
        "ticket price": "5054.00", 
        "airline": "Aeromexico"
    }, 
    {
        "arrival": ", Mazatl\u00e1n", 
        "consult date": "10/05/2018", 
        "flight duration": "0 days 6 hours 55 minutes", 
        "plane": "Boeing 737", 
        "departure date": "15/10/2018", 
        "stops": "1", 
        "plane code": "737", 
        "departure": ", Monterrey", 
        "timings": [
            {
                "arrival_airport": "Ciudad de M\u00e9xico, Distrito Federal (MEX-A. Internacional de la Ciudad de M\u00e9xico)", 
                "arrival_time": "19:00", 
                "departure_airport": "Monterrey, Nuevo Le\u00f3n (MTY-A. Internacional General Mariano Escobedo)", 
                "departure_time": "17:20"
            }, 
            {
                "arrival_airport": "Mazatl\u00e1n, Sinaloa (MZT-A. Internacional General Rafael Buelna)", 
                "arrival_time": "23:15", 
                "departure_airport": "Ciudad de M\u00e9xico, Distrito Federal (MEX-A. Internacional de la Ciudad de M\u00e9xico)", 
                "departure_time": "22:15"
            }
        ], 
        "ticket price": "5054.00", 
        "airline": "Aeromexico"
    }, 
    {
        "arrival": ", Mazatl\u00e1n", 
        "consult date": "10/05/2018", 
        "flight duration": "0 days 7 hours 55 minutes", 
        "plane": "BOEING 737-800 SCIMITAR WINGLETS", 
        "departure date": "15/10/2018", 
        "stops": "1", 
        "plane code": "7S8", 
        "departure": ", Monterrey", 
        "timings": [
            {
                "arrival_airport": "Ciudad de M\u00e9xico, Distrito Federal (MEX-A. Internacional de la Ciudad de M\u00e9xico)", 
                "arrival_time": "17:50", 
                "departure_airport": "Monterrey, Nuevo Le\u00f3n (MTY-A. Internacional General Mariano Escobedo)", 
                "departure_time": "16:20"
            }, 
            {
                "arrival_airport": "Mazatl\u00e1n, Sinaloa (MZT-A. Internacional General Rafael Buelna)", 
                "arrival_time": "23:15", 
                "departure_airport": "Ciudad de M\u00e9xico, Distrito Federal (MEX-A. Internacional de la Ciudad de M\u00e9xico)", 
                "departure_time": "22:15"
            }
        ], 
        "ticket price": "5054.00", 
        "airline": "Aeromexico"
    }, 
    {
        "arrival": ", Mazatl\u00e1n", 
        "consult date": "10/05/2018", 
        "flight duration": "0 days 4 hours 25 minutes", 
        "plane": "Embraer 190", 
        "departure date": "15/10/2018", 
        "stops": "1", 
        "plane code": "E90", 
        "departure": ", Monterrey", 
        "timings": [
            {
                "arrival_airport": "Ciudad de M\u00e9xico, Distrito Federal (MEX-A. Internacional de la Ciudad de M\u00e9xico)", 
                "arrival_time": "21:30", 
                "departure_airport": "Monterrey, Nuevo Le\u00f3n (MTY-A. Internacional General Mariano Escobedo)", 
                "departure_time": "19:50"
            }, 
            {
                "arrival_airport": "Mazatl\u00e1n, Sinaloa (MZT-A. Internacional General Rafael Buelna)", 
                "arrival_time": "23:15", 
                "departure_airport": "Ciudad de M\u00e9xico, Distrito Federal (MEX-A. Internacional de la Ciudad de M\u00e9xico)", 
                "departure_time": "22:15"
            }
        ], 
        "ticket price": "5054.00", 
        "airline": "Aeromexico"
    }, 
    {
        "arrival": ", Mazatl\u00e1n", 
        "consult date": "10/05/2018", 
        "flight duration": "0 days 5 hours 55 minutes", 
        "plane": "BOEING 737-800 SCIMITAR WINGLETS", 
        "departure date": "15/10/2018", 
        "stops": "1", 
        "plane code": "7S8", 
        "departure": ", Monterrey", 
        "timings": [
            {
                "arrival_airport": "Ciudad de M\u00e9xico, Distrito Federal (MEX-A. Internacional de la Ciudad de M\u00e9xico)", 
                "arrival_time": "20:00", 
                "departure_airport": "Monterrey, Nuevo Le\u00f3n (MTY-A. Internacional General Mariano Escobedo)", 
                "departure_time": "18:20"
            }, 
            {
                "arrival_airport": "Mazatl\u00e1n, Sinaloa (MZT-A. Internacional General Rafael Buelna)", 
                "arrival_time": "23:15", 
                "departure_airport": "Ciudad de M\u00e9xico, Distrito Federal (MEX-A. Internacional de la Ciudad de M\u00e9xico)", 
                "departure_time": "22:15"
            }
        ], 
        "ticket price": "5054.00", 
        "airline": "Aeromexico"
    }, 
    {
        "arrival": ", Mazatl\u00e1n", 
        "consult date": "10/05/2018", 
        "flight duration": "0 days 5 hours 12 minutes", 
        "plane": "BOEING 737-800 SCIMITAR WINGLETS", 
        "departure date": "15/10/2018", 
        "stops": "1", 
        "plane code": "7S8", 
        "departure": ", Monterrey", 
        "timings": [
            {
                "arrival_airport": "Ciudad de M\u00e9xico, Distrito Federal (MEX-A. Internacional de la Ciudad de M\u00e9xico)", 
                "arrival_time": "15:25", 
                "departure_airport": "Monterrey, Nuevo Le\u00f3n (MTY-A. Internacional General Mariano Escobedo)", 
                "departure_time": "13:50"
            }, 
            {
                "arrival_airport": "Mazatl\u00e1n, Sinaloa (MZT-A. Internacional General Rafael Buelna)", 
                "arrival_time": "18:02", 
                "departure_airport": "Ciudad de M\u00e9xico, Distrito Federal (MEX-A. Internacional de la Ciudad de M\u00e9xico)", 
                "departure_time": "17:05"
            }
        ], 
        "ticket price": "5054.00", 
        "airline": "Aeromexico"
    }, 
    {
        "arrival": ", Mazatl\u00e1n", 
        "consult date": "10/05/2018", 
        "flight duration": "0 days 1 hours 25 minutes", 
        "plane": "", 
        "departure date": "15/10/2018", 
        "stops": 0, 
        "plane code": "", 
        "departure": ", Monterrey", 
        "timings": [
            {
                "arrival_airport": "Mazatl\u00e1n, Sinaloa (MZT-A. Internacional General Rafael Buelna)", 
                "arrival_time": "12:00", 
                "departure_airport": "Monterrey, Nuevo Le\u00f3n (MTY-A. Internacional General Mariano Escobedo)", 
                "departure_time": "11:35"
            }
        ], 
        "ticket price": "5673.84", 
        "airline": "VivaAerobus"
    }, 
    {
        "arrival": ", Mazatl\u00e1n", 
        "consult date": "10/05/2018", 
        "flight duration": "0 days 8 hours 50 minutes", 
        "plane": "", 
        "departure date": "15/10/2018", 
        "stops": "1", 
        "plane code": "", 
        "departure": ", Monterrey", 
        "timings": [
            {
                "arrival_airport": "Ciudad de M\u00e9xico, Distrito Federal (MEX-A. Internacional de la Ciudad de M\u00e9xico)", 
                "arrival_time": "01:05", 
                "departure_airport": "Monterrey, Nuevo Le\u00f3n (MTY-A. Internacional General Mariano Escobedo)", 
                "departure_time": "23:30"
            }, 
            {
                "arrival_airport": "Mazatl\u00e1n, Sinaloa (MZT-A. Internacional General Rafael Buelna)", 
                "arrival_time": "07:20", 
                "departure_airport": "Ciudad de M\u00e9xico, Distrito Federal (MEX-A. Internacional de la Ciudad de M\u00e9xico)", 
                "departure_time": "06:40"
            }
        ], 
        "ticket price": "6464.10", 
        "airline": "Interjet"
    }, 
    {
        "arrival": ", Mazatl\u00e1n", 
        "consult date": "10/05/2018", 
        "flight duration": "0 days 10 hours 10 minutes", 
        "plane": "", 
        "departure date": "15/10/2018", 
        "stops": "1", 
        "plane code": "", 
        "departure": ", Monterrey", 
        "timings": [
            {
                "arrival_airport": "Ciudad de M\u00e9xico, Distrito Federal (MEX-A. Internacional de la Ciudad de M\u00e9xico)", 
                "arrival_time": "23:45", 
                "departure_airport": "Monterrey, Nuevo Le\u00f3n (MTY-A. Internacional General Mariano Escobedo)", 
                "departure_time": "22:10"
            }, 
            {
                "arrival_airport": "Mazatl\u00e1n, Sinaloa (MZT-A. Internacional General Rafael Buelna)", 
                "arrival_time": "07:20", 
                "departure_airport": "Ciudad de M\u00e9xico, Distrito Federal (MEX-A. Internacional de la Ciudad de M\u00e9xico)", 
                "departure_time": "06:40"
            }
        ], 
        "ticket price": "6464.10", 
        "airline": "Interjet"
    }, 
    {
        "arrival": ", Mazatl\u00e1n", 
        "consult date": "10/05/2018", 
        "flight duration": "0 days 14 hours 5 minutes", 
        "plane": "", 
        "departure date": "15/10/2018", 
        "stops": "1", 
        "plane code": "", 
        "departure": ", Monterrey", 
        "timings": [
            {
                "arrival_airport": "Ciudad de M\u00e9xico, Distrito Federal (MEX-A. Internacional de la Ciudad de M\u00e9xico)", 
                "arrival_time": "19:45", 
                "departure_airport": "Monterrey, Nuevo Le\u00f3n (MTY-A. Internacional General Mariano Escobedo)", 
                "departure_time": "18:15"
            }, 
            {
                "arrival_airport": "Mazatl\u00e1n, Sinaloa (MZT-A. Internacional General Rafael Buelna)", 
                "arrival_time": "07:20", 
                "departure_airport": "Ciudad de M\u00e9xico, Distrito Federal (MEX-A. Internacional de la Ciudad de M\u00e9xico)", 
                "departure_time": "06:40"
            }
        ], 
        "ticket price": "6464.10", 
        "airline": "Interjet"
    }, 
    {
        "arrival": ", Mazatl\u00e1n", 
        "consult date": "10/05/2018", 
        "flight duration": "0 days 6 hours 50 minutes", 
        "plane": "EMBRAER 170", 
        "departure date": "15/10/2018", 
        "stops": "2", 
        "plane code": "E70", 
        "departure": ", Monterrey", 
        "timings": [
            {
                "arrival_airport": "Veracruz, Veracruz (VER-A. Internacional General Heriberto Jara)", 
                "arrival_time": "18:57", 
                "departure_airport": "Monterrey, Nuevo Le\u00f3n (MTY-A. Internacional General Mariano Escobedo)", 
                "departure_time": "17:25"
            }, 
            {
                "arrival_airport": "Ciudad de M\u00e9xico, Distrito Federal (MEX-A. Internacional de la Ciudad de M\u00e9xico)", 
                "arrival_time": "21:30", 
                "departure_airport": "Veracruz, Veracruz (VER-A. Internacional General Heriberto Jara)", 
                "departure_time": "20:07"
            }, 
            {
                "arrival_airport": "Mazatl\u00e1n, Sinaloa (MZT-A. Internacional General Rafael Buelna)", 
                "arrival_time": "23:15", 
                "departure_airport": "Ciudad de M\u00e9xico, Distrito Federal (MEX-A. Internacional de la Ciudad de M\u00e9xico)", 
                "departure_time": "22:15"
            }
        ], 
        "ticket price": "6728.00", 
        "airline": "Aeromexico"
    }, 
    {
        "arrival": ", Mazatl\u00e1n", 
        "consult date": "10/05/2018", 
        "flight duration": "0 days 6 hours 25 minutes", 
        "plane": "", 
        "departure date": "15/10/2018", 
        "stops": "1", 
        "plane code": "", 
        "departure": ", Monterrey", 
        "timings": [
            {
                "arrival_airport": "Ciudad de M\u00e9xico, Distrito Federal (MEX-A. Internacional de la Ciudad de M\u00e9xico)", 
                "arrival_time": "09:50", 
                "departure_airport": "Monterrey, Nuevo Le\u00f3n (MTY-A. Internacional General Mariano Escobedo)", 
                "departure_time": "08:15"
            }, 
            {
                "arrival_airport": "Mazatl\u00e1n, Sinaloa (MZT-A. Internacional General Rafael Buelna)", 
                "arrival_time": "13:40", 
                "departure_airport": "Ciudad de M\u00e9xico, Distrito Federal (MEX-A. Internacional de la Ciudad de M\u00e9xico)", 
                "departure_time": "13:00"
            }
        ], 
        "ticket price": "7085.28", 
        "airline": "Interjet"
    }, 
    {
        "arrival": ", Mazatl\u00e1n", 
        "consult date": "10/05/2018", 
        "flight duration": "0 days 6 hours 5 minutes", 
        "plane": "", 
        "departure date": "15/10/2018", 
        "stops": "1", 
        "plane code": "", 
        "departure": ", Monterrey", 
        "timings": [
            {
                "arrival_airport": "Ciudad de M\u00e9xico, Distrito Federal (MEX-A. Internacional de la Ciudad de M\u00e9xico)", 
                "arrival_time": "10:10", 
                "departure_airport": "Monterrey, Nuevo Le\u00f3n (MTY-A. Internacional General Mariano Escobedo)", 
                "departure_time": "08:35"
            }, 
            {
                "arrival_airport": "Mazatl\u00e1n, Sinaloa (MZT-A. Internacional General Rafael Buelna)", 
                "arrival_time": "13:40", 
                "departure_airport": "Ciudad de M\u00e9xico, Distrito Federal (MEX-A. Internacional de la Ciudad de M\u00e9xico)", 
                "departure_time": "13:00"
            }
        ], 
        "ticket price": "7566.10", 
        "airline": "Interjet"
    }, 
    {
        "arrival": ", Mazatl\u00e1n", 
        "consult date": "10/05/2018", 
        "flight duration": "0 days 7 hours 15 minutes", 
        "plane": "", 
        "departure date": "15/10/2018", 
        "stops": "1", 
        "plane code": "", 
        "departure": ", Monterrey", 
        "timings": [
            {
                "arrival_airport": "Ciudad de M\u00e9xico, Distrito Federal (MEX-A. Internacional de la Ciudad de M\u00e9xico)", 
                "arrival_time": "08:55", 
                "departure_airport": "Monterrey, Nuevo Le\u00f3n (MTY-A. Internacional General Mariano Escobedo)", 
                "departure_time": "07:25"
            }, 
            {
                "arrival_airport": "Mazatl\u00e1n, Sinaloa (MZT-A. Internacional General Rafael Buelna)", 
                "arrival_time": "13:40", 
                "departure_airport": "Ciudad de M\u00e9xico, Distrito Federal (MEX-A. Internacional de la Ciudad de M\u00e9xico)", 
                "departure_time": "13:00"
            }
        ], 
        "ticket price": "7566.10", 
        "airline": "Interjet"
    }, 
    {
        "arrival": ", Mazatl\u00e1n", 
        "consult date": "10/05/2018", 
        "flight duration": "0 days 6 hours 53 minutes", 
        "plane": "", 
        "departure date": "15/10/2018", 
        "stops": "1", 
        "plane code": "", 
        "departure": ", Monterrey", 
        "timings": [
            {
                "arrival_airport": "Ciudad de M\u00e9xico, Distrito Federal (MEX-A. Internacional de la Ciudad de M\u00e9xico)", 
                "arrival_time": "07:56", 
                "departure_airport": "Monterrey, Nuevo Le\u00f3n (MTY-A. Internacional General Mariano Escobedo)", 
                "departure_time": "06:15"
            }, 
            {
                "arrival_airport": "Mazatl\u00e1n, Sinaloa (MZT-A. Internacional General Rafael Buelna)", 
                "arrival_time": "12:08", 
                "departure_airport": "Ciudad de M\u00e9xico, Distrito Federal (MEX-A. Internacional de la Ciudad de M\u00e9xico)", 
                "departure_time": "11:12"
            }
        ], 
        "ticket price": "7682.00", 
        "airline": "Volaris"
    }, 
    {
        "arrival": ", Mazatl\u00e1n", 
        "consult date": "10/05/2018", 
        "flight duration": "0 days 11 hours 47 minutes", 
        "plane": "Embraer 175 (Enhanced Winglets)", 
        "departure date": "15/10/2018", 
        "stops": "2", 
        "plane code": "E7W", 
        "departure": ", Monterrey", 
        "timings": [
            {
                "arrival_airport": "Houston, TX, Estados Unidos (IAH-A. Intercontinental George Bush)", 
                "arrival_time": "08:53", 
                "departure_airport": "Monterrey, Nuevo Le\u00f3n (MTY-A. Internacional General Mariano Escobedo)", 
                "departure_time": "07:15"
            }, 
            {
                "arrival_airport": "Ciudad de M\u00e9xico, Distrito Federal (MEX-A. Internacional de la Ciudad de M\u00e9xico)", 
                "arrival_time": "15:05", 
                "departure_airport": "Houston, TX, Estados Unidos (IAH-A. Intercontinental George Bush)", 
                "departure_time": "12:45"
            }, 
            {
                "arrival_airport": "Mazatl\u00e1n, Sinaloa (MZT-A. Internacional General Rafael Buelna)", 
                "arrival_time": "18:02", 
                "departure_airport": "Ciudad de M\u00e9xico, Distrito Federal (MEX-A. Internacional de la Ciudad de M\u00e9xico)", 
                "departure_time": "17:05"
            }
        ], 
        "ticket price": "83578.00", 
        "airline": "Mesa Airlines DBA United Express"
    }
]