[
    {
        "arrival": ", Ciudad de M\u00e9xico", 
        "consult date": "10/05/2018", 
        "flight duration": "1 days 1 hours 35 minutes", 
        "plane": "", 
        "departure date": "03/09/2018", 
        "stops": 0, 
        "plane code": "", 
        "departure": ", Monterrey", 
        "timings": [
            {
                "arrival_airport": "Ciudad de M\u00e9xico, Distrito Federal (MEX-A. Internacional de la Ciudad de M\u00e9xico)", 
                "arrival_time": "01:20", 
                "departure_airport": "Monterrey, Nuevo Le\u00f3n (MTY-A. Internacional General Mariano Escobedo)", 
                "departure_time": "23:45"
            }
        ], 
        "ticket price": "1298.97", 
        "airline": "VivaAerobus"
    }, 
    {
        "arrival": ", Ciudad de M\u00e9xico", 
        "consult date": "10/05/2018", 
        "flight duration": "1 days 1 hours 41 minutes", 
        "plane": "", 
        "departure date": "03/09/2018", 
        "stops": 0, 
        "plane code": "", 
        "departure": ", Monterrey", 
        "timings": [
            {
                "arrival_airport": "Ciudad de M\u00e9xico, Distrito Federal (MEX-A. Internacional de la Ciudad de M\u00e9xico)", 
                "arrival_time": "00:12", 
                "departure_airport": "Monterrey, Nuevo Le\u00f3n (MTY-A. Internacional General Mariano Escobedo)", 
                "departure_time": "22:31"
            }
        ], 
        "ticket price": "1672.00", 
        "airline": "Volaris"
    }, 
    {
        "arrival": ", Ciudad de M\u00e9xico", 
        "consult date": "10/05/2018", 
        "flight duration": "0 days 1 hours 40 minutes", 
        "plane": "BOEING 737-800 SCIMITAR WINGLETS", 
        "departure date": "03/09/2018", 
        "stops": 0, 
        "plane code": "7S8", 
        "departure": ", Monterrey", 
        "timings": [
            {
                "arrival_airport": "Ciudad de M\u00e9xico, Distrito Federal (MEX-A. Internacional de la Ciudad de M\u00e9xico)", 
                "arrival_time": "23:05", 
                "departure_airport": "Monterrey, Nuevo Le\u00f3n (MTY-A. Internacional General Mariano Escobedo)", 
                "departure_time": "21:25"
            }
        ], 
        "ticket price": "1737.00", 
        "airline": "Aeromexico"
    }, 
    {
        "arrival": ", Ciudad de M\u00e9xico", 
        "consult date": "10/05/2018", 
        "flight duration": "0 days 1 hours 34 minutes", 
        "plane": "Embraer 190", 
        "departure date": "03/09/2018", 
        "stops": 0, 
        "plane code": "E90", 
        "departure": ", Monterrey", 
        "timings": [
            {
                "arrival_airport": "Ciudad de M\u00e9xico, Distrito Federal (MEX-A. Internacional de la Ciudad de M\u00e9xico)", 
                "arrival_time": "22:36", 
                "departure_airport": "Monterrey, Nuevo Le\u00f3n (MTY-A. Internacional General Mariano Escobedo)", 
                "departure_time": "21:02"
            }
        ], 
        "ticket price": "1737.00", 
        "airline": "Aeromexico"
    }, 
    {
        "arrival": ", Ciudad de M\u00e9xico", 
        "consult date": "10/05/2018", 
        "flight duration": "0 days 1 hours 40 minutes", 
        "plane": "Embraer 190", 
        "departure date": "03/09/2018", 
        "stops": 0, 
        "plane code": "E90", 
        "departure": ", Monterrey", 
        "timings": [
            {
                "arrival_airport": "Ciudad de M\u00e9xico, Distrito Federal (MEX-A. Internacional de la Ciudad de M\u00e9xico)", 
                "arrival_time": "23:25", 
                "departure_airport": "Monterrey, Nuevo Le\u00f3n (MTY-A. Internacional General Mariano Escobedo)", 
                "departure_time": "21:45"
            }
        ], 
        "ticket price": "1737.00", 
        "airline": "Aeromexico"
    }, 
    {
        "arrival": ", Ciudad de M\u00e9xico", 
        "consult date": "10/05/2018", 
        "flight duration": "0 days 1 hours 35 minutes", 
        "plane": "", 
        "departure date": "03/09/2018", 
        "stops": 0, 
        "plane code": "", 
        "departure": ", Monterrey", 
        "timings": [
            {
                "arrival_airport": "Ciudad de M\u00e9xico, Distrito Federal (MEX-A. Internacional de la Ciudad de M\u00e9xico)", 
                "arrival_time": "20:00", 
                "departure_airport": "Monterrey, Nuevo Le\u00f3n (MTY-A. Internacional General Mariano Escobedo)", 
                "departure_time": "18:25"
            }
        ], 
        "ticket price": "1788.97", 
        "airline": "VivaAerobus"
    }, 
    {
        "arrival": ", Ciudad de M\u00e9xico", 
        "consult date": "10/05/2018", 
        "flight duration": "0 days 1 hours 35 minutes", 
        "plane": "", 
        "departure date": "03/09/2018", 
        "stops": 0, 
        "plane code": "", 
        "departure": ", Monterrey", 
        "timings": [
            {
                "arrival_airport": "Ciudad de M\u00e9xico, Distrito Federal (MEX-A. Internacional de la Ciudad de M\u00e9xico)", 
                "arrival_time": "18:15", 
                "departure_airport": "Monterrey, Nuevo Le\u00f3n (MTY-A. Internacional General Mariano Escobedo)", 
                "departure_time": "16:40"
            }
        ], 
        "ticket price": "2088.96", 
        "airline": "VivaAerobus"
    }, 
    {
        "arrival": ", Ciudad de M\u00e9xico", 
        "consult date": "10/05/2018", 
        "flight duration": "0 days 1 hours 30 minutes", 
        "plane": "BOEING 737-800 SCIMITAR WINGLETS", 
        "departure date": "03/09/2018", 
        "stops": 0, 
        "plane code": "7S8", 
        "departure": ", Monterrey", 
        "timings": [
            {
                "arrival_airport": "Ciudad de M\u00e9xico, Distrito Federal (MEX-A. Internacional de la Ciudad de M\u00e9xico)", 
                "arrival_time": "16:45", 
                "departure_airport": "Monterrey, Nuevo Le\u00f3n (MTY-A. Internacional General Mariano Escobedo)", 
                "departure_time": "15:15"
            }
        ], 
        "ticket price": "2114.00", 
        "airline": "Aeromexico"
    }, 
    {
        "arrival": ", Ciudad de M\u00e9xico", 
        "consult date": "10/05/2018", 
        "flight duration": "0 days 1 hours 34 minutes", 
        "plane": "", 
        "departure date": "03/09/2018", 
        "stops": 0, 
        "plane code": "", 
        "departure": ", Monterrey", 
        "timings": [
            {
                "arrival_airport": "Ciudad de M\u00e9xico, Distrito Federal (MEX-A. Internacional de la Ciudad de M\u00e9xico)", 
                "arrival_time": "16:00", 
                "departure_airport": "Monterrey, Nuevo Le\u00f3n (MTY-A. Internacional General Mariano Escobedo)", 
                "departure_time": "14:26"
            }
        ], 
        "ticket price": "2114.00", 
        "airline": "Aeromexico"
    }, 
    {
        "arrival": ", Ciudad de M\u00e9xico", 
        "consult date": "10/05/2018", 
        "flight duration": "0 days 1 hours 37 minutes", 
        "plane": "BOEING 737-800 SCIMITAR WINGLETS", 
        "departure date": "03/09/2018", 
        "stops": 0, 
        "plane code": "7S8", 
        "departure": ", Monterrey", 
        "timings": [
            {
                "arrival_airport": "Ciudad de M\u00e9xico, Distrito Federal (MEX-A. Internacional de la Ciudad de M\u00e9xico)", 
                "arrival_time": "17:55", 
                "departure_airport": "Monterrey, Nuevo Le\u00f3n (MTY-A. Internacional General Mariano Escobedo)", 
                "departure_time": "16:18"
            }
        ], 
        "ticket price": "2114.00", 
        "airline": "Aeromexico"
    }, 
    {
        "arrival": ", Ciudad de M\u00e9xico", 
        "consult date": "10/05/2018", 
        "flight duration": "0 days 1 hours 35 minutes", 
        "plane": "Embraer 190", 
        "departure date": "03/09/2018", 
        "stops": 0, 
        "plane code": "E90", 
        "departure": ", Monterrey", 
        "timings": [
            {
                "arrival_airport": "Ciudad de M\u00e9xico, Distrito Federal (MEX-A. Internacional de la Ciudad de M\u00e9xico)", 
                "arrival_time": "18:50", 
                "departure_airport": "Monterrey, Nuevo Le\u00f3n (MTY-A. Internacional General Mariano Escobedo)", 
                "departure_time": "17:15"
            }
        ], 
        "ticket price": "2114.00", 
        "airline": "Aeromexico"
    }, 
    {
        "arrival": ", Ciudad de M\u00e9xico", 
        "consult date": "10/05/2018", 
        "flight duration": "0 days 1 hours 35 minutes", 
        "plane": "", 
        "departure date": "03/09/2018", 
        "stops": 0, 
        "plane code": "", 
        "departure": ", Monterrey", 
        "timings": [
            {
                "arrival_airport": "Ciudad de M\u00e9xico, Distrito Federal (MEX-A. Internacional de la Ciudad de M\u00e9xico)", 
                "arrival_time": "23:50", 
                "departure_airport": "Monterrey, Nuevo Le\u00f3n (MTY-A. Internacional General Mariano Escobedo)", 
                "departure_time": "22:15"
            }
        ], 
        "ticket price": "2443.25", 
        "airline": "Interjet"
    }, 
    {
        "arrival": ", Ciudad de M\u00e9xico", 
        "consult date": "10/05/2018", 
        "flight duration": "0 days 1 hours 30 minutes", 
        "plane": "", 
        "departure date": "03/09/2018", 
        "stops": 0, 
        "plane code": "", 
        "departure": ", Monterrey", 
        "timings": [
            {
                "arrival_airport": "Ciudad de M\u00e9xico, Distrito Federal (MEX-A. Internacional de la Ciudad de M\u00e9xico)", 
                "arrival_time": "13:15", 
                "departure_airport": "Monterrey, Nuevo Le\u00f3n (MTY-A. Internacional General Mariano Escobedo)", 
                "departure_time": "11:45"
            }
        ], 
        "ticket price": "2443.25", 
        "airline": "Interjet"
    }, 
    {
        "arrival": ", Ciudad de M\u00e9xico", 
        "consult date": "10/05/2018", 
        "flight duration": "0 days 1 hours 41 minutes", 
        "plane": "", 
        "departure date": "03/09/2018", 
        "stops": 0, 
        "plane code": "", 
        "departure": ", Monterrey", 
        "timings": [
            {
                "arrival_airport": "Ciudad de M\u00e9xico, Distrito Federal (MEX-A. Internacional de la Ciudad de M\u00e9xico)", 
                "arrival_time": "19:18", 
                "departure_airport": "Monterrey, Nuevo Le\u00f3n (MTY-A. Internacional General Mariano Escobedo)", 
                "departure_time": "17:37"
            }
        ], 
        "ticket price": "2572.00", 
        "airline": "Volaris"
    }, 
    {
        "arrival": ", Ciudad de M\u00e9xico", 
        "consult date": "10/05/2018", 
        "flight duration": "0 days 1 hours 39 minutes", 
        "plane": "Boeing 737", 
        "departure date": "03/09/2018", 
        "stops": 0, 
        "plane code": "737", 
        "departure": ", Monterrey", 
        "timings": [
            {
                "arrival_airport": "Ciudad de M\u00e9xico, Distrito Federal (MEX-A. Internacional de la Ciudad de M\u00e9xico)", 
                "arrival_time": "13:05", 
                "departure_airport": "Monterrey, Nuevo Le\u00f3n (MTY-A. Internacional General Mariano Escobedo)", 
                "departure_time": "11:26"
            }
        ], 
        "ticket price": "2665.00", 
        "airline": "Aeromexico"
    }, 
    {
        "arrival": ", Ciudad de M\u00e9xico", 
        "consult date": "10/05/2018", 
        "flight duration": "1 days 1 hours 35 minutes", 
        "plane": "", 
        "departure date": "03/09/2018", 
        "stops": 0, 
        "plane code": "", 
        "departure": ", Monterrey", 
        "timings": [
            {
                "arrival_airport": "Ciudad de M\u00e9xico, Distrito Federal (MEX-A. Internacional de la Ciudad de M\u00e9xico)", 
                "arrival_time": "01:05", 
                "departure_airport": "Monterrey, Nuevo Le\u00f3n (MTY-A. Internacional General Mariano Escobedo)", 
                "departure_time": "23:30"
            }
        ], 
        "ticket price": "2739.05", 
        "airline": "Interjet"
    }, 
    {
        "arrival": ", Ciudad de M\u00e9xico", 
        "consult date": "10/05/2018", 
        "flight duration": "0 days 1 hours 30 minutes", 
        "plane": "", 
        "departure date": "03/09/2018", 
        "stops": 0, 
        "plane code": "", 
        "departure": ", Monterrey", 
        "timings": [
            {
                "arrival_airport": "Ciudad de M\u00e9xico, Distrito Federal (MEX-A. Internacional de la Ciudad de M\u00e9xico)", 
                "arrival_time": "14:35", 
                "departure_airport": "Monterrey, Nuevo Le\u00f3n (MTY-A. Internacional General Mariano Escobedo)", 
                "departure_time": "13:05"
            }
        ], 
        "ticket price": "2739.05", 
        "airline": "Interjet"
    }, 
    {
        "arrival": ", Ciudad de M\u00e9xico", 
        "consult date": "10/05/2018", 
        "flight duration": "0 days 1 hours 30 minutes", 
        "plane": "", 
        "departure date": "03/09/2018", 
        "stops": 0, 
        "plane code": "", 
        "departure": ", Monterrey", 
        "timings": [
            {
                "arrival_airport": "Ciudad de M\u00e9xico, Distrito Federal (MEX-A. Internacional de la Ciudad de M\u00e9xico)", 
                "arrival_time": "13:55", 
                "departure_airport": "Monterrey, Nuevo Le\u00f3n (MTY-A. Internacional General Mariano Escobedo)", 
                "departure_time": "12:25"
            }
        ], 
        "ticket price": "2739.05", 
        "airline": "Interjet"
    }, 
    {
        "arrival": ", Ciudad de M\u00e9xico", 
        "consult date": "10/05/2018", 
        "flight duration": "0 days 1 hours 30 minutes", 
        "plane": "", 
        "departure date": "03/09/2018", 
        "stops": 0, 
        "plane code": "", 
        "departure": ", Monterrey", 
        "timings": [
            {
                "arrival_airport": "Ciudad de M\u00e9xico, Distrito Federal (MEX-A. Internacional de la Ciudad de M\u00e9xico)", 
                "arrival_time": "15:55", 
                "departure_airport": "Monterrey, Nuevo Le\u00f3n (MTY-A. Internacional General Mariano Escobedo)", 
                "departure_time": "14:25"
            }
        ], 
        "ticket price": "2739.05", 
        "airline": "Interjet"
    }, 
    {
        "arrival": ", Ciudad de M\u00e9xico", 
        "consult date": "10/05/2018", 
        "flight duration": "0 days 1 hours 40 minutes", 
        "plane": "Boeing 737", 
        "departure date": "03/09/2018", 
        "stops": 0, 
        "plane code": "737", 
        "departure": ", Monterrey", 
        "timings": [
            {
                "arrival_airport": "Ciudad de M\u00e9xico, Distrito Federal (MEX-A. Internacional de la Ciudad de M\u00e9xico)", 
                "arrival_time": "22:00", 
                "departure_airport": "Monterrey, Nuevo Le\u00f3n (MTY-A. Internacional General Mariano Escobedo)", 
                "departure_time": "20:20"
            }
        ], 
        "ticket price": "3013.00", 
        "airline": "Aeromexico"
    }, 
    {
        "arrival": ", Ciudad de M\u00e9xico", 
        "consult date": "10/05/2018", 
        "flight duration": "0 days 1 hours 35 minutes", 
        "plane": "", 
        "departure date": "03/09/2018", 
        "stops": 0, 
        "plane code": "", 
        "departure": ", Monterrey", 
        "timings": [
            {
                "arrival_airport": "Ciudad de M\u00e9xico, Distrito Federal (MEX-A. Internacional de la Ciudad de M\u00e9xico)", 
                "arrival_time": "20:50", 
                "departure_airport": "Monterrey, Nuevo Le\u00f3n (MTY-A. Internacional General Mariano Escobedo)", 
                "departure_time": "19:15"
            }
        ], 
        "ticket price": "3034.85", 
        "airline": "Interjet"
    }, 
    {
        "arrival": ", Ciudad de M\u00e9xico", 
        "consult date": "10/05/2018", 
        "flight duration": "0 days 1 hours 35 minutes", 
        "plane": "", 
        "departure date": "03/09/2018", 
        "stops": 0, 
        "plane code": "", 
        "departure": ", Monterrey", 
        "timings": [
            {
                "arrival_airport": "Ciudad de M\u00e9xico, Distrito Federal (MEX-A. Internacional de la Ciudad de M\u00e9xico)", 
                "arrival_time": "10:10", 
                "departure_airport": "Monterrey, Nuevo Le\u00f3n (MTY-A. Internacional General Mariano Escobedo)", 
                "departure_time": "08:35"
            }
        ], 
        "ticket price": "3034.85", 
        "airline": "Interjet"
    }, 
    {
        "arrival": ", Ciudad de M\u00e9xico", 
        "consult date": "10/05/2018", 
        "flight duration": "0 days 1 hours 30 minutes", 
        "plane": "", 
        "departure date": "03/09/2018", 
        "stops": 0, 
        "plane code": "", 
        "departure": ", Monterrey", 
        "timings": [
            {
                "arrival_airport": "Ciudad de M\u00e9xico, Distrito Federal (MEX-A. Internacional de la Ciudad de M\u00e9xico)", 
                "arrival_time": "19:45", 
                "departure_airport": "Monterrey, Nuevo Le\u00f3n (MTY-A. Internacional General Mariano Escobedo)", 
                "departure_time": "18:15"
            }
        ], 
        "ticket price": "3034.85", 
        "airline": "Interjet"
    }, 
    {
        "arrival": ", Ciudad de M\u00e9xico", 
        "consult date": "10/05/2018", 
        "flight duration": "0 days 1 hours 46 minutes", 
        "plane": "BOEING 737-800 SCIMITAR WINGLETS", 
        "departure date": "03/09/2018", 
        "stops": 0, 
        "plane code": "7S8", 
        "departure": ", Monterrey", 
        "timings": [
            {
                "arrival_airport": "Ciudad de M\u00e9xico, Distrito Federal (MEX-A. Internacional de la Ciudad de M\u00e9xico)", 
                "arrival_time": "21:00", 
                "departure_airport": "Monterrey, Nuevo Le\u00f3n (MTY-A. Internacional General Mariano Escobedo)", 
                "departure_time": "19:14"
            }
        ], 
        "ticket price": "3042.00", 
        "airline": "Aeromexico"
    }, 
    {
        "arrival": ", Ciudad de M\u00e9xico", 
        "consult date": "10/05/2018", 
        "flight duration": "0 days 1 hours 33 minutes", 
        "plane": "BOEING 737-800 SCIMITAR WINGLETS", 
        "departure date": "03/09/2018", 
        "stops": 0, 
        "plane code": "7S8", 
        "departure": ", Monterrey", 
        "timings": [
            {
                "arrival_airport": "Ciudad de M\u00e9xico, Distrito Federal (MEX-A. Internacional de la Ciudad de M\u00e9xico)", 
                "arrival_time": "15:15", 
                "departure_airport": "Monterrey, Nuevo Le\u00f3n (MTY-A. Internacional General Mariano Escobedo)", 
                "departure_time": "13:42"
            }
        ], 
        "ticket price": "3042.00", 
        "airline": "Aeromexico"
    }, 
    {
        "arrival": ", Ciudad de M\u00e9xico", 
        "consult date": "10/05/2018", 
        "flight duration": "0 days 1 hours 40 minutes", 
        "plane": "BOEING 737-800 SCIMITAR WINGLETS", 
        "departure date": "03/09/2018", 
        "stops": 0, 
        "plane code": "7S8", 
        "departure": ", Monterrey", 
        "timings": [
            {
                "arrival_airport": "Ciudad de M\u00e9xico, Distrito Federal (MEX-A. Internacional de la Ciudad de M\u00e9xico)", 
                "arrival_time": "20:00", 
                "departure_airport": "Monterrey, Nuevo Le\u00f3n (MTY-A. Internacional General Mariano Escobedo)", 
                "departure_time": "18:20"
            }
        ], 
        "ticket price": "3042.00", 
        "airline": "Aeromexico"
    }, 
    {
        "arrival": ", Ciudad de M\u00e9xico", 
        "consult date": "10/05/2018", 
        "flight duration": "0 days 7 hours 13 minutes", 
        "plane": "", 
        "departure date": "03/09/2018", 
        "stops": "1", 
        "plane code": "", 
        "departure": ", Monterrey", 
        "timings": [
            {
                "arrival_airport": "Guadalajara, Jalisco (GDL-Don Miguel Hidalgo y Costilla Intl.)", 
                "arrival_time": "05:31", 
                "departure_airport": "Monterrey, Nuevo Le\u00f3n (MTY-A. Internacional General Mariano Escobedo)", 
                "departure_time": "03:58"
            }, 
            {
                "arrival_airport": "Ciudad de M\u00e9xico, Distrito Federal (MEX-A. Internacional de la Ciudad de M\u00e9xico)", 
                "arrival_time": "11:11", 
                "departure_airport": "Guadalajara, Jalisco (GDL-Don Miguel Hidalgo y Costilla Intl.)", 
                "departure_time": "09:41"
            }
        ], 
        "ticket price": "3241.00", 
        "airline": "Volaris"
    }, 
    {
        "arrival": ", Ciudad de M\u00e9xico", 
        "consult date": "10/05/2018", 
        "flight duration": "0 days 5 hours 43 minutes", 
        "plane": "", 
        "departure date": "03/09/2018", 
        "stops": "1", 
        "plane code": "", 
        "departure": ", Monterrey", 
        "timings": [
            {
                "arrival_airport": "Guadalajara, Jalisco (GDL-Don Miguel Hidalgo y Costilla Intl.)", 
                "arrival_time": "05:31", 
                "departure_airport": "Monterrey, Nuevo Le\u00f3n (MTY-A. Internacional General Mariano Escobedo)", 
                "departure_time": "03:58"
            }, 
            {
                "arrival_airport": "Ciudad de M\u00e9xico, Distrito Federal (MEX-A. Internacional de la Ciudad de M\u00e9xico)", 
                "arrival_time": "09:41", 
                "departure_airport": "Guadalajara, Jalisco (GDL-Don Miguel Hidalgo y Costilla Intl.)", 
                "departure_time": "08:11"
            }
        ], 
        "ticket price": "3241.00", 
        "airline": "Volaris"
    }, 
    {
        "arrival": ", Ciudad de M\u00e9xico", 
        "consult date": "10/05/2018", 
        "flight duration": "0 days 1 hours 30 minutes", 
        "plane": "", 
        "departure date": "03/09/2018", 
        "stops": 0, 
        "plane code": "", 
        "departure": ", Monterrey", 
        "timings": [
            {
                "arrival_airport": "Ciudad de M\u00e9xico, Distrito Federal (MEX-A. Internacional de la Ciudad de M\u00e9xico)", 
                "arrival_time": "11:15", 
                "departure_airport": "Monterrey, Nuevo Le\u00f3n (MTY-A. Internacional General Mariano Escobedo)", 
                "departure_time": "09:45"
            }
        ], 
        "ticket price": "3330.65", 
        "airline": "Interjet"
    }, 
    {
        "arrival": ", Ciudad de M\u00e9xico", 
        "consult date": "10/05/2018", 
        "flight duration": "0 days 1 hours 41 minutes", 
        "plane": "", 
        "departure date": "03/09/2018", 
        "stops": 0, 
        "plane code": "", 
        "departure": ", Monterrey", 
        "timings": [
            {
                "arrival_airport": "Ciudad de M\u00e9xico, Distrito Federal (MEX-A. Internacional de la Ciudad de M\u00e9xico)", 
                "arrival_time": "10:56", 
                "departure_airport": "Monterrey, Nuevo Le\u00f3n (MTY-A. Internacional General Mariano Escobedo)", 
                "departure_time": "09:15"
            }
        ], 
        "ticket price": "3472.00", 
        "airline": "Volaris"
    }, 
    {
        "arrival": ", Ciudad de M\u00e9xico", 
        "consult date": "10/05/2018", 
        "flight duration": "0 days 6 hours 15 minutes", 
        "plane": "", 
        "departure date": "03/09/2018", 
        "stops": "1", 
        "plane code": "", 
        "departure": ", Monterrey", 
        "timings": [
            {
                "arrival_airport": "Guadalajara, Jalisco (GDL-Don Miguel Hidalgo y Costilla Intl.)", 
                "arrival_time": "09:24", 
                "departure_airport": "Monterrey, Nuevo Le\u00f3n (MTY-A. Internacional General Mariano Escobedo)", 
                "departure_time": "07:51"
            }, 
            {
                "arrival_airport": "Ciudad de M\u00e9xico, Distrito Federal (MEX-A. Internacional de la Ciudad de M\u00e9xico)", 
                "arrival_time": "14:06", 
                "departure_airport": "Guadalajara, Jalisco (GDL-Don Miguel Hidalgo y Costilla Intl.)", 
                "departure_time": "12:36"
            }
        ], 
        "ticket price": "3601.00", 
        "airline": "Volaris"
    }, 
    {
        "arrival": ", Ciudad de M\u00e9xico", 
        "consult date": "10/05/2018", 
        "flight duration": "0 days 1 hours 35 minutes", 
        "plane": "", 
        "departure date": "03/09/2018", 
        "stops": 0, 
        "plane code": "", 
        "departure": ", Monterrey", 
        "timings": [
            {
                "arrival_airport": "Ciudad de M\u00e9xico, Distrito Federal (MEX-A. Internacional de la Ciudad de M\u00e9xico)", 
                "arrival_time": "09:50", 
                "departure_airport": "Monterrey, Nuevo Le\u00f3n (MTY-A. Internacional General Mariano Escobedo)", 
                "departure_time": "08:15"
            }
        ], 
        "ticket price": "3638.97", 
        "airline": "VivaAerobus"
    }, 
    {
        "arrival": ", Ciudad de M\u00e9xico", 
        "consult date": "10/05/2018", 
        "flight duration": "0 days 1 hours 35 minutes", 
        "plane": "", 
        "departure date": "03/09/2018", 
        "stops": 0, 
        "plane code": "", 
        "departure": ", Monterrey", 
        "timings": [
            {
                "arrival_airport": "Ciudad de M\u00e9xico, Distrito Federal (MEX-A. Internacional de la Ciudad de M\u00e9xico)", 
                "arrival_time": "09:50", 
                "departure_airport": "Monterrey, Nuevo Le\u00f3n (MTY-A. Internacional General Mariano Escobedo)", 
                "departure_time": "08:15"
            }
        ], 
        "ticket price": "3971.55", 
        "airline": "Interjet"
    }, 
    {
        "arrival": ", Ciudad de M\u00e9xico", 
        "consult date": "10/05/2018", 
        "flight duration": "0 days 1 hours 30 minutes", 
        "plane": "", 
        "departure date": "03/09/2018", 
        "stops": 0, 
        "plane code": "", 
        "departure": ", Monterrey", 
        "timings": [
            {
                "arrival_airport": "Ciudad de M\u00e9xico, Distrito Federal (MEX-A. Internacional de la Ciudad de M\u00e9xico)", 
                "arrival_time": "08:55", 
                "departure_airport": "Monterrey, Nuevo Le\u00f3n (MTY-A. Internacional General Mariano Escobedo)", 
                "departure_time": "07:25"
            }
        ], 
        "ticket price": "3971.55", 
        "airline": "Interjet"
    }, 
    {
        "arrival": ", Ciudad de M\u00e9xico", 
        "consult date": "10/05/2018", 
        "flight duration": "0 days 3 hours 34 minutes", 
        "plane": "Embraer 190", 
        "departure date": "03/09/2018", 
        "stops": "1", 
        "plane code": "E90", 
        "departure": ", Monterrey", 
        "timings": [
            {
                "arrival_airport": "Le\u00f3n, Guanajuato (BJX-Del Baj\u00edo)", 
                "arrival_time": "20:53", 
                "departure_airport": "Monterrey, Nuevo Le\u00f3n (MTY-A. Internacional General Mariano Escobedo)", 
                "departure_time": "19:31"
            }, 
            {
                "arrival_airport": "Ciudad de M\u00e9xico, Distrito Federal (MEX-A. Internacional de la Ciudad de M\u00e9xico)", 
                "arrival_time": "23:05", 
                "departure_airport": "Le\u00f3n, Guanajuato (BJX-Del Baj\u00edo)", 
                "departure_time": "21:59"
            }
        ], 
        "ticket price": "4115.00", 
        "airline": "Aeromexico"
    }
]