[
    {
        "arrival": ", Tampico", 
        "consult date": "10/05/2018", 
        "flight duration": "0 days 1 hours 5 minutes", 
        "plane": "", 
        "departure date": "17/08/2018", 
        "stops": 0, 
        "plane code": "", 
        "departure": ", Monterrey", 
        "timings": [
            {
                "arrival_airport": "Tampico, Tamaulipas (TAM-A. Internacional General Francisco Javier Mina)", 
                "arrival_time": "22:10", 
                "departure_airport": "Monterrey, Nuevo Le\u00f3n (MTY-A. Internacional General Mariano Escobedo)", 
                "departure_time": "21:05"
            }
        ], 
        "ticket price": "1296.81", 
        "airline": "VivaAerobus"
    }, 
    {
        "arrival": ", Tampico", 
        "consult date": "10/05/2018", 
        "flight duration": "1 days 10 hours 45 minutes", 
        "plane": "", 
        "departure date": "17/08/2018", 
        "stops": "1", 
        "plane code": "", 
        "departure": ", Monterrey", 
        "timings": [
            {
                "arrival_airport": "Ciudad de M\u00e9xico, Distrito Federal (MEX-A. Internacional de la Ciudad de M\u00e9xico)", 
                "arrival_time": "23:50", 
                "departure_airport": "Monterrey, Nuevo Le\u00f3n (MTY-A. Internacional General Mariano Escobedo)", 
                "departure_time": "22:15"
            }, 
            {
                "arrival_airport": "Tampico, Tamaulipas (TAM-A. Internacional General Francisco Javier Mina)", 
                "arrival_time": "09:00", 
                "departure_airport": "Ciudad de M\u00e9xico, Distrito Federal (MEX-A. Internacional de la Ciudad de M\u00e9xico)", 
                "departure_time": "08:00"
            }
        ], 
        "ticket price": "1701.96", 
        "airline": "Interjet"
    }, 
    {
        "arrival": ", Tampico", 
        "consult date": "10/05/2018", 
        "flight duration": "0 days 5 hours 50 minutes", 
        "plane": "", 
        "departure date": "17/08/2018", 
        "stops": "1", 
        "plane code": "", 
        "departure": ", Monterrey", 
        "timings": [
            {
                "arrival_airport": "Ciudad de M\u00e9xico, Distrito Federal (MEX-A. Internacional de la Ciudad de M\u00e9xico)", 
                "arrival_time": "08:55", 
                "departure_airport": "Monterrey, Nuevo Le\u00f3n (MTY-A. Internacional General Mariano Escobedo)", 
                "departure_time": "07:25"
            }, 
            {
                "arrival_airport": "Tampico, Tamaulipas (TAM-A. Internacional General Francisco Javier Mina)", 
                "arrival_time": "13:15", 
                "departure_airport": "Ciudad de M\u00e9xico, Distrito Federal (MEX-A. Internacional de la Ciudad de M\u00e9xico)", 
                "departure_time": "12:10"
            }
        ], 
        "ticket price": "1941.86", 
        "airline": "Interjet"
    }, 
    {
        "arrival": ", Tampico", 
        "consult date": "10/05/2018", 
        "flight duration": "0 days 5 hours 0 minutes", 
        "plane": "", 
        "departure date": "17/08/2018", 
        "stops": "1", 
        "plane code": "", 
        "departure": ", Monterrey", 
        "timings": [
            {
                "arrival_airport": "Ciudad de M\u00e9xico, Distrito Federal (MEX-A. Internacional de la Ciudad de M\u00e9xico)", 
                "arrival_time": "09:50", 
                "departure_airport": "Monterrey, Nuevo Le\u00f3n (MTY-A. Internacional General Mariano Escobedo)", 
                "departure_time": "08:15"
            }, 
            {
                "arrival_airport": "Tampico, Tamaulipas (TAM-A. Internacional General Francisco Javier Mina)", 
                "arrival_time": "13:15", 
                "departure_airport": "Ciudad de M\u00e9xico, Distrito Federal (MEX-A. Internacional de la Ciudad de M\u00e9xico)", 
                "departure_time": "12:10"
            }
        ], 
        "ticket price": "1941.86", 
        "airline": "Interjet"
    }, 
    {
        "arrival": ", Tampico", 
        "consult date": "10/05/2018", 
        "flight duration": "0 days 4 hours 40 minutes", 
        "plane": "", 
        "departure date": "17/08/2018", 
        "stops": "1", 
        "plane code": "", 
        "departure": ", Monterrey", 
        "timings": [
            {
                "arrival_airport": "Ciudad de M\u00e9xico, Distrito Federal (MEX-A. Internacional de la Ciudad de M\u00e9xico)", 
                "arrival_time": "10:10", 
                "departure_airport": "Monterrey, Nuevo Le\u00f3n (MTY-A. Internacional General Mariano Escobedo)", 
                "departure_time": "08:35"
            }, 
            {
                "arrival_airport": "Tampico, Tamaulipas (TAM-A. Internacional General Francisco Javier Mina)", 
                "arrival_time": "13:15", 
                "departure_airport": "Ciudad de M\u00e9xico, Distrito Federal (MEX-A. Internacional de la Ciudad de M\u00e9xico)", 
                "departure_time": "12:10"
            }
        ], 
        "ticket price": "1941.86", 
        "airline": "Interjet"
    }, 
    {
        "arrival": ", Tampico", 
        "consult date": "10/05/2018", 
        "flight duration": "0 days 7 hours 20 minutes", 
        "plane": "", 
        "departure date": "17/08/2018", 
        "stops": "1", 
        "plane code": "", 
        "departure": ", Monterrey", 
        "timings": [
            {
                "arrival_airport": "Ciudad de M\u00e9xico, Distrito Federal (MEX-A. Internacional de la Ciudad de M\u00e9xico)", 
                "arrival_time": "07:25", 
                "departure_airport": "Monterrey, Nuevo Le\u00f3n (MTY-A. Internacional General Mariano Escobedo)", 
                "departure_time": "05:55"
            }, 
            {
                "arrival_airport": "Tampico, Tamaulipas (TAM-A. Internacional General Francisco Javier Mina)", 
                "arrival_time": "13:15", 
                "departure_airport": "Ciudad de M\u00e9xico, Distrito Federal (MEX-A. Internacional de la Ciudad de M\u00e9xico)", 
                "departure_time": "12:10"
            }
        ], 
        "ticket price": "1994.39", 
        "airline": "Interjet"
    }, 
    {
        "arrival": ", Tampico", 
        "consult date": "10/05/2018", 
        "flight duration": "0 days 8 hours 50 minutes", 
        "plane": "", 
        "departure date": "17/08/2018", 
        "stops": "1", 
        "plane code": "", 
        "departure": ", Monterrey", 
        "timings": [
            {
                "arrival_airport": "Ciudad de M\u00e9xico, Distrito Federal (MEX-A. Internacional de la Ciudad de M\u00e9xico)", 
                "arrival_time": "09:50", 
                "departure_airport": "Monterrey, Nuevo Le\u00f3n (MTY-A. Internacional General Mariano Escobedo)", 
                "departure_time": "08:15"
            }, 
            {
                "arrival_airport": "Tampico, Tamaulipas (TAM-A. Internacional General Francisco Javier Mina)", 
                "arrival_time": "17:05", 
                "departure_airport": "Ciudad de M\u00e9xico, Distrito Federal (MEX-A. Internacional de la Ciudad de M\u00e9xico)", 
                "departure_time": "16:00"
            }
        ], 
        "ticket price": "2665.47", 
        "airline": "Interjet"
    }, 
    {
        "arrival": ", Tampico", 
        "consult date": "10/05/2018", 
        "flight duration": "0 days 9 hours 40 minutes", 
        "plane": "", 
        "departure date": "17/08/2018", 
        "stops": "1", 
        "plane code": "", 
        "departure": ", Monterrey", 
        "timings": [
            {
                "arrival_airport": "Ciudad de M\u00e9xico, Distrito Federal (MEX-A. Internacional de la Ciudad de M\u00e9xico)", 
                "arrival_time": "08:55", 
                "departure_airport": "Monterrey, Nuevo Le\u00f3n (MTY-A. Internacional General Mariano Escobedo)", 
                "departure_time": "07:25"
            }, 
            {
                "arrival_airport": "Tampico, Tamaulipas (TAM-A. Internacional General Francisco Javier Mina)", 
                "arrival_time": "17:05", 
                "departure_airport": "Ciudad de M\u00e9xico, Distrito Federal (MEX-A. Internacional de la Ciudad de M\u00e9xico)", 
                "departure_time": "16:00"
            }
        ], 
        "ticket price": "2665.47", 
        "airline": "Interjet"
    }, 
    {
        "arrival": ", Tampico", 
        "consult date": "10/05/2018", 
        "flight duration": "0 days 8 hours 30 minutes", 
        "plane": "", 
        "departure date": "17/08/2018", 
        "stops": "1", 
        "plane code": "", 
        "departure": ", Monterrey", 
        "timings": [
            {
                "arrival_airport": "Ciudad de M\u00e9xico, Distrito Federal (MEX-A. Internacional de la Ciudad de M\u00e9xico)", 
                "arrival_time": "10:10", 
                "departure_airport": "Monterrey, Nuevo Le\u00f3n (MTY-A. Internacional General Mariano Escobedo)", 
                "departure_time": "08:35"
            }, 
            {
                "arrival_airport": "Tampico, Tamaulipas (TAM-A. Internacional General Francisco Javier Mina)", 
                "arrival_time": "17:05", 
                "departure_airport": "Ciudad de M\u00e9xico, Distrito Federal (MEX-A. Internacional de la Ciudad de M\u00e9xico)", 
                "departure_time": "16:00"
            }
        ], 
        "ticket price": "2665.47", 
        "airline": "Interjet"
    }, 
    {
        "arrival": ", Tampico", 
        "consult date": "10/05/2018", 
        "flight duration": "0 days 4 hours 40 minutes", 
        "plane": "", 
        "departure date": "17/08/2018", 
        "stops": "1", 
        "plane code": "", 
        "departure": ", Monterrey", 
        "timings": [
            {
                "arrival_airport": "Ciudad de M\u00e9xico, Distrito Federal (MEX-A. Internacional de la Ciudad de M\u00e9xico)", 
                "arrival_time": "13:55", 
                "departure_airport": "Monterrey, Nuevo Le\u00f3n (MTY-A. Internacional General Mariano Escobedo)", 
                "departure_time": "12:25"
            }, 
            {
                "arrival_airport": "Tampico, Tamaulipas (TAM-A. Internacional General Francisco Javier Mina)", 
                "arrival_time": "17:05", 
                "departure_airport": "Ciudad de M\u00e9xico, Distrito Federal (MEX-A. Internacional de la Ciudad de M\u00e9xico)", 
                "departure_time": "16:00"
            }
        ], 
        "ticket price": "2689.08", 
        "airline": "Interjet"
    }, 
    {
        "arrival": ", Tampico", 
        "consult date": "10/05/2018", 
        "flight duration": "0 days 3 hours 55 minutes", 
        "plane": "", 
        "departure date": "17/08/2018", 
        "stops": "1", 
        "plane code": "", 
        "departure": ", Monterrey", 
        "timings": [
            {
                "arrival_airport": "Ciudad de M\u00e9xico, Distrito Federal (MEX-A. Internacional de la Ciudad de M\u00e9xico)", 
                "arrival_time": "14:40", 
                "departure_airport": "Monterrey, Nuevo Le\u00f3n (MTY-A. Internacional General Mariano Escobedo)", 
                "departure_time": "13:10"
            }, 
            {
                "arrival_airport": "Tampico, Tamaulipas (TAM-A. Internacional General Francisco Javier Mina)", 
                "arrival_time": "17:05", 
                "departure_airport": "Ciudad de M\u00e9xico, Distrito Federal (MEX-A. Internacional de la Ciudad de M\u00e9xico)", 
                "departure_time": "16:00"
            }
        ], 
        "ticket price": "2689.08", 
        "airline": "Interjet"
    }, 
    {
        "arrival": ", Tampico", 
        "consult date": "10/05/2018", 
        "flight duration": "0 days 7 hours 20 minutes", 
        "plane": "", 
        "departure date": "17/08/2018", 
        "stops": "1", 
        "plane code": "", 
        "departure": ", Monterrey", 
        "timings": [
            {
                "arrival_airport": "Ciudad de M\u00e9xico, Distrito Federal (MEX-A. Internacional de la Ciudad de M\u00e9xico)", 
                "arrival_time": "11:15", 
                "departure_airport": "Monterrey, Nuevo Le\u00f3n (MTY-A. Internacional General Mariano Escobedo)", 
                "departure_time": "09:45"
            }, 
            {
                "arrival_airport": "Tampico, Tamaulipas (TAM-A. Internacional General Francisco Javier Mina)", 
                "arrival_time": "17:05", 
                "departure_airport": "Ciudad de M\u00e9xico, Distrito Federal (MEX-A. Internacional de la Ciudad de M\u00e9xico)", 
                "departure_time": "16:00"
            }
        ], 
        "ticket price": "2740.50", 
        "airline": "Interjet"
    }, 
    {
        "arrival": ", Tampico", 
        "consult date": "10/05/2018", 
        "flight duration": "0 days 5 hours 20 minutes", 
        "plane": "", 
        "departure date": "17/08/2018", 
        "stops": "1", 
        "plane code": "", 
        "departure": ", Monterrey", 
        "timings": [
            {
                "arrival_airport": "Ciudad de M\u00e9xico, Distrito Federal (MEX-A. Internacional de la Ciudad de M\u00e9xico)", 
                "arrival_time": "13:15", 
                "departure_airport": "Monterrey, Nuevo Le\u00f3n (MTY-A. Internacional General Mariano Escobedo)", 
                "departure_time": "11:45"
            }, 
            {
                "arrival_airport": "Tampico, Tamaulipas (TAM-A. Internacional General Francisco Javier Mina)", 
                "arrival_time": "17:05", 
                "departure_airport": "Ciudad de M\u00e9xico, Distrito Federal (MEX-A. Internacional de la Ciudad de M\u00e9xico)", 
                "departure_time": "16:00"
            }
        ], 
        "ticket price": "2740.50", 
        "airline": "Interjet"
    }, 
    {
        "arrival": ", Tampico", 
        "consult date": "10/05/2018", 
        "flight duration": "0 days 11 hours 10 minutes", 
        "plane": "", 
        "departure date": "17/08/2018", 
        "stops": "1", 
        "plane code": "", 
        "departure": ", Monterrey", 
        "timings": [
            {
                "arrival_airport": "Ciudad de M\u00e9xico, Distrito Federal (MEX-A. Internacional de la Ciudad de M\u00e9xico)", 
                "arrival_time": "07:25", 
                "departure_airport": "Monterrey, Nuevo Le\u00f3n (MTY-A. Internacional General Mariano Escobedo)", 
                "departure_time": "05:55"
            }, 
            {
                "arrival_airport": "Tampico, Tamaulipas (TAM-A. Internacional General Francisco Javier Mina)", 
                "arrival_time": "17:05", 
                "departure_airport": "Ciudad de M\u00e9xico, Distrito Federal (MEX-A. Internacional de la Ciudad de M\u00e9xico)", 
                "departure_time": "16:00"
            }
        ], 
        "ticket price": "2740.50", 
        "airline": "Interjet"
    }, 
    {
        "arrival": ", Tampico", 
        "consult date": "10/05/2018", 
        "flight duration": "0 days 6 hours 16 minutes", 
        "plane": "BOEING 737-800 SCIMITAR WINGLETS", 
        "departure date": "17/08/2018", 
        "stops": "1", 
        "plane code": "7S8", 
        "departure": ", Monterrey", 
        "timings": [
            {
                "arrival_airport": "Ciudad de M\u00e9xico, Distrito Federal (MEX-A. Internacional de la Ciudad de M\u00e9xico)", 
                "arrival_time": "08:30", 
                "departure_airport": "Monterrey, Nuevo Le\u00f3n (MTY-A. Internacional General Mariano Escobedo)", 
                "departure_time": "06:55"
            }, 
            {
                "arrival_airport": "Tampico, Tamaulipas (TAM-A. Internacional General Francisco Javier Mina)", 
                "arrival_time": "13:11", 
                "departure_airport": "Ciudad de M\u00e9xico, Distrito Federal (MEX-A. Internacional de la Ciudad de M\u00e9xico)", 
                "departure_time": "12:00"
            }
        ], 
        "ticket price": "2752.00", 
        "airline": "Aeromexico"
    }, 
    {
        "arrival": ", Tampico", 
        "consult date": "10/05/2018", 
        "flight duration": "0 days 6 hours 20 minutes", 
        "plane": "", 
        "departure date": "17/08/2018", 
        "stops": "1", 
        "plane code": "", 
        "departure": ", Monterrey", 
        "timings": [
            {
                "arrival_airport": "Ciudad de M\u00e9xico, Distrito Federal (MEX-A. Internacional de la Ciudad de M\u00e9xico)", 
                "arrival_time": "15:55", 
                "departure_airport": "Monterrey, Nuevo Le\u00f3n (MTY-A. Internacional General Mariano Escobedo)", 
                "departure_time": "14:25"
            }, 
            {
                "arrival_airport": "Tampico, Tamaulipas (TAM-A. Internacional General Francisco Javier Mina)", 
                "arrival_time": "20:45", 
                "departure_airport": "Ciudad de M\u00e9xico, Distrito Federal (MEX-A. Internacional de la Ciudad de M\u00e9xico)", 
                "departure_time": "19:35"
            }
        ], 
        "ticket price": "2820.83", 
        "airline": "Interjet"
    }, 
    {
        "arrival": ", Tampico", 
        "consult date": "10/05/2018", 
        "flight duration": "0 days 5 hours 16 minutes", 
        "plane": "Boeing 737", 
        "departure date": "17/08/2018", 
        "stops": "1", 
        "plane code": "737", 
        "departure": ", Monterrey", 
        "timings": [
            {
                "arrival_airport": "Ciudad de M\u00e9xico, Distrito Federal (MEX-A. Internacional de la Ciudad de M\u00e9xico)", 
                "arrival_time": "09:30", 
                "departure_airport": "Monterrey, Nuevo Le\u00f3n (MTY-A. Internacional General Mariano Escobedo)", 
                "departure_time": "07:55"
            }, 
            {
                "arrival_airport": "Tampico, Tamaulipas (TAM-A. Internacional General Francisco Javier Mina)", 
                "arrival_time": "13:11", 
                "departure_airport": "Ciudad de M\u00e9xico, Distrito Federal (MEX-A. Internacional de la Ciudad de M\u00e9xico)", 
                "departure_time": "12:00"
            }
        ], 
        "ticket price": "2926.00", 
        "airline": "Aeromexico"
    }, 
    {
        "arrival": ", Tampico", 
        "consult date": "10/05/2018", 
        "flight duration": "0 days 7 hours 6 minutes", 
        "plane": "Boeing 737", 
        "departure date": "17/08/2018", 
        "stops": "1", 
        "plane code": "737", 
        "departure": ", Monterrey", 
        "timings": [
            {
                "arrival_airport": "Ciudad de M\u00e9xico, Distrito Federal (MEX-A. Internacional de la Ciudad de M\u00e9xico)", 
                "arrival_time": "07:40", 
                "departure_airport": "Monterrey, Nuevo Le\u00f3n (MTY-A. Internacional General Mariano Escobedo)", 
                "departure_time": "06:05"
            }, 
            {
                "arrival_airport": "Tampico, Tamaulipas (TAM-A. Internacional General Francisco Javier Mina)", 
                "arrival_time": "13:11", 
                "departure_airport": "Ciudad de M\u00e9xico, Distrito Federal (MEX-A. Internacional de la Ciudad de M\u00e9xico)", 
                "departure_time": "12:00"
            }
        ], 
        "ticket price": "2926.00", 
        "airline": "Aeromexico"
    }, 
    {
        "arrival": ", Tampico", 
        "consult date": "10/05/2018", 
        "flight duration": "0 days 12 hours 10 minutes", 
        "plane": "", 
        "departure date": "17/08/2018", 
        "stops": "1", 
        "plane code": "", 
        "departure": ", Monterrey", 
        "timings": [
            {
                "arrival_airport": "Ciudad de M\u00e9xico, Distrito Federal (MEX-A. Internacional de la Ciudad de M\u00e9xico)", 
                "arrival_time": "10:10", 
                "departure_airport": "Monterrey, Nuevo Le\u00f3n (MTY-A. Internacional General Mariano Escobedo)", 
                "departure_time": "08:35"
            }, 
            {
                "arrival_airport": "Tampico, Tamaulipas (TAM-A. Internacional General Francisco Javier Mina)", 
                "arrival_time": "20:45", 
                "departure_airport": "Ciudad de M\u00e9xico, Distrito Federal (MEX-A. Internacional de la Ciudad de M\u00e9xico)", 
                "departure_time": "19:35"
            }
        ], 
        "ticket price": "3025.19", 
        "airline": "Interjet"
    }, 
    {
        "arrival": ", Tampico", 
        "consult date": "10/05/2018", 
        "flight duration": "0 days 12 hours 30 minutes", 
        "plane": "", 
        "departure date": "17/08/2018", 
        "stops": "1", 
        "plane code": "", 
        "departure": ", Monterrey", 
        "timings": [
            {
                "arrival_airport": "Ciudad de M\u00e9xico, Distrito Federal (MEX-A. Internacional de la Ciudad de M\u00e9xico)", 
                "arrival_time": "09:50", 
                "departure_airport": "Monterrey, Nuevo Le\u00f3n (MTY-A. Internacional General Mariano Escobedo)", 
                "departure_time": "08:15"
            }, 
            {
                "arrival_airport": "Tampico, Tamaulipas (TAM-A. Internacional General Francisco Javier Mina)", 
                "arrival_time": "20:45", 
                "departure_airport": "Ciudad de M\u00e9xico, Distrito Federal (MEX-A. Internacional de la Ciudad de M\u00e9xico)", 
                "departure_time": "19:35"
            }
        ], 
        "ticket price": "3025.19", 
        "airline": "Interjet"
    }, 
    {
        "arrival": ", Tampico", 
        "consult date": "10/05/2018", 
        "flight duration": "0 days 8 hours 20 minutes", 
        "plane": "", 
        "departure date": "17/08/2018", 
        "stops": "1", 
        "plane code": "", 
        "departure": ", Monterrey", 
        "timings": [
            {
                "arrival_airport": "Ciudad de M\u00e9xico, Distrito Federal (MEX-A. Internacional de la Ciudad de M\u00e9xico)", 
                "arrival_time": "13:55", 
                "departure_airport": "Monterrey, Nuevo Le\u00f3n (MTY-A. Internacional General Mariano Escobedo)", 
                "departure_time": "12:25"
            }, 
            {
                "arrival_airport": "Tampico, Tamaulipas (TAM-A. Internacional General Francisco Javier Mina)", 
                "arrival_time": "20:45", 
                "departure_airport": "Ciudad de M\u00e9xico, Distrito Federal (MEX-A. Internacional de la Ciudad de M\u00e9xico)", 
                "departure_time": "19:35"
            }
        ], 
        "ticket price": "3048.79", 
        "airline": "Interjet"
    }, 
    {
        "arrival": ", Tampico", 
        "consult date": "10/05/2018", 
        "flight duration": "0 days 7 hours 35 minutes", 
        "plane": "", 
        "departure date": "17/08/2018", 
        "stops": "1", 
        "plane code": "", 
        "departure": ", Monterrey", 
        "timings": [
            {
                "arrival_airport": "Ciudad de M\u00e9xico, Distrito Federal (MEX-A. Internacional de la Ciudad de M\u00e9xico)", 
                "arrival_time": "14:40", 
                "departure_airport": "Monterrey, Nuevo Le\u00f3n (MTY-A. Internacional General Mariano Escobedo)", 
                "departure_time": "13:10"
            }, 
            {
                "arrival_airport": "Tampico, Tamaulipas (TAM-A. Internacional General Francisco Javier Mina)", 
                "arrival_time": "20:45", 
                "departure_airport": "Ciudad de M\u00e9xico, Distrito Federal (MEX-A. Internacional de la Ciudad de M\u00e9xico)", 
                "departure_time": "19:35"
            }
        ], 
        "ticket price": "3048.79", 
        "airline": "Interjet"
    }, 
    {
        "arrival": ", Tampico", 
        "consult date": "10/05/2018", 
        "flight duration": "0 days 11 hours 0 minutes", 
        "plane": "", 
        "departure date": "17/08/2018", 
        "stops": "1", 
        "plane code": "", 
        "departure": ", Monterrey", 
        "timings": [
            {
                "arrival_airport": "Ciudad de M\u00e9xico, Distrito Federal (MEX-A. Internacional de la Ciudad de M\u00e9xico)", 
                "arrival_time": "11:15", 
                "departure_airport": "Monterrey, Nuevo Le\u00f3n (MTY-A. Internacional General Mariano Escobedo)", 
                "departure_time": "09:45"
            }, 
            {
                "arrival_airport": "Tampico, Tamaulipas (TAM-A. Internacional General Francisco Javier Mina)", 
                "arrival_time": "20:45", 
                "departure_airport": "Ciudad de M\u00e9xico, Distrito Federal (MEX-A. Internacional de la Ciudad de M\u00e9xico)", 
                "departure_time": "19:35"
            }
        ], 
        "ticket price": "3100.22", 
        "airline": "Interjet"
    }, 
    {
        "arrival": ", Tampico", 
        "consult date": "10/05/2018", 
        "flight duration": "0 days 9 hours 0 minutes", 
        "plane": "", 
        "departure date": "17/08/2018", 
        "stops": "1", 
        "plane code": "", 
        "departure": ", Monterrey", 
        "timings": [
            {
                "arrival_airport": "Ciudad de M\u00e9xico, Distrito Federal (MEX-A. Internacional de la Ciudad de M\u00e9xico)", 
                "arrival_time": "13:15", 
                "departure_airport": "Monterrey, Nuevo Le\u00f3n (MTY-A. Internacional General Mariano Escobedo)", 
                "departure_time": "11:45"
            }, 
            {
                "arrival_airport": "Tampico, Tamaulipas (TAM-A. Internacional General Francisco Javier Mina)", 
                "arrival_time": "20:45", 
                "departure_airport": "Ciudad de M\u00e9xico, Distrito Federal (MEX-A. Internacional de la Ciudad de M\u00e9xico)", 
                "departure_time": "19:35"
            }
        ], 
        "ticket price": "3100.22", 
        "airline": "Interjet"
    }, 
    {
        "arrival": ", Tampico", 
        "consult date": "10/05/2018", 
        "flight duration": "0 days 3 hours 52 minutes", 
        "plane": "", 
        "departure date": "17/08/2018", 
        "stops": "1", 
        "plane code": "", 
        "departure": ", Monterrey", 
        "timings": [
            {
                "arrival_airport": "Ciudad de M\u00e9xico, Distrito Federal (MEX-A. Internacional de la Ciudad de M\u00e9xico)", 
                "arrival_time": "10:55", 
                "departure_airport": "Monterrey, Nuevo Le\u00f3n (MTY-A. Internacional General Mariano Escobedo)", 
                "departure_time": "09:19"
            }, 
            {
                "arrival_airport": "Tampico, Tamaulipas (TAM-A. Internacional General Francisco Javier Mina)", 
                "arrival_time": "13:11", 
                "departure_airport": "Ciudad de M\u00e9xico, Distrito Federal (MEX-A. Internacional de la Ciudad de M\u00e9xico)", 
                "departure_time": "12:00"
            }
        ], 
        "ticket price": "3390.00", 
        "airline": "Aeromexico"
    }, 
    {
        "arrival": ", Tampico", 
        "consult date": "10/05/2018", 
        "flight duration": "0 days 6 hours 46 minutes", 
        "plane": "BOEING 737-800 SCIMITAR WINGLETS", 
        "departure date": "17/08/2018", 
        "stops": "1", 
        "plane code": "7S8", 
        "departure": ", Monterrey", 
        "timings": [
            {
                "arrival_airport": "Ciudad de M\u00e9xico, Distrito Federal (MEX-A. Internacional de la Ciudad de M\u00e9xico)", 
                "arrival_time": "17:55", 
                "departure_airport": "Monterrey, Nuevo Le\u00f3n (MTY-A. Internacional General Mariano Escobedo)", 
                "departure_time": "16:20"
            }, 
            {
                "arrival_airport": "Tampico, Tamaulipas (TAM-A. Internacional General Francisco Javier Mina)", 
                "arrival_time": "23:06", 
                "departure_airport": "Ciudad de M\u00e9xico, Distrito Federal (MEX-A. Internacional de la Ciudad de M\u00e9xico)", 
                "departure_time": "21:55"
            }
        ], 
        "ticket price": "4086.00", 
        "airline": "Aeromexico"
    }, 
    {
        "arrival": ", Tampico", 
        "consult date": "10/05/2018", 
        "flight duration": "0 days 7 hours 42 minutes", 
        "plane": "BOEING 737-800 SCIMITAR WINGLETS", 
        "departure date": "17/08/2018", 
        "stops": "1", 
        "plane code": "7S8", 
        "departure": ", Monterrey", 
        "timings": [
            {
                "arrival_airport": "Ciudad de M\u00e9xico, Distrito Federal (MEX-A. Internacional de la Ciudad de M\u00e9xico)", 
                "arrival_time": "17:00", 
                "departure_airport": "Monterrey, Nuevo Le\u00f3n (MTY-A. Internacional General Mariano Escobedo)", 
                "departure_time": "15:24"
            }, 
            {
                "arrival_airport": "Tampico, Tamaulipas (TAM-A. Internacional General Francisco Javier Mina)", 
                "arrival_time": "23:06", 
                "departure_airport": "Ciudad de M\u00e9xico, Distrito Federal (MEX-A. Internacional de la Ciudad de M\u00e9xico)", 
                "departure_time": "21:55"
            }
        ], 
        "ticket price": "4318.00", 
        "airline": "Aeromexico"
    }, 
    {
        "arrival": ", Tampico", 
        "consult date": "10/05/2018", 
        "flight duration": "0 days 7 hours 1 minutes", 
        "plane": "BOEING 737-800 SCIMITAR WINGLETS", 
        "departure date": "17/08/2018", 
        "stops": "1", 
        "plane code": "7S8", 
        "departure": ", Monterrey", 
        "timings": [
            {
                "arrival_airport": "Ciudad de M\u00e9xico, Distrito Federal (MEX-A. Internacional de la Ciudad de M\u00e9xico)", 
                "arrival_time": "12:55", 
                "departure_airport": "Monterrey, Nuevo Le\u00f3n (MTY-A. Internacional General Mariano Escobedo)", 
                "departure_time": "11:19"
            }, 
            {
                "arrival_airport": "Tampico, Tamaulipas (TAM-A. Internacional General Francisco Javier Mina)", 
                "arrival_time": "18:20", 
                "departure_airport": "Ciudad de M\u00e9xico, Distrito Federal (MEX-A. Internacional de la Ciudad de M\u00e9xico)", 
                "departure_time": "17:15"
            }
        ], 
        "ticket price": "4318.00", 
        "airline": "Aeromexico"
    }, 
    {
        "arrival": ", Tampico", 
        "consult date": "10/05/2018", 
        "flight duration": "0 days 4 hours 39 minutes", 
        "plane": "BOEING 737-800 SCIMITAR WINGLETS", 
        "departure date": "17/08/2018", 
        "stops": "1", 
        "plane code": "7S8", 
        "departure": ", Monterrey", 
        "timings": [
            {
                "arrival_airport": "Ciudad de M\u00e9xico, Distrito Federal (MEX-A. Internacional de la Ciudad de M\u00e9xico)", 
                "arrival_time": "15:15", 
                "departure_airport": "Monterrey, Nuevo Le\u00f3n (MTY-A. Internacional General Mariano Escobedo)", 
                "departure_time": "13:41"
            }, 
            {
                "arrival_airport": "Tampico, Tamaulipas (TAM-A. Internacional General Francisco Javier Mina)", 
                "arrival_time": "18:20", 
                "departure_airport": "Ciudad de M\u00e9xico, Distrito Federal (MEX-A. Internacional de la Ciudad de M\u00e9xico)", 
                "departure_time": "17:15"
            }
        ], 
        "ticket price": "4840.00", 
        "airline": "Aeromexico"
    }, 
    {
        "arrival": ", Tampico", 
        "consult date": "10/05/2018", 
        "flight duration": "0 days 3 hours 53 minutes", 
        "plane": "", 
        "departure date": "17/08/2018", 
        "stops": "1", 
        "plane code": "", 
        "departure": ", Monterrey", 
        "timings": [
            {
                "arrival_airport": "Ciudad de M\u00e9xico, Distrito Federal (MEX-A. Internacional de la Ciudad de M\u00e9xico)", 
                "arrival_time": "16:00", 
                "departure_airport": "Monterrey, Nuevo Le\u00f3n (MTY-A. Internacional General Mariano Escobedo)", 
                "departure_time": "14:27"
            }, 
            {
                "arrival_airport": "Tampico, Tamaulipas (TAM-A. Internacional General Francisco Javier Mina)", 
                "arrival_time": "18:20", 
                "departure_airport": "Ciudad de M\u00e9xico, Distrito Federal (MEX-A. Internacional de la Ciudad de M\u00e9xico)", 
                "departure_time": "17:15"
            }
        ], 
        "ticket price": "4840.00", 
        "airline": "Aeromexico"
    }, 
    {
        "arrival": ", Tampico", 
        "consult date": "10/05/2018", 
        "flight duration": "0 days 3 hours 53 minutes", 
        "plane": "Embraer 190", 
        "departure date": "17/08/2018", 
        "stops": "1", 
        "plane code": "E90", 
        "departure": ", Monterrey", 
        "timings": [
            {
                "arrival_airport": "Ciudad de M\u00e9xico, Distrito Federal (MEX-A. Internacional de la Ciudad de M\u00e9xico)", 
                "arrival_time": "20:55", 
                "departure_airport": "Monterrey, Nuevo Le\u00f3n (MTY-A. Internacional General Mariano Escobedo)", 
                "departure_time": "19:13"
            }, 
            {
                "arrival_airport": "Tampico, Tamaulipas (TAM-A. Internacional General Francisco Javier Mina)", 
                "arrival_time": "23:06", 
                "departure_airport": "Ciudad de M\u00e9xico, Distrito Federal (MEX-A. Internacional de la Ciudad de M\u00e9xico)", 
                "departure_time": "21:55"
            }
        ], 
        "ticket price": "5130.00", 
        "airline": "Aeromexico"
    }, 
    {
        "arrival": ", Tampico", 
        "consult date": "10/05/2018", 
        "flight duration": "0 days 5 hours 46 minutes", 
        "plane": "Boeing 737", 
        "departure date": "17/08/2018", 
        "stops": "1", 
        "plane code": "737", 
        "departure": ", Monterrey", 
        "timings": [
            {
                "arrival_airport": "Ciudad de M\u00e9xico, Distrito Federal (MEX-A. Internacional de la Ciudad de M\u00e9xico)", 
                "arrival_time": "18:50", 
                "departure_airport": "Monterrey, Nuevo Le\u00f3n (MTY-A. Internacional General Mariano Escobedo)", 
                "departure_time": "17:20"
            }, 
            {
                "arrival_airport": "Tampico, Tamaulipas (TAM-A. Internacional General Francisco Javier Mina)", 
                "arrival_time": "23:06", 
                "departure_airport": "Ciudad de M\u00e9xico, Distrito Federal (MEX-A. Internacional de la Ciudad de M\u00e9xico)", 
                "departure_time": "21:55"
            }
        ], 
        "ticket price": "5130.00", 
        "airline": "Aeromexico"
    }, 
    {
        "arrival": ", Tampico", 
        "consult date": "10/05/2018", 
        "flight duration": "0 days 4 hours 53 minutes", 
        "plane": "Embraer 190", 
        "departure date": "17/08/2018", 
        "stops": "1", 
        "plane code": "E90", 
        "departure": ", Monterrey", 
        "timings": [
            {
                "arrival_airport": "Ciudad de M\u00e9xico, Distrito Federal (MEX-A. Internacional de la Ciudad de M\u00e9xico)", 
                "arrival_time": "19:50", 
                "departure_airport": "Monterrey, Nuevo Le\u00f3n (MTY-A. Internacional General Mariano Escobedo)", 
                "departure_time": "18:13"
            }, 
            {
                "arrival_airport": "Tampico, Tamaulipas (TAM-A. Internacional General Francisco Javier Mina)", 
                "arrival_time": "23:06", 
                "departure_airport": "Ciudad de M\u00e9xico, Distrito Federal (MEX-A. Internacional de la Ciudad de M\u00e9xico)", 
                "departure_time": "21:55"
            }
        ], 
        "ticket price": "5594.00", 
        "airline": "Aeromexico"
    }, 
    {
        "arrival": ", Tampico", 
        "consult date": "10/05/2018", 
        "flight duration": "0 days 6 hours 11 minutes", 
        "plane": "Embraer 190", 
        "departure date": "17/08/2018", 
        "stops": "2", 
        "plane code": "E90", 
        "departure": ", Monterrey", 
        "timings": [
            {
                "arrival_airport": "Queretaro, Queretaro (QRO-A. Internacional de Queretaro)", 
                "arrival_time": "08:19", 
                "departure_airport": "Monterrey, Nuevo Le\u00f3n (MTY-A. Internacional General Mariano Escobedo)", 
                "departure_time": "07:00"
            }, 
            {
                "arrival_airport": "Ciudad de M\u00e9xico, Distrito Federal (MEX-A. Internacional de la Ciudad de M\u00e9xico)", 
                "arrival_time": "10:20", 
                "departure_airport": "Queretaro, Queretaro (QRO-A. Internacional de Queretaro)", 
                "departure_time": "09:18"
            }, 
            {
                "arrival_airport": "Tampico, Tamaulipas (TAM-A. Internacional General Francisco Javier Mina)", 
                "arrival_time": "13:11", 
                "departure_airport": "Ciudad de M\u00e9xico, Distrito Federal (MEX-A. Internacional de la Ciudad de M\u00e9xico)", 
                "departure_time": "12:00"
            }
        ], 
        "ticket price": "5786.00", 
        "airline": "Aeromexico"
    }, 
    {
        "arrival": ", Tampico", 
        "consult date": "10/05/2018", 
        "flight duration": "0 days 5 hours 41 minutes", 
        "plane": "EMBRAER 170", 
        "departure date": "17/08/2018", 
        "stops": "2", 
        "plane code": "E70", 
        "departure": ", Monterrey", 
        "timings": [
            {
                "arrival_airport": "Veracruz, Veracruz (VER-A. Internacional General Heriberto Jara)", 
                "arrival_time": "18:57", 
                "departure_airport": "Monterrey, Nuevo Le\u00f3n (MTY-A. Internacional General Mariano Escobedo)", 
                "departure_time": "17:25"
            }, 
            {
                "arrival_airport": "Ciudad de M\u00e9xico, Distrito Federal (MEX-A. Internacional de la Ciudad de M\u00e9xico)", 
                "arrival_time": "21:20", 
                "departure_airport": "Veracruz, Veracruz (VER-A. Internacional General Heriberto Jara)", 
                "departure_time": "20:05"
            }, 
            {
                "arrival_airport": "Tampico, Tamaulipas (TAM-A. Internacional General Francisco Javier Mina)", 
                "arrival_time": "23:06", 
                "departure_airport": "Ciudad de M\u00e9xico, Distrito Federal (MEX-A. Internacional de la Ciudad de M\u00e9xico)", 
                "departure_time": "21:55"
            }
        ], 
        "ticket price": "7071.00", 
        "airline": "Aeromexico"
    }
]